method,classifier,rep,auroc_full,auroc_red,aurc_full,aurc_red,tag,auroc_penalty,aurc_penalty,dataset,dose,p_full,k_aggr
mutual_info,logistic,0,0.8922179329706966,0.8665116687138095,0.07507635123030645,0.11338613009010029,cleveland_dose0,0.025706264256887157,0.038309778859793836,cleveland,0,12,3
mutual_info,logistic,1,0.8918231268643622,0.8539436743288297,0.07866425482927594,0.13606622115237432,cleveland_dose0,0.03787945253553249,0.05740196632309838,cleveland,0,12,3
mutual_info,logistic,2,0.8955957185471135,0.864515704509563,0.07162730252672445,0.10264816208467775,cleveland_dose0,0.031080014037550452,0.031020859557953306,cleveland,0,12,3
mutual_info,logistic,3,0.8958589226180032,0.8553474293735743,0.07222840948273646,0.11692566964517608,cleveland_dose0,0.04051149324442882,0.04469726016243962,cleveland,0,12,3
mutual_info,logistic,4,0.8913405860677313,0.8564002456571328,0.07664073490242118,0.12358955245796403,cleveland_dose0,0.03494034041059846,0.04694881755554285,cleveland,0,12,3
mutual_info,logistic,5,0.8911212493419899,0.8234997367959291,0.07435124536853721,0.15932022742654856,cleveland_dose0,0.06762151254606075,0.08496898205801134,cleveland,0,12,3
mutual_info,logistic,6,0.8966485348306721,0.8609185822074048,0.07038223826159906,0.11604459904896888,cleveland_dose0,0.03572995262326728,0.04566236078736982,cleveland,0,12,3
mutual_info,logistic,7,0.8872170556237937,0.8364406036146694,0.08297401488180772,0.14476072521865294,cleveland_dose0,0.050776452009124284,0.06178671033684521,cleveland,0,12,3
mutual_info,logistic,8,0.8867345148271626,0.8174021758203194,0.07948149589504683,0.15630418727900225,cleveland_dose0,0.06933233900684321,0.07682269138395542,cleveland,0,12,3
mutual_info,logistic,9,0.8887085453588348,0.8487015265836112,0.07849418878854172,0.127894402672083,cleveland_dose0,0.04000701877522361,0.049400213883541266,cleveland,0,12,3
mutual_info,logistic,10,0.8831373925250044,0.8326680119319179,0.08399234305525718,0.14909855917121012,cleveland_dose0,0.05046938059308659,0.06510621611595294,cleveland,0,12,3
mutual_info,logistic,11,0.8819091068608527,0.8628487453939286,0.08317714858826758,0.11751328441496614,cleveland_dose0,0.019060361466924025,0.03433613582669856,cleveland,0,12,3
mutual_info,logistic,12,0.8930514125285138,0.8746709949113879,0.07362729117226519,0.1077829284420145,cleveland_dose0,0.018380417617125944,0.03415563726974931,cleveland,0,12,3
mutual_info,logistic,13,0.8793209334971048,0.844643797157396,0.08826285784712595,0.13454572777600704,cleveland_dose0,0.034677136339708814,0.04628286992888109,cleveland,0,12,3
mutual_info,logistic,14,0.8904193718196175,0.8483725214949991,0.08041421908713281,0.1275891547306685,cleveland_dose0,0.04204685032461841,0.0471749356435357,cleveland,0,12,3
mutual_info,logistic,15,0.8925688717318827,0.8614011230040358,0.07569842644305784,0.10815163250870187,cleveland_dose0,0.03116774872784689,0.03245320606564403,cleveland,0,12,3
mutual_info,logistic,16,0.8908580452711001,0.8658097911914371,0.07704241395739893,0.11499269963349022,cleveland_dose0,0.025048254079663046,0.037950285676091294,cleveland,0,12,3
mutual_info,logistic,17,0.8837954027022284,0.8525837866292332,0.08642880019926627,0.13028050857256093,cleveland_dose0,0.031211616072995274,0.04385170837329466,cleveland,0,12,3
mutual_info,logistic,18,0.8946745042989998,0.8504123530443938,0.07203258673487786,0.1194932159303414,cleveland_dose0,0.044262151254605975,0.04746062919546354,cleveland,0,12,3
mutual_info,logistic,19,0.8937532900508861,0.8629584137567995,0.07346134007127762,0.13020373893799103,cleveland_dose0,0.030794876294086615,0.05674239886671341,cleveland,0,12,3
mutual_info,logistic,20,0.8894981575715037,0.850960694858747,0.07414109605996425,0.13102155831928214,cleveland_dose0,0.03853746271275671,0.05688046225931789,cleveland,0,12,3
mutual_info,logistic,21,0.8926566064221794,0.856422179329707,0.07435662226814373,0.11321549496609656,cleveland_dose0,0.03623442709247238,0.03885887269795284,cleveland,0,12,3
mutual_info,logistic,22,0.8924811370415863,0.8349929812247763,0.0742857770864011,0.13712513029326684,cleveland_dose0,0.057488155816809994,0.06283935320686573,cleveland,0,12,3
mutual_info,logistic,23,0.8814265660642218,0.8396429198104931,0.08345538267093923,0.15989343553826443,cleveland_dose0,0.04178364625372866,0.0764380528673252,cleveland,0,12,3
mutual_info,logistic,24,0.8805492191612564,0.8451482716266012,0.08719764274130333,0.15367836523427217,cleveland_dose0,0.03540094753465517,0.06648072249296884,cleveland,0,12,3
mutual_info,logistic,25,0.8830057904895594,0.8174899105106159,0.0840523488520083,0.16630710795754222,cleveland_dose0,0.06551587997894348,0.08225475910553393,cleveland,0,12,3
mutual_info,logistic,26,0.8910773819968415,0.8261537111773996,0.07445260018909683,0.16382335294524195,cleveland_dose0,0.06492367081944195,0.08937075275614512,cleveland,0,12,3
mutual_info,logistic,27,0.8823477803123355,0.8585278118968239,0.08270264687897097,0.11672175267791951,cleveland_dose0,0.023819968415511594,0.03401910579894854,cleveland,0,12,3
mutual_info,logistic,28,0.8947183716441479,0.8404544656957361,0.0752841925752518,0.13860411074940804,cleveland_dose0,0.054263905948411795,0.06331991817415623,cleveland,0,12,3
mutual_info,logistic,29,0.8848920863309353,0.8445341287945254,0.08131245380737079,0.14563767978396974,cleveland_dose0,0.040357957536409916,0.06432522597659895,cleveland,0,12,3
mutual_info,rf,0,0.8920424635901036,0.8381952974206001,0.07625459594989323,0.12818844684021397,cleveland_dose0,0.05384716616950358,0.05193385089032074,cleveland,0,12,3
mutual_info,rf,1,0.8955957185471135,0.8022679417441656,0.07399932230446488,0.1706046235992625,cleveland_dose0,0.0933277768029479,0.09660530129479764,cleveland,0,12,3
mutual_info,rf,2,0.8922618003158449,0.86497631163362,0.07484768658900033,0.11941592875119829,cleveland_dose0,0.027285488682224912,0.04456824216219796,cleveland,0,12,3
mutual_info,rf,3,0.8973065450078961,0.8416169503421652,0.07201600557274987,0.13968344836006946,cleveland_dose0,0.05568959466573087,0.06766744278731959,cleveland,0,12,3
mutual_info,rf,4,0.8901781014213019,0.8283032110896648,0.07641994919450391,0.14569565464510137,cleveland_dose0,0.06187489033163718,0.06927570545059746,cleveland,0,12,3
mutual_info,rf,5,0.8902877697841727,0.8210870328127742,0.07677153452868402,0.14835216295043957,cleveland_dose0,0.0692007369713985,0.07158062842175555,cleveland,0,12,3
mutual_info,rf,6,0.8864713107562731,0.852079312160028,0.08242848949751877,0.1368792457629804,cleveland_dose0,0.03439199859624509,0.05445075626546164,cleveland,0,12,3
mutual_info,rf,7,0.8920643972626776,0.8222714511317776,0.07447529830252796,0.14802121167128013,cleveland_dose0,0.06979294613090004,0.07354591336875217,cleveland,0,12,3
mutual_info,rf,8,0.8809001579224425,0.8318125987015266,0.08450833176037939,0.14535214335671554,cleveland_dose0,0.0490875592209159,0.060843811596336145,cleveland,0,12,3
mutual_info,rf,9,0.893095279873662,0.8421214248113705,0.07341293169935094,0.14158051004883188,cleveland_dose0,0.05097385506229146,0.06816757834948094,cleveland,0,12,3
mutual_info,rf,10,0.8983374276188805,0.842560098262853,0.07104190586750125,0.13250373096809517,cleveland_dose0,0.055777329356027416,0.06146182510059392,cleveland,0,12,3
mutual_info,rf,11,0.9028338304965784,0.8567731180908931,0.06922342769812986,0.143126903107883,cleveland_dose0,0.04606071240568532,0.07390347540975314,cleveland,0,12,3
mutual_info,rf,12,0.8982935602737323,0.8675425513247937,0.06892885272813179,0.11240921506779672,cleveland_dose0,0.030751008948938563,0.04348036233966493,cleveland,0,12,3
mutual_info,rf,13,0.9005307948762941,0.7966309878926128,0.07299326261267468,0.18614915012244754,cleveland_dose0,0.10389980698368129,0.11315588750977286,cleveland,0,12,3
mutual_info,rf,14,0.8924592033690121,0.8309352517985611,0.07698054766895467,0.14677667995514593,cleveland_dose0,0.061523951570450985,0.06979613228619126,cleveland,0,12,3
mutual_info,rf,15,0.8921082646078259,0.8616204597297772,0.07870632461015789,0.11984626723212932,cleveland_dose0,0.030487804878048697,0.04113994262197143,cleveland,0,12,3
mutual_info,rf,16,0.8882479382347781,0.8129715739603439,0.07706019754122333,0.17252759883637808,cleveland_dose0,0.07527636427443418,0.09546740129515476,cleveland,0,12,3
mutual_info,rf,17,0.8806369538515529,0.8136953851552904,0.08710926736895382,0.15681828922770907,cleveland_dose0,0.06694156869626255,0.06970902185875526,cleveland,0,12,3
mutual_info,rf,18,0.8915379891208983,0.8538778733111071,0.07912420518195766,0.1358595599702243,cleveland_dose0,0.03766011580979123,0.05673535478826665,cleveland,0,12,3
mutual_info,rf,19,0.8933804176171258,0.8440077206527461,0.07462167137626655,0.13374368161958072,cleveland_dose0,0.049372696964379736,0.05912201024331418,cleveland,0,12,3
mutual_info,rf,20,0.8986225653623442,0.8525179856115108,0.07202158667135378,0.13040163855135273,cleveland_dose0,0.046104579750833374,0.05838005187999895,cleveland,0,12,3
mutual_info,rf,21,0.9036892437269697,0.8591200210563256,0.07067879497191025,0.11819678915189738,cleveland_dose0,0.044569222670644115,0.04751799417998713,cleveland,0,12,3
mutual_info,rf,22,0.8878531321284435,0.8176215125460606,0.08171546498002896,0.15649597845751814,cleveland_dose0,0.07023161958238289,0.07478051347748918,cleveland,0,12,3
mutual_info,rf,23,0.88921301982804,0.8628268117213547,0.07775231245227872,0.1184184745892141,cleveland_dose0,0.02638620810668535,0.040666162136935385,cleveland,0,12,3
mutual_info,rf,24,0.8930514125285137,0.8272723284786805,0.07779188871989506,0.15284293648870703,cleveland_dose0,0.06577908404983324,0.07505104776881197,cleveland,0,12,3
mutual_info,rf,25,0.8843437445165818,0.8582426741533602,0.08013017163837449,0.13038693531821915,cleveland_dose0,0.026101070363221623,0.05025676367984466,cleveland,0,12,3
mutual_info,rf,26,0.8833347955781716,0.7947227583786629,0.08499741585443893,0.1771896071465855,cleveland_dose0,0.08861203719950872,0.09219219129214656,cleveland,0,12,3
mutual_info,rf,27,0.8857913669064748,0.8571898578698016,0.0802272923663876,0.12120957266436663,cleveland_dose0,0.028601509036673134,0.040982280297979026,cleveland,0,12,3
mutual_info,rf,28,0.8929198104930689,0.815888752412704,0.07997089462074462,0.15041847246728451,cleveland_dose0,0.07703105808036492,0.07044757784653989,cleveland,0,12,3
mutual_info,rf,29,0.8750219336725742,0.8172486401123004,0.08451364600259001,0.17456991167159067,cleveland_dose0,0.05777329356027383,0.09005626566900066,cleveland,0,12,3
rf_importance,logistic,0,0.893095279873662,0.8327557466222144,0.07514616243260724,0.14009284329125862,cleveland_dose0,0.060339533251447586,0.06494668085865138,cleveland,0,12,3
rf_importance,logistic,1,0.896473065450079,0.8444025267590806,0.0711402554018902,0.13608737367317086,cleveland_dose0,0.052070538690998425,0.06494711827128066,cleveland,0,12,3
rf_importance,logistic,2,0.8927882084576242,0.8442928583962098,0.07810864866778697,0.14158226791788583,cleveland_dose0,0.048495350061414366,0.06347361925009887,cleveland,0,12,3
rf_importance,logistic,3,0.8922618003158449,0.8313739252500437,0.07667760753436767,0.13290161433446931,cleveland_dose0,0.06088787506580118,0.056224006800101645,cleveland,0,12,3
rf_importance,logistic,4,0.8936655553605896,0.8516845060536936,0.07443750394971947,0.13374108911925006,cleveland_dose0,0.041981049306895946,0.05930358516953059,cleveland,0,12,3
rf_importance,logistic,5,0.8902000350938761,0.8229513949815758,0.07888979687130841,0.15940584071709873,cleveland_dose0,0.06724864011230036,0.08051604384579032,cleveland,0,12,3
rf_importance,logistic,6,0.885330759782418,0.8300579048955956,0.08276038511665687,0.15766700356286406,cleveland_dose0,0.05527285488682243,0.07490661844620719,cleveland,0,12,3
rf_importance,logistic,7,0.8894104228812073,0.8494034041059836,0.07757907823770381,0.11674843893911788,cleveland_dose0,0.040007018775223724,0.039169360701414066,cleveland,0,12,3
rf_importance,logistic,8,0.8924811370415863,0.8440954553430426,0.07398129773085932,0.12560932677960393,cleveland_dose0,0.048385681698543626,0.05162802904874461,cleveland,0,12,3
rf_importance,logistic,9,0.880987892612739,0.8342472363572556,0.08720319081013506,0.15200059629180096,cleveland_dose0,0.046740656255483404,0.0647974054816659,cleveland,0,12,3
rf_importance,logistic,10,0.899719248991051,0.8261756448499736,0.06898065308872314,0.14024891359162553,cleveland_dose0,0.07354360414107741,0.07126826050290239,cleveland,0,12,3
rf_importance,logistic,11,0.8907703105808037,0.8536146692402176,0.07584229181943314,0.1243854028019753,cleveland_dose0,0.03715564134058613,0.04854311098254216,cleveland,0,12,3
rf_importance,logistic,12,0.8954641165116687,0.8437445165818565,0.07002459481061583,0.12439393219423361,cleveland_dose0,0.05171959992981223,0.05436933738361778,cleveland,0,12,3
rf_importance,logistic,13,0.8828303211089664,0.791498508510265,0.08175347065611763,0.17676065225334647,cleveland_dose0,0.09133181259870138,0.09500718159722885,cleveland,0,12,3
rf_importance,logistic,14,0.8947183716441481,0.8429987717143358,0.07565153496081206,0.1388014935157279,cleveland_dose0,0.05171959992981234,0.06314995855491584,cleveland,0,12,3
rf_importance,logistic,15,0.8882698719073522,0.8111730128092647,0.08200783011515424,0.1604586668666512,cleveland_dose0,0.0770968590980875,0.07845083675149696,cleveland,0,12,3
rf_importance,logistic,16,0.8858571679241971,0.8372302158273381,0.08127826672578023,0.1466903615358916,cleveland_dose0,0.048626952096858966,0.06541209481011137,cleveland,0,12,3
rf_importance,logistic,17,0.891954728899807,0.8302991752939112,0.07469789281371941,0.13702971312723383,cleveland_dose0,0.06165555360589581,0.06233182031351442,cleveland,0,12,3
rf_importance,logistic,18,0.8928320758027724,0.8308255834356906,0.07460674693633638,0.13622443069542517,cleveland_dose0,0.06200649236708178,0.061617683759088784,cleveland,0,12,3
rf_importance,logistic,19,0.8925250043867344,0.8581549394630638,0.07772208123461491,0.13593935071754742,cleveland_dose0,0.03437006492367067,0.058217269482932515,cleveland,0,12,3
rf_importance,logistic,20,0.8860326373047903,0.8312861905597473,0.08160162058692341,0.14402869318142675,cleveland_dose0,0.05474644674504303,0.062427072594503336,cleveland,0,12,3
rf_importance,logistic,21,0.8941480961572206,0.8483286541498508,0.07231363397502066,0.12808966683024783,cleveland_dose0,0.04581944200736976,0.05577603285522717,cleveland,0,12,3
rf_importance,logistic,22,0.8832689945604493,0.8463107562730304,0.08482905925602165,0.13463664399757255,cleveland_dose0,0.03695823828741884,0.049807584741550906,cleveland,0,12,3
rf_importance,logistic,23,0.8837954027022286,0.8257150377259168,0.08713501844263541,0.1581532032894783,cleveland_dose0,0.05808036497631175,0.07101818484684289,cleveland,0,12,3
rf_importance,logistic,24,0.8941480961572206,0.8540972100368487,0.07350131853221781,0.12241234359785097,cleveland_dose0,0.04005088612037189,0.04891102506563316,cleveland,0,12,3
rf_importance,logistic,25,0.890989647306545,0.8365941393226881,0.08043299154122414,0.13592573419515833,cleveland_dose0,0.05439550798385684,0.05549274265393418,cleveland,0,12,3
rf_importance,logistic,26,0.8876995964204246,0.8422091595016671,0.07644006151426139,0.13677261376797045,cleveland_dose0,0.04549043691875754,0.060332552253709065,cleveland,0,12,3
rf_importance,logistic,27,0.8901123004035796,0.8119845586945078,0.08038460613005075,0.16408733181671642,cleveland_dose0,0.07812774170907177,0.08370272568666567,cleveland,0,12,3
rf_importance,logistic,28,0.8886208106685383,0.8362432005615021,0.07701066324898846,0.1355317204060287,cleveland_dose0,0.05237761010703612,0.05852105715704024,cleveland,0,12,3
rf_importance,logistic,29,0.8913405860677313,0.8265704509563081,0.0738929632806821,0.147276192163106,cleveland_dose0,0.06477013511142315,0.0733832288824239,cleveland,0,12,3
rf_importance,rf,0,0.8842779434988595,0.7940208808562905,0.08128636107608633,0.1767505383235911,cleveland_dose0,0.09025706264256894,0.09546417724750478,cleveland,0,12,3
rf_importance,rf,1,0.8828083874363923,0.7625460607124057,0.07837485928136703,0.19205221596268207,cleveland_dose0,0.12026232672398662,0.11367735668131504,cleveland,0,12,3
rf_importance,rf,2,0.8881821372170556,0.7972231970521144,0.08186403278437322,0.1712830418687874,cleveland_dose0,0.09095894016494122,0.08941900908441418,cleveland,0,12,3
rf_importance,rf,3,0.8783119845586945,0.8072688190910686,0.08330002000661835,0.14369113072170253,cleveland_dose0,0.0710431654676259,0.060391110715084184,cleveland,0,12,3
rf_importance,rf,4,0.8885111423056676,0.8160203544481488,0.08057709289250525,0.15347982464439272,cleveland_dose0,0.07249078785751883,0.07290273175188747,cleveland,0,12,3
rf_importance,rf,5,0.8939945604492016,0.8134541147569748,0.07582869434898779,0.1459658744480031,cleveland_dose0,0.08054044569222674,0.07013718009901532,cleveland,0,12,3
rf_importance,rf,6,0.8825013160203544,0.788603263730479,0.08496858065880464,0.18416639944711657,cleveland_dose0,0.09389805228987547,0.09919781878831194,cleveland,0,12,3
rf_importance,rf,7,0.8890814177925951,0.7811896824004211,0.08589304712714685,0.200942977916904,cleveland_dose0,0.107891735392174,0.11504993078975714,cleveland,0,12,3
rf_importance,rf,8,0.8953983154939463,0.7922223197052115,0.07049499127549075,0.15752483620204,cleveland_dose0,0.10317599578873482,0.08702984492654925,cleveland,0,12,3
rf_importance,rf,9,0.8920424635901035,0.7428276890682575,0.0751234207551374,0.22161996403951573,cleveland_dose0,0.14921477452184606,0.14649654328437833,cleveland,0,12,3
rf_importance,rf,10,0.8804176171258116,0.7695867696087033,0.08016617593905666,0.1862350478380907,cleveland_dose0,0.11083084751710826,0.10606887189903404,cleveland,0,12,3
rf_importance,rf,11,0.8882698719073521,0.8197710124583258,0.0850134053596556,0.16618081272024815,cleveland_dose0,0.06849885944902623,0.08116740736059255,cleveland,0,12,3
rf_importance,rf,12,0.8836199333216354,0.7776583611159853,0.0837537190252374,0.18497607045147058,cleveland_dose0,0.10596157220565006,0.10122235142623318,cleveland,0,12,3
rf_importance,rf,13,0.8903755044744692,0.7839313914721882,0.07587897717361604,0.20450546077583065,cleveland_dose0,0.10644411300228107,0.12862648360221463,cleveland,0,12,3
rf_importance,rf,14,0.8794306018599755,0.8046587120547465,0.0857289176797523,0.17654437991389085,cleveland_dose0,0.07477188980522897,0.09081546223413856,cleveland,0,12,3
rf_importance,rf,15,0.8877873311107212,0.7793472539041937,0.07644723059842111,0.16188216415414625,cleveland_dose0,0.10844007720652749,0.08543493355572514,cleveland,0,12,3
rf_importance,rf,16,0.8924811370415862,0.7812116160729953,0.08031671528402481,0.1851041096293898,cleveland_dose0,0.11126952096859088,0.10478739434536499,cleveland,0,12,3
rf_importance,rf,17,0.8866248464642921,0.7847868047025794,0.07887491893700412,0.18882159219605207,cleveland_dose0,0.10183804176171263,0.10994667325904796,cleveland,0,12,3
rf_importance,rf,18,0.8800228110194771,0.8221837164414809,0.08352970979192025,0.1497429082910502,cleveland_dose0,0.057839094577996186,0.06621319849912995,cleveland,0,12,3
rf_importance,rf,19,0.880176346727496,0.8179724513072468,0.08199602966142276,0.1597769462199905,cleveland_dose0,0.06220389542024918,0.07778091655856774,cleveland,0,12,3
rf_importance,rf,20,0.891165116687138,0.7682049482365327,0.08138234576194552,0.19769959208563412,cleveland_dose0,0.12296016845060531,0.1163172463236886,cleveland,0,12,3
rf_importance,rf,21,0.8906167748727846,0.7481575715037725,0.07507046871087843,0.20249345128050952,cleveland_dose0,0.14245920336901208,0.12742298256963108,cleveland,0,12,3
rf_importance,rf,22,0.8840147394279697,0.75583435690472,0.08444871835809463,0.19226846392495528,cleveland_dose0,0.1281803825232497,0.10781974556686065,cleveland,0,12,3
rf_importance,rf,23,0.8833347955781716,0.7762765397438148,0.0802444689397753,0.2000658361825539,cleveland_dose0,0.1070582558343568,0.11982136724277861,cleveland,0,12,3
rf_importance,rf,24,0.8941700298297948,0.7362256536234428,0.07314061056857782,0.21191222210914523,cleveland_dose0,0.15794437620635193,0.1387716115405674,cleveland,0,12,3
rf_importance,rf,25,0.8901123004035796,0.7973328654149852,0.0765358200359758,0.17390163705269823,cleveland_dose0,0.09277943498859442,0.09736581701672244,cleveland,0,12,3
rf_importance,rf,26,0.8764256887173187,0.77778996315143,0.09406588978689528,0.18216390479485656,cleveland_dose0,0.09863572556588873,0.08809801500796127,cleveland,0,12,3
rf_importance,rf,27,0.8789480610633444,0.7731619582382875,0.08866498876019965,0.1776762351772134,cleveland_dose0,0.10578610282505696,0.08901124641701375,cleveland,0,12,3
rf_importance,rf,28,0.890989647306545,0.8034304263905948,0.08143540688328788,0.15126371317072745,cleveland_dose0,0.08755922091595014,0.06982830628743958,cleveland,0,12,3
rf_importance,rf,29,0.8758992805755396,0.782308299701702,0.08582506637777415,0.17007790894281236,cleveland_dose0,0.09359098087383755,0.0842528425650382,cleveland,0,12,3
l1_logistic,logistic,0,0.8923495350061413,0.8511580979119144,0.07821395589369527,0.12564306755577434,cleveland_dose0,0.0411914370942269,0.04742911166207907,cleveland,0,12,3
l1_logistic,logistic,1,0.8904632391647659,0.8677399543779609,0.07736158255594,0.10876340573401534,cleveland_dose0,0.022723284786804965,0.03140182317807534,cleveland,0,12,3
l1_logistic,logistic,2,0.8940164941217758,0.8648008422530269,0.07239856864101352,0.11631132896260957,cleveland_dose0,0.02921565186874886,0.04391276032159605,cleveland,0,12,3
l1_logistic,logistic,3,0.8906825758905071,0.8535050008773468,0.07887255145115916,0.12167624594869747,cleveland_dose0,0.037177575013160324,0.042803694497538305,cleveland,0,12,3
l1_logistic,logistic,4,0.8887524127039831,0.8732672398666433,0.08185528513678572,0.11744126838953425,cleveland_dose0,0.015485172837339745,0.03558598325274853,cleveland,0,12,3
l1_logistic,logistic,5,0.8935339533251448,0.8674328829619232,0.07563999941056214,0.10974339094029711,cleveland_dose0,0.026101070363221623,0.034103391529734975,cleveland,0,12,3
l1_logistic,logistic,6,0.8826548517283733,0.8559396385330759,0.08207787956871843,0.12110386459774533,cleveland_dose0,0.02671521319529746,0.039025985029026905,cleveland,0,12,3
l1_logistic,logistic,7,0.8916476574837691,0.8561809089313914,0.08325936380854279,0.12875899991000986,cleveland_dose0,0.035466748552377636,0.04549963610146707,cleveland,0,12,3
l1_logistic,logistic,8,0.8881821372170555,0.8696262502193368,0.07847202387065869,0.1152174551638098,cleveland_dose0,0.018555886997718707,0.03674543129315111,cleveland,0,12,3
l1_logistic,logistic,9,0.8903755044744691,0.8603921740656255,0.0769045927657951,0.11980243191305852,cleveland_dose0,0.0299833304088436,0.04289783914726342,cleveland,0,12,3
l1_logistic,logistic,10,0.8855500965081593,0.8405202667134585,0.08079536505485399,0.1341175710589434,cleveland_dose0,0.045029829794700826,0.053322206004089406,cleveland,0,12,3
l1_logistic,logistic,11,0.8930514125285137,0.8522767152131954,0.07305734224125943,0.12147829855572101,cleveland_dose0,0.04077469731531835,0.04842095631446158,cleveland,0,12,3
l1_logistic,logistic,12,0.8893226881909106,0.8658097911914371,0.08257851826703974,0.10846381664726819,cleveland_dose0,0.023512896999473565,0.025885298380228447,cleveland,0,12,3
l1_logistic,logistic,13,0.8958150552728549,0.8608966485348306,0.07130803865685993,0.11499916516271644,cleveland_dose0,0.034918406738024266,0.043691126505856506,cleveland,0,12,3
l1_logistic,logistic,14,0.8917353921740656,0.8655246534479734,0.08222198390474568,0.13309106762276582,cleveland_dose0,0.026210738726092253,0.05086908371802014,cleveland,0,12,3
l1_logistic,logistic,15,0.8731795051763468,0.8541630110545709,0.09214617339616804,0.12368620338399085,cleveland_dose0,0.019016494121775862,0.03154002998782281,cleveland,0,12,3
l1_logistic,logistic,16,0.8882260045622039,0.8513116336199333,0.07799483103028804,0.12512295822277553,cleveland_dose0,0.03691437094227057,0.04712812719248749,cleveland,0,12,3
l1_logistic,logistic,17,0.8894542902263555,0.8554132303912967,0.0806897607651401,0.12535267230436714,cleveland_dose0,0.034041059835058785,0.04466291153922704,cleveland,0,12,3
l1_logistic,logistic,18,0.8952886471310757,0.8655904544656958,0.07462971937330212,0.12038360947264265,cleveland_dose0,0.029698192665379874,0.04575389009934053,cleveland,0,12,3
l1_logistic,logistic,19,0.8748903316371294,0.8409150728197929,0.09205783038577167,0.13535789775842433,cleveland_dose0,0.03397525881733643,0.043300067372652656,cleveland,0,12,3
l1_logistic,logistic,20,0.8924811370415863,0.8686392349535005,0.07581192352196137,0.12095014805483421,cleveland_dose0,0.023841902088085787,0.04513822453287285,cleveland,0,12,3
l1_logistic,logistic,21,0.8953325144762239,0.8635725565888753,0.07106364204708653,0.11399306992423666,cleveland_dose0,0.03175995788734853,0.042929427877150136,cleveland,0,12,3
l1_logistic,logistic,22,0.8870854535883489,0.8532198631338831,0.0778423840980532,0.1177241935605039,cleveland_dose0,0.0338655904544658,0.03988180946245069,cleveland,0,12,3
l1_logistic,logistic,23,0.8975697490787858,0.8702623267239868,0.0716625018481203,0.11266828992811952,cleveland_dose0,0.027307422354798994,0.04100578807999922,cleveland,0,12,3
l1_logistic,logistic,24,0.885330759782418,0.8583084751710827,0.0841848294817602,0.11427951066518037,cleveland_dose0,0.02702228461133538,0.030094681183420166,cleveland,0,12,3
l1_logistic,logistic,25,0.8850236883663801,0.849951745920337,0.08317327628582538,0.12949409653243416,cleveland_dose0,0.03507194244604317,0.046320820246608774,cleveland,0,12,3
l1_logistic,logistic,26,0.8931830145639585,0.8709422705737848,0.07444593442193297,0.10892678552806337,cleveland_dose0,0.022240743990173728,0.0344808511061304,cleveland,0,12,3
l1_logistic,logistic,27,0.8923934023512896,0.850916827513599,0.07520518239026483,0.12330076853216995,cleveland_dose0,0.04147657483769063,0.04809558614190512,cleveland,0,12,3
l1_logistic,logistic,28,0.8894981575715037,0.8596464291981051,0.08487948580832735,0.127537219288872,cleveland_dose0,0.029851728373398667,0.042657733480544635,cleveland,0,12,3
l1_logistic,logistic,29,0.8878311984558693,0.8550184242849623,0.08069971342698735,0.12471062464188475,cleveland_dose0,0.032812774170907,0.04401091121489739,cleveland,0,12,3
l1_logistic,rf,0,0.893095279873662,0.8572995262326724,0.08295626235295087,0.11537693273888533,cleveland_dose0,0.035795753640989636,0.032420670385934464,cleveland,0,12,3
l1_logistic,rf,1,0.8796280049131426,0.8451702052991754,0.08499259650582144,0.13633353775990656,cleveland_dose0,0.03445779961396722,0.051340941254085115,cleveland,0,12,3
l1_logistic,rf,2,0.8901781014213019,0.8182575890507106,0.08138748964920525,0.1557220250111861,cleveland_dose0,0.07192051237059138,0.07433453536198084,cleveland,0,12,3
l1_logistic,rf,3,0.8868661168626075,0.8548210212317949,0.08154891277419707,0.1116796116398376,cleveland_dose0,0.03204509563081259,0.03013069886564053,cleveland,0,12,3
l1_logistic,rf,4,0.8939068257589051,0.8407176697666257,0.07750475373163629,0.14483399999459862,cleveland_dose0,0.05318915599227947,0.06732924626296233,cleveland,0,12,3
l1_logistic,rf,5,0.8847166169503421,0.8520135111423057,0.08231440561238235,0.12317933835290146,cleveland_dose0,0.03270310580803637,0.04086493274051911,cleveland,0,12,3
l1_logistic,rf,6,0.8881602035444814,0.8320758027724162,0.07770405957652146,0.15920416168992318,cleveland_dose0,0.056084400772065224,0.08150010211340172,cleveland,0,12,3
l1_logistic,rf,7,0.8923934023512898,0.8721266888927882,0.0767634960168044,0.10989198387110481,cleveland_dose0,0.020266713458501617,0.033128487854300406,cleveland,0,12,3
l1_logistic,rf,8,0.8893226881909105,0.854667485523776,0.08252196390492003,0.12813804222516678,cleveland_dose0,0.03465520266713451,0.04561607832024675,cleveland,0,12,3
l1_logistic,rf,9,0.9060361466924023,0.8610501842428495,0.06640662106876685,0.11817188785348554,cleveland_dose0,0.044985962449552774,0.05176526678471868,cleveland,0,12,3
l1_logistic,rf,10,0.8869977188980522,0.8384365678189156,0.08026511052904921,0.13405271380589845,cleveland_dose0,0.04856115107913661,0.05378760327684924,cleveland,0,12,3
l1_logistic,rf,11,0.879057729426215,0.8500394806106335,0.08631996339400924,0.12795566297922706,cleveland_dose0,0.02901824881558146,0.04163569958521782,cleveland,0,12,3
l1_logistic,rf,12,0.8882479382347781,0.828478680470258,0.07837459028180037,0.139302494411281,cleveland_dose0,0.059769257764520134,0.06092790412948064,cleveland,0,12,3
l1_logistic,rf,13,0.8881602035444816,0.8532856641516056,0.07767564256892057,0.1333422360980511,cleveland_dose0,0.03487453939287599,0.05566659352913053,cleveland,0,12,3
l1_logistic,rf,14,0.8891252851377436,0.842077557466222,0.08068580240265624,0.1375647167243504,cleveland_dose0,0.047047727671521544,0.056878914321694146,cleveland,0,12,3
l1_logistic,rf,15,0.8907922442533778,0.8181040533426918,0.07676645604020974,0.16269013776952482,cleveland_dose0,0.07268819091068601,0.08592368172931508,cleveland,0,12,3
l1_logistic,rf,16,0.8780926478329532,0.8524960519389367,0.08129322118855743,0.12386729476222688,cleveland_dose0,0.025596595894016416,0.04257407357366945,cleveland,0,12,3
l1_logistic,rf,17,0.8887085453588349,0.8401473942796981,0.07487875835119127,0.14506413782289712,cleveland_dose0,0.04856115107913683,0.07018537947170585,cleveland,0,12,3
l1_logistic,rf,18,0.889059484120021,0.8658975258817337,0.07967435800675117,0.11641107524294228,cleveland_dose0,0.02316195823828726,0.03673671723619111,cleveland,0,12,3
l1_logistic,rf,19,0.893577820670293,0.8579575364098965,0.07761839543458947,0.11762235477264478,cleveland_dose0,0.03562028426039654,0.04000395933805531,cleveland,0,12,3
l1_logistic,rf,20,0.8960782593437445,0.8690559747324093,0.07501878394685149,0.11600739191453635,cleveland_dose0,0.027022284611335268,0.04098860796768486,cleveland,0,12,3
l1_logistic,rf,21,0.8867783821723109,0.8445121951219512,0.08595326000865883,0.13505708563192953,cleveland_dose0,0.04226618705035967,0.0491038256232707,cleveland,0,12,3
l1_logistic,rf,22,0.8889936831022986,0.8340498333040884,0.07721295328123191,0.1531724977550551,cleveland_dose0,0.05494384979821021,0.07595954447382318,cleveland,0,12,3
l1_logistic,rf,23,0.8896955606246709,0.8411344095455342,0.07213064522582607,0.1368176948848963,cleveland_dose0,0.04856115107913672,0.06468704965907024,cleveland,0,12,3
l1_logistic,rf,24,0.8874144586769609,0.852868924372697,0.08408214599122509,0.13219823728912888,cleveland_dose0,0.03454553430426388,0.0481160912979038,cleveland,0,12,3
l1_logistic,rf,25,0.8869977188980523,0.8524960519389366,0.08048903592546051,0.12475774767797165,cleveland_dose0,0.03450166695911572,0.04426871175251114,cleveland,0,12,3
l1_logistic,rf,26,0.8936216880154413,0.8469248991051062,0.07554529503262024,0.13730386299796218,cleveland_dose0,0.04669678891033513,0.061758567965341946,cleveland,0,12,3
l1_logistic,rf,27,0.8826548517283733,0.8691656430952799,0.08734122129704808,0.10404234736150297,cleveland_dose0,0.013489208633093441,0.016701126064454896,cleveland,0,12,3
l1_logistic,rf,28,0.8839489384102475,0.8174679768380417,0.08235470057178754,0.16415607886192013,cleveland_dose0,0.06648096157220573,0.08180137829013259,cleveland,0,12,3
l1_logistic,rf,29,0.8917134585014916,0.8551719599929812,0.07574398532927225,0.12812292837067119,cleveland_dose0,0.036541498508510406,0.05237894304139894,cleveland,0,12,3
mutual_info,logistic,0,0.8784435865941393,0.8440296543253203,0.08707305624164799,0.12967211416452618,cleveland_dose1,0.03441393226881906,0.042599057922878186,cleveland,1,24,3
mutual_info,logistic,1,0.8830057904895595,0.8221398490963328,0.08141683301124861,0.1394603503320829,cleveland_dose1,0.06086594139322676,0.05804351732083429,cleveland,1,24,3
mutual_info,logistic,2,0.88274258641867,0.8462230215827338,0.0834283498823955,0.128488996705019,cleveland_dose1,0.036519564835936213,0.04506064682262351,cleveland,1,24,3
mutual_info,logistic,3,0.8738375153535708,0.8641208984032286,0.0932216060913243,0.1049283478049504,cleveland_dose1,0.009716616950342205,0.01170674171362611,cleveland,1,24,3
mutual_info,logistic,4,0.878882260045622,0.8434593788383927,0.08509259534776126,0.1344463067741069,cleveland_dose1,0.03542288120722925,0.04935371142634565,cleveland,1,24,3
mutual_info,logistic,5,0.8831812598701526,0.8700429899982454,0.08036758952987462,0.10339528467402756,cleveland_dose1,0.013138269871907249,0.02302769514415294,cleveland,1,24,3
mutual_info,logistic,6,0.8699771889805229,0.8458940164941217,0.09827350723990919,0.1573398351468738,cleveland_dose1,0.02408317248640124,0.059066327906964616,cleveland,1,24,3
mutual_info,logistic,7,0.8728724337603089,0.8558299701702053,0.08913956195269224,0.12325903133451951,cleveland_dose1,0.01704246359010353,0.03411946938182728,cleveland,1,24,3
mutual_info,logistic,8,0.8799789436743288,0.8635725565888752,0.09129482851273504,0.12897430859068723,cleveland_dose1,0.01640638708545361,0.03767948007795219,cleveland,1,24,3
mutual_info,logistic,9,0.8734865765923846,0.8714467450429899,0.09478398994561059,0.10274603955463259,cleveland_dose1,0.0020398315493946884,0.007962049609021998,cleveland,1,24,3
mutual_info,logistic,10,0.8690559747324091,0.8415950166695912,0.09260494893352723,0.14528423746956098,cleveland_dose1,0.027460958062817897,0.05267928853603375,cleveland,1,24,3
mutual_info,logistic,11,0.86852956659063,0.8563563783119846,0.08986657798385153,0.13142749869999384,cleveland_dose1,0.01217318827864533,0.04156092071614231,cleveland,1,24,3
mutual_info,logistic,12,0.877741709071767,0.8470345674679768,0.09696499621630054,0.12667563975450835,cleveland_dose1,0.030707141603790178,0.029710643538207807,cleveland,1,24,3
mutual_info,logistic,13,0.875329005088612,0.8271845937883838,0.09527795594972294,0.15746427658110615,cleveland_dose1,0.048144411300228174,0.06218632063138321,cleveland,1,24,3
mutual_info,logistic,14,0.8842779434988595,0.8313519915774696,0.07747634191019312,0.14138786985619575,cleveland_dose1,0.052925951921389824,0.06391152794600263,cleveland,1,24,3
mutual_info,logistic,15,0.8744077908404984,0.8554351640638709,0.09152560071557653,0.11067676471501803,cleveland_dose1,0.018972626776627477,0.0191511639994415,cleveland,1,24,3
mutual_info,logistic,16,0.8723460256185296,0.848679592911037,0.09034849479306582,0.12563736998827485,cleveland_dose1,0.02366643270749258,0.03528887519520903,cleveland,1,24,3
mutual_info,logistic,17,0.8870854535883488,0.8668845411475696,0.08269113272901718,0.11440597356209745,cleveland_dose1,0.02020091244077915,0.031714840833080266,cleveland,1,24,3
mutual_info,logistic,18,0.8856378311984558,0.8569485874714863,0.07903584656210064,0.12937342157836101,cleveland_dose1,0.02868924372696957,0.05033757501626038,cleveland,1,24,3
mutual_info,logistic,19,0.8851991577469732,0.8387875065801017,0.08264245553150518,0.14823839327452876,cleveland_dose1,0.046411651166871515,0.06559593774302358,cleveland,1,24,3
mutual_info,logistic,20,0.8810756273030356,0.8811633619933322,0.08606151427041143,0.10323864826411931,cleveland_dose1,-8.773469029665915e-05,0.017177133993707877,cleveland,1,24,3
mutual_info,logistic,21,0.8848043516406386,0.8549306895946658,0.07745313578513521,0.12347447245786924,cleveland_dose1,0.02987366204597286,0.04602133667273403,cleveland,1,24,3
mutual_info,logistic,22,0.8643621688015442,0.8449508685734338,0.09734172036207027,0.14031548873224214,cleveland_dose1,0.01941130022811033,0.042973768370171875,cleveland,1,24,3
mutual_info,logistic,23,0.8732233725214951,0.8642525004386734,0.09448117515756094,0.1143773832348645,cleveland_dose1,0.008970872082821657,0.019896208077303565,cleveland,1,24,3
mutual_info,logistic,24,0.8693630461484471,0.841419547288998,0.09975294460031184,0.1470314144977735,cleveland_dose1,0.027943498859449023,0.04727846989746165,cleveland,1,24,3
mutual_info,logistic,25,0.8718196174767503,0.844468327776803,0.08676298566696178,0.12424481179191711,cleveland_dose1,0.027351289699947268,0.037481826124955334,cleveland,1,24,3
mutual_info,logistic,26,0.8795841375679944,0.8389410422881207,0.08640424498343613,0.138445423214287,cleveland_dose1,0.04064309527987364,0.05204117823085086,cleveland,1,24,3
mutual_info,logistic,27,0.8828303211089664,0.8291805579926301,0.08223182712406041,0.14063984042176786,cleveland_dose1,0.05364976311633629,0.05840801329770745,cleveland,1,24,3
mutual_info,logistic,28,0.8767327601333568,0.8382391647657483,0.08713664647136807,0.14769801409295738,cleveland_dose1,0.038493595367608435,0.06056136762158931,cleveland,1,24,3
mutual_info,logistic,29,0.8785313212844359,0.8606115107913669,0.0883310065946537,0.12302291596225773,cleveland_dose1,0.01791981049306901,0.034691909367604024,cleveland,1,24,3
mutual_info,rf,0,0.9001359887699596,0.853855939638533,0.06720037709341603,0.12693905103555167,cleveland_dose1,0.04628004913142658,0.05973867394213564,cleveland,1,24,3
mutual_info,rf,1,0.8932049482365327,0.8473197052114406,0.07684724465900726,0.13576714339972093,cleveland_dose1,0.045885243025092115,0.05891989874071367,cleveland,1,24,3
mutual_info,rf,2,0.9051368661168626,0.8471661695034216,0.06568252708568788,0.13124669366736544,cleveland_dose1,0.05797069661344101,0.06556416658167756,cleveland,1,24,3
mutual_info,rf,3,0.8972188103175995,0.8480435164063871,0.07319920742030717,0.13571706204819634,cleveland_dose1,0.04917529391121245,0.06251785462788917,cleveland,1,24,3
mutual_info,rf,4,0.8994341112475874,0.8263949815757151,0.07044816552439219,0.14510350241546094,cleveland_dose1,0.07303912967187232,0.07465533689106875,cleveland,1,24,3
mutual_info,rf,5,0.8951131777504825,0.7993507632918055,0.07339636754377396,0.17175152820533734,cleveland_dose1,0.09576241445867695,0.09835516066156338,cleveland,1,24,3
mutual_info,rf,6,0.9043253202316196,0.8346859098087382,0.06877937498955165,0.14187338562853144,cleveland_dose1,0.06963941042288135,0.07309401063897979,cleveland,1,24,3
mutual_info,rf,7,0.8907483769082294,0.8273381294964028,0.0771000206518897,0.1377778733515945,cleveland_dose1,0.06341024741182655,0.0606778526997048,cleveland,1,24,3
mutual_info,rf,8,0.895529917529391,0.8404325320231619,0.0714510025437004,0.14232773092583884,cleveland_dose1,0.05509738550622911,0.07087672838213843,cleveland,1,24,3
mutual_info,rf,9,0.8928759431479207,0.7984295490436917,0.07260494110826662,0.18483291420833248,cleveland_dose1,0.09444639410422906,0.11222797310006585,cleveland,1,24,3
mutual_info,rf,10,0.8932049482365328,0.8466178276890683,0.06935717210988283,0.13514676947079657,cleveland_dose1,0.0465871205474645,0.06578959736091373,cleveland,1,24,3
mutual_info,rf,11,0.89276627478505,0.8467055623793647,0.07583794591603163,0.13026333555179836,cleveland_dose1,0.04606071240568532,0.054425389635766735,cleveland,1,24,3
mutual_info,rf,12,0.8973942796981926,0.8494692051237057,0.07265415714305791,0.1338753981423058,cleveland_dose1,0.047925074574486914,0.0612212409992479,cleveland,1,24,3
mutual_info,rf,13,0.9028118968240042,0.8396867871556413,0.06892464475001547,0.12988368581644416,cleveland_dose1,0.06312510966836293,0.06095904106642869,cleveland,1,24,3
mutual_info,rf,14,0.8893226881909106,0.8531101947710124,0.08011442704628494,0.13676996046169265,cleveland_dose1,0.036212493419898295,0.056655533415407716,cleveland,1,24,3
mutual_info,rf,15,0.9013862081066852,0.8347297771538865,0.06503446401910354,0.14306074316178985,cleveland_dose1,0.06665643095279872,0.07802627914268631,cleveland,1,24,3
mutual_info,rf,16,0.8840586067731181,0.8569705211440602,0.07826389864467337,0.12840416923175846,cleveland_dose1,0.027088085629057845,0.05014027058708509,cleveland,1,24,3
mutual_info,rf,17,0.8993244428847166,0.7968503246183541,0.07123219396933989,0.1761092355444738,cleveland_dose1,0.10247411826636244,0.10487704157513392,cleveland,1,24,3
mutual_info,rf,18,0.9004430601859976,0.8716441480961572,0.070133643821912,0.11339908419892679,cleveland_dose1,0.028798912089840423,0.04326544037701478,cleveland,1,24,3
mutual_info,rf,19,0.8936655553605897,0.7867169678891035,0.07552242993237926,0.1904575126234041,cleveland_dose1,0.10694858747148617,0.11493508269102484,cleveland,1,24,3
mutual_info,rf,20,0.8962975960694858,0.8506755571152833,0.072797524004019,0.1256399791858708,cleveland_dose1,0.04562203895420247,0.05284245518185181,cleveland,1,24,3
mutual_info,rf,21,0.8818433058431304,0.8087822424986839,0.08288446281807321,0.16454426917069753,cleveland_dose1,0.07306106334444651,0.08165980635262432,cleveland,1,24,3
mutual_info,rf,22,0.8928540094753465,0.8192884716616949,0.07525848449295634,0.15908504278780064,cleveland_dose1,0.0735655378136516,0.0838265582948443,cleveland,1,24,3
mutual_info,rf,23,0.8853526934549921,0.8177969819266538,0.08801603968706918,0.17021939515761952,cleveland_dose1,0.06755571152833828,0.08220335547055034,cleveland,1,24,3
mutual_info,rf,24,0.8931391472188104,0.8313739252500439,0.0727847385888064,0.15329754893666586,cleveland_dose1,0.06176522196876644,0.08051281034785947,cleveland,1,24,3
mutual_info,rf,25,0.8932049482365327,0.8640770310580803,0.07135731375472625,0.11351200693197501,cleveland_dose1,0.029127917178452423,0.042154693177248764,cleveland,1,24,3
mutual_info,rf,26,0.9014300754518337,0.8340717669766625,0.06735645478416402,0.1464543303857404,cleveland_dose1,0.06735830847517121,0.07909787560157638,cleveland,1,24,3
mutual_info,rf,27,0.8917353921740656,0.8439638533075978,0.07395628240925314,0.13811112976367718,cleveland_dose1,0.04777153886646779,0.06415484735442403,cleveland,1,24,3
mutual_info,rf,28,0.9003991928408492,0.8173144411300228,0.06632626216513035,0.17159312736568164,cleveland_dose1,0.08308475171082641,0.10526686520055129,cleveland,1,24,3
mutual_info,rf,29,0.8926785400947534,0.8335014914897351,0.07676451706183546,0.13720771402062534,cleveland_dose1,0.05917704860501838,0.060443196958789885,cleveland,1,24,3
rf_importance,logistic,0,0.8866467801368662,0.8574969292858396,0.07747535502679385,0.12330393256534855,cleveland_dose1,0.029149850851026504,0.045828577538554696,cleveland,1,24,3
rf_importance,logistic,1,0.884848218985787,0.8496666081768732,0.08462092246029713,0.13032195397201427,cleveland_dose1,0.0351816108089138,0.04570103151171713,cleveland,1,24,3
rf_importance,logistic,2,0.8719073521670468,0.8669722758378663,0.09414003038015883,0.11427725931947443,cleveland_dose1,0.004935076329180554,0.02013722893931559,cleveland,1,24,3
rf_importance,logistic,3,0.8876118617301281,0.872916301105457,0.07564663959905286,0.11185006000765838,cleveland_dose1,0.014695560624671034,0.03620342040860551,cleveland,1,24,3
rf_importance,logistic,4,0.8749780663274257,0.8592077557466222,0.09457918870189591,0.12349292226869832,cleveland_dose1,0.01577031058080347,0.028913733566802408,cleveland,1,24,3
rf_importance,logistic,5,0.8745393928759432,0.8562247762765397,0.08676114424057729,0.11552664838707805,cleveland_dose1,0.018314616599403477,0.028765504146500753,cleveland,1,24,3
rf_importance,logistic,6,0.8937532900508861,0.8567950517634673,0.07250462438646366,0.11376631521395103,cleveland_dose1,0.03695823828741884,0.041261690827487374,cleveland,1,24,3
rf_importance,logistic,7,0.8881382698719076,0.8731575715037726,0.08282904006156373,0.1087326581856016,cleveland_dose1,0.014980698368134981,0.025903618124037867,cleveland,1,24,3
rf_importance,logistic,8,0.8745832602210913,0.8646911738901562,0.09086973213190884,0.12467508210458951,cleveland_dose1,0.00989208633093519,0.03380534997268067,cleveland,1,24,3
rf_importance,logistic,9,0.878399719248991,0.8648666432707492,0.08519121645772455,0.11480976263509521,cleveland_dose1,0.013533075978241715,0.029618546177370655,cleveland,1,24,3
rf_importance,logistic,10,0.8832251272153009,0.8357825934374453,0.08560190312875317,0.13723824365333998,cleveland_dose1,0.04744253377785557,0.05163634052458681,cleveland,1,24,3
rf_importance,logistic,11,0.8831373925250044,0.8542068783997193,0.0828931398008783,0.11471966422635255,cleveland_dose1,0.028930514125285134,0.03182652442547425,cleveland,1,24,3
rf_importance,logistic,12,0.8768643621688016,0.8583962098613792,0.08560834623837556,0.12804433540372326,cleveland_dose1,0.01846815230742238,0.0424359891653477,cleveland,1,24,3
rf_importance,logistic,13,0.8892349535006141,0.868858571679242,0.0822740923897762,0.10934621053304297,cleveland_dose1,0.020376381821372136,0.027072118143266766,cleveland,1,24,3
rf_importance,logistic,14,0.8781365151781014,0.8604141077381997,0.08645363350687324,0.11932775604540605,cleveland_dose1,0.017722407439901722,0.03287412253853281,cleveland,1,24,3
rf_importance,logistic,15,0.8795841375679944,0.84365678189156,0.08631550765657385,0.14379735473393657,cleveland_dose1,0.03592735567643435,0.057481847077362716,cleveland,1,24,3
rf_importance,logistic,16,0.8755044744692051,0.8353877873311106,0.08952310154634592,0.15556319745615657,cleveland_dose1,0.040116687138094465,0.06604009590981065,cleveland,1,24,3
rf_importance,logistic,17,0.8656781891559923,0.8420117564484998,0.09690678391914125,0.14060042188936295,cleveland_dose1,0.02366643270749247,0.0436936379702217,cleveland,1,24,3
rf_importance,logistic,18,0.8739252500438673,0.8544262151254607,0.09013844317072048,0.1346074381498574,cleveland_dose1,0.019499034918406655,0.04446899497913692,cleveland,1,24,3
rf_importance,logistic,19,0.8786629233198806,0.8357825934374452,0.09170962174661301,0.13925334058078045,cleveland_dose1,0.0428803298824354,0.04754371883416744,cleveland,1,24,3
rf_importance,logistic,20,0.8821723109317424,0.8399061238813827,0.08019059229816614,0.1411700198800919,cleveland_dose1,0.04226618705035967,0.06097942758192576,cleveland,1,24,3
rf_importance,logistic,21,0.877434637655729,0.8525618529566592,0.09464110210209493,0.11621047324948858,cleveland_dose1,0.02487278469906984,0.021569371147393643,cleveland,1,24,3
rf_importance,logistic,22,0.8820407088962975,0.8665555360589576,0.08343176488952422,0.1065867923694272,cleveland_dose1,0.015485172837339856,0.023155027479902973,cleveland,1,24,3
rf_importance,logistic,23,0.8820407088962976,0.819463941042288,0.08392356506013171,0.15906719020303217,cleveland_dose1,0.06257676785400956,0.07514362514290046,cleveland,1,24,3
rf_importance,logistic,24,0.8855500965081593,0.8621907352167048,0.08020900406610985,0.1291108650060213,cleveland_dose1,0.02335936129145455,0.04890186093991146,cleveland,1,24,3
rf_importance,logistic,25,0.8909457799613967,0.865634321810844,0.07534044390423737,0.1176202547496627,cleveland_dose1,0.02531145815055269,0.04227981084542533,cleveland,1,24,3
rf_importance,logistic,26,0.8729601684506054,0.8265485172837339,0.09337949806140407,0.1652287199827165,cleveland_dose1,0.046411651166871515,0.07184922192131242,cleveland,1,24,3
rf_importance,logistic,27,0.8792331988068083,0.8698017195999298,0.08567578313437857,0.1077849411135299,cleveland_dose1,0.00943147920687848,0.022109157979151334,cleveland,1,24,3
rf_importance,logistic,28,0.8776539743814705,0.8548868222495174,0.0893147934872201,0.1198454894848025,cleveland_dose1,0.022767152131953128,0.030530695997582402,cleveland,1,24,3
rf_importance,logistic,29,0.8801544130549219,0.8345981751184418,0.08145102730816303,0.14076277354519712,cleveland_dose1,0.045556237936480115,0.059311746237034085,cleveland,1,24,3
rf_importance,rf,0,0.9036673100543955,0.7951614318301456,0.07003791883005321,0.1933904524852837,cleveland_dose1,0.10850587822424984,0.12335253365523048,cleveland,1,24,3
rf_importance,rf,1,0.8990173714686787,0.8404105983505878,0.0661239052544375,0.136093184231002,cleveland_dose1,0.058606773118090816,0.0699692789765645,cleveland,1,24,3
rf_importance,rf,2,0.8973284786804702,0.8516406387085453,0.07047441128795287,0.11576757543667454,cleveland_dose1,0.045687839971924826,0.04529316414872167,cleveland,1,24,3
rf_importance,rf,3,0.897942621512546,0.8035400947534657,0.07181271247581641,0.15818478067022407,cleveland_dose1,0.09440252675908034,0.08637206819440765,cleveland,1,24,3
rf_importance,rf,4,0.902460958062818,0.8361335321986313,0.07146374270023201,0.13756451199266156,cleveland_dose1,0.06632742586418672,0.06610076929242956,cleveland,1,24,3
rf_importance,rf,5,0.8930733462010878,0.7952272328478681,0.07395733662640747,0.17478630611529866,cleveland_dose1,0.09784611335321969,0.1008289694888912,cleveland,1,24,3
rf_importance,rf,6,0.8892568871731882,0.8396209861379189,0.07754510770321296,0.1358749488179194,cleveland_dose1,0.04963590103526927,0.05832984111470643,cleveland,1,24,3
rf_importance,rf,7,0.8965608001403755,0.8382391647657483,0.07034016558228502,0.13244082973618537,cleveland_dose1,0.0583216353746272,0.06210066415390035,cleveland,1,24,3
rf_importance,rf,8,0.8917353921740656,0.8107562730303562,0.07276062487229447,0.1618623961098716,cleveland_dose1,0.08097911914370937,0.08910177123757713,cleveland,1,24,3
rf_importance,rf,9,0.9016713458501492,0.8442051237059134,0.06501559365274014,0.13413517588555607,cleveland_dose1,0.0574662221442358,0.06911958223281593,cleveland,1,24,3
rf_importance,rf,10,0.8968678715564135,0.8493156694156869,0.070485631634873,0.12055182612463275,cleveland_dose1,0.04755220214072653,0.050066194489759755,cleveland,1,24,3
rf_importance,rf,11,0.8943454992103878,0.8381075627303036,0.07188726315239638,0.13508148296751837,cleveland_dose1,0.05623793648008413,0.063194219815122,cleveland,1,24,3
rf_importance,rf,12,0.8912528513774347,0.814616599403404,0.07520982072201932,0.16181769610461041,cleveland_dose1,0.07663625197403068,0.0866078753825911,cleveland,1,24,3
rf_importance,rf,13,0.8948499736795928,0.8611159852605721,0.07062018287710953,0.11653367882801532,cleveland_dose1,0.033733988419020755,0.0459134959509058,cleveland,1,24,3
rf_importance,rf,14,0.8968459378838393,0.8506097560975608,0.0768790230681747,0.13555974303778856,cleveland_dose1,0.04623618178627842,0.058680719969613854,cleveland,1,24,3
rf_importance,rf,15,0.8985128969994736,0.8040226355500965,0.07149962723370998,0.15788408117372707,cleveland_dose1,0.09449026144937711,0.08638445394001709,cleveland,1,24,3
rf_importance,rf,16,0.8957273205825583,0.7915643095279873,0.0725323137245412,0.17341000768133727,cleveland_dose1,0.10416301105457104,0.10087769395679606,cleveland,1,24,3
rf_importance,rf,17,0.9077469731531849,0.8414634146341464,0.06177767826573055,0.13953333729263145,cleveland_dose1,0.06628355851903844,0.0777556590269009,cleveland,1,24,3
rf_importance,rf,18,0.8977232847868046,0.834466573082997,0.06857876668564764,0.12862143913266477,cleveland_dose1,0.06325671170380764,0.06004267244701714,cleveland,1,24,3
rf_importance,rf,19,0.8911212493419898,0.8080145639585893,0.0740789398049743,0.16223531841742772,cleveland_dose1,0.08310668538340049,0.08815637861245341,cleveland,1,24,3
rf_importance,rf,20,0.8901342340761537,0.806698543604141,0.07676847259971155,0.16909308620409427,cleveland_dose1,0.08343569047201271,0.09232461360438272,cleveland,1,24,3
rf_importance,rf,21,0.8893446218634848,0.7938454114756974,0.07829736589895811,0.14621984964637552,cleveland_dose1,0.09549921038778741,0.06792248374741741,cleveland,1,24,3
rf_importance,rf,22,0.8950693104053342,0.8029259519213897,0.07459149416906849,0.17600478942419634,cleveland_dose1,0.0921433584839445,0.10141329525512785,cleveland,1,24,3
rf_importance,rf,23,0.9058606773118091,0.817665379891209,0.06619686556539463,0.14794391404100043,cleveland_dose1,0.08819529742060006,0.08174704847560581,cleveland,1,24,3
rf_importance,rf,24,0.8828741884541147,0.8072468854184945,0.0848634189633807,0.165023636186585,cleveland_dose1,0.07562730303562015,0.0801602172232043,cleveland,1,24,3
rf_importance,rf,25,0.8866029127917179,0.7547596069485875,0.08333605888440121,0.22528614112192316,cleveland_dose1,0.13184330584313042,0.14195008223752195,cleveland,1,24,3
rf_importance,rf,26,0.9010133356729251,0.8289831549394631,0.06452833670707334,0.13589246739085042,cleveland_dose1,0.07203018073346201,0.07136413068377709,cleveland,1,24,3
rf_importance,rf,27,0.8886427443411125,0.8278864713107562,0.08385663652246972,0.14050655916186258,cleveland_dose1,0.060756273030356245,0.05664992263939286,cleveland,1,24,3
rf_importance,rf,28,0.9008378662923321,0.7961265134234077,0.06839757605614923,0.17895164236317082,cleveland_dose1,0.10471135286892441,0.1105540663070216,cleveland,1,24,3
rf_importance,rf,29,0.8963414634146342,0.8572556588875241,0.07342439965204249,0.14294834187556177,cleveland_dose1,0.03908580452711008,0.06952394222351928,cleveland,1,24,3
l1_logistic,logistic,0,0.8748903316371293,0.8502588173363748,0.09445578362957313,0.1304511483395817,cleveland_dose1,0.024631514300754498,0.03599536471000858,cleveland,1,24,3
l1_logistic,logistic,1,0.8822161782768907,0.8534172661870503,0.08211905008994431,0.11820801306720313,cleveland_dose1,0.028798912089840423,0.03608896297725882,cleveland,1,24,3
l1_logistic,logistic,2,0.8841902088085629,0.8616423934023513,0.07916982220920742,0.11973229401828331,cleveland_dose1,0.022547815406211646,0.04056247180907589,cleveland,1,24,3
l1_logistic,logistic,3,0.8802860150903666,0.8656123881382699,0.08593840407131695,0.11510715123312149,cleveland_dose1,0.01467362695209673,0.029168747161804537,cleveland,1,24,3
l1_logistic,logistic,4,0.8691437094227057,0.857080189506931,0.09321691353463009,0.12196665647108734,cleveland_dose1,0.0120635199157747,0.028749742936457254,cleveland,1,24,3
l1_logistic,logistic,5,0.8734865765923845,0.8596244955255308,0.09337532256366853,0.1217280502030007,cleveland_dose1,0.013862081066853715,0.02835272763933218,cleveland,1,24,3
l1_logistic,logistic,6,0.8666432707492543,0.8535050008773469,0.10393713778663513,0.13180727545881835,cleveland_dose1,0.01313826987190736,0.027870137672183215,cleveland,1,24,3
l1_logistic,logistic,7,0.8834883312861905,0.8663361993332164,0.0767977421466655,0.11573558431690534,cleveland_dose1,0.01715213195297416,0.038937842170239836,cleveland,1,24,3
l1_logistic,logistic,8,0.8613791893314616,0.872258290928233,0.1086865787124362,0.10267239689669219,cleveland_dose1,-0.010879101596771412,-0.0060141818157440075,cleveland,1,24,3
l1_logistic,logistic,9,0.8707668011931917,0.8497982102123179,0.09973916956368849,0.1356103560819454,cleveland_dose1,0.02096859098087378,0.03587118651825692,cleveland,1,24,3
l1_logistic,logistic,10,0.8835760659764871,0.8584620108791017,0.08665374160242699,0.12069726288016691,cleveland_dose1,0.0251140550973854,0.03404352127773992,cleveland,1,24,3
l1_logistic,logistic,11,0.8736620459729778,0.8531540621161607,0.0925317767469836,0.12774703466459297,cleveland_dose1,0.02050798385681707,0.03521525791760938,cleveland,1,24,3
l1_logistic,logistic,12,0.8930514125285138,0.8673451482716266,0.07644302702946223,0.11662868790814289,cleveland_dose1,0.025706264256887268,0.040185660878680654,cleveland,1,24,3
l1_logistic,logistic,13,0.8813826987190736,0.869845586945078,0.08767838483944462,0.10791522221676397,cleveland_dose1,0.011537111773995634,0.02023683737731935,cleveland,1,24,3
l1_logistic,logistic,14,0.8742323214599053,0.8635067555711528,0.09464886253199291,0.12039187471476853,cleveland_dose1,0.010725565888752508,0.025743012182775624,cleveland,1,24,3
l1_logistic,logistic,15,0.8819968415511493,0.8660071942446043,0.0813081161994754,0.11036946490552128,cleveland_dose1,0.015989647306545063,0.02906134870604589,cleveland,1,24,3
l1_logistic,logistic,16,0.8843218108440077,0.8663800666783646,0.08211874360045901,0.11251149531123546,cleveland_dose1,0.017941744165643092,0.030392751710776447,cleveland,1,24,3
l1_logistic,logistic,17,0.8809001579224425,0.8541191437094228,0.08512409180716365,0.13216861043795616,cleveland_dose1,0.026781014213019705,0.04704451863079251,cleveland,1,24,3
l1_logistic,logistic,18,0.8804176171258116,0.8647131075627303,0.08534352468944491,0.1149363411245548,cleveland_dose1,0.015704509563081226,0.029592816435109887,cleveland,1,24,3
l1_logistic,logistic,19,0.8698017195999298,0.870788734865766,0.09810793026691801,0.11378250774935506,cleveland_dose1,-0.000987015265836222,0.015674577482437044,cleveland,1,24,3
l1_logistic,logistic,20,0.8729601684506053,0.8699552553079487,0.09659753379800597,0.10338631208393004,cleveland_dose1,0.0030049131426566067,0.006788778285924071,cleveland,1,24,3
l1_logistic,logistic,21,0.8760308826109844,0.8649324442884716,0.08886557053483321,0.12502628408045405,cleveland_dose1,0.011098438322512783,0.03616071354562084,cleveland,1,24,3
l1_logistic,logistic,22,0.8782242498683979,0.8513116336199333,0.08626509675884875,0.12351021846950694,cleveland_dose1,0.026912616248464527,0.03724512171065819,cleveland,1,24,3
l1_logistic,logistic,23,0.8771714335848394,0.8580672047727671,0.08835532902388735,0.12064960105902355,cleveland_dose1,0.0191042288120723,0.0322942720351362,cleveland,1,24,3
l1_logistic,logistic,24,0.8823039129671874,0.8582426741533602,0.08037687783317427,0.12238007012062471,cleveland_dose1,0.024061238813827157,0.04200319228745045,cleveland,1,24,3
l1_logistic,logistic,25,0.881602035444815,0.8624758729601684,0.08369155936522188,0.11435465937402589,cleveland_dose1,0.019126162484646603,0.030663100008804012,cleveland,1,24,3
l1_logistic,logistic,26,0.8802421477452184,0.8581988068082121,0.08875703681356475,0.11883980907079304,cleveland_dose1,0.022043340937006217,0.030082772257228288,cleveland,1,24,3
l1_logistic,logistic,27,0.8702842603965608,0.8624320056150202,0.09265445541040444,0.11843836427421545,cleveland_dose1,0.007852254781540613,0.025783908863811003,cleveland,1,24,3
l1_logistic,logistic,28,0.8816897701351114,0.8705035971223022,0.0890286067824496,0.10618770882834988,cleveland_dose1,0.01118617301280922,0.01715910204590028,cleveland,1,24,3
l1_logistic,logistic,29,0.8612914546411651,0.8639454290226356,0.09865778851053578,0.1123235516310978,cleveland_dose1,-0.0026539743814705252,0.01366576312056203,cleveland,1,24,3
l1_logistic,rf,0,0.8826109843832252,0.8386339708720828,0.08194302785344006,0.14455743600673762,cleveland_dose1,0.04397701351114236,0.06261440815329757,cleveland,1,24,3
l1_logistic,rf,1,0.9043691875767678,0.8521012458326023,0.06351352529366677,0.12278183566324977,cleveland_dose1,0.05226794174416549,0.059268310369582994,cleveland,1,24,3
l1_logistic,rf,2,0.8975478154062115,0.8292682926829269,0.0726267319331405,0.14321399172505644,cleveland_dose1,0.06827952272328464,0.07058725979191595,cleveland,1,24,3
l1_logistic,rf,3,0.9032505702754869,0.8402131952974206,0.06410440114442703,0.1337873969875341,cleveland_dose1,0.06303737497806639,0.06968299584310708,cleveland,1,24,3
l1_logistic,rf,4,0.8910115809791191,0.8390726443235657,0.07708246813037163,0.130156842747646,cleveland_dose1,0.05193893665555349,0.053074374617274364,cleveland,1,24,3
l1_logistic,rf,5,0.8855939638533076,0.8439199859624495,0.08199410710897198,0.14036143832037243,cleveland_dose1,0.04167397789085803,0.05836733121140045,cleveland,1,24,3
l1_logistic,rf,6,0.8888840147394279,0.8319661344095456,0.080914594476688,0.1471720741196625,cleveland_dose1,0.05691788032988232,0.06625747964297449,cleveland,1,24,3
l1_logistic,rf,7,0.8862081066853834,0.850456220389542,0.08334341142787008,0.12479640862792125,cleveland_dose1,0.03575188629584136,0.041452997200051175,cleveland,1,24,3
l1_logistic,rf,8,0.8835102649587647,0.8164151605544833,0.07952104996010098,0.15238274220775821,cleveland_dose1,0.06709510440428146,0.07286169224765723,cleveland,1,24,3
l1_logistic,rf,9,0.9012765397438148,0.8367696087032813,0.06959272533288172,0.13675483201451713,cleveland_dose1,0.06450693104053351,0.06716210668163541,cleveland,1,24,3
l1_logistic,rf,10,0.8835102649587647,0.8473416388840147,0.08168025024684827,0.1264354479233462,cleveland_dose1,0.03616862607475002,0.04475519767649794,cleveland,1,24,3
l1_logistic,rf,11,0.8987103000526409,0.8563344446394104,0.06928298757522716,0.1283693931242904,cleveland_dose1,0.04237585541323041,0.05908640554906325,cleveland,1,24,3
l1_logistic,rf,12,0.8931830145639585,0.8347297771538866,0.07280879890426886,0.14890470748403917,cleveland_dose1,0.05845323741007191,0.0760959085797703,cleveland,1,24,3
l1_logistic,rf,13,0.9013642744341112,0.8499298122477629,0.06852715114262127,0.13352547975728174,cleveland_dose1,0.051434462186348284,0.06499832861466047,cleveland,1,24,3
l1_logistic,rf,14,0.8990831724864012,0.8231049306895948,0.07287075541239163,0.15135072729194685,cleveland_dose1,0.07597824179680646,0.07847997187955522,cleveland,1,24,3
l1_logistic,rf,15,0.8941261624846464,0.8485918582207406,0.07547350047027036,0.13266258728644037,cleveland_dose1,0.04553430426390581,0.05718908681617001,cleveland,1,24,3
l1_logistic,rf,16,0.8965388664678013,0.8560273732233725,0.07289194839531996,0.13448692797613906,cleveland_dose1,0.04051149324442882,0.06159497958081911,cleveland,1,24,3
l1_logistic,rf,17,0.8945429022635549,0.8497104755220214,0.07510513675136771,0.12132698282184123,cleveland_dose1,0.04483242674153354,0.04622184607047353,cleveland,1,24,3
l1_logistic,rf,18,0.8922618003158449,0.8386778382172311,0.07148922373625474,0.14373013875738902,cleveland_dose1,0.053583962098613824,0.07224091502113428,cleveland,1,24,3
l1_logistic,rf,19,0.8962537287243376,0.8334356904720126,0.0723503955351179,0.15088702266775916,cleveland_dose1,0.06281803825232501,0.07853662713264126,cleveland,1,24,3
l1_logistic,rf,20,0.8969994735918582,0.8320319354272678,0.06761848166586565,0.14419524496163452,cleveland_dose1,0.06496753816459033,0.07657676329576887,cleveland,1,24,3
l1_logistic,rf,21,0.8962317950517635,0.8270968590980873,0.0709180597386434,0.14216354898582856,cleveland_dose1,0.06913493595367626,0.07124548924718516,cleveland,1,24,3
l1_logistic,rf,22,0.8870196525706264,0.8308475171082647,0.07902753285252889,0.1460072355039605,cleveland_dose1,0.05617213546236177,0.0669797026514316,cleveland,1,24,3
l1_logistic,rf,23,0.8838173363748026,0.7945911563432179,0.08505695799687527,0.19944974030569576,cleveland_dose1,0.08922618003158478,0.1143927823088205,cleveland,1,24,3
l1_logistic,rf,24,0.8969117389015617,0.8421433584839445,0.07159297208516435,0.14355731939966862,cleveland_dose1,0.054768380417617224,0.07196434731450427,cleveland,1,24,3
l1_logistic,rf,25,0.8980522898754167,0.8349052465344798,0.0738858680901305,0.14032483013556027,cleveland_dose1,0.0631470433409369,0.06643896204542978,cleveland,1,24,3
l1_logistic,rf,26,0.900179856115108,0.8606115107913668,0.06918512364625148,0.11686736196361446,cleveland_dose1,0.039568345323741205,0.04768223831736297,cleveland,1,24,3
l1_logistic,rf,27,0.8916257238111949,0.8455211440603614,0.07499168345597082,0.118224588262554,cleveland_dose1,0.046104579750833485,0.04323290480658318,cleveland,1,24,3
l1_logistic,rf,28,0.9035357080189506,0.8539217406562554,0.06878317238521717,0.11077753925090032,cleveland_dose1,0.04961396736269519,0.041994366865683155,cleveland,1,24,3
l1_logistic,rf,29,0.8847604842954905,0.8148140024565712,0.0869726662561032,0.17215377717010527,cleveland_dose1,0.06994648183891927,0.08518111091400207,cleveland,1,24,3
mutual_info,logistic,0,0.8748464642919811,0.8233681347604842,0.08491788904294173,0.15017370974456687,cleveland_dose2,0.05147832953149689,0.06525582070162514,cleveland,2,36,3
mutual_info,logistic,1,0.8776539743814704,0.8433058431303737,0.08391468273430487,0.14000740519703975,cleveland_dose2,0.0343481312510967,0.056092722462734876,cleveland,2,36,3
mutual_info,logistic,2,0.8859449026144937,0.8674986839796456,0.0752908327644871,0.11775445341502115,cleveland_dose2,0.018446218634848077,0.04246362065053405,cleveland,2,36,3
mutual_info,logistic,3,0.8698455869450781,0.8318783997192489,0.09009964960220646,0.15572466684633024,cleveland_dose2,0.037967187225829147,0.06562501724412378,cleveland,2,36,3
mutual_info,logistic,4,0.8805492191612563,0.8480873837515354,0.08215882519854877,0.12618495120657602,cleveland_dose2,0.03246183540972092,0.04402612600802726,cleveland,2,36,3
mutual_info,logistic,5,0.8934462186348482,0.8680250921214249,0.07252054752675181,0.10842133950383973,cleveland_dose2,0.02542112651342332,0.03590079197708791,cleveland,2,36,3
mutual_info,logistic,6,0.8835321986313387,0.8400815932619758,0.08219063263400597,0.1276198201658643,cleveland_dose2,0.04345060536936285,0.04542918753185832,cleveland,2,36,3
mutual_info,logistic,7,0.8789699947359184,0.8631338831373925,0.08557581055387084,0.12680054207961333,cleveland_dose2,0.015836111598525937,0.04122473152574249,cleveland,2,36,3
mutual_info,logistic,8,0.891472188103176,0.8514432356553782,0.07451070022789497,0.1280179856686001,cleveland_dose2,0.040028952447797805,0.05350728544070513,cleveland,2,36,3
mutual_info,logistic,9,0.8827425864186699,0.8492279347253904,0.07827259050131681,0.13001244990455835,cleveland_dose2,0.033514651693279496,0.05173985940324154,cleveland,2,36,3
mutual_info,logistic,10,0.8796280049131427,0.8619933321635374,0.08293704864797716,0.10746709680180103,cleveland_dose2,0.017634672749605396,0.02453004815382387,cleveland,2,36,3
mutual_info,logistic,11,0.8744077908404982,0.853834005965959,0.08869198024799332,0.13393842338487383,cleveland_dose2,0.020573784874539203,0.045246443136880504,cleveland,2,36,3
mutual_info,logistic,12,0.8761624846464291,0.8605895771187928,0.0871622531044454,0.12205472495108072,cleveland_dose2,0.015572907527636293,0.03489247184663531,cleveland,2,36,3
mutual_info,logistic,13,0.8902877697841727,0.8521451131777504,0.07543558584883875,0.12684733368712697,cleveland_dose2,0.03814265660642224,0.051411747838288224,cleveland,2,36,3
mutual_info,logistic,14,0.8792331988068081,0.8583304088436567,0.08543246712363711,0.12391868216524866,cleveland_dose2,0.020902789963151314,0.03848621504161155,cleveland,2,36,3
mutual_info,logistic,15,0.8891910861554658,0.8502149499912265,0.0745867551296241,0.12496211323605602,cleveland_dose2,0.03897613616423934,0.05037535810643193,cleveland,2,36,3
mutual_info,logistic,16,0.8602825057027549,0.8337866292331988,0.10139381171626345,0.144923848073782,cleveland_dose2,0.02649587646955609,0.04353003635751855,cleveland,2,36,3
mutual_info,logistic,17,0.8966924021758202,0.8445560624670994,0.07114137787183591,0.1283762179784893,cleveland_dose2,0.05213633970872089,0.05723484010665339,cleveland,2,36,3
mutual_info,logistic,18,0.8865590454465696,0.8566634497280224,0.07506217262837706,0.10940613297110244,cleveland_dose2,0.029895595718547163,0.03434396034272538,cleveland,2,36,3
mutual_info,logistic,19,0.8758554132303913,0.8140463239164768,0.08670172550504879,0.1719727765036817,cleveland_dose2,0.06180908931391449,0.08527105099863291,cleveland,2,36,3
mutual_info,logistic,20,0.8694946481838918,0.8405202667134586,0.08964177757235178,0.13772279467179682,cleveland_dose2,0.028974381470433186,0.04808101709944504,cleveland,2,36,3
mutual_info,logistic,21,0.8827864537638181,0.867915423758554,0.08469228384790298,0.11174652356386136,cleveland_dose2,0.01487103000526413,0.027054239715958384,cleveland,2,36,3
mutual_info,logistic,22,0.8871731882786454,0.8452798736620459,0.07571253741821095,0.13999186023289245,cleveland_dose2,0.04189331461659951,0.0642793228146815,cleveland,2,36,3
mutual_info,logistic,23,0.8859010352693454,0.8666652044218285,0.07876069901268633,0.111509917562276,cleveland_dose2,0.0192358308475169,0.032749218549589676,cleveland,2,36,3
mutual_info,logistic,24,0.8841024741182664,0.8666871380944026,0.07922511565197163,0.1273555666524281,cleveland_dose2,0.017415336023863803,0.04813045100045646,cleveland,2,36,3
mutual_info,logistic,25,0.8730040357957536,0.8444463941042288,0.09038382723848794,0.13105032304162867,cleveland_dose2,0.02855764169152475,0.04066649580314073,cleveland,2,36,3
mutual_info,logistic,26,0.8924811370415863,0.8632654851728373,0.07298119333516509,0.11986767372589466,cleveland_dose2,0.02921565186874897,0.04688648039072957,cleveland,2,36,3
mutual_info,logistic,27,0.875153535708019,0.8443586594139323,0.08454778025187527,0.1473199798161056,cleveland_dose2,0.030794876294086726,0.06277219956423032,cleveland,2,36,3
mutual_info,logistic,28,0.8780049131426566,0.8558299701702052,0.08001676330516423,0.11148931583043444,cleveland_dose2,0.022174942972451372,0.0314725525252702,cleveland,2,36,3
mutual_info,logistic,29,0.8771275662396912,0.8537243376030883,0.08083974202078154,0.12691546470134538,cleveland_dose2,0.023403228636602935,0.04607572268056384,cleveland,2,36,3
mutual_info,rf,0,0.9079224425337777,0.8621688015441304,0.06658369016970676,0.11050670280934115,cleveland_dose2,0.04575364098964729,0.043923012639634385,cleveland,2,36,3
mutual_info,rf,1,0.8881382698719074,0.8224907878575188,0.08021194190861833,0.15392695223463848,cleveland_dose2,0.06564748201438853,0.07371501032602015,cleveland,2,36,3
mutual_info,rf,2,0.9005746622214423,0.8478461133532199,0.07009310264185348,0.14698974693772007,cleveland_dose2,0.052728548868222425,0.0768966442958666,cleveland,2,36,3
mutual_info,rf,3,0.8950473767327601,0.8162396911738901,0.07333245605254943,0.1601682063116025,cleveland_dose2,0.07880768555887008,0.08683575025905307,cleveland,2,36,3
mutual_info,rf,4,0.897789085804527,0.8492498683979646,0.07590311762196594,0.1255539260155784,cleveland_dose2,0.04853921740656242,0.04965080839361247,cleveland,2,36,3
mutual_info,rf,5,0.9091068608527813,0.8373398841902089,0.06430593331281699,0.13714352289425544,cleveland_dose2,0.07176697666257237,0.07283758958143845,cleveland,2,36,3
mutual_info,rf,6,0.8849578873486578,0.82525443060186,0.0870323108881069,0.14483504357306412,cleveland_dose2,0.05970345674679778,0.057802732684957225,cleveland,2,36,3
mutual_info,rf,7,0.9016713458501491,0.8161519564835936,0.06967025271710395,0.1474579694022144,cleveland_dose2,0.08551938936655545,0.07778771668511045,cleveland,2,36,3
mutual_info,rf,8,0.8973504123530444,0.8456966134409546,0.06901953895756717,0.13413755689273266,cleveland_dose2,0.051653798912089766,0.06511801793516549,cleveland,2,36,3
mutual_info,rf,9,0.8861861730128093,0.8427136339708721,0.0798226968779779,0.14147065257601332,cleveland_dose2,0.043472539041937264,0.061647955698035425,cleveland,2,36,3
mutual_info,rf,10,0.9114318301456396,0.8130373749780664,0.06406312467721918,0.15074068173596294,cleveland_dose2,0.09839445516757317,0.08667755705874376,cleveland,2,36,3
mutual_info,rf,11,0.8938410247411827,0.8540094753465521,0.07146762672800093,0.11875053333824548,cleveland_dose2,0.03983154939463052,0.04728290661024455,cleveland,2,36,3
mutual_info,rf,12,0.901166871380944,0.8618397964555184,0.06980308395629099,0.11957123559868284,cleveland_dose2,0.03932707492542553,0.049768151642391845,cleveland,2,36,3
mutual_info,rf,13,0.9023951570450955,0.8089796455518512,0.06490549349546373,0.15681472291268278,cleveland_dose2,0.09341551149324434,0.09190922941721905,cleveland,2,36,3
mutual_info,rf,14,0.8913186523951571,0.822161782768907,0.07625154447970528,0.14027085803352984,cleveland_dose2,0.06915686962625012,0.06401931355382456,cleveland,2,36,3
mutual_info,rf,15,0.9021538866467802,0.7981444113002281,0.07015532637158192,0.17711538848347583,cleveland_dose2,0.10400947534655214,0.1069600621118939,cleveland,2,36,3
mutual_info,rf,16,0.9039963151430075,0.8295534304263907,0.06660001689897573,0.14081151678927545,cleveland_dose2,0.07444288471661675,0.07421149989029972,cleveland,2,36,3
mutual_info,rf,17,0.8928540094753465,0.8061282681172135,0.07269174279082623,0.156754676362488,cleveland_dose2,0.08672574135813305,0.08406293357166177,cleveland,2,36,3
mutual_info,rf,18,0.9095674679768381,0.8447315318476926,0.06490730249514848,0.12217058631036867,cleveland_dose2,0.06483593612914551,0.057263283815220195,cleveland,2,36,3
mutual_info,rf,19,0.8962975960694859,0.832711879277066,0.07127289840477555,0.13233531051958586,cleveland_dose2,0.06358571679241987,0.06106241211481031,cleveland,2,36,3
mutual_info,rf,20,0.9001359887699596,0.8392481137041586,0.0684007773487772,0.1355208070014584,cleveland_dose2,0.060887875065800956,0.06712002965268121,cleveland,2,36,3
mutual_info,rf,21,0.899214774521846,0.8620591331812599,0.07588905747259665,0.10971435338807103,cleveland_dose2,0.03715564134058602,0.03382529591547438,cleveland,2,36,3
mutual_info,rf,22,0.8923276013335673,0.8099885944902614,0.06997885636147676,0.15722081784720793,cleveland_dose2,0.08233900684330586,0.08724196148573117,cleveland,2,36,3
mutual_info,rf,23,0.9003114581505527,0.8342253026846815,0.07103081320870581,0.15253009360956504,cleveland_dose2,0.06608615546587115,0.08149928040085923,cleveland,2,36,3
mutual_info,rf,24,0.8885550096508159,0.8212844358659414,0.07941144026146463,0.15676586242116253,cleveland_dose2,0.06727057378487455,0.0773544221596979,cleveland,2,36,3
mutual_info,rf,25,0.8774565713283032,0.8362212668889278,0.09133413777518683,0.14271524159127455,cleveland_dose2,0.0412353044393754,0.05138110381608772,cleveland,2,36,3
mutual_info,rf,26,0.8940822951394982,0.8475609756097561,0.07632173531731071,0.12236673033464202,cleveland_dose2,0.046521319529742144,0.04604499501733131,cleveland,2,36,3
mutual_info,rf,27,0.9007281979294613,0.8347078434813124,0.06971054575423805,0.13691788421420253,cleveland_dose2,0.06602035444814891,0.06720733845996449,cleveland,2,36,3
mutual_info,rf,28,0.8948061063344446,0.814441130022811,0.07009773954338971,0.15536321152726654,cleveland_dose2,0.08036497631163353,0.08526547198387682,cleveland,2,36,3
mutual_info,rf,29,0.8954202491665204,0.8366599403404106,0.07149950232948094,0.13562775030647758,cleveland_dose2,0.05876030882610983,0.06412824797699665,cleveland,2,36,3
rf_importance,logistic,0,0.8986664327074926,0.8491402000350938,0.06421699647339378,0.1227126257174427,cleveland_dose2,0.04952623267239875,0.05849562924404891,cleveland,2,36,3
rf_importance,logistic,1,0.8787067906650289,0.8732014388489209,0.08137125393960429,0.1077541017186694,cleveland_dose2,0.005505351816108006,0.02638284777906512,cleveland,2,36,3
rf_importance,logistic,2,0.8820407088962975,0.8449289349008597,0.08397544519502617,0.13073664361430123,cleveland_dose2,0.03711177399543775,0.04676119841927506,cleveland,2,36,3
rf_importance,logistic,3,0.8712054746446745,0.8674548166344972,0.08683526302761116,0.11069212055072397,cleveland_dose2,0.0037506580101772657,0.023856857523112812,cleveland,2,36,3
rf_importance,logistic,4,0.8937532900508861,0.87081066853834,0.07073078505636518,0.11224444807895403,cleveland_dose2,0.022942621512546113,0.041513663022588854,cleveland,2,36,3
rf_importance,logistic,5,0.8819091068608529,0.8473197052114406,0.08322638031240316,0.13337946559944314,cleveland_dose2,0.034589401649412266,0.050153085287039975,cleveland,2,36,3
rf_importance,logistic,6,0.8864713107562731,0.8461352868924372,0.07867702093939798,0.12925521210258792,cleveland_dose2,0.040336023863835835,0.05057819116318994,cleveland,2,36,3
rf_importance,logistic,7,0.8787506580101772,0.8429987717143359,0.07978294411065119,0.12723458079359287,cleveland_dose2,0.03575188629584125,0.04745163668294168,cleveland,2,36,3
rf_importance,logistic,8,0.86725741358133,0.8525837866292332,0.09215684069107241,0.1320182248101588,cleveland_dose2,0.014673626952096841,0.03986138411908638,cleveland,2,36,3
rf_importance,logistic,9,0.8847604842954905,0.8536146692402176,0.08216592020074043,0.1342364676383982,cleveland_dose2,0.03114581505527292,0.052070547437657766,cleveland,2,36,3
rf_importance,logistic,10,0.8591419547288998,0.8750658010177224,0.09493736139908508,0.11058034677530194,cleveland_dose2,-0.015923846288822596,0.01564298537621686,cleveland,2,36,3
rf_importance,logistic,11,0.8635725565888752,0.8690998420775575,0.09689670628113456,0.1188004202630662,cleveland_dose2,-0.00552728548868231,0.02190371398193164,cleveland,2,36,3
rf_importance,logistic,12,0.8925688717318828,0.8586374802596947,0.0744325287544044,0.10826716197265249,cleveland_dose2,0.033931391472188155,0.03383463321824809,cleveland,2,36,3
rf_importance,logistic,13,0.8791893314616599,0.8700210563256712,0.08460063605571141,0.10915962919087109,cleveland_dose2,0.009168275135988724,0.024558993135159676,cleveland,2,36,3
rf_importance,logistic,14,0.8772153009299877,0.8589006843305842,0.08156801404861161,0.1264497811018539,cleveland_dose2,0.018314616599403477,0.04488176705324229,cleveland,2,36,3
rf_importance,logistic,15,0.8793648008422531,0.8381294964028777,0.08559595520705088,0.14661519623509067,cleveland_dose2,0.0412353044393754,0.061019241028039795,cleveland,2,36,3
rf_importance,logistic,16,0.8746709949113879,0.846902965432532,0.0840599179132472,0.13128231080062408,cleveland_dose2,0.027768029478855927,0.04722239288737688,cleveland,2,36,3
rf_importance,logistic,17,0.8638796280049131,0.8713370766801193,0.09615185658603866,0.10674724251641773,cleveland_dose2,-0.007457448675206146,0.010595385930379078,cleveland,2,36,3
rf_importance,logistic,18,0.8867783821723109,0.8498201438848919,0.0751440938686917,0.1335005436171608,cleveland_dose2,0.036958238287418954,0.0583564497484691,cleveland,2,36,3
rf_importance,logistic,19,0.8744955255307948,0.8599973679592912,0.08887499201742734,0.13628748660463755,cleveland_dose2,0.014498157571503634,0.04741249458721021,cleveland,2,36,3
rf_importance,logistic,20,0.8948499736795928,0.8628048780487805,0.07269699992670028,0.11882797921281202,cleveland_dose2,0.03204509563081237,0.046130979286111734,cleveland,2,36,3
rf_importance,logistic,21,0.8886646780136865,0.8740787857518864,0.0726158333591843,0.11331184017358817,cleveland_dose2,0.014585892261800182,0.04069600681440387,cleveland,2,36,3
rf_importance,logistic,22,0.8698455869450782,0.8575846639761362,0.09002376324400796,0.13199926199587841,cleveland_dose2,0.01226092296894199,0.041975498751870455,cleveland,2,36,3
rf_importance,logistic,23,0.8812072293384805,0.8573872609229689,0.08026809619297096,0.1235706146842814,cleveland_dose2,0.023819968415511594,0.04330251849131045,cleveland,2,36,3
rf_importance,logistic,24,0.8808124232321459,0.8725214949991227,0.0830007105008151,0.11069511843869342,cleveland_dose2,0.008290928233023243,0.02769440793787832,cleveland,2,36,3
rf_importance,logistic,25,0.8841463414634146,0.8671916125636077,0.07623245965156157,0.10893625745076424,cleveland_dose2,0.01695472889980698,0.03270379779920267,cleveland,2,36,3
rf_importance,logistic,26,0.8735304439375329,0.8436348482189858,0.08218901771622111,0.13119307663849683,cleveland_dose2,0.029895595718547052,0.04900405892227572,cleveland,2,36,3
rf_importance,logistic,27,0.8779610457975082,0.8532417968064573,0.082958962783659,0.12606276069441671,cleveland_dose2,0.024719248991050935,0.04310379791075772,cleveland,2,36,3
rf_importance,logistic,28,0.8841902088085629,0.845433409370065,0.08078577384388766,0.14061853882056136,cleveland_dose2,0.03875679943849797,0.0598327649766737,cleveland,2,36,3
rf_importance,logistic,29,0.8904632391647658,0.8667529391121249,0.07472137664209232,0.11491448982309596,cleveland_dose2,0.023710300052640854,0.040193113181003645,cleveland,2,36,3
rf_importance,rf,0,0.893248815581681,0.8289392875943148,0.07877004563145273,0.14221164062379726,cleveland_dose2,0.06430952798736622,0.06344159499234453,cleveland,2,36,3
rf_importance,rf,1,0.9051807334620109,0.8626074749956132,0.06293800372574171,0.12568509040088516,cleveland_dose2,0.0425732584663977,0.06274708667514345,cleveland,2,36,3
rf_importance,rf,2,0.8999166520442182,0.8419678891033515,0.06844712619937081,0.13661682383574333,cleveland_dose2,0.057948762940866705,0.06816969763637253,cleveland,2,36,3
rf_importance,rf,3,0.8966704685032463,0.8004693805930866,0.07189508639670168,0.1677935016510504,cleveland_dose2,0.09620108791015969,0.09589841525434871,cleveland,2,36,3
rf_importance,rf,4,0.9025267590805405,0.8482189857869802,0.06734765185052488,0.12431884598270748,cleveland_dose2,0.05430777329356029,0.0569711941321826,cleveland,2,36,3
rf_importance,rf,5,0.8934462186348483,0.8321854711352868,0.07064533476580799,0.1591166014937174,cleveland_dose2,0.06126074749956145,0.0884712667279094,cleveland,2,36,3
rf_importance,rf,6,0.9094139322688191,0.8146604667485523,0.06685983805119197,0.13618904451515623,cleveland_dose2,0.09475346552026676,0.06932920646396426,cleveland,2,36,3
rf_importance,rf,7,0.8979864888576943,0.7845894016494122,0.0746737982096466,0.17804709529998147,cleveland_dose2,0.11339708720828212,0.10337329709033487,cleveland,2,36,3
rf_importance,rf,8,0.8888182137217054,0.8025750131602036,0.07269452023812326,0.16297335111470126,cleveland_dose2,0.08624320056150181,0.09027883087657801,cleveland,2,36,3
rf_importance,rf,9,0.8843218108440077,0.8388094402526759,0.08302163091061576,0.13869559174750273,cleveland_dose2,0.04551237059133184,0.05567396083688697,cleveland,2,36,3
rf_importance,rf,10,0.9055097385506229,0.8559615722056501,0.0632931138700277,0.12603255230361354,cleveland_dose2,0.04954816634497283,0.06273943843358584,cleveland,2,36,3
rf_importance,rf,11,0.899565713283032,0.8119626250219336,0.0681188703319005,0.1361652281357907,cleveland_dose2,0.08760308826109842,0.0680463578038902,cleveland,2,36,3
rf_importance,rf,12,0.8982277592560098,0.8372740831724865,0.07332231154908186,0.13397014092597667,cleveland_dose2,0.06095367608352331,0.06064782937689481,cleveland,2,36,3
rf_importance,rf,13,0.8983374276188805,0.8503465520266714,0.07819692290983246,0.13390088070383274,cleveland_dose2,0.04799087559220905,0.05570395779400028,cleveland,2,36,3
rf_importance,rf,14,0.9027022284611336,0.8253202316195825,0.06726101203310944,0.1445451427978768,cleveland_dose2,0.07738199684155112,0.07728413076476737,cleveland,2,36,3
rf_importance,rf,15,0.8958808562905773,0.8294437620635201,0.07087206332591967,0.14403182643719808,cleveland_dose2,0.06643709422705724,0.07315976311127842,cleveland,2,36,3
rf_importance,rf,16,0.8972846113353219,0.8380636953851552,0.0722834765296948,0.14832049253830745,cleveland_dose2,0.05922091595016665,0.07603701600861265,cleveland,2,36,3
rf_importance,rf,17,0.8786629233198807,0.82817160905422,0.08288152399769436,0.1696408542161446,cleveland_dose2,0.05049131426566067,0.08675933021845025,cleveland,2,36,3
rf_importance,rf,18,0.905838743639235,0.8582646078259342,0.05838256068348505,0.12486568428879107,cleveland_dose2,0.04757413581330083,0.066483123605306,cleveland,2,36,3
rf_importance,rf,19,0.8957273205825583,0.8489208633093526,0.06959196677660082,0.12954274405528773,cleveland_dose2,0.04680645727320576,0.05995077727868692,cleveland,2,36,3
rf_importance,rf,20,0.891954728899807,0.8392481137041585,0.07631859425846772,0.14054028304420035,cleveland_dose2,0.052706615195648454,0.06422168878573263,cleveland,2,36,3
rf_importance,rf,21,0.8892788208457625,0.8301675732584665,0.07961233756601885,0.13889524961134037,cleveland_dose2,0.05911124758729602,0.05928291204532152,cleveland,2,36,3
rf_importance,rf,22,0.8964072644323565,0.8402131952974208,0.07076122439277933,0.13592495489518897,cleveland_dose2,0.05619406913493574,0.06516373050240963,cleveland,2,36,3
rf_importance,rf,23,0.9059922793472539,0.8247938234778032,0.0709830354438564,0.1558255739962642,cleveland_dose2,0.08119845586945074,0.08484253855240781,cleveland,2,36,3
rf_importance,rf,24,0.904873662045973,0.8312203895420249,0.06373814041860312,0.1483288384650602,cleveland_dose2,0.07365327250394804,0.08459069804645708,cleveland,2,36,3
rf_importance,rf,25,0.8997631163361993,0.8493595367608352,0.06645020202544526,0.1335687856817674,cleveland_dose2,0.05040357957536412,0.06711858365632213,cleveland,2,36,3
rf_importance,rf,26,0.8957273205825583,0.819946481838919,0.0754064251494411,0.15733063291932775,cleveland_dose2,0.07578083874363928,0.08192420776988665,cleveland,2,36,3
rf_importance,rf,27,0.8986225653623442,0.8395990524653448,0.06720222092417978,0.12594444285305922,cleveland_dose2,0.059023512896999364,0.05874222192887944,cleveland,2,36,3
rf_importance,rf,28,0.9025267590805405,0.8083435690472013,0.0636468753947136,0.16417314998169302,cleveland_dose2,0.09418319003333919,0.10052627458697942,cleveland,2,36,3
rf_importance,rf,29,0.898578698017196,0.8216792419722758,0.07302725454129214,0.1464189668068462,cleveland_dose2,0.07689945604492021,0.07339171226555408,cleveland,2,36,3
l1_logistic,logistic,0,0.8758115458852429,0.8659194595543077,0.08943786778372637,0.11236050310439999,cleveland_dose2,0.00989208633093519,0.022922635320673623,cleveland,2,36,3
l1_logistic,logistic,1,0.8768204948236533,0.8497982102123179,0.0850176964849014,0.1306249700294828,cleveland_dose2,0.02702228461133538,0.04560727354458141,cleveland,2,36,3
l1_logistic,logistic,2,0.8923056676609932,0.8690121073872608,0.07158415454306752,0.109190446883635,cleveland_dose2,0.023293560273732417,0.037606292340567476,cleveland,2,36,3
l1_logistic,logistic,3,0.8788383927004738,0.8549306895946658,0.0843621583700756,0.13385569230875888,cleveland_dose2,0.02390770310580803,0.049493533938683276,cleveland,2,36,3
l1_logistic,logistic,4,0.8822161782768907,0.8626952096859098,0.08436789907458969,0.12107957784897545,cleveland_dose2,0.019520968590980847,0.03671167877438576,cleveland,2,36,3
l1_logistic,logistic,5,0.8823477803123356,0.8693630461484471,0.0800634634209701,0.11967671243355767,cleveland_dose2,0.012984734163888567,0.03961324901258757,cleveland,2,36,3
l1_logistic,logistic,6,0.8889278820845763,0.8571240568520793,0.07545490617670249,0.1279317635536361,cleveland_dose2,0.03180382523249703,0.052476857376933625,cleveland,2,36,3
l1_logistic,logistic,7,0.8812072293384804,0.8636602912791719,0.08283261513603538,0.11809741837224644,cleveland_dose2,0.017546938059308514,0.03526480323621106,cleveland,2,36,3
l1_logistic,logistic,8,0.8792331988068083,0.8717318827864537,0.08975585840658942,0.1033810695705315,cleveland_dose2,0.0075013160203545315,0.01362521116394208,cleveland,2,36,3
l1_logistic,logistic,9,0.8893226881909106,0.8520793121600281,0.07411043000870687,0.12811243785947596,cleveland_dose2,0.03724337603088257,0.054002007850769085,cleveland,2,36,3
l1_logistic,logistic,10,0.8962537287243376,0.8523425162309177,0.06792093351322089,0.13126778662753924,cleveland_dose2,0.04391121249341989,0.06334685311431835,cleveland,2,36,3
l1_logistic,logistic,11,0.8843656781891559,0.8670161431830145,0.07898596479121016,0.11276178280146641,cleveland_dose2,0.017349535006141448,0.03377581801025625,cleveland,2,36,3
l1_logistic,logistic,12,0.885155290401825,0.8491182663625197,0.07919041111368041,0.12820972718451593,cleveland_dose2,0.0360370240393052,0.04901931607083551,cleveland,2,36,3
l1_logistic,logistic,13,0.8610721179154237,0.8639673626952096,0.09886208030192867,0.11924474636331978,cleveland_dose2,-0.002895244779785866,0.020382666061391108,cleveland,2,36,3
l1_logistic,logistic,14,0.880505351816108,0.8575846639761362,0.08382544874800135,0.11276548663125946,cleveland_dose2,0.02292068783997181,0.028940037883258107,cleveland,2,36,3
l1_logistic,logistic,15,0.8683979645551851,0.8664678013686612,0.09658775994943244,0.10746926023551187,cleveland_dose2,0.0019301631865239477,0.010881500286079426,cleveland,2,36,3
l1_logistic,logistic,16,0.8730479031409019,0.852890858045271,0.0911929643819871,0.1364139816846139,cleveland_dose2,0.020157045095630877,0.045221017302626815,cleveland,2,36,3
l1_logistic,logistic,17,0.875811545885243,0.8644499034918406,0.08735948142471853,0.11136166979982387,cleveland_dose2,0.011361642393402427,0.024002188375105343,cleveland,2,36,3
l1_logistic,logistic,18,0.8677838217231094,0.8454772767152133,0.09565683240126273,0.12764341729337697,cleveland_dose2,0.022306545007896084,0.03198658489211424,cleveland,2,36,3
l1_logistic,logistic,19,0.870152658361116,0.8627610107036321,0.09574077306161909,0.11097641300281878,cleveland_dose2,0.007391647657483902,0.015235639941199697,cleveland,2,36,3
l1_logistic,logistic,20,0.8860326373047902,0.8701745920336901,0.08059767548852537,0.10437138066540612,cleveland_dose2,0.01585804527110013,0.023773705176880752,cleveland,2,36,3
l1_logistic,logistic,21,0.8731795051763467,0.8661826636251972,0.08766364067771815,0.1202566413945598,cleveland_dose2,0.006996841551149435,0.03259300071684165,cleveland,2,36,3
l1_logistic,logistic,22,0.8618178627829443,0.8699333216353746,0.09809009296105729,0.1182731071632761,cleveland_dose2,-0.008115458852430368,0.02018301420221881,cleveland,2,36,3
l1_logistic,logistic,23,0.8769082295139499,0.8479338480435165,0.08675152915816986,0.13170323700816344,cleveland_dose2,0.028974381470433408,0.04495170784999358,cleveland,2,36,3
l1_logistic,logistic,24,0.8752851377434637,0.8488769959642042,0.08770347146567667,0.13099274388236168,cleveland_dose2,0.026408141779259542,0.04328927241668501,cleveland,2,36,3
l1_logistic,logistic,25,0.8908141779259519,0.8726750307071417,0.07588498504193507,0.10544827021530633,cleveland_dose2,0.01813914721881016,0.029563285173371256,cleveland,2,36,3
l1_logistic,logistic,26,0.894542902263555,0.8573433935778206,0.07122128528425631,0.11501325124884508,cleveland_dose2,0.037199508685734406,0.04379196596458877,cleveland,2,36,3
l1_logistic,logistic,27,0.8758992805755396,0.8438322512721529,0.08484832900025048,0.1336727511783689,cleveland_dose2,0.032067029303386674,0.04882442217811843,cleveland,2,36,3
l1_logistic,logistic,28,0.889542024916652,0.8624100719424461,0.07442530799366245,0.11467480296571196,cleveland_dose2,0.027131952974205897,0.04024949497204951,cleveland,2,36,3
l1_logistic,logistic,29,0.8842779434988594,0.8502149499912265,0.08126637244629464,0.12862253844551433,cleveland_dose2,0.034062993507632866,0.047356165999219685,cleveland,2,36,3
l1_logistic,rf,0,0.9012326723986664,0.8478022460080716,0.06731999059277569,0.11892499273751306,cleveland_dose2,0.05343042639059481,0.05160500214473737,cleveland,2,36,3
l1_logistic,rf,1,0.9102254781540621,0.8354097210036848,0.06040642943561178,0.13605120872481294,cleveland_dose2,0.07481575715037725,0.07564477928920116,cleveland,2,36,3
l1_logistic,rf,2,0.8925030707141604,0.8354097210036848,0.0761413407461212,0.1396688946917676,cleveland_dose2,0.05709334971047553,0.06352755394564641,cleveland,2,36,3
l1_logistic,rf,3,0.888401473942797,0.8352342516230917,0.08000681910004849,0.14185889497152626,cleveland_dose2,0.053167222319705276,0.06185207587147777,cleveland,2,36,3
l1_logistic,rf,4,0.8979864888576943,0.8490305316722231,0.07068805344480185,0.11857254798626138,cleveland_dose2,0.04895595718547119,0.04788449454145953,cleveland,2,36,3
l1_logistic,rf,5,0.9025048254079664,0.8352561852956658,0.06856623857479663,0.13739536857579038,cleveland_dose2,0.06724864011230058,0.06882913000099375,cleveland,2,36,3
l1_logistic,rf,6,0.9023512896999473,0.8324706088787506,0.06417699040763557,0.14953876246677184,cleveland_dose2,0.0698806808211967,0.08536177205913627,cleveland,2,36,3
l1_logistic,rf,7,0.8948061063344446,0.8323609405158799,0.07369574412779367,0.12525217049906653,cleveland_dose2,0.06244516581856463,0.05155642637127286,cleveland,2,36,3
l1_logistic,rf,8,0.8953105808036498,0.8463107562730302,0.07620743789325773,0.12748111908812848,cleveland_dose2,0.04899982453061957,0.051273681194870746,cleveland,2,36,3
l1_logistic,rf,9,0.8936874890331636,0.8114800842253026,0.07465876147792924,0.16390677676717985,cleveland_dose2,0.08220740480786104,0.08924801528925061,cleveland,2,36,3
l1_logistic,rf,10,0.8998289173539218,0.8251447622389892,0.07162584914908293,0.1474370067288831,cleveland_dose2,0.07468415511493254,0.07581115757980017,cleveland,2,36,3
l1_logistic,rf,11,0.9030092998771714,0.8412002105632567,0.06580193625308729,0.12638089670894714,cleveland_dose2,0.06180908931391471,0.06057896045585985,cleveland,2,36,3
l1_logistic,rf,12,0.9055097385506229,0.8469468327776802,0.0685847735312168,0.12584845938108427,cleveland_dose2,0.05856290577294265,0.05726368584986748,cleveland,2,36,3
l1_logistic,rf,13,0.9052684681523074,0.8493814704334093,0.06384730545283394,0.13285239660734505,cleveland_dose2,0.05588699771889816,0.0690050911545111,cleveland,2,36,3
l1_logistic,rf,14,0.9024390243902439,0.8531321284435865,0.06512300659306201,0.12010014869740163,cleveland_dose2,0.04930689594665738,0.05497714210433961,cleveland,2,36,3
l1_logistic,rf,15,0.8912089840322863,0.7985392174065625,0.08097485856852041,0.16007225556386334,cleveland_dose2,0.09266976662572379,0.07909739699534293,cleveland,2,36,3
l1_logistic,rf,16,0.8890814177925952,0.8320538690998421,0.07525939203640054,0.14299349064397915,cleveland_dose2,0.05702754869275306,0.0677340986075786,cleveland,2,36,3
l1_logistic,rf,17,0.901956483593613,0.8480215827338129,0.06528564808797388,0.13098730755318236,cleveland_dose2,0.05393490085980013,0.06570165946520848,cleveland,2,36,3
l1_logistic,rf,18,0.9042814528864713,0.8493376030882611,0.06621780300106136,0.1300176288557143,cleveland_dose2,0.05494384979821021,0.06379982585465294,cleveland,2,36,3
l1_logistic,rf,19,0.8938629584137567,0.8047903140901912,0.0711471798309373,0.16402346856329264,cleveland_dose2,0.08907264432356554,0.09287628873235534,cleveland,2,36,3
l1_logistic,rf,20,0.8867345148271627,0.8388752412703984,0.07700465148618724,0.140722144604171,cleveland_dose2,0.04785927355676434,0.06371749311798378,cleveland,2,36,3
l1_logistic,rf,21,0.8848701526583611,0.8344007720652746,0.08323895305569015,0.13806944890385792,cleveland_dose2,0.05046938059308648,0.054830495848167765,cleveland,2,36,3
l1_logistic,rf,22,0.8968459378838393,0.8415730829970169,0.07379937622035788,0.1254290270861073,cleveland_dose2,0.05527285488682232,0.0516296508657494,cleveland,2,36,3
l1_logistic,rf,23,0.9057729426215125,0.8449947359185823,0.06886021446437372,0.11740924466428505,cleveland_dose2,0.060778206702930215,0.04854903019991133,cleveland,2,36,3
l1_logistic,rf,24,0.8888620810668538,0.8434374451658186,0.07968821888105732,0.13368566232824242,cleveland_dose2,0.04542463590103518,0.0539974434471851,cleveland,2,36,3
l1_logistic,rf,25,0.8982058255834355,0.8483725214949991,0.07412614061620557,0.1211489868594581,cleveland_dose2,0.04983330408843645,0.047022846243252536,cleveland,2,36,3
l1_logistic,rf,26,0.8902658361115985,0.8198368134760485,0.07637430357818303,0.14649602178241922,cleveland_dose2,0.07042902263554995,0.07012171820423618,cleveland,2,36,3
l1_logistic,rf,27,0.8915818564660466,0.8411563432181083,0.07236795647842871,0.14555950980851895,cleveland_dose2,0.050425513247938314,0.07319155333009024,cleveland,2,36,3
l1_logistic,rf,28,0.904413054921916,0.833347955781716,0.06503288344402551,0.13467578448358378,cleveland_dose2,0.07106509914019998,0.06964290103955827,cleveland,2,36,3
l1_logistic,rf,29,0.8942577645200913,0.826723986664327,0.07505728838525316,0.14577591952320335,cleveland_dose2,0.06753377785576431,0.07071863113795018,cleveland,2,36,3
mutual_info,logistic,0,0.8240042112651342,0.8310668538340059,0.1339974903236471,0.15895325413272335,cleveland_dose5,-0.00706264256887168,0.024955763809076242,cleveland,5,72,3
mutual_info,logistic,1,0.8262853132128442,0.8599096332689946,0.13974980170197038,0.13699231548034307,cleveland_dose5,-0.03362432005615046,-0.0027574862216273033,cleveland,5,72,3
mutual_info,logistic,2,0.8398403228636603,0.8669064748201439,0.12190663631101467,0.12125342142683873,cleveland_dose5,-0.027066151956483653,-0.00065321488417594,cleveland,5,72,3
mutual_info,logistic,3,0.840278996315143,0.8411124758729602,0.11891513328177154,0.13470096838695095,cleveland_dose5,-0.0008334795578172072,0.015785835105179405,cleveland,5,72,3
mutual_info,logistic,4,0.831066853834006,0.8492498683979646,0.11910356817516683,0.12443059012634793,cleveland_dose5,-0.018183014563958544,0.0053270219511810935,cleveland,5,72,3
mutual_info,logistic,5,0.8404544656957361,0.8522109141954728,0.11282293740412351,0.1403921928337403,cleveland_dose5,-0.011756448499736671,0.027569255429616787,cleveland,5,72,3
mutual_info,logistic,6,0.8572117915423759,0.8392700473767327,0.09812907446347287,0.1502416307941047,cleveland_dose5,0.017941744165643203,0.052112556330631846,cleveland,5,72,3
mutual_info,logistic,7,0.8364186699420951,0.8198806808211967,0.11949731643386502,0.1661497835337794,cleveland_dose5,0.016537989120898433,0.046652467099914385,cleveland,5,72,3
mutual_info,logistic,8,0.852079312160028,0.8495350061414282,0.10925912547977876,0.12445721166119122,cleveland_dose5,0.0025443060185997846,0.015198086181412468,cleveland,5,72,3
mutual_info,logistic,9,0.8485260572030181,0.866445867696087,0.1056442030720911,0.10251458207372184,cleveland_dose5,-0.0179198104930689,-0.003129620998369262,cleveland,5,72,3
mutual_info,logistic,10,0.8597560975609757,0.8524960519389366,0.10355159616855289,0.1365706004136305,cleveland_dose5,0.00726004562203908,0.033019004245077616,cleveland,5,72,3
mutual_info,logistic,11,0.8601947710124583,0.8663142656606422,0.09787628340322627,0.11005743511676794,cleveland_dose5,-0.006119494648183843,0.012181151713541671,cleveland,5,72,3
mutual_info,logistic,12,0.8503684856992454,0.8515090366731005,0.10190952155800925,0.14125287719580865,cleveland_dose5,-0.0011405509738551256,0.03934335563779939,cleveland,5,72,3
mutual_info,logistic,13,0.8363309352517986,0.8579794700824706,0.1184915115224552,0.12569472363889855,cleveland_dose5,-0.021648534830671973,0.0072032121164433555,cleveland,5,72,3
mutual_info,logistic,14,0.8350587822424987,0.8523205825583435,0.11210181190219241,0.1301218060943427,cleveland_dose5,-0.01726180031584479,0.018019994192150293,cleveland,5,72,3
mutual_info,logistic,15,0.8308475171082645,0.8776101070363223,0.1226797322531347,0.08952809853750668,cleveland_dose5,-0.04676258992805771,-0.033151633715628015,cleveland,5,72,3
mutual_info,logistic,16,0.8133005790489559,0.8174460431654677,0.13771313660210202,0.15634045882343608,cleveland_dose5,-0.004145464116511732,0.018627322221334064,cleveland,5,72,3
mutual_info,logistic,17,0.8433935778206703,0.8664239340235129,0.11148899997090363,0.11194689823044514,cleveland_dose5,-0.02303035620284266,0.00045789825954151153,cleveland,5,72,3
mutual_info,logistic,18,0.8453237410071943,0.856904720126338,0.1213989046024441,0.1354974982578218,cleveland_dose5,-0.011580979119143686,0.014098593655377717,cleveland,5,72,3
mutual_info,logistic,19,0.8436129145464116,0.863682224951746,0.11164799727986247,0.11976046534774704,cleveland_dose5,-0.02006931040533433,0.00811246806788457,cleveland,5,72,3
mutual_info,logistic,20,0.8460256185295666,0.8640770310580804,0.11754694294428103,0.12956777742487063,cleveland_dose5,-0.018051412528513833,0.012020834480589604,cleveland,5,72,3
mutual_info,logistic,21,0.8492279347253905,0.847539041937182,0.10693737192136334,0.1331940452088261,cleveland_dose5,0.0016888927882084959,0.02625667328746277,cleveland,5,72,3
mutual_info,logistic,22,0.8468152307422354,0.8396867871556414,0.11514641971838069,0.14725900040467826,cleveland_dose5,0.007128443586594035,0.032112580686297576,cleveland,5,72,3
mutual_info,logistic,23,0.8329970170205298,0.8461133532198633,0.12514889839676144,0.12990399807850417,cleveland_dose5,-0.0131163361993335,0.0047550996817427305,cleveland,5,72,3
mutual_info,logistic,24,0.8552816283558519,0.8562905772942621,0.10178799538215373,0.12222296542980932,cleveland_dose5,-0.0010089489384101924,0.020434970047655585,cleveland,5,72,3
mutual_info,logistic,25,0.8280838743639236,0.8605676434462186,0.12690845321070113,0.12066853724949941,cleveland_dose5,-0.032483769082295,-0.006239915961201714,cleveland,5,72,3
mutual_info,logistic,26,0.8602825057027548,0.8632874188454115,0.10359156799198804,0.1264124444056578,cleveland_dose5,-0.0030049131426567177,0.022820876413669755,cleveland,5,72,3
mutual_info,logistic,27,0.8530443937532901,0.8642963677838217,0.1083223021470633,0.11254919338777683,cleveland_dose5,-0.011251974030531575,0.004226891240713529,cleveland,5,72,3
mutual_info,logistic,28,0.8360238638357606,0.8298605018424284,0.1216271718167588,0.15340541420065168,cleveland_dose5,0.006163361993332117,0.031778242383892874,cleveland,5,72,3
mutual_info,logistic,29,0.8418143533953325,0.8619055974732409,0.1083444805558899,0.1296246664760327,cleveland_dose5,-0.02009124407790841,0.021280185920142816,cleveland,5,72,3
mutual_info,rf,0,0.8946087032812775,0.8605237761010703,0.07887566336501375,0.10812963649261598,cleveland_dose5,0.03408492718020717,0.029253973127602223,cleveland,5,72,3
mutual_info,rf,1,0.8940384277943498,0.8301017722407441,0.08377607411599108,0.15022625312700494,cleveland_dose5,0.06393665555360573,0.06645017901101385,cleveland,5,72,3
mutual_info,rf,2,0.8739910510615897,0.8326022109141954,0.09821014979413281,0.16130588126291825,cleveland_dose5,0.0413888401473943,0.06309573146878544,cleveland,5,72,3
mutual_info,rf,3,0.8964511317775048,0.8701526583611161,0.08602863058111809,0.10718447260142394,cleveland_dose5,0.02629847341638869,0.02115584202030585,cleveland,5,72,3
mutual_info,rf,4,0.8917573258466398,0.8143095279873662,0.08424802422594474,0.16284600998937265,cleveland_dose5,0.07744779785927358,0.07859798576342791,cleveland,5,72,3
mutual_info,rf,5,0.8925030707141604,0.7980128092647832,0.07695297054615263,0.18073076720672734,cleveland_dose5,0.09449026144937711,0.10377779666057471,cleveland,5,72,3
mutual_info,rf,6,0.8901781014213019,0.8653930514125286,0.08480410624553261,0.10718229187842739,cleveland_dose5,0.02478505000877329,0.022378185632894773,cleveland,5,72,3
mutual_info,rf,7,0.8876995964204247,0.8303430426390594,0.08589132747474203,0.13624777581229566,cleveland_dose5,0.05735655378136528,0.050356448337553636,cleveland,5,72,3
mutual_info,rf,8,0.8907703105808037,0.8117652219687664,0.0891633002671982,0.1604140188174364,cleveland_dose5,0.07900508861203726,0.07125071855023819,cleveland,5,72,3
mutual_info,rf,9,0.8886427443411125,0.8388752412703981,0.08162992100109985,0.12331388368378067,cleveland_dose5,0.049767503070714314,0.04168396268268082,cleveland,5,72,3
mutual_info,rf,10,0.8866906474820143,0.8159984207755746,0.08225602241845244,0.16562387917115762,cleveland_dose5,0.07069222670643971,0.08336785675270518,cleveland,5,72,3
mutual_info,rf,11,0.8907703105808036,0.8127522372346025,0.07832861014676604,0.17076370857068607,cleveland_dose5,0.07801807334620103,0.09243509842392003,cleveland,5,72,3
mutual_info,rf,12,0.8883576065976486,0.8262633795402703,0.07862226882109923,0.15848166914937734,cleveland_dose5,0.062094227057378326,0.07985940032827811,cleveland,5,72,3
mutual_info,rf,13,0.886800315844885,0.807817160905422,0.0883806900349101,0.16209473247629236,cleveland_dose5,0.07898315493946295,0.07371404244138226,cleveland,5,72,3
mutual_info,rf,14,0.896670468503246,0.8251008948938411,0.07768605956886189,0.14806638670021283,cleveland_dose5,0.07156957360940497,0.07038032713135094,cleveland,5,72,3
mutual_info,rf,15,0.88210650991402,0.8426697666257238,0.09014247034698251,0.14346261540563796,cleveland_dose5,0.03943674328829616,0.05332014505865544,cleveland,5,72,3
mutual_info,rf,16,0.8944332339006843,0.8272503948061063,0.07725233060747257,0.13906161523567506,cleveland_dose5,0.067182839094578,0.061809284628202496,cleveland,5,72,3
mutual_info,rf,17,0.8868661168626075,0.8267897876820496,0.08286524351892485,0.1547115705581533,cleveland_dose5,0.06007632918055794,0.07184632703922844,cleveland,5,72,3
mutual_info,rf,18,0.8907922442533778,0.8502588173363748,0.08503359712664924,0.11107063612113457,cleveland_dose5,0.04053342691700301,0.02603703899448534,cleveland,5,72,3
mutual_info,rf,19,0.889542024916652,0.8107782067029303,0.0822425472646394,0.14486497244125607,cleveland_dose5,0.07876381821372169,0.06262242517661666,cleveland,5,72,3
mutual_info,rf,20,0.8727627653974381,0.8250131602035444,0.0958889369019838,0.15987895732010377,cleveland_dose5,0.04774960519389371,0.06399002041811996,cleveland,5,72,3
mutual_info,rf,21,0.8937094227057378,0.8280619406913494,0.07936191422342956,0.1414997318849338,cleveland_dose5,0.06564748201438841,0.06213781766150425,cleveland,5,72,3
mutual_info,rf,22,0.8946525706264257,0.8190033339182312,0.07750620060323647,0.17672586389580253,cleveland_dose5,0.07564923670819446,0.09921966329256605,cleveland,5,72,3
mutual_info,rf,23,0.885484295490437,0.7896780136866117,0.08159585766028282,0.18839856823565368,cleveland_dose5,0.09580628180382522,0.10680271057537086,cleveland,5,72,3
mutual_info,rf,24,0.8787945253553255,0.8555009650815932,0.09355466381844245,0.11631358639746664,cleveland_dose5,0.023293560273732306,0.02275892257902419,cleveland,5,72,3
mutual_info,rf,25,0.8918889278820845,0.8259782417968063,0.08543157621777844,0.1588562332970433,cleveland_dose5,0.06591068608527817,0.07342465707926485,cleveland,5,72,3
mutual_info,rf,26,0.8974381470433409,0.8157132830321108,0.07783694082589501,0.14499431699165755,cleveland_dose5,0.08172486401123014,0.06715737616576253,cleveland,5,72,3
mutual_info,rf,27,0.8814046323916476,0.8091551149324442,0.08936626951793916,0.15367465278614323,cleveland_dose5,0.07224951745920338,0.06430838326820407,cleveland,5,72,3
mutual_info,rf,28,0.8780049131426566,0.8116774872784699,0.09699770270851307,0.17695824345613925,cleveland_dose5,0.06632742586418672,0.07996054074762618,cleveland,5,72,3
mutual_info,rf,29,0.8742981224776276,0.8432400421126512,0.09347327273132801,0.12754215175236777,cleveland_dose5,0.03105808036497637,0.034068879021039764,cleveland,5,72,3
rf_importance,logistic,0,0.8561589752588173,0.8403447973328654,0.10252180151708429,0.13250664595519113,cleveland_dose5,0.015814177925951967,0.02998484443810684,cleveland,5,72,3
rf_importance,logistic,1,0.8174679768380416,0.8516406387085453,0.1363052262620282,0.1247649029094821,cleveland_dose5,-0.03417266187050372,-0.011540323352546109,cleveland,5,72,3
rf_importance,logistic,2,0.8559396385330761,0.8650859799964906,0.09946488622037601,0.11614635983032898,cleveland_dose5,-0.009146341463414531,0.016681473609952965,cleveland,5,72,3
rf_importance,logistic,3,0.8129496402877698,0.844139322688191,0.1483737676225354,0.14279132110213477,cleveland_dose5,-0.031189682400421193,-0.00558244652040063,cleveland,5,72,3
rf_importance,logistic,4,0.8268117213546236,0.860457975083348,0.12917981298490805,0.11456885556669252,cleveland_dose5,-0.03364625372872443,-0.014610957418215526,cleveland,5,72,3
rf_importance,logistic,5,0.8351465169327953,0.8422091595016669,0.12213649467948742,0.13766094443710164,cleveland_dose5,-0.007062642568871569,0.015524449757614217,cleveland,5,72,3
rf_importance,logistic,6,0.8417704860501841,0.8491182663625196,0.11645163590687208,0.12301289657292222,cleveland_dose5,-0.007347780312335517,0.006561260666050145,cleveland,5,72,3
rf_importance,logistic,7,0.8419898227759255,0.8568389191086156,0.12014146862937021,0.10686012485410949,cleveland_dose5,-0.01484909633269016,-0.013281343775260718,cleveland,5,72,3
rf_importance,logistic,8,0.8533953325144761,0.8594270924723635,0.10489435167217727,0.11830757951597062,cleveland_dose5,-0.006031759957887406,0.013413227843793354,cleveland,5,72,3
rf_importance,logistic,9,0.8425162309177047,0.8685076329180558,0.11008167291878396,0.1095565621439731,cleveland_dose5,-0.025991402000351105,-0.0005251107748108635,cleveland,5,72,3
rf_importance,logistic,10,0.8124670994911388,0.8374495525530794,0.13336490763868875,0.15092207623610798,cleveland_dose5,-0.02498245306194058,0.017557168597419237,cleveland,5,72,3
rf_importance,logistic,11,0.8307597824179681,0.8521012458326023,0.1225574425779441,0.1239043810059646,cleveland_dose5,-0.021341463414634165,0.0013469384280205,cleveland,5,72,3
rf_importance,logistic,12,0.8468590980873837,0.8346420424635901,0.11123848750092714,0.1432831900138599,cleveland_dose5,0.012217055623793605,0.032044702512932746,cleveland,5,72,3
rf_importance,logistic,13,0.8373837515353569,0.8516625723811195,0.11831840465723319,0.13331399585133286,cleveland_dose5,-0.014278820845762596,0.01499559119409967,cleveland,5,72,3
rf_importance,logistic,14,0.8497982102123179,0.8646692402175821,0.11376799304208585,0.12315714214053641,cleveland_dose5,-0.01487103000526413,0.009389149098450567,cleveland,5,72,3
rf_importance,logistic,15,0.8404544656957361,0.849008597999649,0.12096665523754896,0.1360971909093571,cleveland_dose5,-0.008554132303912887,0.015130535671808137,cleveland,5,72,3
rf_importance,logistic,16,0.8314616599403405,0.8639892963677839,0.13229777534763626,0.11686219330076605,cleveland_dose5,-0.032527636427443385,-0.015435582046870205,cleveland,5,72,3
rf_importance,logistic,17,0.8440515879978944,0.8623881382698719,0.11168385788608698,0.11763785872542926,cleveland_dose5,-0.01833655027197756,0.005954000839342277,cleveland,5,72,3
rf_importance,logistic,18,0.8481751184418319,0.8580233374276189,0.11000553168038706,0.13434581323580902,cleveland_dose5,-0.009848218985787027,0.024340281555421964,cleveland,5,72,3
rf_importance,logistic,19,0.8394016494121775,0.8532198631338832,0.11244144506309883,0.12793006340447155,cleveland_dose5,-0.013818213721705663,0.015488618341372717,cleveland,5,72,3
rf_importance,logistic,20,0.8372960168450605,0.8576723986664326,0.11756045185441341,0.13910751159128645,cleveland_dose5,-0.020376381821372136,0.021547059736873042,cleveland,5,72,3
rf_importance,logistic,21,0.8445341287945253,0.8494472714511317,0.11429878883975106,0.14488242931464224,cleveland_dose5,-0.004913142656606473,0.030583640474891177,cleveland,5,72,3
rf_importance,logistic,22,0.8258466397613617,0.8532637304790313,0.1373771025017604,0.12350166719812433,cleveland_dose5,-0.027417090717669512,-0.01387543530363608,cleveland,5,72,3
rf_importance,logistic,23,0.8297508334795578,0.8637918933146166,0.13126888994750402,0.11350064674474375,cleveland_dose5,-0.034041059835058785,-0.01776824320276027,cleveland,5,72,3
rf_importance,logistic,24,0.8444025267590805,0.8742761888050535,0.11411227741255958,0.11157906605936291,cleveland_dose5,-0.02987366204597308,-0.002533211353196674,cleveland,5,72,3
rf_importance,logistic,25,0.8637041586243199,0.8729821021231795,0.1010738886425247,0.10828690259458107,cleveland_dose5,-0.009277943498859575,0.0072130139520563685,cleveland,5,72,3
rf_importance,logistic,26,0.8367696087032813,0.8689024390243903,0.11862656402793491,0.10266592218597687,cleveland_dose5,-0.03213283032110903,-0.015960641841958043,cleveland,5,72,3
rf_importance,logistic,27,0.8246622214423582,0.8558080364976312,0.1255218298159731,0.11965583146699667,cleveland_dose5,-0.03114581505527292,-0.005865998348976428,cleveland,5,72,3
rf_importance,logistic,28,0.850149148973504,0.8492060010528163,0.10525707417095792,0.13758457349298586,cleveland_dose5,0.0009431479206877258,0.03232749932202794,cleveland,5,72,3
rf_importance,logistic,29,0.8489647306545007,0.8528250570275487,0.09651881811298699,0.11742296412579234,cleveland_dose5,-0.0038603263730480064,0.020904146012805352,cleveland,5,72,3
rf_importance,rf,0,0.8833128619055974,0.788954202491665,0.0901738944649872,0.18949946914112073,cleveland_dose5,0.0943586594139324,0.09932557467613352,cleveland,5,72,3
rf_importance,rf,1,0.890507106509914,0.7842384628882261,0.08134756246501515,0.1759618733624268,cleveland_dose5,0.10626864362168797,0.09461431089741165,cleveland,5,72,3
rf_importance,rf,2,0.8932707492542551,0.8336330935251798,0.07998279981066747,0.13771075629955576,cleveland_dose5,0.05963765572907531,0.05772795648888829,cleveland,5,72,3
rf_importance,rf,3,0.8832031935427268,0.7936699420951043,0.08836982989422193,0.1706248077243649,cleveland_dose5,0.08953325144762248,0.08225497783014296,cleveland,5,72,3
rf_importance,rf,4,0.881602035444815,0.8321416037901388,0.10097821880755306,0.14679742789275538,cleveland_dose5,0.049460431654676174,0.04581920908520232,cleveland,5,72,3
rf_importance,rf,5,0.8942358308475171,0.7940647482014388,0.08101735210481628,0.18878797425724403,cleveland_dose5,0.10017108264607832,0.10777062215242775,cleveland,5,72,3
rf_importance,rf,6,0.9041059835058783,0.8257589050710651,0.0773601989679143,0.14267989941588802,cleveland_dose5,0.07834707843481326,0.06531970044797372,cleveland,5,72,3
rf_importance,rf,7,0.8835102649587646,0.8214160379013861,0.08732533296726946,0.1518291729749831,cleveland_dose5,0.06209422705737855,0.06450384000771364,cleveland,5,72,3
rf_importance,rf,8,0.8941480961572207,0.8547771538866468,0.08545257583566665,0.12548615310703054,cleveland_dose5,0.039370942270573916,0.04003357727136389,cleveland,5,72,3
rf_importance,rf,9,0.8900903667310054,0.8470345674679769,0.08385422420478314,0.1330283398757519,cleveland_dose5,0.043055799263028494,0.04917411567096877,cleveland,5,72,3
rf_importance,rf,10,0.8731795051763468,0.848021582733813,0.09975637200070157,0.12247400546537751,cleveland_dose5,0.025157922442533787,0.022717633464675938,cleveland,5,72,3
rf_importance,rf,11,0.8813607650464994,0.8329312160028075,0.09359178408778679,0.1323646362836762,cleveland_dose5,0.0484295490436919,0.03877285219588941,cleveland,5,72,3
rf_importance,rf,12,0.8780487804878049,0.8045271100193017,0.08902207622310473,0.17195840259590525,cleveland_dose5,0.07352167046850322,0.08293632637280052,cleveland,5,72,3
rf_importance,rf,13,0.8901342340761538,0.7993946306369538,0.0893975947953179,0.16770046407812234,cleveland_dose5,0.09073960343919996,0.07830286928280443,cleveland,5,72,3
rf_importance,rf,14,0.8915160554483242,0.8115897525881732,0.08197203955706434,0.16179645131469259,cleveland_dose5,0.07992630286015101,0.07982441175762825,cleveland,5,72,3
rf_importance,rf,15,0.886449377083699,0.80748815581681,0.08005533958457724,0.15040017392761,cleveland_dose5,0.07896122126688898,0.07034483434303275,cleveland,5,72,3
rf_importance,rf,16,0.8919327952272328,0.8374934198982278,0.08499971713178912,0.14403176254170497,cleveland_dose5,0.054439375329005,0.05903204540991584,cleveland,5,72,3
rf_importance,rf,17,0.8937532900508861,0.8151210738726091,0.08152086947756204,0.1582457854477358,cleveland_dose5,0.07863221617827698,0.07672491597017375,cleveland,5,72,3
rf_importance,rf,18,0.8961221266888928,0.8563783119845587,0.08208079823026246,0.11921306331277925,cleveland_dose5,0.03974381470433408,0.0371322650825168,cleveland,5,72,3
rf_importance,rf,19,0.8855720301807334,0.8010835234251623,0.08950977688711947,0.17573882339271021,cleveland_dose5,0.08448850675557107,0.08622904650559074,cleveland,5,72,3
rf_importance,rf,20,0.8804834181435339,0.8309133181259869,0.09248027762557043,0.1497569048068812,cleveland_dose5,0.049570100017547025,0.05727662718131077,cleveland,5,72,3
rf_importance,rf,21,0.8895200912440779,0.7831198455869451,0.08925812531037604,0.18498627789939728,cleveland_dose5,0.1064002456571328,0.09572815258902125,cleveland,5,72,3
rf_importance,rf,22,0.8872170556237936,0.8422749605193893,0.08294438386032194,0.13058489612580393,cleveland_dose5,0.04494209510440428,0.047640512265481993,cleveland,5,72,3
rf_importance,rf,23,0.8854404281452887,0.8542068783997192,0.09325749838718751,0.12729052982539002,cleveland_dose5,0.031233549745569467,0.03403303143820251,cleveland,5,72,3
rf_importance,rf,24,0.8866467801368662,0.8090015792244254,0.09378378716060978,0.15644434485634212,cleveland_dose5,0.07764520091244076,0.06266055769573234,cleveland,5,72,3
rf_importance,rf,25,0.8909457799613967,0.7779873662045973,0.08629111188233834,0.20781879459467983,cleveland_dose5,0.11295841375679938,0.12152768271234149,cleveland,5,72,3
rf_importance,rf,26,0.8850456220389542,0.8266143183014565,0.0888245066680932,0.1294344107373836,cleveland_dose5,0.05843130373749772,0.040609904069290395,cleveland,5,72,3
rf_importance,rf,27,0.8776539743814704,0.8215695736094051,0.09173736676226298,0.13855331668072304,cleveland_dose5,0.056084400772065335,0.04681594991846007,cleveland,5,72,3
rf_importance,rf,28,0.8929856115107914,0.8151430075451832,0.0803990740805603,0.1512666270343386,cleveland_dose5,0.07784260396560816,0.0708675529537783,cleveland,5,72,3
rf_importance,rf,29,0.8830277241621337,0.8178627829443762,0.09550050736684959,0.15664210976747253,cleveland_dose5,0.06516494121775751,0.06114160240062294,cleveland,5,72,3
l1_logistic,logistic,0,0.8384804351640639,0.8451044042814531,0.1206123187229857,0.13531885365819424,cleveland_dose5,-0.006623969117389161,0.014706534935208543,cleveland,5,72,3
l1_logistic,logistic,1,0.8410247411826637,0.8680689594665731,0.11131398377389984,0.1138860523401333,cleveland_dose5,-0.02704421828390946,0.0025720685662334597,cleveland,5,72,3
l1_logistic,logistic,2,0.819749078785752,0.8625636076504649,0.13011940567779695,0.11687732110612595,cleveland_dose5,-0.04281452886471293,-0.013242084571671003,cleveland,5,72,3
l1_logistic,logistic,3,0.8439199859624495,0.8516625723811195,0.10919020175053842,0.13254829059032575,cleveland_dose5,-0.007742586418669983,0.023358088839787322,cleveland,5,72,3
l1_logistic,logistic,4,0.850149148973504,0.8653711177399543,0.10838841872517388,0.11788612145662736,cleveland_dose5,-0.015221968766450322,0.009497702731453478,cleveland,5,72,3
l1_logistic,logistic,5,0.8384804351640638,0.8708984032286367,0.1250075535212385,0.11474707395010636,cleveland_dose5,-0.032417968064572866,-0.01026047957113213,cleveland,5,72,3
l1_logistic,logistic,6,0.8437883839270047,0.8610940515879979,0.110922134650603,0.1161567183639698,cleveland_dose5,-0.017305667660993174,0.005234583713366811,cleveland,5,72,3
l1_logistic,logistic,7,0.8521231795051764,0.8641866994209509,0.11008273701985839,0.12313512447424237,cleveland_dose5,-0.01206351991577459,0.013052387454383974,cleveland,5,72,3
l1_logistic,logistic,8,0.8478241796806456,0.8534611335321987,0.10637350362468616,0.12608372827457492,cleveland_dose5,-0.00563695385155305,0.019710224649888766,cleveland,5,72,3
l1_logistic,logistic,9,0.8235216704685032,0.8638138269871907,0.12895592810478573,0.11960300093087178,cleveland_dose5,-0.04029215651868745,-0.00935292717391395,cleveland,5,72,3
l1_logistic,logistic,10,0.8308913844534129,0.8586155465871206,0.12586193988263267,0.11633698872317261,cleveland_dose5,-0.027724162133707653,-0.00952495115946006,cleveland,5,72,3
l1_logistic,logistic,11,0.8518161080891384,0.8568608527811897,0.10417968057414334,0.11222805808213163,cleveland_dose5,-0.005044744692051295,0.008048377507988286,cleveland,5,72,3
l1_logistic,logistic,12,0.8350149148973504,0.8575846639761361,0.11875860277808287,0.12517635485192677,cleveland_dose5,-0.022569749078785728,0.006417752073843902,cleveland,5,72,3
l1_logistic,logistic,13,0.8524741182663624,0.8566634497280224,0.10399599460596994,0.12378260899330848,cleveland_dose5,-0.004189331461660006,0.019786614387338544,cleveland,5,72,3
l1_logistic,logistic,14,0.8394455167573258,0.8601289699947359,0.11661818843680376,0.11192478999923089,cleveland_dose5,-0.020683453237410054,-0.004693398437572868,cleveland,5,72,3
l1_logistic,logistic,15,0.8415511493244429,0.8681128268117214,0.11266405790176195,0.1121218028248609,cleveland_dose5,-0.026561677487278557,-0.0005422550769010603,cleveland,5,72,3
l1_logistic,logistic,16,0.8325583435690471,0.8744077908404984,0.12571881905202578,0.11182517279688639,cleveland_dose5,-0.041849447271451234,-0.013893646255139391,cleveland,5,72,3
l1_logistic,logistic,17,0.8600193016318652,0.845608878750658,0.09919617582246518,0.1239984229155685,cleveland_dose5,0.014410422881207197,0.02480224709310333,cleveland,5,72,3
l1_logistic,logistic,18,0.8430426390594841,0.8638796280049131,0.1112379822135571,0.11438478084308991,cleveland_dose5,-0.02083698894542907,0.003146798629532807,cleveland,5,72,3
l1_logistic,logistic,19,0.8490085979996491,0.8704597297771539,0.10901199917722212,0.11507414047936837,cleveland_dose5,-0.021451131777504795,0.006062141302146246,cleveland,5,72,3
l1_logistic,logistic,20,0.8377785576416915,0.874188454114757,0.11656922396641922,0.11073748536848149,cleveland_dose5,-0.03640989647306547,-0.00583173859793773,cleveland,5,72,3
l1_logistic,logistic,21,0.8022460080715915,0.8647350412353044,0.1474291193929394,0.1178235161329077,cleveland_dose5,-0.062489033163712904,-0.0296056032600317,cleveland,5,72,3
l1_logistic,logistic,22,0.8379978943674329,0.86852956659063,0.1194031532861816,0.11188888675849717,cleveland_dose5,-0.03053167222319708,-0.0075142665276844295,cleveland,5,72,3
l1_logistic,logistic,23,0.8465520266713458,0.8646911738901562,0.10920944279424624,0.10513007389493334,cleveland_dose5,-0.01813914721881038,-0.004079368899312902,cleveland,5,72,3
l1_logistic,logistic,24,0.8462010879101597,0.8527592560098263,0.11355432860247804,0.12774404034031359,cleveland_dose5,-0.006558168099666584,0.01418971173783555,cleveland,5,72,3
l1_logistic,logistic,25,0.8368573433935778,0.8693849798210213,0.11274953466648849,0.11969299135744585,cleveland_dose5,-0.032527636427443496,0.006943456690957361,cleveland,5,72,3
l1_logistic,logistic,26,0.8330847517108263,0.8648008422530269,0.11643603365522348,0.11298858689222362,cleveland_dose5,-0.03171609054220059,-0.0034474467629998645,cleveland,5,72,3
l1_logistic,logistic,27,0.8310229864888576,0.8660729952623267,0.12128199193017766,0.11978881232381704,cleveland_dose5,-0.03505000877346909,-0.0014931796063606256,cleveland,5,72,3
l1_logistic,logistic,28,0.8475171082646079,0.8601947710124584,0.10545842756396098,0.12927213741535973,cleveland_dose5,-0.012677662747850538,0.023813709851398746,cleveland,5,72,3
l1_logistic,logistic,29,0.855939638533076,0.8661826636251975,0.10860822915668288,0.11497280192162368,cleveland_dose5,-0.010243025092121494,0.006364572764940804,cleveland,5,72,3
l1_logistic,rf,0,0.8968240042112652,0.8283251447622391,0.07867770831096879,0.15688753843578832,cleveland_dose5,0.06849885944902612,0.07820983012481952,cleveland,5,72,3
l1_logistic,rf,1,0.895025443060186,0.8313300579048956,0.07862500246720525,0.1445045302906978,cleveland_dose5,0.0636953851552905,0.06587952782349255,cleveland,5,72,3
l1_logistic,rf,2,0.8897394279698192,0.8052728548868223,0.08652812342300215,0.16750614129539576,cleveland_dose5,0.08446657308299688,0.08097801787239362,cleveland,5,72,3
l1_logistic,rf,3,0.8903097034567469,0.8358703281277418,0.07963866247676887,0.13821250154159476,cleveland_dose5,0.05443937532900511,0.05857383906482588,cleveland,5,72,3
l1_logistic,rf,4,0.8868222495174591,0.8104711352868925,0.0793628311381018,0.16585833507602346,cleveland_dose5,0.07635111423056662,0.08649550393792166,cleveland,5,72,3
l1_logistic,rf,5,0.8954860501842429,0.8222056501140551,0.083363067782922,0.14025994606882128,cleveland_dose5,0.07328040007018777,0.056896878285899274,cleveland,5,72,3
l1_logistic,rf,6,0.8946745042989998,0.823324267415336,0.0819561193532744,0.15346988594683664,cleveland_dose5,0.07135023688366371,0.07151376659356223,cleveland,5,72,3
l1_logistic,rf,7,0.8857474995613266,0.8218108440077206,0.08774629634655312,0.1399596674945196,cleveland_dose5,0.06393665555360595,0.05221337114796648,cleveland,5,72,3
l1_logistic,rf,8,0.8916257238111949,0.8323390068433058,0.08031108689407337,0.15088601184201067,cleveland_dose5,0.05928671696788912,0.0705749249479373,cleveland,5,72,3
l1_logistic,rf,9,0.8901342340761537,0.8395332514476223,0.08217087652984283,0.1470464910654134,cleveland_dose5,0.05060098262853141,0.06487561453557057,cleveland,5,72,3
l1_logistic,rf,10,0.8810317599578875,0.841573082997017,0.089135049806363,0.13499033585984171,cleveland_dose5,0.039458676960870465,0.04585528605347872,cleveland,5,72,3
l1_logistic,rf,11,0.8875460607124057,0.7993288296192314,0.09218540079794998,0.17467755948529035,cleveland_dose5,0.08821723109317436,0.08249215868734036,cleveland,5,72,3
l1_logistic,rf,12,0.885155290401825,0.819442007369714,0.08946365402679177,0.15985067507454753,cleveland_dose5,0.06571328303211099,0.07038702104775577,cleveland,5,72,3
l1_logistic,rf,13,0.8893007545183366,0.8068301456395859,0.08021376940989526,0.16725511982054764,cleveland_dose5,0.08247060887875068,0.08704135041065238,cleveland,5,72,3
l1_logistic,rf,14,0.890353570801895,0.8595586945078083,0.0817691307871303,0.11571159554736538,cleveland_dose5,0.030794876294086726,0.033942464760235075,cleveland,5,72,3
l1_logistic,rf,15,0.8897394279698192,0.8395113177750482,0.08284155260393776,0.12933810682297442,cleveland_dose5,0.050228110194771025,0.04649655421903666,cleveland,5,72,3
l1_logistic,rf,16,0.8991928408492719,0.8378882260045621,0.08076558862533621,0.13790841757294608,cleveland_dose5,0.061304614844709726,0.05714282894760987,cleveland,5,72,3
l1_logistic,rf,17,0.8844095455343043,0.8395551851201964,0.08847551452270805,0.12923189376209737,cleveland_dose5,0.04485436041410784,0.04075637923938932,cleveland,5,72,3
l1_logistic,rf,18,0.8818433058431304,0.8224249868397964,0.10066605506077911,0.1523678475317104,cleveland_dose5,0.05941831900333405,0.05170179247093129,cleveland,5,72,3
l1_logistic,rf,19,0.9000263204070889,0.8415511493244429,0.07854592612162942,0.1349696784424852,cleveland_dose5,0.058475171082645994,0.05642375232085578,cleveland,5,72,3
l1_logistic,rf,20,0.8913405860677311,0.8621907352167048,0.08668083706684403,0.09915274675374423,cleveland_dose5,0.029149850851026393,0.012471909686900207,cleveland,5,72,3
l1_logistic,rf,21,0.8902439024390244,0.8553693630461485,0.07972495947594346,0.11308862659328009,cleveland_dose5,0.03487453939287588,0.033363667117336626,cleveland,5,72,3
l1_logistic,rf,22,0.8823916476574838,0.8148359361291453,0.08837156249441852,0.16487093578883943,cleveland_dose5,0.0675557115283385,0.07649937329442091,cleveland,5,72,3
l1_logistic,rf,23,0.8922179329706965,0.8380856290577293,0.08595997598772731,0.1359488119369122,cleveland_dose5,0.054132303912967195,0.04998883594918488,cleveland,5,72,3
l1_logistic,rf,24,0.9054658712054746,0.8491402000350938,0.06906281809916615,0.13333985613826738,cleveland_dose5,0.05632567117038079,0.06427703803910123,cleveland,5,72,3
l1_logistic,rf,25,0.8790796630987893,0.8398841902088086,0.09689765310417459,0.13465310060085475,cleveland_dose5,0.03919547288998071,0.03775544749668017,cleveland,5,72,3
l1_logistic,rf,26,0.8832909282330234,0.8174241094928935,0.08779120275261508,0.15664060759647522,cleveland_dose5,0.0658668187401299,0.06884940484386014,cleveland,5,72,3
l1_logistic,rf,27,0.8966924021758202,0.83527811896824,0.07991098373256662,0.17236869402735625,cleveland_dose5,0.061414283207580245,0.09245771029478962,cleveland,5,72,3
l1_logistic,rf,28,0.8872170556237936,0.8430645727320583,0.08345015041991108,0.13121017439259045,cleveland_dose5,0.044152482891735345,0.047760023972679366,cleveland,5,72,3
l1_logistic,rf,29,0.8849798210212317,0.8411344095455343,0.08597660089137868,0.12436167738938911,cleveland_dose5,0.04384541147569743,0.03838507649801043,cleveland,5,72,3
mutual_info,logistic,0,0.811370415862432,0.873552377610107,0.14269039096256783,0.11008719043258955,cleveland_dose10,-0.062181961747674985,-0.03260320052997828,cleveland,10,132,3
mutual_info,logistic,1,0.8138708545358835,0.8589006843305842,0.14016955062530284,0.11524077275689815,cleveland_dose10,-0.045029829794700715,-0.024928777868404695,cleveland,10,132,3
mutual_info,logistic,2,0.8187839971924898,0.8603702403930513,0.13746215570308723,0.12361250120276362,cleveland_dose10,-0.04158624320056148,-0.013849654500323605,cleveland,10,132,3
mutual_info,logistic,3,0.812818038252325,0.8719073521670467,0.1478322683960146,0.10687467343094166,cleveland_dose10,-0.05908931391472172,-0.04095759496507294,cleveland,10,132,3
mutual_info,logistic,4,0.7988682224951744,0.8664239340235129,0.15384261230904114,0.11647842827357256,cleveland_dose10,-0.0675557115283385,-0.03736418403546858,cleveland,10,132,3
mutual_info,logistic,5,0.8172486401123004,0.8405641340586069,0.14634820644977392,0.14642851080957897,cleveland_dose10,-0.023315493946306498,8.030435980505013e-05,cleveland,10,132,3
mutual_info,logistic,6,0.8240480786102825,0.8352561852956658,0.13140680650607164,0.14240036140896956,cleveland_dose10,-0.011208106685383301,0.010993554902897912,cleveland,10,132,3
mutual_info,logistic,7,0.8271187927706615,0.858856816985436,0.1342962459963789,0.12530759424510468,cleveland_dose10,-0.03173802421477456,-0.008988651751274224,cleveland,10,132,3
mutual_info,logistic,8,0.8209334971047553,0.846091419547289,0.13688270431337196,0.13637349788111058,cleveland_dose10,-0.025157922442533676,-0.0005092064322613776,cleveland,10,132,3
mutual_info,logistic,9,0.8154939463063695,0.8474513072468854,0.1372623739120929,0.13768174201698585,cleveland_dose10,-0.03195736094051593,0.0004193681048929587,cleveland,10,132,3
mutual_info,logistic,10,0.8061502017897876,0.8551061589752589,0.14804229779488096,0.13686780186773367,cleveland_dose10,-0.0489559571854713,-0.011174495927147282,cleveland,10,132,3
mutual_info,logistic,11,0.8162835585190383,0.8454992103877873,0.1387196525943675,0.1159288596452904,cleveland_dose10,-0.02921565186874897,-0.0227907929490771,cleveland,10,132,3
mutual_info,logistic,12,0.810580803649763,0.8225565888752413,0.14427535188466584,0.16264979070021113,cleveland_dose10,-0.011975785225478264,0.01837443881554529,cleveland,10,132,3
mutual_info,logistic,13,0.8264169152482892,0.8543604141077382,0.13552544228006902,0.1311342506257134,cleveland_dose10,-0.027943498859449023,-0.004391191654355614,cleveland,10,132,3
mutual_info,logistic,14,0.8326460782593438,0.8571240568520793,0.12518397028467257,0.13413044597036466,cleveland_dose10,-0.024477978592735483,0.008946475685692096,cleveland,10,132,3
mutual_info,logistic,15,0.8064134058606772,0.8107124056852079,0.14159996299803485,0.1761413858670673,cleveland_dose10,-0.004298999824530636,0.034541422869032445,cleveland,10,132,3
mutual_info,logistic,16,0.7991752939112126,0.8657439901737146,0.1550933458063207,0.11969586930013623,cleveland_dose10,-0.06656869626250206,-0.035397476506184467,cleveland,10,132,3
mutual_info,logistic,17,0.798780487804878,0.8466616950342165,0.155115382624058,0.12078485503473912,cleveland_dose10,-0.04788120722933853,-0.03433052758931887,cleveland,10,132,3
mutual_info,logistic,18,0.792814528864713,0.8399061238813825,0.15906187850020412,0.1340385450151305,cleveland_dose10,-0.047091595016669485,-0.02502333348507363,cleveland,10,132,3
mutual_info,logistic,19,0.808782242498684,0.8459598175118442,0.15117282713331198,0.11892518135205209,cleveland_dose10,-0.03717757501316021,-0.032247645781259895,cleveland,10,132,3
mutual_info,logistic,20,0.8321635374627128,0.8389629759606949,0.1284993480640366,0.1327443526070177,cleveland_dose10,-0.0067994384979821465,0.004245004542981101,cleveland,10,132,3
mutual_info,logistic,21,0.8023776101070363,0.8067424109492893,0.1501501144648478,0.196570298691671,cleveland_dose10,-0.004364800842252992,0.0464201842268232,cleveland,10,132,3
mutual_info,logistic,22,0.8254957010001756,0.860304439375329,0.13093485008402417,0.12843511342324132,cleveland_dose10,-0.034808738375153414,-0.0024997366607828475,cleveland,10,132,3
mutual_info,logistic,23,0.8326899456044919,0.8531321284435867,0.12357761462463808,0.12896154986931901,cleveland_dose10,-0.020442182839094714,0.005383935244680935,cleveland,10,132,3
mutual_info,logistic,24,0.8195736094051587,0.8498859449026146,0.1379905894352073,0.1402229374809678,cleveland_dose10,-0.030312335497455933,0.0022323480457605016,cleveland,10,132,3
mutual_info,logistic,25,0.8260659764871029,0.8477583786629233,0.13437144571175857,0.13786225751762374,cleveland_dose10,-0.021692402175820358,0.0034908118058651627,cleveland,10,132,3
mutual_info,logistic,26,0.8230391296718723,0.8315274609580628,0.13390823860781953,0.15028661035496005,cleveland_dose10,-0.008488331286190531,0.01637837174714052,cleveland,10,132,3
mutual_info,logistic,27,0.8039129671872257,0.8421433584839446,0.1524650596043836,0.13990361692311246,cleveland_dose10,-0.0382303912967189,-0.012561442681271157,cleveland,10,132,3
mutual_info,logistic,28,0.8128619055974733,0.863221617827689,0.13387611230425273,0.11631564221307782,cleveland_dose10,-0.050359712230215736,-0.01756047009117491,cleveland,10,132,3
mutual_info,logistic,29,0.8353219863133883,0.8437883839270047,0.12005385852645421,0.13828362351694776,cleveland_dose10,-0.00846639761361645,0.018229764990493544,cleveland,10,132,3
mutual_info,rf,0,0.8799131426566065,0.8320100017546938,0.09125241809458443,0.13640082870692194,cleveland_dose10,0.04790314090191272,0.045148410612337514,cleveland,10,132,3
mutual_info,rf,1,0.888730479031409,0.8470784348131251,0.08437143940513264,0.1373829955333596,cleveland_dose10,0.041652044218283946,0.053011556128226944,cleveland,10,132,3
mutual_info,rf,2,0.883883137392525,0.8563125109668364,0.0831317901901367,0.11751682261355785,cleveland_dose10,0.027570626425688638,0.034385032423421155,cleveland,10,132,3
mutual_info,rf,3,0.8851333567292508,0.7942182839094579,0.08476697901079526,0.16435157066821382,cleveland_dose10,0.09091507281979283,0.07958459165741856,cleveland,10,132,3
mutual_info,rf,4,0.8787725916827513,0.8624320056150202,0.08722728827764478,0.1126454116746402,cleveland_dose10,0.016340586067731144,0.025418123396995423,cleveland,10,132,3
mutual_info,rf,5,0.8755044744692052,0.8382610984383224,0.09459576226476832,0.13843748448445087,cleveland_dose10,0.03724337603088279,0.04384172221968255,cleveland,10,132,3
mutual_info,rf,6,0.8804395507983858,0.812993507632918,0.08458620066566358,0.1497255503577951,cleveland_dose10,0.06744604316546776,0.06513934969213153,cleveland,10,132,3
mutual_info,rf,7,0.8998069836813476,0.8316590629935077,0.06935731349464197,0.14004912169236525,cleveland_dose10,0.06814792068783992,0.07069180819772328,cleveland,10,132,3
mutual_info,rf,8,0.8869538515529041,0.8593393577820669,0.08295969719479153,0.11977025297042188,cleveland_dose10,0.027614493770837134,0.036810555775630346,cleveland,10,132,3
mutual_info,rf,9,0.8716002807510089,0.823302333742762,0.09988246271816566,0.14113345341199812,cleveland_dose10,0.048297947008246966,0.041250990693832465,cleveland,10,132,3
mutual_info,rf,10,0.8899587646955607,0.8495788734865766,0.08283417911483595,0.12041288942408043,cleveland_dose10,0.04037989120898411,0.03757871030924448,cleveland,10,132,3
mutual_info,rf,11,0.8739033163712931,0.825100894893841,0.09033572887780192,0.1468748701136986,cleveland_dose10,0.048802421477452174,0.05653914123589668,cleveland,10,132,3
mutual_info,rf,12,0.8835760659764871,0.7850500087734691,0.0900588358965416,0.17067662895325117,cleveland_dose10,0.09852605720301799,0.08061779305670957,cleveland,10,132,3
mutual_info,rf,13,0.8614669240217582,0.8082558343569048,0.11337014873461623,0.1641404042883195,cleveland_dose10,0.05321108966485333,0.050770255553703264,cleveland,10,132,3
mutual_info,rf,14,0.8766450254430601,0.8364186699420951,0.09842806444057092,0.14130453495176054,cleveland_dose10,0.04022635550096498,0.04287647051118962,cleveland,10,132,3
mutual_info,rf,15,0.8736401123004036,0.8395332514476224,0.09683534039443155,0.14839555509732694,cleveland_dose10,0.03410686085278125,0.05156021470289539,cleveland,10,132,3
mutual_info,rf,16,0.859843832251272,0.8024653447973329,0.10899035612680037,0.16514166591886834,cleveland_dose10,0.05737848745393914,0.05615130979206796,cleveland,10,132,3
mutual_info,rf,17,0.8852210914195472,0.8394674504299,0.08279455806734362,0.15446241711311012,cleveland_dose10,0.04575364098964718,0.0716678590457665,cleveland,10,132,3
mutual_info,rf,18,0.8896736269520968,0.8311545885243025,0.07972507876147317,0.14335174022571223,cleveland_dose10,0.05851903842779438,0.06362666146423906,cleveland,10,132,3
mutual_info,rf,19,0.887436392349535,0.8269871907352168,0.08112941178052363,0.14815574264192227,cleveland_dose10,0.060449201614318215,0.06702633086139864,cleveland,10,132,3
mutual_info,rf,20,0.8924592033690121,0.8476925776452009,0.08020027371385349,0.11493120147418626,cleveland_dose10,0.04476662572381118,0.034730927760332764,cleveland,10,132,3
mutual_info,rf,21,0.8936216880154413,0.8187620635199159,0.07925684507539009,0.1354651652879072,cleveland_dose10,0.07485962449552541,0.05620832021251711,cleveland,10,132,3
mutual_info,rf,22,0.888401473942797,0.8650859799964906,0.07630045615948158,0.10948644727958318,cleveland_dose10,0.023315493946306387,0.03318599112010159,cleveland,10,132,3
mutual_info,rf,23,0.8778294437620635,0.8117652219687664,0.08618293448132229,0.1780475202811573,cleveland_dose10,0.06606422179329707,0.09186458579983502,cleveland,10,132,3
mutual_info,rf,24,0.8930294788559396,0.8211967011756447,0.07417214968642567,0.14403994327825054,cleveland_dose10,0.07183277768029495,0.06986779359182486,cleveland,10,132,3
mutual_info,rf,25,0.8721486225653624,0.8198368134760485,0.09241627789526394,0.15925822046546606,cleveland_dose10,0.052311809089313877,0.06684194257020212,cleveland,10,132,3
mutual_info,rf,26,0.8817336374802597,0.8528250570275487,0.08502784369637624,0.13082370085933992,cleveland_dose10,0.02890858045271094,0.04579585716296368,cleveland,10,132,3
mutual_info,rf,27,0.8757457448675205,0.7903360238638358,0.09649765348362929,0.18785505234520278,cleveland_dose10,0.08540972100368471,0.09135739886157349,cleveland,10,132,3
mutual_info,rf,28,0.8695165818564661,0.8274697315318477,0.09120923341446673,0.13016745070049995,cleveland_dose10,0.04204685032461841,0.03895821728603323,cleveland,10,132,3
mutual_info,rf,29,0.8848920863309353,0.8298824355150025,0.08134681484500869,0.1389025450704039,cleveland_dose10,0.05500965081593279,0.0575557302253952,cleveland,10,132,3
rf_importance,logistic,0,0.8071591507281979,0.8487673276013337,0.14536638872789065,0.14391334843122588,cleveland_dose10,-0.04160817687313578,-0.0014530402966647649,cleveland,10,132,3
rf_importance,logistic,1,0.7981663449728023,0.8363309352517985,0.15822807658073784,0.15619207425888287,cleveland_dose10,-0.03816459027899621,-0.0020360023218549683,cleveland,10,132,3
rf_importance,logistic,2,0.8154500789612211,0.8407176697666257,0.1419155314968002,0.14703511599449476,cleveland_dose10,-0.025267590805404527,0.005119584497694563,cleveland,10,132,3
rf_importance,logistic,3,0.8281716090542199,0.876930163186524,0.12731997266398415,0.10574247454502238,cleveland_dose10,-0.04875855413230401,-0.02157749811896177,cleveland,10,132,3
rf_importance,logistic,4,0.8259343744516582,0.8381294964028777,0.13960477593435225,0.16371449075403466,cleveland_dose10,-0.012195121951219523,0.02410971481968241,cleveland,10,132,3
rf_importance,logistic,5,0.8054483242674153,0.8666432707492543,0.14580787493053626,0.10419239691582473,cleveland_dose10,-0.061194946481838985,-0.041615478014711535,cleveland,10,132,3
rf_importance,logistic,6,0.8227759256009826,0.8451702052991752,0.12684096982950513,0.12463477709767103,cleveland_dose10,-0.022394279698192632,-0.002206192731834103,cleveland,10,132,3
rf_importance,logistic,7,0.8299263028601509,0.8367915423758554,0.14433678566457628,0.13897331472637106,cleveland_dose10,-0.006865239515704502,-0.005363470938205217,cleveland,10,132,3
rf_importance,logistic,8,0.7950956308124232,0.8351684506053694,0.1602547164867228,0.14356590616626275,cleveland_dose10,-0.04007281979294619,-0.016688810320460046,cleveland,10,132,3
rf_importance,logistic,9,0.8173802421477452,0.8381294964028777,0.14827114987667372,0.1573839942746625,cleveland_dose10,-0.02074925425513252,0.009112844397988762,cleveland,10,132,3
rf_importance,logistic,10,0.8161080891384453,0.8705035971223021,0.1324197617530676,0.10691670351904387,cleveland_dose10,-0.05439550798385673,-0.02550305823402374,cleveland,10,132,3
rf_importance,logistic,11,0.8183891910861554,0.8576504649938586,0.14839367901368306,0.1265921866416761,cleveland_dose10,-0.039261273907703176,-0.02180149237200696,cleveland,10,132,3
rf_importance,logistic,12,0.8034742937357432,0.8790796630987893,0.1517919241332245,0.10664045071088313,cleveland_dose10,-0.07560536936304607,-0.04515147342234138,cleveland,10,132,3
rf_importance,logistic,13,0.7966309878926128,0.8497543428671697,0.15185627055828285,0.1139048154081109,cleveland_dose10,-0.05312335497455689,-0.03795145515017195,cleveland,10,132,3
rf_importance,logistic,14,0.8004474469205123,0.8509606948587471,0.15610486754353975,0.12549978513678578,cleveland_dose10,-0.05051324793823486,-0.03060508240675397,cleveland,10,132,3
rf_importance,logistic,15,0.7938673451482715,0.851925776452009,0.1585993092968299,0.12569112757861822,cleveland_dose10,-0.058058431303737446,-0.032908181718211665,cleveland,10,132,3
rf_importance,logistic,16,0.8261537111773996,0.849293735743113,0.13327502770975994,0.1418401673328588,cleveland_dose10,-0.023140024565713402,0.008565139623098877,cleveland,10,132,3
rf_importance,logistic,17,0.8156694156869626,0.8480654500789613,0.13988711896356343,0.14272622155964937,cleveland_dose10,-0.032396034391998674,0.0028391025960859406,cleveland,10,132,3
rf_importance,logistic,18,0.8359361291454641,0.8576723986664326,0.12216092241750756,0.12050839131405754,cleveland_dose10,-0.02173626952096852,-0.001652531103450025,cleveland,10,132,3
rf_importance,logistic,19,0.8115020178978769,0.8639673626952097,0.14327752629784202,0.11779986056496153,cleveland_dose10,-0.05246534479733278,-0.02547766573288049,cleveland,10,132,3
rf_importance,logistic,20,0.8178189155992279,0.8619933321635375,0.14291740925577934,0.12641554619271655,cleveland_dose10,-0.04417441656430954,-0.016501863063062783,cleveland,10,132,3
rf_importance,logistic,21,0.7966309878926128,0.8583304088436569,0.15387808118511137,0.1181939266282929,cleveland_dose10,-0.06169942095104408,-0.035684154556818476,cleveland,10,132,3
rf_importance,logistic,22,0.83172486401123,0.8726092296894191,0.12977254642608868,0.11080046720665142,cleveland_dose10,-0.040884365678189094,-0.018972079219437263,cleveland,10,132,3
rf_importance,logistic,23,0.8065888752412703,0.8460036848569925,0.14751024167531399,0.13294347866935627,cleveland_dose10,-0.03941480961572219,-0.014566763005957717,cleveland,10,132,3
rf_importance,logistic,24,0.7931654676258993,0.8623662045972978,0.1590175928372351,0.11820759156200122,cleveland_dose10,-0.0692007369713985,-0.040810001275233876,cleveland,10,132,3
rf_importance,logistic,25,0.8163712932093349,0.864998245306194,0.14270530893737068,0.11059785375197359,cleveland_dose10,-0.04862695209685908,-0.032107455185397094,cleveland,10,132,3
rf_importance,logistic,26,0.8420775574662221,0.8814923670819442,0.12890059248725277,0.1039459715404526,cleveland_dose10,-0.03941480961572208,-0.024954620946800177,cleveland,10,132,3
rf_importance,logistic,27,0.8128180382523249,0.854338480435164,0.1391573795480331,0.1286602684781335,cleveland_dose10,-0.04152044218283912,-0.01049711106989959,cleveland,10,132,3
rf_importance,logistic,28,0.8152746095806281,0.8714467450429899,0.1410935240006384,0.11114870709460967,cleveland_dose10,-0.05617213546236177,-0.029944816906028737,cleveland,10,132,3
rf_importance,logistic,29,0.8083435690472012,0.8478022460080716,0.15092450166305443,0.12228640102616778,cleveland_dose10,-0.039458676960870465,-0.028638100636886654,cleveland,10,132,3
rf_importance,rf,0,0.8831154588524303,0.8311326548517283,0.08430696756778697,0.1511769370910644,cleveland_dose10,0.05198280400070199,0.06686996952327742,cleveland,10,132,3
rf_importance,rf,1,0.8829619231444114,0.8466836287067907,0.08549062867765075,0.13107537987278314,cleveland_dose10,0.03627829443762065,0.04558475119513239,cleveland,10,132,3
rf_importance,rf,2,0.8804834181435339,0.7881865239515705,0.0882492302193412,0.1897184168904677,cleveland_dose10,0.09229689419196341,0.1014691866711265,cleveland,10,132,3
rf_importance,rf,3,0.8856378311984557,0.819617476750307,0.08213081804340594,0.1361012252132691,cleveland_dose10,0.06602035444814869,0.05397040716986315,cleveland,10,132,3
rf_importance,rf,4,0.8907264432356554,0.813147043340937,0.08059330385175958,0.1500196806724754,cleveland_dose10,0.0775793998947184,0.06942637682071581,cleveland,10,132,3
rf_importance,rf,5,0.8848262853132128,0.8355193893665556,0.08607650360176282,0.14312602963958931,cleveland_dose10,0.04930689594665727,0.057049526037826495,cleveland,10,132,3
rf_importance,rf,6,0.8816020354448147,0.8505658887524127,0.08612204725429717,0.11678287373569333,cleveland_dose10,0.031036146692402067,0.03066082648139616,cleveland,10,132,3
rf_importance,rf,7,0.8755264081417793,0.8668187401298472,0.089095345827355,0.11903319427950296,cleveland_dose10,0.008707668011932124,0.02993784845214796,cleveland,10,132,3
rf_importance,rf,8,0.8848043516406388,0.8157790840498332,0.08197371045617748,0.13173733973852633,cleveland_dose10,0.06902526759080552,0.049763629282348856,cleveland,10,132,3
rf_importance,rf,9,0.8870196525706264,0.8214599052465344,0.08192772920884979,0.15753180302171624,cleveland_dose10,0.06555974732409198,0.07560407381286645,cleveland,10,132,3
rf_importance,rf,10,0.8801544130549218,0.8006667836462539,0.08818587969771166,0.17371368435420478,cleveland_dose10,0.07948762940866794,0.08552780465649312,cleveland,10,132,3
rf_importance,rf,11,0.8801324793823478,0.8108659413932269,0.08308469672570996,0.16170741408730918,cleveland_dose10,0.06926653798912097,0.07862271736159922,cleveland,10,132,3
rf_importance,rf,12,0.8876557290752763,0.8174460431654677,0.07648780642683352,0.16277243470472388,cleveland_dose10,0.0702096859098087,0.08628462827789037,cleveland,10,132,3
rf_importance,rf,13,0.8826987190735217,0.8084093700649236,0.08181309562370208,0.15816541447674964,cleveland_dose10,0.07428934900859807,0.07635231885304757,cleveland,10,132,3
rf_importance,rf,14,0.8771494999122653,0.761953851552904,0.08839458181526898,0.19741619323443443,cleveland_dose10,0.11519564835936136,0.10902161141916546,cleveland,10,132,3
rf_importance,rf,15,0.8675206176522198,0.7702667134585015,0.10005713379323723,0.19578317182347382,cleveland_dose10,0.09725390419371827,0.09572603803023659,cleveland,10,132,3
rf_importance,rf,16,0.8791454641165117,0.8776978417266187,0.08697668278815515,0.10626617094195837,cleveland_dose10,0.001447622389893044,0.019289488153803214,cleveland,10,132,3
rf_importance,rf,17,0.8671477452184593,0.8326460782593438,0.10138252331908534,0.1467485511631358,cleveland_dose10,0.034501666959115496,0.045366027844050444,cleveland,10,132,3
rf_importance,rf,18,0.891801193191788,0.8184549921038778,0.07440234501016203,0.163347528839538,cleveland_dose10,0.07334620108791012,0.08894518382937595,cleveland,10,132,3
rf_importance,rf,19,0.885813300579049,0.8033207580277242,0.08567794265852749,0.15793158816368075,cleveland_dose10,0.08249254255132477,0.07225364550515326,cleveland,10,132,3
rf_importance,rf,20,0.8943016318652395,0.8101640638708547,0.07785977130161169,0.1674675521418315,cleveland_dose10,0.08413756799438477,0.08960778084021982,cleveland,10,132,3
rf_importance,rf,21,0.8786409896473065,0.8708984032286365,0.08489671415057146,0.11254032379708376,cleveland_dose10,0.007742586418669983,0.0276436096465123,cleveland,10,132,3
rf_importance,rf,22,0.885813300579049,0.8243551500263204,0.08691793292341925,0.14984191359196003,cleveland_dose10,0.06145815055272852,0.06292398066854078,cleveland,10,132,3
rf_importance,rf,23,0.8904193718196175,0.838173363748026,0.07691532219599252,0.14270618749622316,cleveland_dose10,0.05224600807159152,0.06579086530023064,cleveland,10,132,3
rf_importance,rf,24,0.8790138620810668,0.8120503597122303,0.09607568476876253,0.15576087732909627,cleveland_dose10,0.06696350236883652,0.059685192560333736,cleveland,10,132,3
rf_importance,rf,25,0.8847385506229164,0.7797859273556764,0.08147092880882208,0.1898520537078996,cleveland_dose10,0.10495262326723998,0.10838112489907752,cleveland,10,132,3
rf_importance,rf,26,0.8654149850851027,0.8459378838392699,0.0999333919126357,0.1320903628532429,cleveland_dose10,0.019477101245832795,0.03215697094060721,cleveland,10,132,3
rf_importance,rf,27,0.8848262853132128,0.8595148271626601,0.08701399050278504,0.1222716540109313,cleveland_dose10,0.02531145815055269,0.03525766350814627,cleveland,10,132,3
rf_importance,rf,28,0.8822381119494649,0.8136734514827162,0.08748404356351937,0.1655000765418746,cleveland_dose10,0.0685646604667487,0.07801603297835523,cleveland,10,132,3
rf_importance,rf,29,0.8789480610633443,0.8177092472363573,0.09261337192441481,0.14963901303086752,cleveland_dose10,0.06123881382698704,0.05702564110645271,cleveland,10,132,3
l1_logistic,logistic,0,0.8165467625899281,0.8648666432707492,0.14043918772760733,0.11433196505944968,cleveland_dose10,-0.04831988068082116,-0.026107222668157654,cleveland,10,132,3
l1_logistic,logistic,1,0.806194069134936,0.8642305667660993,0.1506257111377774,0.10821634531460408,cleveland_dose10,-0.058036497631163364,-0.04240936582317331,cleveland,10,132,3
l1_logistic,logistic,2,0.8269433233900685,0.8525618529566591,0.13361682144819123,0.12247812344406485,cleveland_dose10,-0.02561852956659061,-0.011138698004126382,cleveland,10,132,3
l1_logistic,logistic,3,0.8060624670994913,0.8705255307948764,0.15149147650989836,0.12365065637555271,cleveland_dose10,-0.06446306369538513,-0.027840820134345648,cleveland,10,132,3
l1_logistic,logistic,4,0.8140463239164766,0.8729601684506053,0.1470307419334167,0.10825416134543894,cleveland_dose10,-0.058913844534128734,-0.038776580587977755,cleveland,10,132,3
l1_logistic,logistic,5,0.7958852430250921,0.8592296894191963,0.15521867318585253,0.12106800548254833,cleveland_dose10,-0.06334444639410419,-0.0341506677033042,cleveland,10,132,3
l1_logistic,logistic,6,0.8126864362168802,0.8787287243376032,0.14720205591760552,0.11189708553163324,cleveland_dose10,-0.06604228812072299,-0.03530497038597227,cleveland,10,132,3
l1_logistic,logistic,7,0.8300579048955957,0.8769301631865238,0.13740379198743014,0.112715141351347,cleveland_dose10,-0.046872258290928115,-0.024688650636083137,cleveland,10,132,3
l1_logistic,logistic,8,0.7965871205474644,0.8699113879628004,0.1624553615520973,0.11478439777511702,cleveland_dose10,-0.07332426741533604,-0.04767096377698028,cleveland,10,132,3
l1_logistic,logistic,9,0.8040007018775224,0.8582207404807862,0.1553495648499576,0.12136662003219667,cleveland_dose10,-0.054220038603263854,-0.03398294481776093,cleveland,10,132,3
l1_logistic,logistic,10,0.8101859975434287,0.8424284962274082,0.14272867535653858,0.13697230885479272,cleveland_dose10,-0.03224249868397955,-0.005756366501745852,cleveland,10,132,3
l1_logistic,logistic,11,0.8110194771012458,0.8483286541498509,0.1472772456189449,0.1414150454588029,cleveland_dose10,-0.03730917704860515,-0.005862200160141995,cleveland,10,132,3
l1_logistic,logistic,12,0.7869363046148447,0.8591419547288999,0.17046559495855515,0.11825152367616579,cleveland_dose10,-0.07220565011405522,-0.05221407128238936,cleveland,10,132,3
l1_logistic,logistic,13,0.8176873135637831,0.8640989647306545,0.14271124732651125,0.11492560045028137,cleveland_dose10,-0.046411651166871404,-0.027785646876229877,cleveland,10,132,3
l1_logistic,logistic,14,0.8282593437445165,0.8702403930514125,0.12491609573020515,0.10310433212714204,cleveland_dose10,-0.04198104930689606,-0.02181176360306311,cleveland,10,132,3
l1_logistic,logistic,15,0.8145288647131076,0.8703281277417091,0.14655899229930752,0.11957304744560579,cleveland_dose10,-0.0557992630286015,-0.026985944853701732,cleveland,10,132,3
l1_logistic,logistic,16,0.7954027022284611,0.8311984558694507,0.1560769805891493,0.15286914153448578,cleveland_dose10,-0.035795753640989636,-0.003207839054663514,cleveland,10,132,3
l1_logistic,logistic,17,0.8429987717143358,0.8413537462712757,0.11644304976373741,0.1355376273750082,cleveland_dose10,0.0016450254430601108,0.0190945776112708,cleveland,10,132,3
l1_logistic,logistic,18,0.7980347429373575,0.8507194244604317,0.15979772505409953,0.12789332173956974,cleveland_dose10,-0.05268468152307415,-0.03190440331452979,cleveland,10,132,3
l1_logistic,logistic,19,0.8209773644499035,0.8708984032286367,0.14504303478441963,0.10754565464905733,cleveland_dose10,-0.04992103877873311,-0.0374973801353623,cleveland,10,132,3
l1_logistic,logistic,20,0.8124670994911387,0.8600193016318652,0.14623409800401682,0.11974131934795328,cleveland_dose10,-0.04755220214072653,-0.026492778656063545,cleveland,10,132,3
l1_logistic,logistic,21,0.8036497631163362,0.8678496227408318,0.14716712763398018,0.11703550604070256,cleveland_dose10,-0.06419985962449559,-0.03013162159327762,cleveland,10,132,3
l1_logistic,logistic,22,0.8141340586067731,0.861576592384629,0.1525131143103815,0.12410710271104702,cleveland_dose10,-0.0474425337778559,-0.02840601159933448,cleveland,10,132,3
l1_logistic,logistic,23,0.8130812423232145,0.863046148447096,0.14549348429976455,0.11840277284025615,cleveland_dose10,-0.04996490612388149,-0.027090711459508407,cleveland,10,132,3
l1_logistic,logistic,24,0.7818476925776452,0.8581768731356378,0.16248018085134242,0.11564705969483019,cleveland_dose10,-0.07632918055799265,-0.046833121156512225,cleveland,10,132,3
l1_logistic,logistic,25,0.8012809264783295,0.8765353570801895,0.14988857120117438,0.10538906318936639,cleveland_dose10,-0.07525443060185999,-0.04449950801180799,cleveland,10,132,3
l1_logistic,logistic,26,0.8261537111773994,0.8703061940691349,0.13392895055076082,0.11682250510650936,cleveland_dose10,-0.044152482891735456,-0.017106445444251453,cleveland,10,132,3
l1_logistic,logistic,27,0.7888226004562204,0.8688585716792421,0.16195152636996743,0.1211516241129737,cleveland_dose10,-0.08003597122302164,-0.04079990225699373,cleveland,10,132,3
l1_logistic,logistic,28,0.8085190384277943,0.8467494297245131,0.14541302513243012,0.1454951039929308,cleveland_dose10,-0.03823039129671879,8.207886050068391e-05,cleveland,10,132,3
l1_logistic,logistic,29,0.8172925074574486,0.8613791893314617,0.14188264933626749,0.11322632513786347,cleveland_dose10,-0.0440866818740131,-0.028656324198404012,cleveland,10,132,3
l1_logistic,rf,0,0.8920643972626776,0.8616862607474995,0.07925796014034345,0.11714045405457937,cleveland_dose10,0.030378136515178067,0.037882493914235926,cleveland,10,132,3
l1_logistic,rf,1,0.8991928408492718,0.818125987015266,0.06919344710395181,0.16546127656076615,cleveland_dose10,0.0810668538340058,0.09626782945681434,cleveland,10,132,3
l1_logistic,rf,2,0.8868222495174592,0.8388094402526759,0.08303696593314536,0.1457505608400143,cleveland_dose10,0.04801280926478335,0.06271359490686895,cleveland,10,132,3
l1_logistic,rf,3,0.8914941217757502,0.832207404807861,0.08015663900456221,0.15845494979125166,cleveland_dose10,0.05928671696788912,0.07829831078668945,cleveland,10,132,3
l1_logistic,rf,4,0.8779391121249341,0.852715388664678,0.0959039500486587,0.13573419839268808,cleveland_dose10,0.025223723460256142,0.03983024834402937,cleveland,10,132,3
l1_logistic,rf,5,0.8844753465520268,0.79682839094578,0.08755662443783353,0.17063164025023347,cleveland_dose10,0.0876469556062468,0.08307501581239994,cleveland,10,132,3
l1_logistic,rf,6,0.8877873311107212,0.8240480786102824,0.07873325190952885,0.14405352709227479,cleveland_dose10,0.06373925250043877,0.06532027518274594,cleveland,10,132,3
l1_logistic,rf,7,0.8734865765923846,0.8376250219336726,0.09075603772637517,0.15612728463260248,cleveland_dose10,0.03586155465871199,0.06537124690622731,cleveland,10,132,3
l1_logistic,rf,8,0.868880505351816,0.8240919459554307,0.09996168670472072,0.13776125803628325,cleveland_dose10,0.044788559396385375,0.03779957133156253,cleveland,10,132,3
l1_logistic,rf,9,0.8701965257062643,0.8387436392349534,0.0981803306764994,0.1457947305495524,cleveland_dose10,0.03145288647131084,0.04761439987305299,cleveland,10,132,3
l1_logistic,rf,10,0.8798034742937357,0.8445999298122477,0.08470373047011893,0.14066110152644085,cleveland_dose10,0.03520354448148799,0.05595737105632191,cleveland,10,132,3
l1_logistic,rf,11,0.8917353921740656,0.8322512721530092,0.07569915672131378,0.14182832124148914,cleveland_dose10,0.05948412002105641,0.06612916452017537,cleveland,10,132,3
l1_logistic,rf,12,0.8876995964204246,0.8306501140550973,0.0846706895238272,0.13068148527093376,cleveland_dose10,0.057049482365327364,0.046010795747106564,cleveland,10,132,3
l1_logistic,rf,13,0.8863835760659764,0.8336111598526057,0.08321823056407118,0.14723062600301492,cleveland_dose10,0.0527724162133707,0.06401239543894374,cleveland,10,132,3
l1_logistic,rf,14,0.8937094227057378,0.8356509914020004,0.07248329228485845,0.13018983632389794,cleveland_dose10,0.058058431303737446,0.05770654403903949,cleveland,10,132,3
l1_logistic,rf,15,0.8883137392525005,0.8568389191086155,0.08224657522046341,0.13428907378320895,cleveland_dose10,0.03147482014388492,0.05204249856274554,cleveland,10,132,3
l1_logistic,rf,16,0.8879408668187401,0.8360457975083347,0.0816113562564114,0.14414947237453823,cleveland_dose10,0.05189506931040533,0.06253811611812683,cleveland,10,132,3
l1_logistic,rf,17,0.8823916476574838,0.8416169503421653,0.08713393814855185,0.12842311326382824,cleveland_dose10,0.040774697315318464,0.0412891751152764,cleveland,10,132,3
l1_logistic,rf,18,0.8862739077031058,0.8293340937006491,0.08325181141723217,0.15587951399723765,cleveland_dose10,0.056939814002456623,0.07262770258000548,cleveland,10,132,3
l1_logistic,rf,19,0.8828083874363923,0.8395113177750483,0.0860882211257036,0.13639795544218053,cleveland_dose10,0.043297069661344056,0.05030973431647692,cleveland,10,132,3
l1_logistic,rf,20,0.8753509387611862,0.8112607474995613,0.08862217338489664,0.15397330448062646,cleveland_dose10,0.06409019126162485,0.06535113109572982,cleveland,10,132,3
l1_logistic,rf,21,0.8766888927882084,0.8196394104228812,0.09017852292099754,0.16144622913407702,cleveland_dose10,0.05704948236532714,0.07126770621307948,cleveland,10,132,3
l1_logistic,rf,22,0.8772372346025619,0.8347517108264608,0.08739518315004927,0.1392907409954846,cleveland_dose10,0.04248552377610104,0.05189555784543534,cleveland,10,132,3
l1_logistic,rf,23,0.8876776627478505,0.8539436743288297,0.08609362935366138,0.11471240755077014,cleveland_dose10,0.033733988419020866,0.028618778197108757,cleveland,10,132,3
l1_logistic,rf,24,0.8843876118617301,0.8525179856115109,0.08183798121553658,0.11704853969136104,cleveland_dose10,0.03186962625021916,0.035210558475824466,cleveland,10,132,3
l1_logistic,rf,25,0.89276627478505,0.8506755571152834,0.08140144222450633,0.12269949617148185,cleveland_dose10,0.042090717669766575,0.04129805394697551,cleveland,10,132,3
l1_logistic,rf,26,0.8893665555360589,0.8277987366204597,0.07898039160628123,0.156963041174893,cleveland_dose10,0.06156781891559926,0.07798264956861176,cleveland,10,132,3
l1_logistic,rf,27,0.8992586418669942,0.8421652921565187,0.07034839675982685,0.14141029818320155,cleveland_dose10,0.05709334971047553,0.07106190142337471,cleveland,10,132,3
l1_logistic,rf,28,0.8875021933672574,0.8418362870679066,0.07510827277725532,0.12600666901383387,cleveland_dose10,0.045665906299350856,0.05089839623657855,cleveland,10,132,3
l1_logistic,rf,29,0.8827864537638181,0.8620152658361117,0.08452963506288753,0.1113542161362881,cleveland_dose10,0.02077118792770649,0.026824581073400564,cleveland,10,132,3
mutual_info,logistic,0,0.8935502133960456,0.8155626687570771,0.09297152786563712,0.16053233349613782,mammographic_dose0,0.07798754463896851,0.06756080563050071,mammographic,0,5,1
mutual_info,logistic,1,0.8921631390993816,0.8063322010277851,0.09492175569510099,0.16694548898469072,mammographic_dose0,0.08583093807159647,0.07202373328958973,mammographic,0,5,1
mutual_info,logistic,2,0.8921544290567024,0.7938136921870917,0.09442669254305885,0.1719191703648455,mammographic_dose0,0.09834073686961065,0.07749247782178664,mammographic,0,5,1
mutual_info,logistic,3,0.8910025259123769,0.8052739308422611,0.09484362652016995,0.16619589427962528,mammographic_dose0,0.08572859507011588,0.07135226775945533,mammographic,0,5,1
mutual_info,logistic,4,0.8923155648462676,0.8007512411810818,0.09645999185852576,0.168114025030098,mammographic_dose0,0.09156432366518585,0.07165403317157225,mammographic,0,5,1
mutual_info,logistic,5,0.89372223673896,0.8034404668582876,0.0923041997585313,0.1640220666057568,mammographic_dose0,0.09028176988067238,0.0717178668472255,mammographic,0,5,1
mutual_info,logistic,6,0.892753244490898,0.8110639317132655,0.09510190855479556,0.1652567843773872,mammographic_dose0,0.08168931277763247,0.07015487582259164,mammographic,0,5,1
mutual_info,logistic,7,0.8917602996254682,0.810517376535145,0.09606683612967265,0.16337624091578626,mammographic_dose0,0.08124292309032322,0.06730940478611361,mammographic,0,5,1
mutual_info,logistic,8,0.8933847225851406,0.8126404494382024,0.09249526352825702,0.16320675902284093,mammographic_dose0,0.08074427314693822,0.07071149549458391,mammographic,0,5,1
mutual_info,logistic,9,0.8936808640362338,0.8079849316261649,0.09576366087174758,0.16502625242804123,mammographic_dose0,0.0856959324100689,0.06926259155629365,mammographic,0,5,1
mutual_info,logistic,10,0.8927575995122377,0.8090453793223586,0.09269825058205688,0.16286516027298414,mammographic_dose0,0.083712220189879,0.07016690969092726,mammographic,0,5,1
mutual_info,logistic,11,0.8931539064541416,0.7923525825276544,0.09188947630347324,0.17485605980294588,mammographic_dose0,0.10080132392648722,0.08296658349947264,mammographic,0,5,1
mutual_info,logistic,12,0.8922589495688528,0.8040828325058793,0.09484134963592254,0.16692939713799368,mammographic_dose0,0.08817611706297346,0.07208804750207114,mammographic,0,5,1
mutual_info,logistic,13,0.891442383067677,0.8156563017158784,0.09613121824992216,0.1608939564974336,mammographic_dose0,0.07578608135179854,0.06476273824751144,mammographic,0,5,1
mutual_info,logistic,14,0.8924244403797579,0.8150139360682869,0.09488015594835422,0.1605014805379596,mammographic_dose0,0.077410504311471,0.06562132458960537,mammographic,0,5,1
mutual_info,logistic,15,0.8902403971779462,0.8061079174287955,0.09631044535618993,0.18350638038155878,mammographic_dose0,0.08413247974915072,0.08719593502536885,mammographic,0,5,1
mutual_info,logistic,16,0.8911440641059142,0.8027305983799321,0.09607821397965027,0.16796992396337135,mammographic_dose0,0.08841346572598208,0.07189170998372107,mammographic,0,5,1
mutual_info,logistic,17,0.8920847487152687,0.8109877188398223,0.09717871204752619,0.16468187025734643,mammographic_dose0,0.08109702987544631,0.06750315820982024,mammographic,0,5,1
mutual_info,logistic,18,0.8921783816740702,0.8036582179252678,0.09357473709119699,0.1646279954552035,mammographic_dose0,0.08852016374880234,0.07105325836400653,mammographic,0,5,1
mutual_info,logistic,19,0.8924919432105217,0.8111031269053218,0.09376676629159438,0.16078246893193177,mammographic_dose0,0.0813888163051999,0.06701570264033739,mammographic,0,5,1
mutual_info,logistic,20,0.8927118717881717,0.8079217838167407,0.09355243324835885,0.16285187826679948,mammographic_dose0,0.08479008797143095,0.06929944501844063,mammographic,0,5,1
mutual_info,logistic,21,0.8925420259559271,0.808019771796882,0.09570527950130935,0.1617558919015877,mammographic_dose0,0.08452225415904513,0.06605061240027836,mammographic,0,5,1
mutual_info,logistic,22,0.8926051737653513,0.8086011671457191,0.09374292728899215,0.15984930065252045,mammographic_dose0,0.08400400661963225,0.0661063733635283,mammographic,0,5,1
mutual_info,logistic,23,0.8914946433237522,0.8059010539151642,0.09846556521494083,0.1655140278164419,mammographic_dose0,0.08559358940858797,0.06704846260150106,mammographic,0,5,1
mutual_info,logistic,24,0.8926944517028134,0.8178621200243881,0.09467001022392876,0.16594002682228196,mammographic_dose0,0.07483233167842529,0.07127001659835319,mammographic,0,5,1
mutual_info,logistic,25,0.8921195888859855,0.8057943558923439,0.09530866257934849,0.1739357874137784,mammographic_dose0,0.08632523299364159,0.07862712483442992,mammographic,0,5,1
mutual_info,logistic,26,0.8925463809772668,0.8151402316871352,0.09371544849617275,0.16042517838128853,mammographic_dose0,0.07740614929013157,0.06670972988511578,mammographic,0,5,1
mutual_info,logistic,27,0.893005835728595,0.8039020991202858,0.09318228683348573,0.16490751171738827,mammographic_dose0,0.08910373660830928,0.07172522488390254,mammographic,0,5,1
mutual_info,logistic,28,0.8914358505356677,0.8048014110269139,0.0955880824406183,0.1786713516617379,mammographic_dose0,0.08663443950875371,0.0830832692211196,mammographic,0,5,1
mutual_info,logistic,29,0.892807682257643,0.8036473303719189,0.09521158338779538,0.16585565753375486,mammographic_dose0,0.08916035188572402,0.07064407414595948,mammographic,0,5,1
mutual_info,rf,0,0.8606240745579654,0.8085162442295967,0.1229730567102247,0.1661074735300579,mammographic_dose0,0.05210783032836874,0.043134416819833196,mammographic,0,5,1
mutual_info,rf,1,0.8636464593676508,0.8129975611880498,0.11419616815017686,0.14892723631934943,mammographic_dose0,0.050648898179601054,0.03473106816917257,mammographic,0,5,1
mutual_info,rf,2,0.8649790958975699,0.8008209215225154,0.11638075167247414,0.17113768959201536,mammographic_dose0,0.06415817437505456,0.054756937919541226,mammographic,0,5,1
mutual_info,rf,3,0.8550605347966205,0.7972955317481056,0.13025927156701553,0.1804188181121157,mammographic_dose0,0.05776500304851484,0.05015954654510016,mammographic,0,5,1
mutual_info,rf,4,0.8605217315564847,0.8004942949220452,0.12028201168281676,0.15624567012290863,mammographic_dose0,0.060027436634439546,0.035963658440091875,mammographic,0,5,1
mutual_info,rf,5,0.8651685393258427,0.8099664663356851,0.11968745251535555,0.1563746085760575,mammographic_dose0,0.05520207299015756,0.036687156060701956,mammographic,0,5,1
mutual_info,rf,6,0.863668234474349,0.8086621374444735,0.10776678315457604,0.1488479699224001,mammographic_dose0,0.05500609702987558,0.04108118676782406,mammographic,0,5,1
mutual_info,rf,7,0.8565717272014634,0.8025172023342914,0.1261353221171792,0.16796112793837614,mammographic_dose0,0.054054524867171994,0.04182580582119694,mammographic,0,5,1
mutual_info,rf,8,0.8588537583834162,0.8116583921261216,0.12198396541540864,0.14921092320298823,mammographic_dose0,0.04719536625729459,0.027226957787579595,mammographic,0,5,1
mutual_info,rf,9,0.8654886333943036,0.8125141538193538,0.12210318443232707,0.1532080951017048,mammographic_dose0,0.05297447957494983,0.031104910669377733,mammographic,0,5,1
mutual_info,rf,10,0.8561188049821444,0.8048710913683478,0.12102882148575199,0.1633958885849865,mammographic_dose0,0.05124771361379665,0.042367067099234504,mammographic,0,5,1
mutual_info,rf,11,0.8569070638446128,0.7980816130999042,0.126766345594566,0.15882101820387987,mammographic_dose0,0.058825450744708574,0.032054672609313856,mammographic,0,5,1
mutual_info,rf,12,0.8623508405191186,0.801554742618239,0.11631875636875451,0.16237636197586328,mammographic_dose0,0.06079609790087959,0.04605760560710877,mammographic,0,5,1
mutual_info,rf,13,0.8616170194233952,0.7999172545945475,0.12087485775447926,0.16276575025001327,mammographic_dose0,0.06169976482884765,0.041890892495534016,mammographic,0,5,1
mutual_info,rf,14,0.8639643759254421,0.8116279069767443,0.11337254378048141,0.15159855153684576,mammographic_dose0,0.05233646894869781,0.03822600775636435,mammographic,0,5,1
mutual_info,rf,15,0.8588254507447086,0.802610835293093,0.12426357249471397,0.14984496570347422,mammographic_dose0,0.05621461545161566,0.025581393208760253,mammographic,0,5,1
mutual_info,rf,16,0.8642387422698371,0.7973216618761432,0.11577976125030483,0.15657455523272606,mammographic_dose0,0.06691708039369393,0.04079479398242124,mammographic,0,5,1
mutual_info,rf,17,0.856706732862991,0.8163639926835641,0.12220615876398028,0.15345592641216738,mammographic_dose0,0.04034274017942696,0.0312497676481871,mammographic,0,5,1
mutual_info,rf,18,0.8649094155561363,0.7988372093023256,0.11144000406400939,0.15479110433584792,mammographic_dose0,0.06607220625381072,0.04335110027183853,mammographic,0,5,1
mutual_info,rf,19,0.8642822924832332,0.7966618761431932,0.11513344374495099,0.16111585823628227,mammographic_dose0,0.06762041634004001,0.04598241449133128,mammographic,0,5,1
mutual_info,rf,20,0.8596071770751678,0.8088690009581049,0.1171193768878393,0.15567509375972863,mammographic_dose0,0.05073817611706288,0.03855571687188933,mammographic,0,5,1
mutual_info,rf,21,0.8605130215138055,0.8123247103910809,0.11981096982310437,0.14973898062946026,mammographic_dose0,0.04818831112272459,0.02992801080635589,mammographic,0,5,1
mutual_info,rf,22,0.8662376970647157,0.8105500391951921,0.11786544585011158,0.16284015558143963,mammographic_dose0,0.055687657869523566,0.044974709731328055,mammographic,0,5,1
mutual_info,rf,23,0.8645762564236565,0.8057355631042591,0.10878035510167196,0.1552802380078785,mammographic_dose0,0.05884069331939745,0.04649988290620653,mammographic,0,5,1
mutual_info,rf,24,0.8600840519118544,0.8028285863600733,0.1229736048795137,0.18187415171217874,mammographic_dose0,0.05725546555178118,0.058900546832665046,mammographic,0,5,1
mutual_info,rf,25,0.8543985715530007,0.8034230467729293,0.12850106831036306,0.16420824280193796,mammographic_dose0,0.05097552478007139,0.0357071744915749,mammographic,0,5,1
mutual_info,rf,26,0.8707952268966118,0.8089234387248498,0.10449007115318074,0.1529267477216384,mammographic_dose0,0.06187178817176198,0.048436676568457654,mammographic,0,5,1
mutual_info,rf,27,0.865538716139709,0.7959890253462243,0.11571719169190656,0.1799367209782256,mammographic_dose0,0.06954969079348472,0.06421952928631905,mammographic,0,5,1
mutual_info,rf,28,0.8552347356502046,0.8033076387074296,0.12681094416217847,0.15777985228100266,mammographic_dose0,0.051927096942774975,0.03096890811882419,mammographic,0,5,1
mutual_info,rf,29,0.8701289086316524,0.8013173939552304,0.11048138597306735,0.16978125971801852,mammographic_dose0,0.06881151467642199,0.05929987374495117,mammographic,0,5,1
rf_importance,logistic,0,0.8923024997822488,0.8062930058357286,0.09516812171142734,0.17041418816677822,mammographic_dose0,0.08600949394652024,0.07524606645535088,mammographic,0,5,1
rf_importance,logistic,1,0.894131608744883,0.7713722672241095,0.0933082161461625,0.19881710652269224,mammographic_dose0,0.1227593415207735,0.10550889037652975,mammographic,0,5,1
rf_importance,logistic,2,0.8933542374357635,0.8073752286386203,0.09367562590880493,0.16539606883349744,mammographic_dose0,0.08597900879714315,0.07172044292469251,mammographic,0,5,1
rf_importance,logistic,3,0.8917907847748454,0.7746298231861335,0.09466746484530442,0.19741095855661075,mammographic_dose0,0.11716096158871192,0.10274349371130634,mammographic,0,5,1
rf_importance,logistic,4,0.8920912812472781,0.7671762041634004,0.09667262254585887,0.20458214112916007,mammographic_dose0,0.12491507708387772,0.1079095185833012,mammographic,0,5,1
rf_importance,logistic,5,0.8940728159567982,0.7914489155996864,0.0920963480016274,0.18920123307830114,mammographic_dose0,0.10262390035711177,0.09710488507667374,mammographic,0,5,1
rf_importance,logistic,6,0.890340562668757,0.7445083180907587,0.09712683793036958,0.20767933839777092,mammographic_dose0,0.14583224457799837,0.11055250046740134,mammographic,0,5,1
rf_importance,logistic,7,0.893073338559359,0.8102277676160614,0.09321034020777977,0.16183726961955794,mammographic_dose0,0.08284557094329759,0.06862692941177817,mammographic,0,5,1
rf_importance,logistic,8,0.8935589234387248,0.7469188224022297,0.09339109642356985,0.20279194698491904,mammographic_dose0,0.14664010103649505,0.10940085056134918,mammographic,0,5,1
rf_importance,logistic,9,0.8924592805504746,0.7616671021688005,0.09355578523140382,0.19352949914934658,mammographic_dose0,0.13079217838167412,0.09997371391794277,mammographic,0,5,1
rf_importance,logistic,10,0.8945409807508057,0.7463570246494208,0.0921033285741672,0.2034606736676134,mammographic_dose0,0.1481839561013849,0.11135734509344619,mammographic,0,5,1
rf_importance,logistic,11,0.892213221844787,0.793369480010452,0.09537197371733412,0.18154987578968007,mammographic_dose0,0.09884374183433497,0.08617790207234595,mammographic,0,5,1
rf_importance,logistic,12,0.8930428534099818,0.7449917254594548,0.09309181139623823,0.20562622573719685,mammographic_dose0,0.148051127950527,0.11253441434095862,mammographic,0,5,1
rf_importance,logistic,13,0.8906998519292744,0.7652730598379932,0.09823046656916379,0.20357751211247144,mammographic_dose0,0.12542679209128116,0.10534704554330765,mammographic,0,5,1
rf_importance,logistic,14,0.8928969601951049,0.7975786081351799,0.09577902953367809,0.17894220579513326,mammographic_dose0,0.095318352059925,0.08316317626145517,mammographic,0,5,1
rf_importance,logistic,15,0.8920324884591935,0.7460456406236391,0.0946868468232101,0.2038560578269479,mammographic_dose0,0.14598684783555438,0.1091692110037378,mammographic,0,5,1
rf_importance,logistic,16,0.8935959411201113,0.7883372528525391,0.0931054759067862,0.18108072960875685,mammographic_dose0,0.10525868826757223,0.08797525370197065,mammographic,0,5,1
rf_importance,logistic,17,0.8905234735650205,0.7808749237871265,0.0949134315693407,0.19924275546905112,mammographic_dose0,0.10964854977789396,0.10432932389971042,mammographic,0,5,1
rf_importance,logistic,18,0.8893258426966292,0.7643410852713178,0.09934309267718203,0.20947896876042904,mammographic_dose0,0.12498475742531134,0.11013587608324701,mammographic,0,5,1
rf_importance,logistic,19,0.8942361292570334,0.7453858548906889,0.09466382389586686,0.20550604000923733,mammographic_dose0,0.14885027436634457,0.11084221611337047,mammographic,0,5,1
rf_importance,logistic,20,0.893325929797056,0.782279418169149,0.09383686459587101,0.18526627935380008,mammographic_dose0,0.11104651162790702,0.09142941475792907,mammographic,0,5,1
rf_importance,logistic,21,0.8900008710042678,0.7783990941555614,0.09488698884292202,0.18362363007584495,mammographic_dose0,0.11160177684870642,0.08873664123292294,mammographic,0,5,1
rf_importance,logistic,22,0.8925681560839648,0.762731904886334,0.09690158229383575,0.20030272782210462,mammographic_dose0,0.12983625119763076,0.10340114552826887,mammographic,0,5,1
rf_importance,logistic,23,0.8916383590279592,0.7956602212350841,0.09626268433951639,0.18548294553829212,mammographic_dose0,0.09597813779287512,0.08922026119877573,mammographic,0,5,1
rf_importance,logistic,24,0.8915817437505443,0.787753679993032,0.09644834613522228,0.18476280468966716,mammographic_dose0,0.1038280637575123,0.08831445855444488,mammographic,0,5,1
rf_importance,logistic,25,0.8929644630258687,0.7651010364950788,0.0970657191432319,0.19484320324366267,mammographic_dose0,0.12786342653078997,0.09777748410043077,mammographic,0,5,1
rf_importance,logistic,26,0.8909916383590282,0.7594177336468949,0.09578327824362502,0.2053589048744909,mammographic_dose0,0.13157390471213326,0.10957562663086588,mammographic,0,5,1
rf_importance,logistic,27,0.8934043201811689,0.7676029962546815,0.09369260224728815,0.19832031243407164,mammographic_dose0,0.12580132392648735,0.10462771018678349,mammographic,0,5,1
rf_importance,logistic,28,0.8927009842348228,0.7883416078738785,0.09543966994484715,0.19065314990861842,mammographic_dose0,0.10435937636094428,0.09521347996377127,mammographic,0,5,1
rf_importance,logistic,29,0.8912006793833289,0.7509646372267225,0.09366716774297798,0.2061933121189558,mammographic_dose0,0.14023604215660646,0.11252614437597783,mammographic,0,5,1
rf_importance,rf,0,0.8533751415381936,0.6901228116017769,0.12317743328835035,0.274506685778869,mammographic_dose0,0.1632523299364167,0.15132925249051865,mammographic,0,5,1
rf_importance,rf,1,0.8599621113143453,0.7598031530354499,0.11724248971593336,0.21031023324579273,mammographic_dose0,0.10015895827889543,0.09306774352985937,mammographic,0,5,1
rf_importance,rf,2,0.865440728159568,0.7101036495078826,0.1156928429971726,0.25014729667463464,mammographic_dose0,0.15533707865168533,0.13445445367746206,mammographic,0,5,1
rf_importance,rf,3,0.8673264523996167,0.7803327236303459,0.10647020879469749,0.18474128108426843,mammographic_dose0,0.0869937287692708,0.07827107228957095,mammographic,0,5,1
rf_importance,rf,4,0.8636682344743488,0.7380672415294836,0.10865445967877624,0.21928505296548684,mammographic_dose0,0.12560099294486526,0.1106305932867106,mammographic,0,5,1
rf_importance,rf,5,0.8655909763957843,0.7812037278982668,0.12064165752747925,0.1906437400098091,mammographic_dose0,0.08438724849751755,0.07000208248232985,mammographic,0,5,1
rf_importance,rf,6,0.8637204947304242,0.7402251546032577,0.1146425269776947,0.23194255498890323,mammographic_dose0,0.12349534012716656,0.11730002801120853,mammographic,0,5,1
rf_importance,rf,7,0.8577062102604303,0.8048035885375839,0.129042464030228,0.16487150302804182,mammographic_dose0,0.05290262172284632,0.03582903899781381,mammographic,0,5,1
rf_importance,rf,8,0.8634047556833029,0.7040196846964552,0.1321225600465245,0.25703458416967084,mammographic_dose0,0.15938507098684773,0.12491202412314634,mammographic,0,5,1
rf_importance,rf,9,0.8650248236216358,0.756478094242662,0.12494671519405343,0.210333382790586,mammographic_dose0,0.1085467293789738,0.08538666759653257,mammographic,0,5,1
rf_importance,rf,10,0.8684609354585837,0.7903862903928229,0.1136824397585382,0.16677596215848597,mammographic_dose0,0.07807464506576078,0.05309352239994777,mammographic,0,5,1
rf_importance,rf,11,0.8543397787649161,0.7957778068112533,0.13279356622554972,0.17451121127031805,mammographic_dose0,0.05856197195366275,0.041717645044768326,mammographic,0,5,1
rf_importance,rf,12,0.8634069331939728,0.8000195975960283,0.11416305605999891,0.1611466082871933,mammographic_dose0,0.06338733559794452,0.046983552227194386,mammographic,0,5,1
rf_importance,rf,13,0.8544987370438115,0.7411157564672067,0.12522811902092096,0.2226868025332876,mammographic_dose0,0.11338298057660479,0.09745868351236664,mammographic,0,5,1
rf_importance,rf,14,0.8642496298231862,0.7727593415207734,0.11300216595985894,0.19196531189324734,mammographic_dose0,0.09149028830241279,0.07896314593338839,mammographic,0,5,1
rf_importance,rf,15,0.8663487501088755,0.7016962808117759,0.10920588260810327,0.2575349780361416,mammographic_dose0,0.16465246929709954,0.14832909542803835,mammographic,0,5,1
rf_importance,rf,16,0.8678425224283599,0.778889034056267,0.11021840643158189,0.1920396852530522,mammographic_dose0,0.08895348837209294,0.08182127882147032,mammographic,0,5,1
rf_importance,rf,17,0.8607481926661441,0.7462176639665534,0.11945282961809127,0.20903385422796866,mammographic_dose0,0.11453052869959068,0.0895810246098774,mammographic,0,5,1
rf_importance,rf,18,0.8568765786952357,0.7277763261039979,0.12130652154237595,0.23165282323826047,mammographic_dose0,0.1291002525912378,0.11034630169588452,mammographic,0,5,1
rf_importance,rf,19,0.8585336643149553,0.7016222454490026,0.12651886386306485,0.2585155444112328,mammographic_dose0,0.1569114188659526,0.13199668054816796,mammographic,0,5,1
rf_importance,rf,20,0.8727419214354151,0.7132109572336904,0.11052779387367409,0.2472466012776666,mammographic_dose0,0.15953096420172463,0.1367188074039925,mammographic,0,5,1
rf_importance,rf,21,0.8583333333333334,0.7671195888859853,0.12013738426185003,0.1989176821841273,mammographic_dose0,0.09121374444734809,0.07878029792227728,mammographic,0,5,1
rf_importance,rf,22,0.858842870830067,0.8059968643846356,0.11712200053942415,0.17002326572655102,mammographic_dose0,0.05284600644543147,0.05290126518712687,mammographic,0,5,1
rf_importance,rf,23,0.849603693058096,0.7126622245449002,0.13762542413834425,0.241520454174608,mammographic_dose0,0.13694146851319577,0.10389503003626374,mammographic,0,5,1
rf_importance,rf,24,0.8672219318874663,0.7542134831460674,0.11297721940855886,0.2046392800573485,mammographic_dose0,0.11300844874139893,0.09166206064878964,mammographic,0,5,1
rf_importance,rf,25,0.8665164184304504,0.7590236042156606,0.11111163911361414,0.20529073537724274,mammographic_dose0,0.10749281421478973,0.0941790962636286,mammographic,0,5,1
rf_importance,rf,26,0.8687832070377146,0.7908501001654908,0.1142690234855842,0.17203716857938312,mammographic_dose0,0.07793310687222377,0.05776814509379892,mammographic,0,5,1
rf_importance,rf,27,0.8634308858113405,0.7690140231687136,0.11816401837585785,0.2074036534586416,mammographic_dose0,0.09441686264262694,0.08923963508278374,mammographic,0,5,1
rf_importance,rf,28,0.8681473739221323,0.7061688877275498,0.11264825111521916,0.25222389012051194,mammographic_dose0,0.16197848619458244,0.1395756390052928,mammographic,0,5,1
rf_importance,rf,29,0.8586643149551433,0.7558771012977963,0.11979360823734342,0.21994373369720654,mammographic_dose0,0.102787213657347,0.10015012545986313,mammographic,0,5,1
l1_logistic,logistic,0,0.8919649856284296,0.7921914467380891,0.09523704399828509,0.17453563259731703,mammographic_dose0,0.09977353889034057,0.07929858859903194,mammographic,0,5,1
l1_logistic,logistic,1,0.891716749412072,0.8067002003309818,0.09550843035567429,0.16648384870056396,mammographic_dose0,0.08501654908109024,0.07097541834488967,mammographic,0,5,1
l1_logistic,logistic,2,0.8929100252591238,0.800198153470952,0.09318855859124305,0.16534850058382694,mammographic_dose0,0.09271187178817175,0.0721599419925839,mammographic,0,5,1
l1_logistic,logistic,3,0.8920477310338821,0.8080480794355893,0.09717684991627669,0.16749024009498087,mammographic_dose0,0.08399965159829281,0.07031339017870418,mammographic,0,5,1
l1_logistic,logistic,4,0.8936177162268095,0.8064715617106524,0.09503360706141206,0.16477844300111613,mammographic_dose0,0.08714615451615715,0.06974483593970407,mammographic,0,5,1
l1_logistic,logistic,5,0.8911375315739046,0.8174984757425312,0.09596853098565794,0.15928321842750492,mammographic_dose0,0.07363905583137342,0.06331468744184698,mammographic,0,5,1
l1_logistic,logistic,6,0.8921522515460325,0.8089539238742269,0.09558646469642093,0.16326973645818463,mammographic_dose0,0.08319832767180557,0.0676832717617637,mammographic,0,5,1
l1_logistic,logistic,7,0.8933477049037539,0.8022232383938681,0.09200878619653324,0.1679804743159635,mammographic_dose0,0.09112446650988582,0.07597168811943025,mammographic,0,5,1
l1_logistic,logistic,8,0.8929971256859159,0.803028917341695,0.0940989226651972,0.167058765705899,mammographic_dose0,0.08996820834422092,0.0729598430407018,mammographic,0,5,1
l1_logistic,logistic,9,0.8935589234387248,0.7965682431843917,0.09207501521416209,0.1649724853265018,mammographic_dose0,0.0969906802543331,0.07289747011233971,mammographic,0,5,1
l1_logistic,logistic,10,0.8935197282466685,0.8057007229335423,0.09402435408635597,0.164667668722826,mammographic_dose0,0.08781900531312614,0.07064331463647004,mammographic,0,5,1
l1_logistic,logistic,11,0.8941555613622506,0.8071879627210174,0.09248981598855108,0.1614730125850662,mammographic_dose0,0.08696759864123316,0.06898319659651511,mammographic,0,5,1
l1_logistic,logistic,12,0.8920520860552218,0.8201180210783033,0.0982782968172167,0.15781959260545464,mammographic_dose0,0.07193406497691845,0.05954129578823794,mammographic,0,5,1
l1_logistic,logistic,13,0.889933368173504,0.7938507098684783,0.10016265594456597,0.17364337318547574,mammographic_dose0,0.09608265830502571,0.07348071724090977,mammographic,0,5,1
l1_logistic,logistic,14,0.8939835380193363,0.8133742705339256,0.09256586383538082,0.16207721001566733,mammographic_dose0,0.08060926748541064,0.06951134618028651,mammographic,0,5,1
l1_logistic,logistic,15,0.8928642975350578,0.8050931974566676,0.09529529610995727,0.16069156876427296,mammographic_dose0,0.08777110007839017,0.06539627265431569,mammographic,0,5,1
l1_logistic,logistic,16,0.89250936329588,0.8091673199198676,0.0981543176226146,0.16695361304161493,mammographic_dose0,0.08334204337601248,0.06879929541900033,mammographic,0,5,1
l1_logistic,logistic,17,0.893005835728595,0.8140340562668756,0.09339027175792144,0.16173002729668978,mammographic_dose0,0.0789717794617194,0.06833975553876834,mammographic,0,5,1
l1_logistic,logistic,18,0.8907085619719535,0.8148702203640799,0.09853978352370332,0.16331478968864105,mammographic_dose0,0.07583834160787362,0.06477500616493773,mammographic,0,5,1
l1_logistic,logistic,19,0.8937657869523561,0.8091259472171414,0.09420153486483177,0.1609537659625503,mammographic_dose0,0.08463983973521472,0.06675223109771852,mammographic,0,5,1
l1_logistic,logistic,20,0.892777197108266,0.8003331591324797,0.09436692289385945,0.16923248117266543,mammographic_dose0,0.09244403797578626,0.07486555827880598,mammographic,0,5,1
l1_logistic,logistic,21,0.8904450831809076,0.8031225503004965,0.09494301698063809,0.16817909350611038,mammographic_dose0,0.08732253288041114,0.07323607652547229,mammographic,0,5,1
l1_logistic,logistic,22,0.8922001567807681,0.8086860900618413,0.09478470602453959,0.16602880859475763,mammographic_dose0,0.0835140667189268,0.07124410257021804,mammographic,0,5,1
l1_logistic,logistic,23,0.8934500479052347,0.8080175942862121,0.0930757643646982,0.1642577006742756,mammographic_dose0,0.08543245361902263,0.07118193630957739,mammographic,0,5,1
l1_logistic,logistic,24,0.8928838951310862,0.8007381761170629,0.09307410554685464,0.1663852553167034,mammographic_dose0,0.09214571901402335,0.07331114976984876,mammographic,0,5,1
l1_logistic,logistic,25,0.8920956362686178,0.8150465987283337,0.09352195284141522,0.15898874325103135,mammographic_dose0,0.07704903754028403,0.06546679040961613,mammographic,0,5,1
l1_logistic,logistic,26,0.8926029962546816,0.7993467467990593,0.09530140567612791,0.16851725999827674,mammographic_dose0,0.09325624945562239,0.07321585432214883,mammographic,0,5,1
l1_logistic,logistic,27,0.8930406758993119,0.800727288563714,0.09336174603865546,0.1694053515057597,mammographic_dose0,0.09231338733559791,0.07604360546710423,mammographic,0,5,1
l1_logistic,logistic,28,0.8915294834944691,0.8043528438289349,0.09616888567996432,0.16728138677456333,mammographic_dose0,0.08717663966553424,0.07111250109459902,mammographic,0,5,1
l1_logistic,logistic,29,0.892565978573295,0.8071161048689139,0.09624987274397405,0.16666067563923836,mammographic_dose0,0.08544987370438106,0.07041080289526432,mammographic,0,5,1
l1_logistic,rf,0,0.8556702377841651,0.8026195453357722,0.11983728754079533,0.1652927251131997,mammographic_dose0,0.05305069244839289,0.045455437572404375,mammographic,0,5,1
l1_logistic,rf,1,0.8616692796794705,0.7998453967424441,0.11966832596683837,0.16665215388810128,mammographic_dose0,0.06182388293702634,0.04698382792126292,mammographic,0,5,1
l1_logistic,rf,2,0.8642931800365823,0.8029331068722236,0.1124251000863958,0.1616804360677378,mammographic_dose0,0.06136007316435865,0.049255335981342005,mammographic,0,5,1
l1_logistic,rf,3,0.8519728246668409,0.7992705339256163,0.1269085439832184,0.15635396836100754,mammographic_dose0,0.05270229074122457,0.02944542437778913,mammographic,0,5,1
l1_logistic,rf,4,0.8623181778590715,0.8063757512411811,0.1188449982405454,0.15573531336767876,mammographic_dose0,0.055942426617890395,0.036890315127133366,mammographic,0,5,1
l1_logistic,rf,5,0.8618086403623378,0.7978834596289522,0.11902604165770483,0.1644936011830456,mammographic_dose0,0.0639251807333856,0.04546755952534076,mammographic,0,5,1
l1_logistic,rf,6,0.8696672763696542,0.8046729378973957,0.11361587106803188,0.15772518356791185,mammographic_dose0,0.06499433847225855,0.04410931249987997,mammographic,0,5,1
l1_logistic,rf,7,0.8615320965072728,0.8012869088058533,0.11378614991196277,0.15931243573990844,mammographic_dose0,0.06024518770141951,0.04552628582794567,mammographic,0,5,1
l1_logistic,rf,8,0.8573556310425919,0.8051955404581483,0.1288773245925076,0.16640726880945866,mammographic_dose0,0.0521600905844436,0.03752994421695105,mammographic,0,5,1
l1_logistic,rf,9,0.8597269401620068,0.7966030833551084,0.12316872546485363,0.16639704386113324,mammographic_dose0,0.06312385680689836,0.04322831839627961,mammographic,0,5,1
l1_logistic,rf,10,0.8671849142060797,0.8020969427750196,0.1055682475587611,0.17168611487579277,mammographic_dose0,0.06508797143106004,0.06611786731703168,mammographic,0,5,1
l1_logistic,rf,11,0.857830328368609,0.8094438637749326,0.12149496921947917,0.16451406875736732,mammographic_dose0,0.04838646459367635,0.043019099537888156,mammographic,0,5,1
l1_logistic,rf,12,0.869318874662486,0.8078608135179862,0.11763828240837193,0.15598828447887403,mammographic_dose0,0.06145806114449981,0.0383500020705021,mammographic,0,5,1
l1_logistic,rf,13,0.8654603257555962,0.7996799059315389,0.1092083366591623,0.15936723551003093,mammographic_dose0,0.06578041982405725,0.05015889885086863,mammographic,0,5,1
l1_logistic,rf,14,0.8558683912551173,0.799109398136051,0.12541716809049408,0.16082166889924823,mammographic_dose0,0.05675899311906629,0.03540450080875415,mammographic,0,5,1
l1_logistic,rf,15,0.8563017158784079,0.7906214615451617,0.1294893811675634,0.1840266351795234,mammographic_dose0,0.0656802543332462,0.054537254011959996,mammographic,0,5,1
l1_logistic,rf,16,0.8614406410591412,0.8025629300583572,0.11936147953697757,0.16270974193171459,mammographic_dose0,0.05887771100078398,0.04334826239473702,mammographic,0,5,1
l1_logistic,rf,17,0.8607394826234648,0.8100252591237699,0.11972987449250073,0.15516446680971296,mammographic_dose0,0.0507142234996949,0.03543459231721223,mammographic,0,5,1
l1_logistic,rf,18,0.8627123072903058,0.8031508579392039,0.12179940032946124,0.15620564637436862,mammographic_dose0,0.05956144935110186,0.034406246044907385,mammographic,0,5,1
l1_logistic,rf,19,0.8614667711871788,0.8056745928055048,0.13263186699670648,0.15642631978379895,mammographic_dose0,0.05579217838167405,0.023794452787092468,mammographic,0,5,1
l1_logistic,rf,20,0.8707538541938854,0.8091564323665186,0.11123770936950134,0.1503672784312019,mammographic_dose0,0.06159742182736683,0.039129569061700564,mammographic,0,5,1
l1_logistic,rf,21,0.8633960456406236,0.8062451006009931,0.12174086972240733,0.16029172742013814,mammographic_dose0,0.057150945039630474,0.03855085769773081,mammographic,0,5,1
l1_logistic,rf,22,0.8674767006358333,0.8014894172981448,0.11353574587721821,0.1627202787529371,mammographic_dose0,0.06598728333768844,0.04918453287571889,mammographic,0,5,1
l1_logistic,rf,23,0.8595135441163662,0.8005247800714222,0.1306547615574497,0.17562461562862353,mammographic_dose0,0.05898876404494391,0.04496985407117382,mammographic,0,5,1
l1_logistic,rf,24,0.8650661963243619,0.805827018552391,0.11370596476496336,0.16250670328679384,mammographic_dose0,0.05923917777197085,0.04880073852183048,mammographic,0,5,1
l1_logistic,rf,25,0.8599751763783643,0.8021818656911419,0.12207327947426815,0.1591840469904265,mammographic_dose0,0.05779331068722238,0.03711076751615834,mammographic,0,5,1
l1_logistic,rf,26,0.8700679383328978,0.8060883198327673,0.11734834997617925,0.15478874205271853,mammographic_dose0,0.06397961850013045,0.03744039207653928,mammographic,0,5,1
l1_logistic,rf,27,0.8644412507621286,0.8002221060883199,0.11963258877282473,0.16498559001270147,mammographic_dose0,0.06421914467380874,0.045353001239876733,mammographic,0,5,1
l1_logistic,rf,28,0.8559293615538717,0.8063126034317568,0.12309545695982863,0.1500924324971475,mammographic_dose0,0.04961675812211486,0.026996975537318862,mammographic,0,5,1
l1_logistic,rf,29,0.8615233864645937,0.804426879191708,0.10917619038144918,0.15823063624336065,mammographic_dose0,0.05709650727288573,0.04905444586191146,mammographic,0,5,1
mutual_info,logistic,0,0.8915033533664316,0.8183128647330373,0.09335852767870167,0.16350001660997374,mammographic_dose1,0.07319048863339428,0.07014148893127206,mammographic,1,10,1
mutual_info,logistic,1,0.8894434282727985,0.8027044682518945,0.09674640476280283,0.16715051567189032,mammographic_dose1,0.08673896002090409,0.07040411090908749,mammographic,1,10,1
mutual_info,logistic,2,0.8906367041198503,0.8103344656388818,0.09427306530320542,0.1608822418561442,mammographic_dose1,0.08030223848096851,0.06660917655293877,mammographic,1,10,1
mutual_info,logistic,3,0.8900095810469473,0.8078172633045902,0.096724596659851,0.1661488864533156,mammographic_dose1,0.08219231774235702,0.0694242897934646,mammographic,1,10,1
mutual_info,logistic,4,0.8927706645762565,0.803050692448393,0.09443359772735498,0.1684904689334905,mammographic_dose1,0.08971997212786353,0.07405687120613554,mammographic,1,10,1
mutual_info,logistic,5,0.8917994948175245,0.794536625729466,0.09413391469290677,0.19109919702665862,mammographic_dose1,0.09726286908805848,0.09696528233375185,mammographic,1,10,1
mutual_info,logistic,6,0.8892039020991204,0.8006793833289781,0.09680980934401658,0.16612598913690935,mammographic_dose1,0.08852451877014222,0.06931617979289277,mammographic,1,10,1
mutual_info,logistic,7,0.8893693929100253,0.8017093458757948,0.10086696116149302,0.1875309369328705,mammographic_dose1,0.08766004703423047,0.0866639757713775,mammographic,1,10,1
mutual_info,logistic,8,0.8921958017594287,0.8168343349882415,0.0940748455220369,0.1623608053563348,mammographic_dose1,0.07536146677118716,0.06828595983429789,mammographic,1,10,1
mutual_info,logistic,9,0.8885680689835379,0.8096790349272712,0.1010369008546658,0.16851790767053193,mammographic_dose1,0.07888903405626668,0.06748100681586613,mammographic,1,10,1
mutual_info,logistic,10,0.889626339169062,0.8041372702726243,0.09755779254873026,0.17813330641690311,mammographic_dose1,0.0854890688964377,0.08057551386817285,mammographic,1,10,1
mutual_info,logistic,11,0.8931234213047643,0.8123486630084488,0.09092359426701443,0.15926866373614174,mammographic_dose1,0.08077475829631553,0.0683450694691273,mammographic,1,10,1
mutual_info,logistic,12,0.8911331765525651,0.8019662921348315,0.09416218138777478,0.18018332596542272,mammographic_dose1,0.08916688441773357,0.08602114457764794,mammographic,1,10,1
mutual_info,logistic,13,0.8896785994251373,0.8081003396916645,0.0947885916411411,0.16064566501891514,mammographic_dose1,0.08157825973347277,0.06585707337777404,mammographic,1,10,1
mutual_info,logistic,14,0.8917820747321662,0.8000740353627732,0.09369016941603217,0.16856675512560293,mammographic_dose1,0.09170803936939298,0.07487658570957076,mammographic,1,10,1
mutual_info,logistic,15,0.8934761780332722,0.8128690880585315,0.0935556293147069,0.16174130824709643,mammographic_dose1,0.08060708997474064,0.06818567893238953,mammographic,1,10,1
mutual_info,logistic,16,0.8887640449438202,0.8064236564759167,0.09915728923674791,0.1662380316555745,mammographic_dose1,0.08234038846790348,0.06708074241882658,mammographic,1,10,1
mutual_info,logistic,17,0.8920346659698631,0.8016766832157478,0.09410622706432653,0.17031747533288072,mammographic_dose1,0.09035798275411533,0.07621124826855419,mammographic,1,10,1
mutual_info,logistic,18,0.8912028568939988,0.8125707690967685,0.09406187462267859,0.16232569640845282,mammographic_dose1,0.0786320877972303,0.06826382178577423,mammographic,1,10,1
mutual_info,logistic,19,0.8935327933106874,0.8091651424091979,0.09297691098819325,0.16243264799757823,mammographic_dose1,0.08436765090148945,0.06945573700938498,mammographic,1,10,1
mutual_info,logistic,20,0.8898658653427401,0.8005509101994601,0.09796653318085514,0.16813850763118948,mammographic_dose1,0.08931495514328003,0.07017197445033434,mammographic,1,10,1
mutual_info,logistic,21,0.8908196150161136,0.8020229074122464,0.09473199079694347,0.16838255210289127,mammographic_dose1,0.08879670760386726,0.0736505613059478,mammographic,1,10,1
mutual_info,logistic,22,0.8879235258252766,0.8009515721627036,0.09804972824126715,0.16870223478719998,mammographic_dose1,0.08697195366257293,0.07065250654593283,mammographic,1,10,1
mutual_info,logistic,23,0.8903579827541155,0.8103627732775893,0.0965104818669585,0.16093685281698664,mammographic_dose1,0.07999520947652616,0.06442637095002814,mammographic,1,10,1
mutual_info,logistic,24,0.8894869784861945,0.7952247191011236,0.09548364482960361,0.1949945163069777,mammographic_dose1,0.09426225938507093,0.09951087147737409,mammographic,1,10,1
mutual_info,logistic,25,0.889626339169062,0.8075799146415817,0.09790153369288829,0.16526182913649679,mammographic_dose1,0.08204642452748023,0.0673602954436085,mammographic,1,10,1
mutual_info,logistic,26,0.8925833986586534,0.8062298580263044,0.09362342597792087,0.16351639614815028,mammographic_dose1,0.08635354063234901,0.06989297017022941,mammographic,1,10,1
mutual_info,logistic,27,0.8921696716313909,0.8100492117411376,0.09475957592349193,0.1670151931536073,mammographic_dose1,0.0821204598902533,0.07225561723011537,mammographic,1,10,1
mutual_info,logistic,28,0.8896394042330807,0.7995013500566155,0.09782820277761736,0.16948677927207043,mammographic_dose1,0.09013805417646525,0.07165857649445306,mammographic,1,10,1
mutual_info,logistic,29,0.8922045118021079,0.8076016897482796,0.09398552019656,0.1673392690519238,mammographic_dose1,0.0846028220538283,0.07335374885536382,mammographic,1,10,1
mutual_info,rf,0,0.8839147286821706,0.8033076387074297,0.10223533277326233,0.157856955089974,mammographic_dose1,0.08060708997474086,0.055621622316711666,mammographic,1,10,1
mutual_info,rf,1,0.886519031443254,0.803889034056267,0.09570338107744328,0.16363761912193814,mammographic_dose1,0.08262999738698695,0.06793423804449486,mammographic,1,10,1
mutual_info,rf,2,0.886961066109224,0.8031769880672416,0.09870537113458497,0.15611500515660387,mammographic_dose1,0.0837840780419824,0.0574096340220189,mammographic,1,10,1
mutual_info,rf,3,0.893447870394565,0.8093763609441686,0.09294112144647236,0.15594407948594552,mammographic_dose1,0.08407150945039632,0.06300295803947316,mammographic,1,10,1
mutual_info,rf,4,0.8865604041459804,0.8103497082135703,0.09618989071146353,0.15191389051198506,mammographic_dose1,0.07621069593241003,0.055723999800521534,mammographic,1,10,1
mutual_info,rf,5,0.888798885114537,0.8011388380803066,0.09395724382368752,0.15406854961023705,mammographic_dose1,0.08766004703423036,0.06011130578654954,mammographic,1,10,1
mutual_info,rf,6,0.8918299799669018,0.8163378625555265,0.09420206667249705,0.1600966605945946,mammographic_dose1,0.07549211741137529,0.06589459392209755,mammographic,1,10,1
mutual_info,rf,7,0.8880868391255118,0.8111880498214441,0.0975289046542202,0.1715862292467566,mammographic_dose1,0.07689878930406768,0.07405732459253639,mammographic,1,10,1
mutual_info,rf,8,0.8881848271056527,0.8056441076561276,0.0963320143575464,0.15743476642177734,mammographic_dose1,0.08254071944952512,0.061102752064230936,mammographic,1,10,1
mutual_info,rf,9,0.8870960717707517,0.7971888337252854,0.09452395194909688,0.18135090876873686,mammographic_dose1,0.0899072380454663,0.08682695681963998,mammographic,1,10,1
mutual_info,rf,10,0.8887749324971692,0.8039129866736346,0.10086275842009665,0.15814534214544954,mammographic_dose1,0.08486194582353457,0.05728258372535289,mammographic,1,10,1
mutual_info,rf,11,0.8920433760125425,0.8010408501001656,0.0941169828760118,0.1660993139201767,mammographic_dose1,0.0910025259123769,0.0719823310441649,mammographic,1,10,1
mutual_info,rf,12,0.8854476961937112,0.8061732427488896,0.10271048950536205,0.169825246195421,mammographic_dose1,0.07927445344482165,0.06711475669005895,mammographic,1,10,1
mutual_info,rf,13,0.8842761954533578,0.823160003484017,0.09850849529686104,0.1585400761433617,mammographic_dose1,0.061116191969340816,0.060031580846500676,mammographic,1,10,1
mutual_info,rf,14,0.891100513892518,0.802380019162094,0.0923723413153696,0.15750681107937586,mammographic_dose1,0.08872049473042398,0.06513446976400626,mammographic,1,10,1
mutual_info,rf,15,0.8885854890688965,0.8071422349969515,0.09942553030148558,0.15581074900047265,mammographic_dose1,0.08144325407194497,0.056385218698987064,mammographic,1,10,1
mutual_info,rf,16,0.88634483058967,0.8039979095897569,0.10282447896541631,0.17227963816547975,mammographic_dose1,0.08234692099991303,0.06945515920006344,mammographic,1,10,1
mutual_info,rf,17,0.888822837731905,0.8186743315042242,0.09492748836381229,0.15707141337789235,mammographic_dose1,0.07014850622768076,0.06214392501408006,mammographic,1,10,1
mutual_info,rf,18,0.8883524954272275,0.7975415904537934,0.10259452507967554,0.1719473999011904,mammographic_dose1,0.09081090497343414,0.06935287482151486,mammographic,1,10,1
mutual_info,rf,19,0.8887248497517637,0.8078760560926749,0.0977092880445612,0.161548190235951,mammographic_dose1,0.08084879365908881,0.0638389021913898,mammographic,1,10,1
mutual_info,rf,20,0.8869567110878843,0.8018116888772755,0.09736197362793275,0.15809308726419682,mammographic_dose1,0.08514502221060882,0.06073111363626407,mammographic,1,10,1
mutual_info,rf,21,0.8902970124553611,0.8087448828499261,0.09899770812198566,0.15172755163521306,mammographic_dose1,0.08155212960543501,0.052729843513227403,mammographic,1,10,1
mutual_info,rf,22,0.885053566762477,0.8118652556397526,0.10318927222525548,0.1610601525480373,mammographic_dose1,0.07318831112272439,0.057870880322781815,mammographic,1,10,1
mutual_info,rf,23,0.8932584269662922,0.8083355108440031,0.08676538046541396,0.1534195790272658,mammographic_dose1,0.08492291612228908,0.06665419856185184,mammographic,1,10,1
mutual_info,rf,24,0.8866758122114797,0.805243445692884,0.09723431391855564,0.16698038432982387,mammographic_dose1,0.08143236651859576,0.06974607041126824,mammographic,1,10,1
mutual_info,rf,25,0.8932039891995471,0.804450831809076,0.09260648883471426,0.1646295504444074,mammographic_dose1,0.08875315739047118,0.07202306160969316,mammographic,1,10,1
mutual_info,rf,26,0.8912877798101213,0.7988502743663445,0.10057787631844481,0.17113283905316934,mammographic_dose1,0.09243750544377682,0.07055496273472453,mammographic,1,10,1
mutual_info,rf,27,0.8889600209041025,0.7953466596986325,0.09634964607386837,0.187876493762068,mammographic_dose1,0.09361336120547004,0.09152684768819963,mammographic,1,10,1
mutual_info,rf,28,0.8894499608048079,0.7959084574514415,0.09842764307302065,0.16618037491147764,mammographic_dose1,0.09354150335336642,0.06775273183845698,mammographic,1,10,1
mutual_info,rf,29,0.8841825624945562,0.8065325320094068,0.10634112291454817,0.15581465116706594,mammographic_dose1,0.0776500304851494,0.04947352825251777,mammographic,1,10,1
rf_importance,logistic,0,0.8918648201376187,0.7985824405539588,0.09143098869935164,0.1692935610655307,mammographic_dose1,0.09328237958365992,0.07786257236617906,mammographic,1,10,1
rf_importance,logistic,1,0.8887640449438203,0.8012041634004007,0.09766892159183879,0.1687111495091912,mammographic_dose1,0.08755988154341965,0.0710422279173524,mammographic,1,10,1
rf_importance,logistic,2,0.8927488894695584,0.8082897831199374,0.0944372171118022,0.1681433634979608,mammographic_dose1,0.08445910634962106,0.0737061463861586,mammographic,1,10,1
rf_importance,logistic,3,0.8889469558400837,0.8141451093110356,0.09655024118844152,0.1609165403285231,mammographic_dose1,0.07480184652904809,0.06436629914008157,mammographic,1,10,1
rf_importance,logistic,4,0.8924353279331069,0.8127406149290132,0.09334969111481405,0.16213918118552223,mammographic_dose1,0.0796947130040937,0.06878949007070818,mammographic,1,10,1
rf_importance,logistic,5,0.8908239700374533,0.8031007751937984,0.0943353890291515,0.16864668485254256,mammographic_dose1,0.08772319484365487,0.07431129582339105,mammographic,1,10,1
rf_importance,logistic,6,0.8927009842348228,0.8079108962633917,0.09184478914836672,0.1640990596219449,mammographic_dose1,0.08479008797143106,0.07225427047357819,mammographic,1,10,1
rf_importance,logistic,7,0.8938986151032141,0.8022950962459717,0.09017567010804413,0.1689974718560493,mammographic_dose1,0.09160351885724238,0.07882180174800517,mammographic,1,10,1
rf_importance,logistic,8,0.8930711610486893,0.8109071509450396,0.0936751312607702,0.161795584424888,mammographic_dose1,0.08216401010364971,0.0681204531641178,mammographic,1,10,1
rf_importance,logistic,9,0.888071596550823,0.8057704032749762,0.10083130235448169,0.1639228121512365,mammographic_dose1,0.08230119327584684,0.0630915097967548,mammographic,1,10,1
rf_importance,logistic,10,0.8901358766657956,0.811377493249717,0.09543591625721486,0.164434496798937,mammographic_dose1,0.07875838341607866,0.06899858054172216,mammographic,1,10,1
rf_importance,logistic,11,0.8933150422437071,0.8104019684696456,0.09337530197614635,0.1611413587174333,mammographic_dose1,0.08291307377406143,0.06776605674128694,mammographic,1,10,1
rf_importance,logistic,12,0.8895174636355718,0.8069767441860465,0.09600529069991692,0.1638985823459968,mammographic_dose1,0.08254071944952535,0.06789329164607988,mammographic,1,10,1
rf_importance,logistic,13,0.8921304764393346,0.8049843219231774,0.09569705243417506,0.16773654824535933,mammographic_dose1,0.08714615451615726,0.07203949581118427,mammographic,1,10,1
rf_importance,logistic,14,0.8926487239787475,0.8025150248236217,0.0944016894861105,0.166350640989473,mammographic_dose1,0.09013369915512581,0.0719489515033625,mammographic,1,10,1
rf_importance,logistic,15,0.8894347182301194,0.8065303544987371,0.09573760617140839,0.16346365131431073,mammographic_dose1,0.08290436373138232,0.06772604514290234,mammographic,1,10,1
rf_importance,logistic,16,0.8889295357547253,0.8015373225328805,0.10224511772440725,0.16998309666071837,mammographic_dose1,0.08739221322184487,0.06773797893631112,mammographic,1,10,1
rf_importance,logistic,17,0.8923917777197108,0.8078346833899486,0.09230763814179223,0.15985690088331536,mammographic_dose1,0.08455709432976222,0.06754926274152313,mammographic,1,10,1
rf_importance,logistic,18,0.889591498998345,0.8064824492640015,0.09455415098780845,0.16317769582803412,mammographic_dose1,0.08310904973434352,0.06862354484022568,mammographic,1,10,1
rf_importance,logistic,19,0.8919432105217316,0.7978595070115844,0.09598894400432641,0.17004631382659252,mammographic_dose1,0.09408370351014728,0.07405736982226611,mammographic,1,10,1
rf_importance,logistic,20,0.889626339169062,0.8086468948697848,0.1000286555362294,0.16169721492551203,mammographic_dose1,0.08097944429927717,0.06166855938928263,mammographic,1,10,1
rf_importance,logistic,21,0.8914380280463374,0.8076256423656476,0.09660984753091008,0.166254606609355,mammographic_dose1,0.08381238568068983,0.06964475907844493,mammographic,1,10,1
rf_importance,logistic,22,0.891694974305374,0.8058901663618151,0.099349760849193,0.16760821297395181,mammographic_dose1,0.08580480794355894,0.06825845212475881,mammographic,1,10,1
rf_importance,logistic,23,0.892082571204599,0.8148070725546556,0.0928551020892191,0.16043612885762715,mammographic_dose1,0.07727549864994343,0.06758102676840805,mammographic,1,10,1
rf_importance,logistic,24,0.891686264262695,0.8112490201201987,0.09525404527751337,0.16231457079918504,mammographic_dose1,0.08043724414249631,0.06706052552167167,mammographic,1,10,1
rf_importance,logistic,25,0.888942600818744,0.8132980576604826,0.09803475628727322,0.16210313206135996,mammographic_dose1,0.07564454315826141,0.06406837577408674,mammographic,1,10,1
rf_importance,logistic,26,0.8894303632087798,0.7995775629300584,0.0959636231806561,0.17173198717256877,mammographic_dose1,0.08985280027872133,0.07576836399191267,mammographic,1,10,1
rf_importance,logistic,27,0.8926487239787476,0.8098162180994687,0.0940309448957001,0.16592333366041567,mammographic_dose1,0.08283250587927893,0.07189238876471557,mammographic,1,10,1
rf_importance,logistic,28,0.892300322271579,0.8053893389077607,0.09217904744730394,0.16588105446071522,mammographic_dose1,0.0869109833638183,0.07370200701341127,mammographic,1,10,1
rf_importance,logistic,29,0.890736869610661,0.7947238916470691,0.09608731207946507,0.16962411019427437,mammographic_dose1,0.09601297796359187,0.0735367981148093,mammographic,1,10,1
rf_importance,rf,0,0.8887618674331503,0.8044312342130477,0.09725778254284151,0.15343084014830494,mammographic_dose1,0.08433063322010259,0.05617305760546343,mammographic,1,10,1
rf_importance,rf,1,0.8861749847574253,0.8050670673286299,0.10060253444148094,0.16834765201389107,mammographic_dose1,0.08110791742879542,0.06774511757241013,mammographic,1,10,1
rf_importance,rf,2,0.8852016374880238,0.8018116888772755,0.10118787832528009,0.16438643441443113,mammographic_dose1,0.08338994861074833,0.06319855608915104,mammographic,1,10,1
rf_importance,rf,3,0.894142496298232,0.7982449264001393,0.0943589181336452,0.1636144582426505,mammographic_dose1,0.09589756989809262,0.0692555401090053,mammographic,1,10,1
rf_importance,rf,4,0.8911135789565369,0.7993380367563802,0.09312838374230657,0.15330877746346322,mammographic_dose1,0.09177554220015671,0.06018039372115665,mammographic,1,10,1
rf_importance,rf,5,0.8850143715704207,0.8070507795488198,0.10018929458475324,0.16690129183155114,mammographic_dose1,0.07796359202160097,0.0667119972467979,mammographic,1,10,1
rf_importance,rf,6,0.886542984060622,0.8053849838864211,0.09802534914354094,0.15323489461212964,mammographic_dose1,0.08115800017420094,0.055209545468588694,mammographic,1,10,1
rf_importance,rf,7,0.8874967337339953,0.8016244229596727,0.09603385763046007,0.160716753654963,mammographic_dose1,0.08587231077432256,0.06468289602450292,mammographic,1,10,1
rf_importance,rf,8,0.8840105391516417,0.8081242923090323,0.10206984361289334,0.16208897131441574,mammographic_dose1,0.07588624684260947,0.0600191277015224,mammographic,1,10,1
rf_importance,rf,9,0.8901249891124466,0.80264132044247,0.09334515738079417,0.15947754150314875,mammographic_dose1,0.08748366866997659,0.06613238412235457,mammographic,1,10,1
rf_importance,rf,10,0.8886312167929624,0.8099904189530529,0.09254627233899439,0.15756050527313237,mammographic_dose1,0.07864079783990952,0.06501423293413798,mammographic,1,10,1
rf_importance,rf,11,0.8817241529483494,0.7999368521905759,0.10963037432792437,0.15789438643668957,mammographic_dose1,0.08178730075777352,0.0482640121087652,mammographic,1,10,1
rf_importance,rf,12,0.8911789042766308,0.8007686612664402,0.08854423171713952,0.15087406202007714,mammographic_dose1,0.09041024301019063,0.06232983030293762,mammographic,1,10,1
rf_importance,rf,13,0.8905191185436808,0.8017049908544552,0.1012733952283941,0.16269456827630097,mammographic_dose1,0.08881412768922559,0.06142117304790687,mammographic,1,10,1
rf_importance,rf,14,0.8959454751328282,0.8017746711958891,0.08978917247873305,0.15922274968757139,mammographic_dose1,0.09417080393693911,0.06943357720883833,mammographic,1,10,1
rf_importance,rf,15,0.8922415294834944,0.8039173416949743,0.09356600565965058,0.1611211894027645,mammographic_dose1,0.08832418778852014,0.06755518374311391,mammographic,1,10,1
rf_importance,rf,16,0.8864907238045465,0.8102016374880235,0.10235192729745049,0.147523874751536,mammographic_dose1,0.07628908631652298,0.04517194745408551,mammographic,1,10,1
rf_importance,rf,17,0.8871004267920914,0.7992465813082485,0.10301812710437361,0.1578865504230857,mammographic_dose1,0.0878538454838429,0.054868423318712084,mammographic,1,10,1
rf_importance,rf,18,0.8901228116017769,0.8105304415991639,0.09906984288882686,0.16074839416330655,mammographic_dose1,0.07959237000261299,0.06167855127447969,mammographic,1,10,1
rf_importance,rf,19,0.8889665534361119,0.8052390906715442,0.09440367393360283,0.16993152550630586,mammographic_dose1,0.08372746276456766,0.07552785157270303,mammographic,1,10,1
rf_importance,rf,20,0.8907412246320007,0.8105369741311732,0.10150661973114701,0.15161276531970136,mammographic_dose1,0.08020425050082747,0.05010614558855435,mammographic,1,10,1
rf_importance,rf,21,0.8857024649420782,0.8091390122811603,0.10301472623535791,0.15578817372183654,mammographic_dose1,0.07656345266091791,0.05277344748647862,mammographic,1,10,1
rf_importance,rf,22,0.8894826234648553,0.8039151641843045,0.09744623697744953,0.15088680455847547,mammographic_dose1,0.08556745928055076,0.053440567581025944,mammographic,1,10,1
rf_importance,rf,23,0.8880171587840779,0.8079871091368348,0.10120010916810339,0.15499880037512126,mammographic_dose1,0.08003004964724314,0.05379869120701787,mammographic,1,10,1
rf_importance,rf,24,0.8925224283598989,0.8063713962198416,0.09208821215679795,0.1572476008561115,mammographic_dose1,0.08615103214005737,0.06515938869931355,mammographic,1,10,1
rf_importance,rf,25,0.8919236129257033,0.8089931190662835,0.09226209019288495,0.151697527398697,mammographic_dose1,0.08293049385941986,0.05943543720581204,mammographic,1,10,1
rf_importance,rf,26,0.890980750805679,0.8006358331155823,0.0985175644898685,0.15717516122866154,mammographic_dose1,0.09034491769009667,0.05865759673879305,mammographic,1,10,1
rf_importance,rf,27,0.8832222802891734,0.7969427750195978,0.10720191934347292,0.1573788081937354,mammographic_dose1,0.08627950526957562,0.050176888850262474,mammographic,1,10,1
rf_importance,rf,28,0.8891059141189792,0.8037845135441165,0.09569762261923176,0.15850309059814263,mammographic_dose1,0.0853214005748627,0.06280546797891087,mammographic,1,10,1
rf_importance,rf,29,0.8913443950875359,0.8074035362773279,0.10067291801916059,0.1595180941239765,mammographic_dose1,0.08394085881020807,0.058845176104815905,mammographic,1,10,1
l1_logistic,logistic,0,0.8905887988851146,0.8065804372441426,0.095810538412872,0.16468928127345187,mammographic_dose1,0.08400836164097192,0.06887874286057986,mammographic,1,10,1
l1_logistic,logistic,1,0.8897526347879103,0.8073490985105827,0.09579497853399589,0.16421509245254626,mammographic_dose1,0.08240353627732766,0.06842011391855037,mammographic,1,10,1
l1_logistic,logistic,2,0.8889905060534797,0.8064737392213223,0.09736245406608399,0.16174508757577463,mammographic_dose1,0.08251676683215747,0.06438263350969065,mammographic,1,10,1
l1_logistic,logistic,3,0.8913901228116019,0.8025237348663008,0.09500173358491347,0.17092945304526191,mammographic_dose1,0.0888663879453011,0.07592771946034844,mammographic,1,10,1
l1_logistic,logistic,4,0.8917690096681475,0.8111793397787648,0.0945056662032504,0.16156268741283905,mammographic_dose1,0.08058966988938276,0.06705702120958865,mammographic,1,10,1
l1_logistic,logistic,5,0.8909067154429056,0.8129017507185786,0.09730899398200908,0.15903695098427031,mammographic_dose1,0.07800496472432694,0.06172795700226123,mammographic,1,10,1
l1_logistic,logistic,6,0.890671544290567,0.8071748976569985,0.09677769360018312,0.1665801801434714,mammographic_dose1,0.0834966466335686,0.06980248654328827,mammographic,1,10,1
l1_logistic,logistic,7,0.8901837819005314,0.8085706819963419,0.09653537987722231,0.16448686723349942,mammographic_dose1,0.08161309990418952,0.06795148735627711,mammographic,1,10,1
l1_logistic,logistic,8,0.8907368696106611,0.799823621635746,0.0961867233018747,0.1720731741865152,mammographic_dose1,0.09091324797491507,0.0758864508846405,mammographic,1,10,1
l1_logistic,logistic,9,0.8915381935371485,0.8042004180820486,0.09485609016485891,0.16943751863603435,mammographic_dose1,0.08733777545509991,0.07458142847117544,mammographic,1,10,1
l1_logistic,logistic,10,0.8915120634091108,0.8021622680951136,0.09678966840269593,0.16604730213340735,mammographic_dose1,0.08934979531399723,0.06925763373071142,mammographic,1,10,1
l1_logistic,logistic,11,0.8904712133089451,0.8038280637575125,0.09759971950160846,0.16606916894376014,mammographic_dose1,0.0866431495514326,0.06846944944215168,mammographic,1,10,1
l1_logistic,logistic,12,0.8886856545597074,0.8043332462329066,0.09694806472594598,0.16647715415087883,mammographic_dose1,0.0843524083268008,0.06952908942493284,mammographic,1,10,1
l1_logistic,logistic,13,0.8871396219841478,0.8011475481229858,0.09994758588011546,0.17039622947527266,mammographic_dose1,0.08599207386116192,0.0704486435951572,mammographic,1,10,1
l1_logistic,logistic,14,0.8938768399965159,0.8067306854803588,0.09537521099423453,0.16324010016338614,mammographic_dose1,0.08714615451615715,0.06786488916915161,mammographic,1,10,1
l1_logistic,logistic,15,0.8910155909763958,0.8005922829021864,0.09718991724585226,0.17014361154244562,mammographic_dose1,0.0904233080742094,0.07295369429659336,mammographic,1,10,1
l1_logistic,logistic,16,0.8913857677902622,0.8078194408152601,0.09621135452335944,0.1624280678656633,mammographic_dose1,0.0835663269750021,0.06621671334230386,mammographic,1,10,1
l1_logistic,logistic,17,0.8897265046598728,0.8100949394652034,0.09854213451352964,0.16178057233746604,mammographic_dose1,0.07963156519466941,0.0632384378239364,mammographic,1,10,1
l1_logistic,logistic,18,0.8912202769793571,0.8025063147809424,0.09376118274806067,0.16678153589993808,mammographic_dose1,0.08871396219841476,0.07302035315187741,mammographic,1,10,1
l1_logistic,logistic,19,0.8907717097813779,0.8142474523125165,0.09557128639822896,0.16211845308520834,mammographic_dose1,0.07652425746886138,0.06654716668697938,mammographic,1,10,1
l1_logistic,logistic,20,0.8944996080480794,0.818865952443167,0.09177223088156106,0.16126899553736487,mammographic_dose1,0.07563365560491242,0.06949676465580382,mammographic,1,10,1
l1_logistic,logistic,21,0.8947086490723805,0.809988241442383,0.09043185167250913,0.1631192871011416,mammographic_dose1,0.08472040762999744,0.07268743542863247,mammographic,1,10,1
l1_logistic,logistic,22,0.8909676857416602,0.803919519205644,0.095088719064362,0.16266307707649605,mammographic_dose1,0.08704816653601621,0.06757435801213404,mammographic,1,10,1
l1_logistic,logistic,23,0.8882414423830678,0.806763348140406,0.09948000403372363,0.16738705544096133,mammographic_dose1,0.08147809424266184,0.0679070514072377,mammographic,1,10,1
l1_logistic,logistic,24,0.8906671892692275,0.8061514676421915,0.0939570607149065,0.16515664050450699,mammographic_dose1,0.08451572162703602,0.07119957978960048,mammographic,1,10,1
l1_logistic,logistic,25,0.888524518770142,0.8100535667624772,0.09954186698661627,0.16566070962727464,mammographic_dose1,0.07847095200766485,0.06611884264065837,mammographic,1,10,1
l1_logistic,logistic,26,0.8897308596812125,0.7994469122898703,0.09891980089963667,0.1698722787265428,mammographic_dose1,0.09028394739134216,0.07095247782690614,mammographic,1,10,1
l1_logistic,logistic,27,0.890880585314868,0.8055482971866562,0.09555895344428705,0.16667852729356353,mammographic_dose1,0.08533228812821181,0.07111957384927647,mammographic,1,10,1
l1_logistic,logistic,28,0.8880585314868042,0.8057399181255989,0.09944606924241112,0.17196599602469997,mammographic_dose1,0.08231861336120538,0.07251992678228886,mammographic,1,10,1
l1_logistic,logistic,29,0.8891864820137618,0.8057595157216272,0.09825383101364955,0.1693793608479106,mammographic_dose1,0.08342696629213464,0.07112552983426106,mammographic,1,10,1
l1_logistic,rf,0,0.8891494643323752,0.8119763086839126,0.0958757661514202,0.15241099498651933,mammographic_dose1,0.07717315564846261,0.056535228835099136,mammographic,1,10,1
l1_logistic,rf,1,0.8883176552565107,0.8012433585924571,0.0994148499783711,0.16171823709982105,mammographic_dose1,0.08707429666405364,0.06230338712144995,mammographic,1,10,1
l1_logistic,rf,2,0.8854781813430888,0.803723543245362,0.10382887899773655,0.15242946941091892,mammographic_dose1,0.08175463809772676,0.048600590413182376,mammographic,1,10,1
l1_logistic,rf,3,0.8870351014719973,0.8115843567633481,0.09619639648768409,0.14786754796613702,mammographic_dose1,0.07545074470864921,0.05167115147845293,mammographic,1,10,1
l1_logistic,rf,4,0.8880585314868042,0.8038345962895219,0.09686945369547054,0.15351186374642617,mammographic_dose1,0.08422393519728233,0.05664241005095563,mammographic,1,10,1
l1_logistic,rf,5,0.887653514502221,0.8040588798885113,0.09681762629858665,0.16383429882095762,mammographic_dose1,0.08359463461370964,0.06701667252237098,mammographic,1,10,1
l1_logistic,rf,6,0.8880933716575211,0.801245536103127,0.0989589873225394,0.16296899559080716,mammographic_dose1,0.08684783555439413,0.06401000826826776,mammographic,1,10,1
l1_logistic,rf,7,0.8912246320006969,0.8030811775977702,0.09430601088660742,0.1715254174276141,mammographic_dose1,0.0881434544029267,0.07721940654100667,mammographic,1,10,1
l1_logistic,rf,8,0.8867237174462156,0.7998432192317743,0.09859340228866033,0.15965269203398585,mammographic_dose1,0.08688049821444133,0.061059289745325526,mammographic,1,10,1
l1_logistic,rf,9,0.8842957930493859,0.8047404407281598,0.1125498314089953,0.15854743412487382,mammographic_dose1,0.07955535232122612,0.04599760271587852,mammographic,1,10,1
l1_logistic,rf,10,0.8913139099381586,0.7989047121330896,0.09379764522200437,0.15544777491913375,mammographic_dose1,0.09240919780506907,0.06165012969712938,mammographic,1,10,1
l1_logistic,rf,11,0.8875141538193537,0.8044551868304155,0.0978079542531772,0.1555409386139947,mammographic_dose1,0.08305896698893822,0.0577329843608175,mammographic,1,10,1
l1_logistic,rf,12,0.8869784861945822,0.8152077345178992,0.10493149579667546,0.15041952424059374,mammographic_dose1,0.07177075167668301,0.04548802844391828,mammographic,1,10,1
l1_logistic,rf,13,0.8848641233342043,0.8095984670324886,0.10510375817261441,0.15324934599126694,mammographic_dose1,0.07526565630171567,0.048145587818652524,mammographic,1,10,1
l1_logistic,rf,14,0.8873377754550998,0.7969362424875882,0.09286153815258452,0.16716632950765486,mammographic_dose1,0.09040153296751163,0.07430479135507034,mammographic,1,10,1
l1_logistic,rf,15,0.8878494904625032,0.8050082745405454,0.09956283883053356,0.14980430264281422,mammographic_dose1,0.08284121592195781,0.05024146381228066,mammographic,1,10,1
l1_logistic,rf,16,0.8865952443166971,0.8011758557616933,0.10263025171716553,0.17117984345475518,mammographic_dose1,0.08541938855500386,0.06854959173758965,mammographic,1,10,1
l1_logistic,rf,17,0.8938942600818743,0.8059206515111925,0.08759124668172881,0.15814793978966954,mammographic_dose1,0.08797360857068182,0.07055669310794073,mammographic,1,10,1
l1_logistic,rf,18,0.8877014197369567,0.8027501959759603,0.09982847600996356,0.1600838087356495,mammographic_dose1,0.0849512237609964,0.06025533272568595,mammographic,1,10,1
l1_logistic,rf,19,0.8892082571204599,0.8082549429492204,0.09700479382080676,0.15597203156822606,mammographic_dose1,0.08095331417123952,0.0589672377474193,mammographic,1,10,1
l1_logistic,rf,20,0.8937244142496299,0.8046402752373487,0.09021990596444163,0.15885689499765993,mammographic_dose1,0.08908413901228118,0.0686369890332183,mammographic,1,10,1
l1_logistic,rf,21,0.8879365908892953,0.8088123856806899,0.09477229591318871,0.15309837464817677,mammographic_dose1,0.07912420520860541,0.05832607873498806,mammographic,1,10,1
l1_logistic,rf,22,0.8889338907760648,0.8031160177684871,0.09916950400901728,0.16205543334822392,mammographic_dose1,0.0858178730075777,0.06288592933920664,mammographic,1,10,1
l1_logistic,rf,23,0.8878342478878147,0.804977789391168,0.10280759141517554,0.1686777295700833,mammographic_dose1,0.08285645849664669,0.06587013815490778,mammographic,1,10,1
l1_logistic,rf,24,0.8887836425398483,0.8058030659350232,0.09220947185363704,0.1594466881712862,mammographic_dose1,0.08298057660482516,0.06723721631764917,mammographic,1,10,1
l1_logistic,rf,25,0.8902991899660307,0.8104629387684,0.09639062821715547,0.1547055403133146,mammographic_dose1,0.07983625119763071,0.05831491209615913,mammographic,1,10,1
l1_logistic,rf,26,0.8878059402491072,0.8074688615974218,0.09916631686342511,0.15042976187302198,mammographic_dose1,0.08033707865168538,0.05126344500959687,mammographic,1,10,1
l1_logistic,rf,27,0.8836882675725111,0.8041394477832944,0.1050881458663506,0.16332341126686456,mammographic_dose1,0.07954881978921668,0.058235265400513964,mammographic,1,10,1
l1_logistic,rf,28,0.88722454490027,0.8042526783381239,0.09911685325319824,0.15512371009261394,mammographic_dose1,0.08297186656214617,0.0560068568394157,mammographic,1,10,1
l1_logistic,rf,29,0.8869458235345353,0.8090845745144151,0.09816701933476088,0.15846742144163112,mammographic_dose1,0.07786124902012026,0.06030040210687024,mammographic,1,10,1
mutual_info,logistic,0,0.8911723717446215,0.8087056876578695,0.09289286101503103,0.16393162083367752,mammographic_dose2,0.08246668408675195,0.07103875981864649,mammographic,2,15,1
mutual_info,logistic,1,0.8837383503179166,0.8196063060708998,0.1015427190596111,0.15857781495393258,mammographic_dose2,0.0641320442470168,0.057035095894321486,mammographic,2,15,1
mutual_info,logistic,2,0.8888424353279331,0.8167211044334116,0.09537117852305046,0.15699669804950195,mammographic_dose2,0.07212133089452144,0.06162551952645148,mammographic,2,15,1
mutual_info,logistic,3,0.8862511976308685,0.8109637662224544,0.09846626573202492,0.1602682169527227,mammographic_dose2,0.0752874314084141,0.06180195122069777,mammographic,2,15,1
mutual_info,logistic,4,0.8886943646023864,0.8069266614406411,0.093918493030044,0.16350691299943781,mammographic_dose2,0.08176770316174531,0.06958841996939381,mammographic,2,15,1
mutual_info,logistic,5,0.8877406149290132,0.8051389251807335,0.09476014817461753,0.16585496025533056,mammographic_dose2,0.08260168974827975,0.07109481208071303,mammographic,2,15,1
mutual_info,logistic,6,0.8893868129953836,0.8182649594983016,0.0979363311302929,0.15949975041911504,mammographic_dose2,0.071121853497082,0.06156341928882214,mammographic,2,15,1
mutual_info,logistic,7,0.8872267224109397,0.8051019074993467,0.09478964412618833,0.16750311272056284,mammographic_dose2,0.08212481491159296,0.07271346859437451,mammographic,2,15,1
mutual_info,logistic,8,0.8896873094678164,0.806741573033708,0.09354944263944756,0.17722331207060574,mammographic_dose2,0.08294573643410841,0.08367386943115818,mammographic,2,15,1
mutual_info,logistic,9,0.8904058879888511,0.8047360857068201,0.09413326781283064,0.16679560559022633,mammographic_dose2,0.08566980228203103,0.07266233777739568,mammographic,2,15,1
mutual_info,logistic,10,0.8864079783990942,0.8112511976308685,0.09697393647792536,0.16072534944397526,mammographic_dose2,0.07515678076822574,0.0637514129660499,mammographic,2,15,1
mutual_info,logistic,11,0.8895087535928926,0.8192992770664577,0.09724184907001882,0.165315568265544,mammographic_dose2,0.07020947652643494,0.06807371919552518,mammographic,2,15,1
mutual_info,logistic,12,0.8858156954969081,0.8019445170281334,0.09502111568871978,0.18006266519552305,mammographic_dose2,0.08387117846877468,0.08504154950680327,mammographic,2,15,1
mutual_info,logistic,13,0.8891168016723283,0.8096441947565542,0.094750147294743,0.1615154165743225,mammographic_dose2,0.07947260691577407,0.0667652692795795,mammographic,2,15,1
mutual_info,logistic,14,0.8905016984583224,0.7992879540109747,0.09344870039282405,0.16918374643905532,mammographic_dose2,0.09121374444734764,0.07573504604623127,mammographic,2,15,1
mutual_info,logistic,15,0.8903666927967946,0.8096855674592804,0.09433696222890332,0.164415004697112,mammographic_dose2,0.08068112533751415,0.07007804246820869,mammographic,2,15,1
mutual_info,logistic,16,0.887522863862033,0.7988284992596464,0.09660276484741073,0.16869514719785406,mammographic_dose2,0.08869436460238667,0.07209238235044332,mammographic,2,15,1
mutual_info,logistic,17,0.8897439247452311,0.8084182562494556,0.09404720357876206,0.16507903951379044,mammographic_dose2,0.0813256684957755,0.07103183593502838,mammographic,2,15,1
mutual_info,logistic,18,0.8871962372615625,0.8007947913944781,0.09652964612107684,0.165947852025136,mammographic_dose2,0.08640144586708443,0.06941820590405917,mammographic,2,15,1
mutual_info,logistic,19,0.8875272188833725,0.8194865429840605,0.09962375944211913,0.16254708645667598,mammographic_dose2,0.06804067589931195,0.06292332701455686,mammographic,2,15,1
mutual_info,logistic,20,0.8877798101210695,0.8083768835467294,0.09831794435184027,0.1676530259345162,mammographic_dose2,0.07940292657434012,0.06933508158267593,mammographic,2,15,1
mutual_info,logistic,21,0.8891385767790262,0.8083398658653428,0.09475821082525526,0.16293917192217283,mammographic_dose2,0.0807987109136834,0.06818096109691757,mammographic,2,15,1
mutual_info,logistic,22,0.8847095200766484,0.8016832157477572,0.09933180977835843,0.17077669595116712,mammographic_dose2,0.08302630432889113,0.0714448861728087,mammographic,2,15,1
mutual_info,logistic,23,0.8901968469645501,0.813084661614842,0.09385084078814501,0.163750126134381,mammographic_dose2,0.0771121853497081,0.06989928534623599,mammographic,2,15,1
mutual_info,logistic,24,0.8866736347008101,0.796905757338211,0.0976778082147266,0.17021947128862014,mammographic_dose2,0.08976787736259906,0.07254166307389354,mammographic,2,15,1
mutual_info,logistic,25,0.8867171849142059,0.7987435763435242,0.10107397078314548,0.16906490237293798,mammographic_dose2,0.0879736085706817,0.0679909315897925,mammographic,2,15,1
mutual_info,logistic,26,0.8899616758122115,0.8188703074645066,0.10030091164448074,0.16183728537228248,mammographic_dose2,0.07109136834770491,0.06153637372780174,mammographic,2,15,1
mutual_info,logistic,27,0.8870742966640537,0.8116801672328195,0.09672234059011645,0.1642086566276827,mammographic_dose2,0.07539412943123414,0.06748631603756625,mammographic,2,15,1
mutual_info,logistic,28,0.8882109572336906,0.8125185088406934,0.09832204111814005,0.16122858234145493,mammographic_dose2,0.07569244839299716,0.06290654122331488,mammographic,2,15,1
mutual_info,logistic,29,0.8874793136486369,0.805574427314694,0.09742101628043366,0.164250517853341,mammographic_dose2,0.08190488633394288,0.06682950157290733,mammographic,2,15,1
mutual_info,rf,0,0.898336381848271,0.8057573382109571,0.08347992653789292,0.15870663982094085,mammographic_dose2,0.09257904363731395,0.07522671328304793,mammographic,2,15,1
mutual_info,rf,1,0.8971757686612665,0.8057878233603345,0.08308271928820882,0.15210864008595615,mammographic_dose2,0.09138794530093197,0.06902592079774733,mammographic,2,15,1
mutual_info,rf,2,0.8909763957843393,0.8074144238306767,0.09440903721270344,0.17304963085999966,mammographic_dose2,0.08356197195366255,0.07864059364729623,mammographic,2,15,1
mutual_info,rf,3,0.8952203640797839,0.8047861684522255,0.08260277198330301,0.17923589736008771,mammographic_dose2,0.09043419562755839,0.0966331253767847,mammographic,2,15,1
mutual_info,rf,4,0.8953444821879626,0.8006401881369221,0.09001558417889977,0.1582707036365058,mammographic_dose2,0.09470429405104053,0.06825511945760604,mammographic,2,15,1
mutual_info,rf,5,0.8951332636529918,0.7917864297535059,0.08742306598680062,0.17274593200475585,mammographic_dose2,0.10334683389948596,0.08532286601795523,mammographic,2,15,1
mutual_info,rf,6,0.8964027523734865,0.7987522863862033,0.09503726813509568,0.16886756403106756,mammographic_dose2,0.09765046598728322,0.07383029589597188,mammographic,2,15,1
mutual_info,rf,7,0.8937962721017334,0.8082897831199374,0.09008231068904812,0.15981375488847838,mammographic_dose2,0.08550648898179602,0.06973144419943025,mammographic,2,15,1
mutual_info,rf,8,0.8961087884330633,0.8051628777981013,0.08553781677037611,0.1616494360833704,mammographic_dose2,0.09094591063496205,0.07611161931299429,mammographic,2,15,1
mutual_info,rf,9,0.894680341433673,0.805661527741486,0.08787599099023084,0.15413360647950067,mammographic_dose2,0.089018813692187,0.06625761548926982,mammographic,2,15,1
mutual_info,rf,10,0.8962677467119589,0.805023517115234,0.09056630994248063,0.1503326238787701,mammographic_dose2,0.09124422959672485,0.05976631393628948,mammographic,2,15,1
mutual_info,rf,11,0.8976461109659438,0.8120394564933369,0.09150083451891328,0.16262237392085013,mammographic_dose2,0.08560665447260696,0.07112153940193686,mammographic,2,15,1
mutual_info,rf,12,0.8930668060273494,0.7985759080219494,0.09296973599106162,0.1587217463168324,mammographic_dose2,0.0944908980054,0.06575201032577077,mammographic,2,15,1
mutual_info,rf,13,0.896851319571466,0.8042788084661616,0.08970967585957725,0.15909263252172057,mammographic_dose2,0.0925725111053044,0.06938295666214332,mammographic,2,15,1
mutual_info,rf,14,0.898425659785733,0.8058008884243534,0.08463504193210103,0.1652414751697059,mammographic_dose2,0.09262477136137959,0.08060643323760486,mammographic,2,15,1
mutual_info,rf,15,0.8981643585053568,0.7993336817350405,0.08569546346268489,0.16493530263129574,mammographic_dose2,0.09883067677031632,0.07923983916861085,mammographic,2,15,1
mutual_info,rf,16,0.8944517028133436,0.8019488720494731,0.08668585753432809,0.15571441274359918,mammographic_dose2,0.09250283076387056,0.06902855520927109,mammographic,2,15,1
mutual_info,rf,17,0.8958714397700549,0.8052369131608746,0.09035397832710183,0.1520658201922849,mammographic_dose2,0.09063452660918025,0.06171184186518307,mammographic,2,15,1
mutual_info,rf,18,0.8975524780071422,0.8070442470168105,0.08432265904398822,0.16199032354771625,mammographic_dose2,0.09050823099033167,0.07766766450372803,mammographic,2,15,1
mutual_info,rf,19,0.897193188746625,0.8138685654559707,0.08579830845473349,0.1713490786633941,mammographic_dose2,0.08332462329065426,0.08555077020866061,mammographic,2,15,1
mutual_info,rf,20,0.8961806462851668,0.8128255378451354,0.08474911930043111,0.14530798785029955,mammographic_dose2,0.08335510844003136,0.060558868549868444,mammographic,2,15,1
mutual_info,rf,21,0.896650988589844,0.8076060447696195,0.08862799349116612,0.1702941391322494,mammographic_dose2,0.08904494382022454,0.08166614564108327,mammographic,2,15,1
mutual_info,rf,22,0.8994055395871439,0.8095658043724414,0.08676683660248966,0.15044961481603103,mammographic_dose2,0.08983973521470245,0.06368277821354137,mammographic,2,15,1
mutual_info,rf,23,0.8934783555439421,0.8062233254942951,0.08970205798188874,0.1605998962614815,mammographic_dose2,0.08725503004964696,0.07089783827959276,mammographic,2,15,1
mutual_info,rf,24,0.8971365734692099,0.807699677728421,0.08502820769362594,0.1529324926243112,mammographic_dose2,0.08943689574078895,0.06790428493068525,mammographic,2,15,1
mutual_info,rf,25,0.8958126469819702,0.7950635833115582,0.08649942265293348,0.1693261499305735,mammographic_dose2,0.10074906367041192,0.08282672727764001,mammographic,2,15,1
mutual_info,rf,26,0.8949416427140493,0.8079479139447784,0.09213117102335575,0.16344828202113196,mammographic_dose2,0.08699372876927092,0.07131711099777621,mammographic,2,15,1
mutual_info,rf,27,0.8970451180210783,0.7948305896698894,0.0828542337723033,0.1747948628862529,mammographic_dose2,0.10221452835118894,0.0919406291139496,mammographic,2,15,1
mutual_info,rf,28,0.8987413988328542,0.8075320094068461,0.08588176688959571,0.16243095815577727,mammographic_dose2,0.09120938942600809,0.07654919126618155,mammographic,2,15,1
mutual_info,rf,29,0.8956907063844614,0.8069266614406411,0.0871319249765552,0.15315924622384808,mammographic_dose2,0.08876404494382029,0.06602732124729288,mammographic,2,15,1
rf_importance,logistic,0,0.8877057747582962,0.8061863078129083,0.09648911731246751,0.1690666027200532,mammographic_dose2,0.08151946694538781,0.07257748540758568,mammographic,2,15,1
rf_importance,logistic,1,0.8871352669628081,0.805968556745928,0.09937037555772697,0.16603173311333255,mammographic_dose2,0.08116671021688004,0.06666135755560558,mammographic,2,15,1
rf_importance,logistic,2,0.8884112882153121,0.8052260256075255,0.09724556445711677,0.16352473600556544,mammographic_dose2,0.08318526260778658,0.06627917154844867,mammographic,2,15,1
rf_importance,logistic,3,0.8862163574601516,0.8077018552390908,0.09619551477157853,0.1653194095558145,mammographic_dose2,0.07851450222106082,0.06912389478423597,mammographic,2,15,1
rf_importance,logistic,4,0.8901402316871352,0.8083311558226637,0.09381432329309954,0.16246004894235314,mammographic_dose2,0.0818090758644715,0.0686457256492536,mammographic,2,15,1
rf_importance,logistic,5,0.8888032401358767,0.8089038411288216,0.09384094589479619,0.16422952007846575,mammographic_dose2,0.07989939900705512,0.07038857418366956,mammographic,2,15,1
rf_importance,logistic,6,0.8867868652556399,0.7984539674244404,0.09796720003237322,0.17108050774506034,mammographic_dose2,0.08833289783119946,0.07311330771268712,mammographic,2,15,1
rf_importance,logistic,7,0.8904058879888512,0.8075276543855066,0.09347965697518718,0.1632903132950342,mammographic_dose2,0.08287823360334468,0.06981065631984704,mammographic,2,15,1
rf_importance,logistic,8,0.8889730859681213,0.8085140667189268,0.09444568272141082,0.16527232699962968,mammographic_dose2,0.08045901924919452,0.07082664427821886,mammographic,2,15,1
rf_importance,logistic,9,0.8903013674767006,0.8074144238306767,0.0929430970173604,0.16423207881429625,mammographic_dose2,0.08288694364602389,0.07128898179693585,mammographic,2,15,1
rf_importance,logistic,10,0.8891385767790262,0.8075385419388554,0.09598253042230045,0.16242298411429262,mammographic_dose2,0.08160003484017075,0.06644045369199217,mammographic,2,15,1
rf_importance,logistic,11,0.88623377754551,0.81706950614058,0.09680636821067018,0.15933217865837201,mammographic_dose2,0.06916427140492998,0.06252581044770184,mammographic,2,15,1
rf_importance,logistic,12,0.8900792613883807,0.8086272972737567,0.09506217700955588,0.16206921183585793,mammographic_dose2,0.08145196411462396,0.06700703482630205,mammographic,2,15,1
rf_importance,logistic,13,0.8863905583137358,0.8124967337339954,0.09619262582981414,0.16330121203282855,mammographic_dose2,0.07389382457974036,0.06710858620301441,mammographic,2,15,1
rf_importance,logistic,14,0.8872093023255816,0.8011083529309294,0.09751309221761359,0.17092334628684303,mammographic_dose2,0.08610094939465218,0.07341025406922944,mammographic,2,15,1
rf_importance,logistic,15,0.886355718143019,0.8106676247713613,0.0974269263103684,0.16519113323102258,mammographic_dose2,0.0756880933716576,0.06776420692065419,mammographic,2,15,1
rf_importance,logistic,16,0.8868304154690356,0.8046119675986413,0.09756760819007175,0.1670453819416254,mammographic_dose2,0.08221844787039434,0.06947777375155366,mammographic,2,15,1
rf_importance,logistic,17,0.8862163574601516,0.8024017942687919,0.0972345244591004,0.1676484080865242,mammographic_dose2,0.08381456319135971,0.0704138836274238,mammographic,2,15,1
rf_importance,logistic,18,0.8838472258514066,0.804339778764916,0.09980708388212764,0.1682675440292361,mammographic_dose2,0.0795074470864906,0.06846046014710847,mammographic,2,15,1
rf_importance,logistic,19,0.8860073164358505,0.8167929622855152,0.09890594835910477,0.16054196125073716,mammographic_dose2,0.06921435415033528,0.0616360128916324,mammographic,2,15,1
rf_importance,logistic,20,0.8900357111749847,0.8060186394913336,0.0957047333199446,0.1663938526819753,mammographic_dose2,0.08401707168365113,0.07068911936203069,mammographic,2,15,1
rf_importance,logistic,21,0.8867171849142061,0.8073861161919692,0.09886958726079512,0.16250203969420046,mammographic_dose2,0.07933106872223694,0.06363245243340535,mammographic,2,15,1
rf_importance,logistic,22,0.8879017507185786,0.8064062363905583,0.09579879506725628,0.16896535022663894,mammographic_dose2,0.08149551432802027,0.07316655515938267,mammographic,2,15,1
rf_importance,logistic,23,0.8871831721975437,0.8087949655953315,0.09684589423157365,0.16422808601732647,mammographic_dose2,0.07838820660221224,0.06738219178575282,mammographic,2,15,1
rf_importance,logistic,24,0.8882675725111052,0.801685393258427,0.09606679657664877,0.16792268727333015,mammographic_dose2,0.08658217925267819,0.07185589069668138,mammographic,2,15,1
rf_importance,logistic,25,0.8912376970647156,0.8098031530354498,0.09227563123853008,0.1600043485345084,mammographic_dose2,0.08143454402926575,0.06772871729597832,mammographic,2,15,1
rf_importance,logistic,26,0.8916035188572423,0.8112729727375665,0.0931984820465156,0.16289090977621987,mammographic_dose2,0.08033054611967583,0.06969242772970427,mammographic,2,15,1
rf_importance,logistic,27,0.8880236913160875,0.8061122724501352,0.09764737495193485,0.1649853837964828,mammographic_dose2,0.08191141886595232,0.06733800884454796,mammographic,2,15,1
rf_importance,logistic,28,0.8880628865081439,0.8068961762912639,0.09842230084771364,0.16432813514601882,mammographic_dose2,0.08116671021688004,0.06590583429830518,mammographic,2,15,1
rf_importance,logistic,29,0.8873486630084487,0.8141538193537149,0.09700279955103802,0.1600899246548695,mammographic_dose2,0.07319484365473383,0.06308712510383147,mammographic,2,15,1
rf_importance,rf,0,0.899647243271492,0.8101101820398919,0.08252586542947016,0.15088034682304385,mammographic_dose2,0.0895370612316001,0.0683544813935737,mammographic,2,15,1
rf_importance,rf,1,0.8960521731556484,0.8016570856197195,0.09078024328298198,0.15491860241204147,mammographic_dose2,0.09439508753592896,0.06413835912905949,mammographic,2,15,1
rf_importance,rf,2,0.8944125076212873,0.8009493946520339,0.08695395769645567,0.1582571828043533,mammographic_dose2,0.09346311296925347,0.07130322510789763,mammographic,2,15,1
rf_importance,rf,3,0.8937418343349882,0.8041503353366432,0.09087826198727139,0.15451086464791142,mammographic_dose2,0.08959149899834506,0.06363260266064003,mammographic,2,15,1
rf_importance,rf,4,0.8945758209215227,0.7975960282205383,0.0890116641004014,0.17372797320460184,mammographic_dose2,0.09697979270098434,0.08471630910420044,mammographic,2,15,1
rf_importance,rf,5,0.8909415556136224,0.8051258601167145,0.09168314385068368,0.164000305900314,mammographic_dose2,0.08581569549690793,0.07231716204963032,mammographic,2,15,1
rf_importance,rf,6,0.8940488633394303,0.800132828150858,0.09322688658746082,0.15834369634136478,mammographic_dose2,0.09391603518857239,0.06511680975390395,mammographic,2,15,1
rf_importance,rf,7,0.8915098858984409,0.8035776500304851,0.08953366732100984,0.15745594876878116,mammographic_dose2,0.08793223586795584,0.06792228144777132,mammographic,2,15,1
rf_importance,rf,8,0.8947391342217575,0.8004507447086492,0.09051704226118298,0.161886809541872,mammographic_dose2,0.09428838951310836,0.07136976728068903,mammographic,2,15,1
rf_importance,rf,9,0.8962851667973174,0.8060382370873618,0.09014328605894614,0.14880792194795933,mammographic_dose2,0.09024692970995563,0.05866463588901319,mammographic,2,15,1
rf_importance,rf,10,0.8896960195104957,0.8028568939987806,0.09659011727491602,0.161885420783333,mammographic_dose2,0.08683912551171513,0.06529530350841699,mammographic,2,15,1
rf_importance,rf,11,0.8972454490027,0.8020403274976048,0.08482618382850377,0.16404375626253137,mammographic_dose2,0.09520512150509519,0.0792175724340276,mammographic,2,15,1
rf_importance,rf,12,0.8946324361989374,0.805892343872485,0.08817897369438166,0.15451244202128422,mammographic_dose2,0.08874009232645241,0.06633346832690257,mammographic,2,15,1
rf_importance,rf,13,0.8960195104956015,0.7940227332113927,0.08371685443484804,0.17514144149846803,mammographic_dose2,0.10199677728420875,0.09142458706361999,mammographic,2,15,1
rf_importance,rf,14,0.8935001306506402,0.8027872136573468,0.08967066809960053,0.16310885011409088,mammographic_dose2,0.09071291699329331,0.07343818201449034,mammographic,2,15,1
rf_importance,rf,15,0.8992727114362862,0.8054546642278547,0.08659026836425093,0.14894397181729455,mammographic_dose2,0.09381804720843145,0.06235370345304361,mammographic,2,15,1
rf_importance,rf,16,0.8965203379496559,0.8036277327758907,0.08374870111630128,0.16896352660149058,mammographic_dose2,0.09289260517376519,0.0852148254851893,mammographic,2,15,1
rf_importance,rf,17,0.8986085706819963,0.8112272450135006,0.08050675634601585,0.1482402917196029,mammographic_dose2,0.08738132566849566,0.06773353537358705,mammographic,2,15,1
rf_importance,rf,18,0.8969144673808902,0.8124749586272972,0.09176457940833815,0.1525433226792048,mammographic_dose2,0.08443950875359296,0.06077874327086666,mammographic,2,15,1
rf_importance,rf,19,0.8953488372093025,0.806343088581134,0.08851719113370224,0.1506871366020709,mammographic_dose2,0.08900574862816846,0.062169945468368654,mammographic,2,15,1
rf_importance,rf,20,0.8971823011932759,0.7999433847225852,0.08778727103821468,0.17238901966241654,mammographic_dose2,0.09723891647069072,0.08460174862420186,mammographic,2,15,1
rf_importance,rf,21,0.8948828499259648,0.807094329762216,0.0886588835242659,0.15712738654330033,mammographic_dose2,0.08778852016374883,0.06846850301903443,mammographic,2,15,1
rf_importance,rf,22,0.8979182997996691,0.8071095723369045,0.09348955939180496,0.16449156717069094,mammographic_dose2,0.09080872746276458,0.07100200777888598,mammographic,2,15,1
rf_importance,rf,23,0.899041895305287,0.808845048340737,0.0817370450276137,0.1558561650388639,mammographic_dose2,0.09019684696454999,0.0741191200112502,mammographic,2,15,1
rf_importance,rf,24,0.8959585401968472,0.8113339430363208,0.08972510918463932,0.15645345494695043,mammographic_dose2,0.0846245971605264,0.06672834576231111,mammographic,2,15,1
rf_importance,rf,25,0.8964724327149204,0.8079588014981274,0.08297443549084801,0.154884747482411,mammographic_dose2,0.08851363121679301,0.07191031199156298,mammographic,2,15,1
rf_importance,rf,26,0.894514850622768,0.8066566501175857,0.08733630058084269,0.16263469662075078,mammographic_dose2,0.08785820050518234,0.0752983960399081,mammographic,2,15,1
rf_importance,rf,27,0.8984104172110444,0.8100775193798451,0.08358056435053943,0.14805019570899314,mammographic_dose2,0.08833289783119935,0.06446963135845371,mammographic,2,15,1
rf_importance,rf,28,0.8905191185436808,0.7939269227419214,0.09824514834411555,0.18126802872082637,mammographic_dose2,0.09659219580175937,0.08302288037671082,mammographic,2,15,1
rf_importance,rf,29,0.8943754899399008,0.7984387248497518,0.08642018787578425,0.15658303026793682,mammographic_dose2,0.09593676509014903,0.07016284239215258,mammographic,2,15,1
l1_logistic,logistic,0,0.8891995470777806,0.8063147809424266,0.0941891342870335,0.1657122819808795,mammographic_dose2,0.082884766135354,0.071523147693846,mammographic,2,15,1
l1_logistic,logistic,1,0.8869567110878844,0.8009602822053827,0.10047928964294774,0.1675299053898972,mammographic_dose2,0.0859964288825017,0.06705061574694947,mammographic,2,15,1
l1_logistic,logistic,2,0.8861379670760388,0.8036952356066546,0.09941499655333355,0.1665344462585419,mammographic_dose2,0.08244273146938419,0.06711944970520836,mammographic,2,15,1
l1_logistic,logistic,3,0.8877928751850884,0.809010539151642,0.10114311621389632,0.16389245090128518,mammographic_dose2,0.07878233603344642,0.06274933468738886,mammographic,2,15,1
l1_logistic,logistic,4,0.8901184565804372,0.8110160264785298,0.09689342981841878,0.16150229779701292,mammographic_dose2,0.07910243010190743,0.06460886797859414,mammographic,2,15,1
l1_logistic,logistic,5,0.8900357111749846,0.8146611793397788,0.0944064558895763,0.16176675304600313,mammographic_dose2,0.07537453183520582,0.06736029715642683,mammographic,2,15,1
l1_logistic,logistic,6,0.8882545074470864,0.8000239526173679,0.09714833151495822,0.16824596255031304,mammographic_dose2,0.08823055482971853,0.07109763103535482,mammographic,2,15,1
l1_logistic,logistic,7,0.8898397352147026,0.810319223064193,0.09702803192822197,0.16558288710637345,mammographic_dose2,0.07952051215050959,0.06855485517815148,mammographic,2,15,1
l1_logistic,logistic,8,0.8888163051998954,0.8056266875707692,0.0947223419251816,0.16761788843029662,mammographic_dose2,0.08318961762912624,0.07289554650511502,mammographic,2,15,1
l1_logistic,logistic,9,0.8817698806724152,0.8082832505879278,0.10320574576729846,0.165320870811633,mammographic_dose2,0.07348663008448741,0.06211512504433453,mammographic,2,15,1
l1_logistic,logistic,10,0.889957320790872,0.8015068373835031,0.0970098327542655,0.16906624734573386,mammographic_dose2,0.08845048340736883,0.07205641459146836,mammographic,2,15,1
l1_logistic,logistic,11,0.8887248497517639,0.8165120634091106,0.09598279582279201,0.1590767720159211,mammographic_dose2,0.07221278634265327,0.06309397619312909,mammographic,2,15,1
l1_logistic,logistic,12,0.887832070377145,0.8105260865778242,0.09950317109379297,0.1661784460077323,mammographic_dose2,0.07730598379932074,0.06667527491393932,mammographic,2,15,1
l1_logistic,logistic,13,0.8883459628952184,0.7965203379496559,0.0931753720170658,0.16819694347546624,mammographic_dose2,0.09182562494556246,0.07502157145840044,mammographic,2,15,1
l1_logistic,logistic,14,0.8881848271056528,0.8034513544116366,0.0964109460593503,0.1670015878292484,mammographic_dose2,0.08473347269401621,0.0705906417698981,mammographic,2,15,1
l1_logistic,logistic,15,0.888733559794443,0.8160809162964898,0.09793024836766155,0.15977178982053525,mammographic_dose2,0.0726526434979532,0.0618415414528737,mammographic,2,15,1
l1_logistic,logistic,16,0.8894782684435154,0.7944756554307117,0.09722268106028059,0.17088870905942763,mammographic_dose2,0.09500261301280366,0.07366602799914704,mammographic,2,15,1
l1_logistic,logistic,17,0.8891037366083094,0.8165599686438464,0.09495202473594587,0.16015694472423025,mammographic_dose2,0.07254376796446305,0.06520491998828438,mammographic,2,15,1
l1_logistic,logistic,18,0.8850884069331939,0.7976918386900097,0.09929626177156436,0.17098194538150968,mammographic_dose2,0.0873965682431842,0.07168568360994532,mammographic,2,15,1
l1_logistic,logistic,19,0.8874967337339953,0.8143541503353366,0.09438641774080656,0.16141666541658808,mammographic_dose2,0.07314258339865864,0.06703024767578153,mammographic,2,15,1
l1_logistic,logistic,20,0.8847269401620067,0.806663182649595,0.10372888448675271,0.16474460243871616,mammographic_dose2,0.07806375751241168,0.06101571795196345,mammographic,2,15,1
l1_logistic,logistic,21,0.8881369218709172,0.8107285950701159,0.09709853793548362,0.16114481635437616,mammographic_dose2,0.07740832680080134,0.06404627841889254,mammographic,2,15,1
l1_logistic,logistic,22,0.8845832244577998,0.7982340388467903,0.10458062540631885,0.166233727166551,mammographic_dose2,0.08634918561100946,0.06165310176023214,mammographic,2,15,1
l1_logistic,logistic,23,0.8907194495253026,0.8160308335510843,0.09338425946019269,0.15953125317001715,mammographic_dose2,0.07468861597421828,0.06614699370982446,mammographic,2,15,1
l1_logistic,logistic,24,0.8888206602212351,0.7998845919345005,0.09461669726786778,0.16576587641943114,mammographic_dose2,0.08893606828673462,0.07114917915156335,mammographic,2,15,1
l1_logistic,logistic,25,0.8874270533925617,0.8025803501437159,0.09691868178133063,0.16491135403503776,mammographic_dose2,0.0848467032488458,0.06799267225370713,mammographic,2,15,1
l1_logistic,logistic,26,0.8867563801062626,0.807357808553262,0.10087612850429703,0.16751800656101581,mammographic_dose2,0.07939857155300056,0.06664187805671878,mammographic,2,15,1
l1_logistic,logistic,27,0.884317568156084,0.8121679296228552,0.10171786970491162,0.16446824490411885,mammographic_dose2,0.07214963853322875,0.06275037519920723,mammographic,2,15,1
l1_logistic,logistic,28,0.885693754899399,0.8176051737653512,0.10219634492486747,0.16188796626147278,mammographic_dose2,0.06808858113404781,0.05969162133660531,mammographic,2,15,1
l1_logistic,logistic,29,0.8856458496646633,0.8056767703161745,0.09994457580078295,0.16179223644534807,mammographic_dose2,0.07996907934848885,0.06184766064456512,mammographic,2,15,1
l1_logistic,rf,0,0.8983777545509972,0.8001284731295184,0.08064728027447737,0.15378668195330297,mammographic_dose2,0.09824928142147882,0.0731394016788256,mammographic,2,15,1
l1_logistic,rf,1,0.8972759341520773,0.8068373835031792,0.08392394851671986,0.15713814412158206,mammographic_dose2,0.09043855064889805,0.0732141956048622,mammographic,2,15,1
l1_logistic,rf,2,0.8996907934848881,0.8045509972998868,0.08079872440212543,0.16113291145708386,mammographic_dose2,0.09513979618500135,0.08033418705495843,mammographic,2,15,1
l1_logistic,rf,3,0.9008535841825625,0.8090018291089627,0.08423217967372681,0.15911516294518913,mammographic_dose2,0.09185175507359977,0.07488298327146231,mammographic,2,15,1
l1_logistic,rf,4,0.8967707516766832,0.8078433934326279,0.08678044217304232,0.16813531198217016,mammographic_dose2,0.08892735824405529,0.08135486980912784,mammographic,2,15,1
l1_logistic,rf,5,0.8966357460151556,0.8011780332723631,0.09006160110326898,0.16215183003051004,mammographic_dose2,0.09545771274279247,0.07209022892724105,mammographic,2,15,1
l1_logistic,rf,6,0.8920433760125425,0.8105347966205034,0.08934720400858616,0.14971992027503567,mammographic_dose2,0.08150857939203904,0.06037271626644951,mammographic,2,15,1
l1_logistic,rf,7,0.9036843480533054,0.809328455709433,0.07911621991030673,0.1471147957411536,mammographic_dose2,0.09435589234387243,0.06799857583084687,mammographic,2,15,1
l1_logistic,rf,8,0.8973369044508318,0.8031247278111663,0.08668297981906972,0.17192127815474847,mammographic_dose2,0.09421217663966552,0.08523829833567875,mammographic,2,15,1
l1_logistic,rf,9,0.890826147548123,0.807501524257469,0.09414504782514732,0.14759332670544834,mammographic_dose2,0.08332462329065393,0.053448278880301014,mammographic,2,15,1
l1_logistic,rf,10,0.8939682954446478,0.802632610399791,0.08632317291034487,0.15674844465487853,mammographic_dose2,0.0913356850448569,0.07042527174453365,mammographic,2,15,1
l1_logistic,rf,11,0.8939378102952704,0.8057181430189009,0.09186687865815771,0.15665624384250987,mammographic_dose2,0.08821966727636954,0.06478936518435216,mammographic,2,15,1
l1_logistic,rf,12,0.8951376186743315,0.8075320094068462,0.08757510349844676,0.15964861996323182,mammographic_dose2,0.08760560926748528,0.07207351646478506,mammographic,2,15,1
l1_logistic,rf,13,0.8938441773364689,0.8026935806985455,0.08637665351242546,0.17531640030972984,mammographic_dose2,0.09115059663792346,0.08893974679730438,mammographic,2,15,1
l1_logistic,rf,14,0.8933346398397352,0.8007621287344308,0.08553399958018443,0.16114050302400526,mammographic_dose2,0.0925725111053044,0.07560650344382083,mammographic,2,15,1
l1_logistic,rf,15,0.8925376709345876,0.7926857416601342,0.09375948749240873,0.1765512211820876,mammographic_dose2,0.09985192927445341,0.08279173368967888,mammographic,2,15,1
l1_logistic,rf,16,0.8969231774235694,0.8023451789913769,0.08771794420045176,0.16321811399029929,mammographic_dose2,0.0945779984321925,0.07550016978984753,mammographic,2,15,1
l1_logistic,rf,17,0.8994948175246059,0.8090040066196326,0.08862459133431513,0.15060815914365464,mammographic_dose2,0.09049081090497335,0.0619835678093395,mammographic,2,15,1
l1_logistic,rf,18,0.8992073861161919,0.8017594286212002,0.08529594394975619,0.17228115076845585,mammographic_dose2,0.09744795749499169,0.08698520681869966,mammographic,2,15,1
l1_logistic,rf,19,0.8987958365995996,0.812753679993032,0.08171512991245719,0.14995650332027124,mammographic_dose2,0.08604215660656755,0.06824137340781405,mammographic,2,15,1
l1_logistic,rf,20,0.9012564236564761,0.8039282292483233,0.08073276811818993,0.1535472169756858,mammographic_dose2,0.09732819440815277,0.07281444885749587,mammographic,2,15,1
l1_logistic,rf,21,0.8973238393868129,0.8110617542025956,0.08241493162523134,0.14553429945168875,mammographic_dose2,0.0862620851842173,0.06311936782645741,mammographic,2,15,1
l1_logistic,rf,22,0.8962721017332985,0.8148898179601081,0.089614687120169,0.14629202225288515,mammographic_dose2,0.08138228377319046,0.05667733513271615,mammographic,2,15,1
l1_logistic,rf,23,0.8931038237087363,0.804901576517725,0.09066203773508257,0.16279025643144204,mammographic_dose2,0.08820224719101133,0.07212821869635948,mammographic,2,15,1
l1_logistic,rf,24,0.8940009581046948,0.8018421740266527,0.08270397080795548,0.16600281194841798,mammographic_dose2,0.09215878407804212,0.0832988411404625,mammographic,2,15,1
l1_logistic,rf,25,0.897774584095462,0.8098663008448742,0.08579061825188684,0.15336544916256162,mammographic_dose2,0.08790828325058775,0.06757483091067477,mammographic,2,15,1
l1_logistic,rf,26,0.8962503266266005,0.796563888163052,0.08474892462276476,0.16053151993670287,mammographic_dose2,0.09968643846354852,0.0757825953139381,mammographic,2,15,1
l1_logistic,rf,27,0.8946977615190315,0.8103518857242401,0.08605718951460256,0.1499158410082293,mammographic_dose2,0.08434587579479136,0.06385865149362674,mammographic,2,15,1
l1_logistic,rf,28,0.8947892169671632,0.8061209824928143,0.0935638092485501,0.15489611914845489,mammographic_dose2,0.0886682344743489,0.06133230989990479,mammographic,2,15,1
l1_logistic,rf,29,0.8960608831983277,0.8052978834596289,0.08215502908005329,0.15726401896722006,mammographic_dose2,0.09076299973869872,0.07510898988716677,mammographic,2,15,1
mutual_info,logistic,0,0.884901141015591,0.7978507969689052,0.09933279602340131,0.17017881066229218,mammographic_dose5,0.08705034404668588,0.07084601463889087,mammographic,5,30,1
mutual_info,logistic,1,0.892709694277502,0.8103409981708911,0.09105260267446835,0.164366089699996,mammographic_dose5,0.0823686961066109,0.07331348702552765,mammographic,5,30,1
mutual_info,logistic,2,0.8857895653688704,0.8208409546206776,0.10304670395811194,0.16997268459658127,mammographic_dose5,0.0649486107481928,0.06692598063846933,mammographic,5,30,1
mutual_info,logistic,3,0.8844743489243098,0.8071770751676682,0.10552158600485109,0.16315816356402163,mammographic_dose5,0.07729727375664153,0.05763657755917054,mammographic,5,30,1
mutual_info,logistic,4,0.8894695584008361,0.8111728072467556,0.09088875665000291,0.1642067504873162,mammographic_dose5,0.07829675115408052,0.07331799383731329,mammographic,5,30,1
mutual_info,logistic,5,0.8880411114014459,0.8062908283250588,0.09819186194844304,0.16549263772774375,mammographic_dose5,0.0817502830763871,0.06730077577930071,mammographic,5,30,1
mutual_info,logistic,6,0.8810425921087013,0.8050365821792528,0.10028898762454183,0.16685066481628918,mammographic_dose5,0.0760060099294485,0.06656167719174735,mammographic,5,30,1
mutual_info,logistic,7,0.8850971169758732,0.8120895392387422,0.09877549629075812,0.16122725266744325,mammographic_dose5,0.07300757773713107,0.06245175637668514,mammographic,5,30,1
mutual_info,logistic,8,0.8841085271317829,0.8097182301193276,0.10158805983367777,0.18123779866517536,mammographic_dose5,0.07439029701245525,0.07964973883149759,mammographic,5,30,1
mutual_info,logistic,9,0.8870568765786953,0.8037017681386639,0.09608781859026355,0.16612226919674505,mammographic_dose5,0.08335510844003136,0.0700344506064815,mammographic,5,30,1
mutual_info,logistic,10,0.8870830067067329,0.810210347530703,0.0991798247772141,0.16559924315119476,mammographic_dose5,0.07687265917602992,0.06641941837398066,mammographic,5,30,1
mutual_info,logistic,11,0.882135702464942,0.8152839473913421,0.10129644154044443,0.1630293523028991,mammographic_dose5,0.06685175507359986,0.061732910762454685,mammographic,5,30,1
mutual_info,logistic,12,0.8889208257120459,0.8079413814127689,0.09925536676738342,0.16251374293054757,mammographic_dose5,0.08097944429927695,0.06325837616316415,mammographic,5,30,1
mutual_info,logistic,13,0.8860813517986238,0.8099925964637226,0.09971215203282671,0.1631375384732638,mammographic_dose5,0.07608875533490123,0.06342538644043708,mammographic,5,30,1
mutual_info,logistic,14,0.8897613448305897,0.807555962024214,0.09421046300752348,0.164020163810235,mammographic_dose5,0.08220538280637568,0.06980970080271151,mammographic,5,30,1
mutual_info,logistic,15,0.8853061580001744,0.816531661005139,0.0974864074019118,0.16131099732071486,mammographic_dose5,0.06877449699503546,0.06382458991880305,mammographic,5,30,1
mutual_info,logistic,16,0.8861640972040762,0.8193493598118632,0.0968431742113181,0.15924659449724565,mammographic_dose5,0.066814737392213,0.06240342028592755,mammographic,5,30,1
mutual_info,logistic,17,0.8873530180297884,0.8052064280114972,0.10072325874688164,0.16821346417890837,mammographic_dose5,0.08214659001829117,0.06749020543202673,mammographic,5,30,1
mutual_info,logistic,18,0.8886638794530093,0.7989700374531835,0.09450425804989493,0.16666569923768454,mammographic_dose5,0.08969384199982577,0.07216144118778961,mammographic,5,30,1
mutual_info,logistic,19,0.8872659176029963,0.8083050256946259,0.09594527242048703,0.16351722830096166,mammographic_dose5,0.07896089190837041,0.06757195588047463,mammographic,5,30,1
mutual_info,logistic,20,0.888777110007839,0.8025237348663009,0.09374179366076446,0.17005770691231947,mammographic_dose5,0.08625337514153808,0.07631591325155501,mammographic,5,30,1
mutual_info,logistic,21,0.8850840519118544,0.8032923961327411,0.09953460581573359,0.1698483479257752,mammographic_dose5,0.08179165577911329,0.0703137421100416,mammographic,5,30,1
mutual_info,logistic,22,0.8835815695496908,0.8135724240048776,0.1043115747124493,0.1759789225669362,mammographic_dose5,0.07000914554481319,0.0716673478544869,mammographic,5,30,1
mutual_info,logistic,23,0.8854411636617019,0.8172306419301454,0.09680048774099986,0.1588854922351164,mammographic_dose5,0.0682105217315565,0.062085004494116525,mammographic,5,30,1
mutual_info,logistic,24,0.887501088755335,0.8001088755334902,0.09183968601310774,0.17023578835817632,mammographic_dose5,0.08739221322184476,0.07839610234506858,mammographic,5,30,1
mutual_info,logistic,25,0.8885245187701419,0.8107111749847574,0.09572325623803662,0.16353595099078183,mammographic_dose5,0.07781334378538451,0.0678126947527452,mammographic,5,30,1
mutual_info,logistic,26,0.8877014197369567,0.8081438899050607,0.09428940080574338,0.16251797686684955,mammographic_dose5,0.07955752983189601,0.06822857606110616,mammographic,5,30,1
mutual_info,logistic,27,0.8879322358679558,0.8003309816218099,0.09803855201052555,0.169282443114727,mammographic_dose5,0.08760125424614584,0.07124389110420146,mammographic,5,30,1
mutual_info,logistic,28,0.8841956275585751,0.808470516505531,0.1042524822922884,0.16632359199931152,mammographic_dose5,0.07572511105304403,0.06207110970702312,mammographic,5,30,1
mutual_info,logistic,29,0.8852669628081179,0.808733995296577,0.09687773744066176,0.16617722023788986,mammographic_dose5,0.07653296751154093,0.0692994827972281,mammographic,5,30,1
mutual_info,rf,0,0.893665621461545,0.8068744011845658,0.08721944694365276,0.17667892447747716,mammographic_dose5,0.08679122027697928,0.0894594775338244,mammographic,5,30,1
mutual_info,rf,1,0.8947369567110878,0.8055526522079961,0.09135060897936118,0.16688778974171276,mammographic_dose5,0.08918430450309167,0.07553718076235158,mammographic,5,30,1
mutual_info,rf,2,0.8932322968382546,0.8078978311993729,0.09254881632290898,0.1516706199382346,mammographic_dose5,0.0853344656388817,0.059121803615325624,mammographic,5,30,1
mutual_info,rf,3,0.8961349185611011,0.8121417994948176,0.09070954753715983,0.15988535651552088,mammographic_dose5,0.08399311906628348,0.06917580897836105,mammographic,5,30,1
mutual_info,rf,4,0.8955273930842261,0.8051715878407807,0.08912702367962266,0.15981900318150086,mammographic_dose5,0.09035580524344544,0.0706919795018782,mammographic,5,30,1
mutual_info,rf,5,0.8955448131695846,0.810099294486543,0.09021476264142851,0.1516721005386057,mammographic_dose5,0.08544551868304151,0.06145733789717718,mammographic,5,30,1
mutual_info,rf,6,0.8935523909067155,0.7939661179339779,0.08776075594180276,0.18722410832962172,mammographic_dose5,0.09958627297273759,0.09946335238781896,mammographic,5,30,1
mutual_info,rf,7,0.8953423046772929,0.8029265743402143,0.0900814543713474,0.1691996999209042,mammographic_dose5,0.09241573033707862,0.07911824554955679,mammographic,5,30,1
mutual_info,rf,8,0.8915512586011672,0.7983407368696107,0.0941254687472339,0.16786430414634546,mammographic_dose5,0.09321052173155653,0.07373883539911155,mammographic,5,30,1
mutual_info,rf,9,0.8888816305199896,0.8074623290654125,0.09300251583797114,0.16251324216331647,mammographic_dose5,0.0814193014545771,0.06951072632534533,mammographic,5,30,1
mutual_info,rf,10,0.8935589234387249,0.8113339430363211,0.08733181491864696,0.15180727943318179,mammographic_dose5,0.08222498040240378,0.06447546451453483,mammographic,5,30,1
mutual_info,rf,11,0.8938572424004878,0.806698022820312,0.08890227516016296,0.1562679429088662,mammographic_dose5,0.0871592195801758,0.06736566774870324,mammographic,5,30,1
mutual_info,rf,12,0.8936068286734605,0.806774235693755,0.09299968320738061,0.16958404776836022,mammographic_dose5,0.08683259297970558,0.07658436456097961,mammographic,5,30,1
mutual_info,rf,13,0.8945279156867868,0.8048710913683478,0.08966840197418813,0.15406351348498554,mammographic_dose5,0.08965682431843902,0.06439511151079741,mammographic,5,30,1
mutual_info,rf,14,0.8984191272537235,0.8092587753679994,0.0827223093718594,0.15133717803427876,mammographic_dose5,0.08916035188572413,0.06861486866241936,mammographic,5,30,1
mutual_info,rf,15,0.8953749673373399,0.8062124379409459,0.09054685563850723,0.15799237658152465,mammographic_dose5,0.08916252939639402,0.06744552094301742,mammographic,5,30,1
mutual_info,rf,16,0.8932584269662921,0.7930994686873964,0.09199491840459098,0.17897273577913295,mammographic_dose5,0.10015895827889565,0.08697781737454197,mammographic,5,30,1
mutual_info,rf,17,0.8973151293441337,0.8100361466771188,0.08366127298998248,0.16047404372484866,mammographic_dose5,0.08727898266701495,0.07681277073486618,mammographic,5,30,1
mutual_info,rf,18,0.8918278024562319,0.8041133176552566,0.09523178705767578,0.16256934378163923,mammographic_dose5,0.08771448480097532,0.06733755672396345,mammographic,5,30,1
mutual_info,rf,19,0.8917842522428361,0.8019118543680865,0.09086077611505235,0.1615250417003539,mammographic_dose5,0.08987239787474954,0.07066426558530155,mammographic,5,30,1
mutual_info,rf,20,0.8892648723978748,0.7957299015765177,0.09828497783434312,0.16117740588184937,mammographic_dose5,0.09353497082135709,0.06289242804750625,mammographic,5,30,1
mutual_info,rf,21,0.8942622593850711,0.8093066806027351,0.0916432439972055,0.15814336086059821,mammographic_dose5,0.08495557878233595,0.06650011686339272,mammographic,5,30,1
mutual_info,rf,22,0.8945518683041547,0.798756641407543,0.09434069519026445,0.16662839457328024,mammographic_dose5,0.09579522689661168,0.0722876993830158,mammographic,5,30,1
mutual_info,rf,23,0.8937919170803936,0.7977223238393869,0.09435798615080668,0.16467714128121247,mammographic_dose5,0.09606959324100672,0.07031915513040579,mammographic,5,30,1
mutual_info,rf,24,0.8902491072206254,0.8106785123247103,0.09373078868881025,0.16657040530746836,mammographic_dose5,0.07957059489591511,0.0728396166186581,mammographic,5,30,1
mutual_info,rf,25,0.8975764306245101,0.793249716923613,0.09256726643970908,0.1647330419502217,mammographic_dose5,0.10432671370089708,0.07216577551051262,mammographic,5,30,1
mutual_info,rf,26,0.8958845048340737,0.810495601428447,0.08689865168428643,0.15505697306711658,mammographic_dose5,0.08538890340562666,0.06815832138283015,mammographic,5,30,1
mutual_info,rf,27,0.8948828499259647,0.802654385506489,0.08406063854037776,0.16451676604369242,mammographic_dose5,0.09222846441947563,0.08045612750331466,mammographic,5,30,1
mutual_info,rf,28,0.8939399878059402,0.7980097552478008,0.09072299690582113,0.1701161654608503,mammographic_dose5,0.09593023255813937,0.07939316855502916,mammographic,5,30,1
mutual_info,rf,29,0.8974610225590107,0.8038237087361728,0.08482360917969722,0.1554843841277201,mammographic_dose5,0.09363731382283791,0.07066077494802286,mammographic,5,30,1
rf_importance,logistic,0,0.888524518770142,0.8089844090236042,0.09852645217953762,0.16203052743118512,mammographic_dose5,0.0795401097465378,0.0635040752516475,mammographic,5,30,1
rf_importance,logistic,1,0.8876099642888251,0.8035384548384287,0.0979921634396658,0.1668444725964615,mammographic_dose5,0.08407150945039643,0.06885230915679572,mammographic,5,30,1
rf_importance,logistic,2,0.8893476178033273,0.8080676770316176,0.09572029603942209,0.16641848465952128,mammographic_dose5,0.08127994077170964,0.07069818862009919,mammographic,5,30,1
rf_importance,logistic,3,0.8820573120808293,0.7967533315913248,0.10294332842840209,0.17318364528571656,mammographic_dose5,0.0853039804895045,0.07024031685731447,mammographic,5,30,1
rf_importance,logistic,4,0.8848837209302325,0.8184935981186308,0.100654145837902,0.1602190105236463,mammographic_dose5,0.06639012281160173,0.05956486468574429,mammographic,5,30,1
rf_importance,logistic,5,0.886738960020904,0.8057747582963157,0.09957031536472834,0.16611285801905623,mammographic_dose5,0.08096420172458829,0.0665425426543279,mammographic,5,30,1
rf_importance,logistic,6,0.8886943646023865,0.8014741747234562,0.10431747443168383,0.18386692786229245,mammographic_dose5,0.08722018987893032,0.07954945343060861,mammographic,5,30,1
rf_importance,logistic,7,0.8876273843741833,0.8100513892518075,0.10243098134328898,0.15858039477221503,mammographic_dose5,0.07757599512237578,0.05614941342892604,mammographic,5,30,1
rf_importance,logistic,8,0.8856153645152862,0.8059968643846356,0.09803748715130749,0.16905819025158403,mammographic_dose5,0.07961850013065064,0.07102070310027654,mammographic,5,30,1
rf_importance,logistic,9,0.8854934239177773,0.8088276282553784,0.0995130134347372,0.16381529184850402,mammographic_dose5,0.07666579566239895,0.06430227841376682,mammographic,5,30,1
rf_importance,logistic,10,0.8876360944168625,0.7983189617629127,0.09695563674758174,0.16998576689287348,mammographic_dose5,0.0893171326539498,0.07303013014529174,mammographic,5,30,1
rf_importance,logistic,11,0.8878669105478616,0.8043811514676421,0.10118958436824455,0.16772621318857298,mammographic_dose5,0.08348575908021949,0.06653662882032843,mammographic,5,30,1
rf_importance,logistic,12,0.8886203292396132,0.7994229596725024,0.09598714943028339,0.1704616236559433,mammographic_dose5,0.08919736956711077,0.07447447422565992,mammographic,5,30,1
rf_importance,logistic,13,0.8859376360944168,0.7993010190749934,0.09868794237641855,0.1709504422897926,mammographic_dose5,0.08663661701942338,0.07226249991337404,mammographic,5,30,1
rf_importance,logistic,14,0.8847704903754027,0.803018029788346,0.10006628858821859,0.1683165238863057,mammographic_dose5,0.08175246058705665,0.0682502352980871,mammographic,5,30,1
rf_importance,logistic,15,0.8909938158696976,0.8056745928055048,0.09312157265565832,0.16667478572914335,mammographic_dose5,0.08531922306419282,0.07355321307348503,mammographic,5,30,1
rf_importance,logistic,16,0.8837383503179166,0.8086926225938507,0.10246841705276173,0.16355997758528523,mammographic_dose5,0.07504572772406592,0.0610915605325235,mammographic,5,30,1
rf_importance,logistic,17,0.8835031791655779,0.8066152774148593,0.1002679124726194,0.16336308526952642,mammographic_dose5,0.07688790175071858,0.06309517279690702,mammographic,5,30,1
rf_importance,logistic,18,0.886090061841303,0.8089800540022646,0.0985245743909301,0.16486446850281755,mammographic_dose5,0.07711000783903843,0.06633989411188745,mammographic,5,30,1
rf_importance,logistic,19,0.8889469558400837,0.8039086316522951,0.0916326550315737,0.1659003147369021,mammographic_dose5,0.08503832418778856,0.07426765970532839,mammographic,5,30,1
rf_importance,logistic,20,0.8845919345004789,0.8067938332897832,0.10333333970473771,0.16481379660204343,mammographic_dose5,0.07779810121069575,0.06148045689730572,mammographic,5,30,1
rf_importance,logistic,21,0.8892561623551956,0.8051846529047991,0.09716967532233603,0.16859902770103924,mammographic_dose5,0.08407150945039643,0.07142935237870321,mammographic,5,30,1
rf_importance,logistic,22,0.8892605173765352,0.808986586534274,0.09583001866361429,0.16336622479479723,mammographic_dose5,0.0802739308422612,0.06753620613118294,mammographic,5,30,1
rf_importance,logistic,23,0.8858723107743227,0.8028808466161484,0.09970980093832826,0.16567310139356778,mammographic_dose5,0.08299146415817427,0.06596330045523952,mammographic,5,30,1
rf_importance,logistic,24,0.8850143715704206,0.802711000783904,0.10028607294543918,0.1656895537886106,mammographic_dose5,0.08230337078651662,0.06540348084317144,mammographic,5,30,1
rf_importance,logistic,25,0.8886333943036321,0.7987631739395522,0.09292388789637203,0.16865747061128306,mammographic_dose5,0.08987022036407988,0.07573358271491103,mammographic,5,30,1
rf_importance,logistic,26,0.8845745144151206,0.8040675899311907,0.1006579695992711,0.16692740265529818,mammographic_dose5,0.08050692448392993,0.06626943305602707,mammographic,5,30,1
rf_importance,logistic,27,0.8896306941904015,0.8065347095200767,0.09438518334454193,0.16328297880233278,mammographic_dose5,0.08309598467032486,0.06889779545779084,mammographic,5,30,1
rf_importance,logistic,28,0.8851188920825713,0.8080437244142497,0.09829043309499134,0.16250621671203858,mammographic_dose5,0.07707516766832168,0.06421578361704723,mammographic,5,30,1
rf_importance,logistic,29,0.8829326713700898,0.799109398136051,0.10587480011413429,0.1701214203681003,mammographic_dose5,0.08382327323403882,0.064246620253966,mammographic,5,30,1
rf_importance,rf,0,0.8941185436808642,0.805265220799582,0.09138404997970292,0.15496933887664802,mammographic_dose5,0.08885332288128223,0.06358528889694509,mammographic,5,30,1
rf_importance,rf,1,0.8921391864820138,0.8063648636878322,0.09218002326618939,0.15556191876376674,mammographic_dose5,0.08577432279418162,0.06338189549757735,mammographic,5,30,1
rf_importance,rf,2,0.8947783294138141,0.802469297099556,0.08378964614383641,0.15828513696646224,mammographic_dose5,0.09230903231425813,0.07449549082262583,mammographic,5,30,1
rf_importance,rf,3,0.893325929797056,0.8056615277414859,0.0951593883891006,0.1588626284141399,mammographic_dose5,0.08766440205557013,0.0637032400250393,mammographic,5,30,1
rf_importance,rf,4,0.8914750457277241,0.7971953662572948,0.09329952797061516,0.16449363705838543,mammographic_dose5,0.09427967947042926,0.07119410908777027,mammographic,5,30,1
rf_importance,rf,5,0.8922328194408152,0.8015329675115408,0.09385841838211954,0.15158058537522293,mammographic_dose5,0.09069985192927443,0.05772216699310338,mammographic,5,30,1
rf_importance,rf,6,0.8948305896698895,0.8092391777719712,0.08726752444088699,0.15152127049139083,mammographic_dose5,0.0855914118979183,0.06425374605050384,mammographic,5,30,1
rf_importance,rf,7,0.8930384983886421,0.8079631565194669,0.09069131082571584,0.15668329736031522,mammographic_dose5,0.0850753418691752,0.06599198653459938,mammographic,5,30,1
rf_importance,rf,8,0.8968099468687396,0.8099708213570248,0.08572023278752763,0.15691006957161785,mammographic_dose5,0.0868391255117148,0.07118983678409022,mammographic,5,30,1
rf_importance,rf,9,0.890902360421566,0.8069963417820748,0.09060244193834283,0.15782849565111207,mammographic_dose5,0.08390601863949121,0.06722605371276924,mammographic,5,30,1
rf_importance,rf,10,0.8925398484452574,0.8116017768487066,0.09228387072503139,0.15357275524599834,mammographic_dose5,0.08093807159655075,0.06128888452096695,mammographic,5,30,1
rf_importance,rf,11,0.8933411723717446,0.8023538890340564,0.09329496238484805,0.15980183676489096,mammographic_dose5,0.09098728333768824,0.06650687438004291,mammographic,5,30,1
rf_importance,rf,12,0.8912246320006968,0.7994752199285777,0.09546958868174132,0.16311332644982152,mammographic_dose5,0.09174941207211906,0.06764373776808019,mammographic,5,30,1
rf_importance,rf,13,0.8910939813605088,0.801125773016288,0.09938080584181186,0.15975041993676575,mammographic_dose5,0.08996820834422081,0.060369614094953894,mammographic,5,30,1
rf_importance,rf,14,0.8919671631390994,0.8048558487936591,0.09682422617545089,0.1574554928876752,mammographic_dose5,0.08711131434544028,0.060631266712224324,mammographic,5,30,1
rf_importance,rf,15,0.8957756293005835,0.8079130737740616,0.09670764982905687,0.15828333005931455,mammographic_dose5,0.08786255552652189,0.06157568023025768,mammographic,5,30,1
rf_importance,rf,16,0.8918778852016375,0.8100143715704208,0.10024215418895177,0.15254378830470527,mammographic_dose5,0.08186351363121669,0.052301634115753504,mammographic,5,30,1
rf_importance,rf,17,0.8887422698371221,0.8028002787213658,0.10008010533571937,0.1569078198089439,mammographic_dose5,0.08594199111575629,0.056827714473224517,mammographic,5,30,1
rf_importance,rf,18,0.8924875881891822,0.8049081090497343,0.08993178249219197,0.15743897670974244,mammographic_dose5,0.08757947913944786,0.06750719421755047,mammographic,5,30,1
rf_importance,rf,19,0.8964310600121942,0.8032902186220713,0.08758432371971972,0.1625272617852283,mammographic_dose5,0.09314084139012291,0.07494293806550859,mammographic,5,30,1
rf_importance,rf,20,0.8946411462416166,0.8033773190488633,0.08873575779052076,0.15201754718655575,mammographic_dose5,0.09126382719275328,0.06328178939603499,mammographic,5,30,1
rf_importance,rf,21,0.8942187091716749,0.8120176813866389,0.08823088119757835,0.15278601707593842,mammographic_dose5,0.08220102778503602,0.06455513587836006,mammographic,5,30,1
rf_importance,rf,22,0.8933934326278198,0.7959520076648376,0.09111150948389513,0.15710258392319545,mammographic_dose5,0.09744142496298214,0.06599107443930033,mammographic,5,30,1
rf_importance,rf,23,0.8971126208518421,0.8117433150422437,0.09254650136963187,0.15290171688311913,mammographic_dose5,0.08536930580959834,0.060355215513487256,mammographic,5,30,1
rf_importance,rf,24,0.8973760996428882,0.8011649682083444,0.08829255350464854,0.16125901039591706,mammographic_dose5,0.09621113143454385,0.07296645689126852,mammographic,5,30,1
rf_importance,rf,25,0.8968709171674941,0.8069419040153297,0.08795721284394888,0.15304684765646093,mammographic_dose5,0.0899290131521644,0.06508963481251205,mammographic,5,30,1
rf_importance,rf,26,0.8918256249455622,0.811939291002526,0.09103434776374127,0.15605751478460134,mammographic_dose5,0.07988633394303613,0.06502316702086007,mammographic,5,30,1
rf_importance,rf,27,0.8952900444212177,0.8097879104607612,0.08855200022566226,0.14663736870002397,mammographic_dose5,0.08550213396045658,0.058085368474361715,mammographic,5,30,1
rf_importance,rf,28,0.8911854368086404,0.8083855935894085,0.09627542757995763,0.1508736631707972,mammographic_dose5,0.08279984321923184,0.05459823559083957,mammographic,5,30,1
rf_importance,rf,29,0.8912202769793572,0.8076604825363645,0.09288750390578872,0.15344960993444057,mammographic_dose5,0.08355979444299277,0.06056210602865185,mammographic,5,30,1
l1_logistic,logistic,0,0.8837165752112186,0.7989787474958627,0.10163438304281121,0.1709855294140493,mammographic_dose5,0.08473782771535587,0.06935114637123808,mammographic,5,30,1
l1_logistic,logistic,1,0.8827758906018638,0.8069745666753767,0.10219558164302149,0.16818914446724936,mammographic_dose5,0.07580132392648709,0.06599356282422787,mammographic,5,30,1
l1_logistic,logistic,2,0.8843567633481404,0.8145218186569114,0.10334739293666131,0.16519020505335713,mammographic_dose5,0.06983494469122897,0.06184281211669582,mammographic,5,30,1
l1_logistic,logistic,3,0.8875185088406933,0.8018617716226809,0.0981076141130603,0.16859142436593497,mammographic_dose5,0.08565673721801237,0.07048381025287466,mammographic,5,30,1
l1_logistic,logistic,4,0.8797883459628953,0.8048122985802632,0.10765983377828874,0.16544328833955096,mammographic_dose5,0.0749760473826322,0.05778345456126223,mammographic,5,30,1
l1_logistic,logistic,5,0.884130302238481,0.8168604651162791,0.09947442535401985,0.16030442799180053,mammographic_dose5,0.06726983712220191,0.060830002637780684,mammographic,5,30,1
l1_logistic,logistic,6,0.8857068199634179,0.7974697326016897,0.09475471155034307,0.16933463216226058,mammographic_dose5,0.0882370873617282,0.07457992061191751,mammographic,5,30,1
l1_logistic,logistic,7,0.8868478355543943,0.80418735301803,0.10201512706316135,0.16590710451028545,mammographic_dose5,0.08266048253636427,0.0638919774471241,mammographic,5,30,1
l1_logistic,logistic,8,0.8900095810469472,0.8141037366083094,0.0922545803092108,0.15869830880910818,mammographic_dose5,0.07590584443863779,0.06644372849989738,mammographic,5,30,1
l1_logistic,logistic,9,0.8861510321400574,0.8077366954098075,0.09771912646743236,0.1666707252684197,mammographic_dose5,0.07841433673024989,0.06895159880098733,mammographic,5,30,1
l1_logistic,logistic,10,0.8887988851145372,0.8024388119501786,0.09358867561802242,0.16784618611669896,mammographic_dose5,0.08636007316435856,0.07425751049867654,mammographic,5,30,1
l1_logistic,logistic,11,0.8839865865342741,0.7977920041808204,0.10020647857338513,0.16866721995960246,mammographic_dose5,0.08619458235345367,0.06846074138621733,mammographic,5,30,1
l1_logistic,logistic,12,0.890153296751154,0.8005138925180735,0.09272673010239177,0.16465548788373835,mammographic_dose5,0.08963940423308048,0.07192875778134658,mammographic,5,30,1
l1_logistic,logistic,13,0.8861815172894347,0.8101929274453444,0.10152847858576833,0.1638117796310547,mammographic_dose5,0.07598858984409029,0.06228330104528637,mammographic,5,30,1
l1_logistic,logistic,14,0.8819179513979619,0.8007860813517986,0.10366645208584345,0.16883319558470627,mammographic_dose5,0.08113187004616329,0.06516674349886283,mammographic,5,30,1
l1_logistic,logistic,15,0.8860247365212089,0.8143018900792615,0.0983705317567834,0.16145034558299043,mammographic_dose5,0.07172284644194749,0.06307981382620703,mammographic,5,30,1
l1_logistic,logistic,16,0.8861684522254158,0.815837035101472,0.09855610486847792,0.16455497331922256,mammographic_dose5,0.07033141712394386,0.06599886845074464,mammographic,5,30,1
l1_logistic,logistic,17,0.879548819789217,0.8083072032052957,0.1024329256997426,0.16892614612381715,mammographic_dose5,0.07124161658392125,0.06649322042407455,mammographic,5,30,1
l1_logistic,logistic,18,0.8864166884417733,0.8045248671718491,0.09988376509739669,0.16613216299981717,mammographic_dose5,0.08189182126992423,0.06624839790242049,mammographic,5,30,1
l1_logistic,logistic,19,0.8884766135354063,0.8116235519554046,0.09641783640197252,0.16448509290805852,mammographic_dose5,0.07685306158000171,0.068067256506086,mammographic,5,30,1
l1_logistic,logistic,20,0.8836425398484452,0.8072837731904887,0.10219694762230384,0.16755328551864213,mammographic_dose5,0.07635876665795649,0.06535633789633828,mammographic,5,30,1
l1_logistic,logistic,21,0.887104781813431,0.8109245710303981,0.09773732263746068,0.1632647449424774,mammographic_dose5,0.07618021078303294,0.06552742230501671,mammographic,5,30,1
l1_logistic,logistic,22,0.8879801411026915,0.8081678425224283,0.09704693711200568,0.1632168410176444,mammographic_dose5,0.07981229858026317,0.0661699039056387,mammographic,5,30,1
l1_logistic,logistic,23,0.8904712133089451,0.8099229161222892,0.09471065975753029,0.16444790418935248,mammographic_dose5,0.0805482971866559,0.06973724443182219,mammographic,5,30,1
l1_logistic,logistic,24,0.885419388555004,0.8014480445954186,0.09837152500940845,0.1692886339227472,mammographic_dose5,0.08397134395958539,0.07091710891333876,mammographic,5,30,1
l1_logistic,logistic,25,0.8872484975176379,0.8042461458061144,0.09807624202538305,0.16516426403868006,mammographic_dose5,0.08300235171152348,0.06708802201329701,mammographic,5,30,1
l1_logistic,logistic,26,0.8880236913160875,0.81530790000871,0.09469096674823754,0.15917546601643107,mammographic_dose5,0.07271579130737749,0.06448449926819352,mammographic,5,30,1
l1_logistic,logistic,27,0.8843959585401968,0.8067437505443777,0.10232884032438364,0.16700773477443026,mammographic_dose5,0.07765220799581907,0.06467889445004663,mammographic,5,30,1
l1_logistic,logistic,28,0.8904015329675116,0.8119763086839126,0.09640186813817062,0.16153542821396488,mammographic_dose5,0.078425224283599,0.06513356007579427,mammographic,5,30,1
l1_logistic,logistic,29,0.8912072119153384,0.8135375838341607,0.09304396288639846,0.16229844435177904,mammographic_dose5,0.07766962808117761,0.06925448146538057,mammographic,5,30,1
l1_logistic,rf,0,0.8958322445779984,0.7985846180646285,0.09186842194275877,0.16133860131276423,mammographic_dose5,0.09724762651336982,0.06947017937000546,mammographic,5,30,1
l1_logistic,rf,1,0.8957625642365648,0.7987588189182128,0.08773046905211833,0.16376687177034466,mammographic_dose5,0.09700374531835199,0.07603640271822633,mammographic,5,30,1
l1_logistic,rf,2,0.8930559184740006,0.8106240745579654,0.09570528830747727,0.15163485367798796,mammographic_dose5,0.0824318439160352,0.05592956537051069,mammographic,5,30,1
l1_logistic,rf,3,0.8920673286299103,0.8012542461458061,0.09375368143312865,0.1601480438166195,mammographic_dose5,0.09081308248410425,0.06639436238349086,mammographic,5,30,1
l1_logistic,rf,4,0.8931647940074905,0.8041263827192754,0.09194665408565142,0.16306732168570368,mammographic_dose5,0.0890384112882151,0.07112066760005226,mammographic,5,30,1
l1_logistic,rf,5,0.8952051215050955,0.8059489591498998,0.08656857334386056,0.16751966715984756,mammographic_dose5,0.08925616235519562,0.080951093815987,mammographic,5,30,1
l1_logistic,rf,6,0.8969885027436635,0.8091738524518771,0.08526325249072197,0.15851373675478025,mammographic_dose5,0.08781465029178637,0.07325048426405828,mammographic,5,30,1
l1_logistic,rf,7,0.8961436286037802,0.8004507447086492,0.08873291452706636,0.16939296609229867,mammographic_dose5,0.09569288389513098,0.08066005156523232,mammographic,5,30,1
l1_logistic,rf,8,0.8879540109746538,0.7939682954446476,0.09736521872206633,0.16913043696204139,mammographic_dose5,0.09398571553000612,0.07176521823997506,mammographic,5,30,1
l1_logistic,rf,9,0.8946999390297012,0.8077497604738262,0.09271379309680991,0.15132412248662597,mammographic_dose5,0.08695017855587506,0.05861032938981606,mammographic,5,30,1
l1_logistic,rf,10,0.8966205034404668,0.8079021862207125,0.08447536029121087,0.15863396679511127,mammographic_dose5,0.08871831721975432,0.0741586065039004,mammographic,5,30,1
l1_logistic,rf,11,0.8960543506663182,0.7991398832854281,0.08700438969766913,0.17276550763409124,mammographic_dose5,0.09691446738089016,0.0857611179364221,mammographic,5,30,1
l1_logistic,rf,12,0.889857155300061,0.7970799581917952,0.09215113002873056,0.1554300545607669,mammographic_dose5,0.09277719710826582,0.06327892453203633,mammographic,5,30,1
l1_logistic,rf,13,0.8893781029527045,0.8002787213657347,0.09416761350937058,0.16128192609506586,mammographic_dose5,0.08909938158696973,0.06711431258569528,mammographic,5,30,1
l1_logistic,rf,14,0.891708039369393,0.7926922741921436,0.0994475234622937,0.1689234880656006,mammographic_dose5,0.09901576517724942,0.06947596460330689,mammographic,5,30,1
l1_logistic,rf,15,0.89515286124902,0.8054720843132133,0.0878916051226516,0.16728625847765516,mammographic_dose5,0.08968077693580678,0.07939465335500356,mammographic,5,30,1
l1_logistic,rf,16,0.8929993031965856,0.8062690532183608,0.08851216247945605,0.15946367146053922,mammographic_dose5,0.08673024997822476,0.07095150898108317,mammographic,5,30,1
l1_logistic,rf,17,0.8924592805504747,0.809097639578434,0.09217567926028017,0.1553099804843882,mammographic_dose5,0.0833616409720408,0.06313430122410804,mammographic,5,30,1
l1_logistic,rf,18,0.8922458845048341,0.8018987893040677,0.09433924396628554,0.15701529627369284,mammographic_dose5,0.09034709520076645,0.0626760523074073,mammographic,5,30,1
l1_logistic,rf,19,0.8992378712655692,0.8001154080654996,0.08137352195403372,0.16440353197475716,mammographic_dose5,0.09912246320006957,0.08303001002072344,mammographic,5,30,1
l1_logistic,rf,20,0.8905975089277938,0.8031334378538455,0.09150760231503899,0.16288437558426228,mammographic_dose5,0.08746407107394827,0.07137677326922329,mammographic,5,30,1
l1_logistic,rf,21,0.8960064454315827,0.8076822576430626,0.08622668609699151,0.15189667614689528,mammographic_dose5,0.08832418778852014,0.06566999004990377,mammographic,5,30,1
l1_logistic,rf,22,0.8887640449438202,0.8072750631478095,0.09983952591584533,0.15398051814697067,mammographic_dose5,0.08148898179601072,0.05414099223112534,mammographic,5,30,1
l1_logistic,rf,23,0.8964484800975525,0.8084857590802195,0.0837196465453097,0.16021200471964114,mammographic_dose5,0.08796272101733305,0.07649235817433145,mammographic,5,30,1
l1_logistic,rf,24,0.8962481491159308,0.8025150248236216,0.08789208030257578,0.1645672810784002,mammographic_dose5,0.09373312429230918,0.07667520077582443,mammographic,5,30,1
l1_logistic,rf,25,0.8958213570246494,0.811697587318178,0.08642124857186673,0.15269301581842143,mammographic_dose5,0.0841237697064714,0.0662717672465547,mammographic,5,30,1
l1_logistic,rf,26,0.8945627558575038,0.7995318352059926,0.09245041617136397,0.1769495248321804,mammographic_dose5,0.0950309206515112,0.08449910866081643,mammographic,5,30,1
l1_logistic,rf,27,0.8936830415469036,0.8110225590105391,0.08982465290588079,0.14651888291997298,mammographic_dose5,0.08266048253636449,0.056694230014092184,mammographic,5,30,1
l1_logistic,rf,28,0.8906998519292745,0.8067393955230382,0.09677848271209541,0.1527083658308298,mammographic_dose5,0.08396045640623628,0.0559298831187344,mammographic,5,30,1
l1_logistic,rf,29,0.8910874488284993,0.7919628081177599,0.09223869296021808,0.17733464591664158,mammographic_dose5,0.09912464071073945,0.0850959529564235,mammographic,5,30,1
mutual_info,logistic,0,0.8823621635746016,0.8069571465900184,0.09566563995128743,0.16839946309281664,mammographic_dose10,0.07540501698458324,0.07273382314152921,mammographic,10,55,1
mutual_info,logistic,1,0.8736956711087885,0.8069179513979619,0.10195951045046622,0.18367547062108602,mammographic_dose10,0.06677771971082669,0.0817159601706198,mammographic,10,55,1
mutual_info,logistic,2,0.8772929187353019,0.7968186569114188,0.10312901185695497,0.19282935138444857,mammographic_dose10,0.08047426182388306,0.0897003395274936,mammographic,10,55,1
mutual_info,logistic,3,0.885772145283512,0.8030180297883459,0.09132698937672831,0.17215182985336375,mammographic_dose10,0.08275411549516609,0.08082484047663543,mammographic,10,55,1
mutual_info,logistic,4,0.87500217751067,0.8135070986847837,0.10277145967999957,0.16213792637587118,mammographic_dose10,0.06149507882588634,0.05936646669587162,mammographic,10,55,1
mutual_info,logistic,5,0.880859681212438,0.8126622245449003,0.09247692940560584,0.1608909142204519,mammographic_dose10,0.06819745666753763,0.06841398481484606,mammographic,10,55,1
mutual_info,logistic,6,0.8803240135876665,0.8002700113230554,0.09454564019737818,0.18888386353264697,mammographic_dose10,0.08005400226461112,0.09433822333526878,mammographic,10,55,1
mutual_info,logistic,7,0.8728899921609615,0.81244447347792,0.10470306615425953,0.16298869782277045,mammographic_dose10,0.06044551868304149,0.05828563166851092,mammographic,10,55,1
mutual_info,logistic,8,0.8773669540980752,0.804977789391168,0.09643483740568166,0.1622453352789949,mammographic_dose10,0.07238916470690715,0.06581049787331324,mammographic,10,55,1
mutual_info,logistic,9,0.8806549952094765,0.8075363644281857,0.093343974145673,0.1672284590164387,mammographic_dose10,0.07311863078129088,0.07388448487076571,mammographic,10,55,1
mutual_info,logistic,10,0.8718447870394563,0.8006336556049125,0.10804495286142252,0.1681820461002737,mammographic_dose10,0.07121113143454383,0.06013709323885119,mammographic,10,55,1
mutual_info,logistic,11,0.8803327236303459,0.8090606218970473,0.09305561726933326,0.16259120269766975,mammographic_dose10,0.07127210173329857,0.06953558542833649,mammographic,10,55,1
mutual_info,logistic,12,0.8807943558923438,0.8101711523386464,0.0974514495505419,0.16420558832550283,mammographic_dose10,0.07062320355369733,0.06675413877496093,mammographic,10,55,1
mutual_info,logistic,13,0.8762694887204947,0.814108091629649,0.09793620250873158,0.1627595808502204,mammographic_dose10,0.06216139709084567,0.06482337834148882,mammographic,10,55,1
mutual_info,logistic,14,0.8810164619806635,0.806695845309642,0.09343696667604783,0.16553071347937615,mammographic_dose10,0.07432061667102152,0.07209374680332832,mammographic,10,55,1
mutual_info,logistic,15,0.8740614929013153,0.8005117150074036,0.10079546191048797,0.18099959918795577,mammographic_dose10,0.0735497778939117,0.08020413727746781,mammographic,10,55,1
mutual_info,logistic,16,0.8796010800452921,0.7997670063583312,0.09753341725134028,0.1703025047888177,mammographic_dose10,0.07983407368696094,0.07276908753747742,mammographic,10,55,1
mutual_info,logistic,17,0.874954272275934,0.8087971431060013,0.1021250328361459,0.16753728930066394,mammographic_dose10,0.06615712916993277,0.06541225646451805,mammographic,10,55,1
mutual_info,logistic,18,0.8793528438289347,0.7976265133699154,0.09594252283859679,0.17041214611298258,mammographic_dose10,0.08172633045901934,0.07446962327438579,mammographic,10,55,1
mutual_info,logistic,19,0.8711044334117237,0.8075167668321575,0.10381355457583444,0.16339255318734613,mammographic_dose10,0.06358766657956627,0.059578998611511697,mammographic,10,55,1
mutual_info,logistic,20,0.8823970037453183,0.8192274192143544,0.09287983455767711,0.15319027885022074,mammographic_dose10,0.06316958453096388,0.06031044429254363,mammographic,10,55,1
mutual_info,logistic,21,0.8749194321052174,0.8079696890514764,0.1057184263825717,0.1651556554031825,mammographic_dose10,0.06694974305374102,0.0594372290206108,mammographic,10,55,1
mutual_info,logistic,22,0.8749847574253112,0.8097095200766484,0.09955966283401715,0.1624256497125775,mammographic_dose10,0.0652752373486628,0.06286598687856035,mammographic,10,55,1
mutual_info,logistic,23,0.8846616148419126,0.8091760299625468,0.08894842876776159,0.16084647803940658,mammographic_dose10,0.07548558487936585,0.07189804927164499,mammographic,10,55,1
mutual_info,logistic,24,0.8799189966030834,0.8098989635049211,0.0925690898254084,0.16180955745169368,mammographic_dose10,0.0700200330981623,0.06924046762628527,mammographic,10,55,1
mutual_info,logistic,25,0.873434369828412,0.8122768051563454,0.10117993465856168,0.1620066134067759,mammographic_dose10,0.06115756467206668,0.060826678748214236,mammographic,10,55,1
mutual_info,logistic,26,0.8701158435676336,0.8147918299799668,0.11029948933263385,0.1609841827772295,mammographic_dose10,0.05532401358766681,0.050684693444595655,mammographic,10,55,1
mutual_info,logistic,27,0.8794486542984061,0.7992879540109747,0.09624928164417683,0.16947787088296856,mammographic_dose10,0.08016070028743139,0.07322858923879173,mammographic,10,55,1
mutual_info,logistic,28,0.8736477658740528,0.8110944168626427,0.10103111853930308,0.16427468987517801,mammographic_dose10,0.06255334901141008,0.06324357133587494,mammographic,10,55,1
mutual_info,logistic,29,0.8764611096594374,0.8063343785384548,0.09731561904258053,0.1617316044193528,mammographic_dose10,0.07012673112098256,0.06441598537677228,mammographic,10,55,1
mutual_info,rf,0,0.8950853584182563,0.8054437766745058,0.09171338865524492,0.15937784647649658,mammographic_dose10,0.08964158174375048,0.06766445782125166,mammographic,10,55,1
mutual_info,rf,1,0.8998062015503876,0.8078150857939204,0.08642004730683772,0.16557815596408337,mammographic_dose10,0.09199111575646723,0.07915810865724565,mammographic,10,55,1
mutual_info,rf,2,0.8959955578782336,0.8124335859245709,0.08728556709065868,0.15127298269569167,mammographic_dose10,0.08356197195366266,0.06398741560503299,mammographic,10,55,1
mutual_info,rf,3,0.8961218534970821,0.7967250239526174,0.08810640067352324,0.17022745745552997,mammographic_dose10,0.09939682954446472,0.08212105678200673,mammographic,10,55,1
mutual_info,rf,4,0.8966705861858724,0.8117781552129606,0.08637699603089705,0.15140340969516836,mammographic_dose10,0.08489243097291177,0.06502641366427131,mammographic,10,55,1
mutual_info,rf,5,0.8927075167668321,0.804492204511802,0.09390242073742291,0.17804462303649093,mammographic_dose10,0.0882153122550301,0.08414220229906802,mammographic,10,55,1
mutual_info,rf,6,0.8951550387596899,0.8134570159393781,0.09007862612222697,0.1491777676753449,mammographic_dose10,0.0816980228203118,0.059099141553117934,mammographic,10,55,1
mutual_info,rf,7,0.8956711087884331,0.8001284731295184,0.09032140992971674,0.15667870274648782,mammographic_dose10,0.09554263565891474,0.06635729281677108,mammographic,10,55,1
mutual_info,rf,8,0.8965769532270709,0.8026696280811775,0.08557253737180928,0.16487381105448642,mammographic_dose10,0.0939073251458934,0.07930127368267714,mammographic,10,55,1
mutual_info,rf,9,0.898273234038847,0.8133677380019163,0.08813259072701349,0.16502964438027665,mammographic_dose10,0.08490549603693065,0.07689705365326316,mammographic,10,55,1
mutual_info,rf,10,0.8931713265395,0.8023647765874053,0.09090613599764275,0.1571318766907698,mammographic_dose10,0.0908065499520947,0.06622574069312706,mammographic,10,55,1
mutual_info,rf,11,0.8981904886333942,0.8040958975698982,0.09014870342635306,0.1748199937979336,mammographic_dose10,0.09409459106349605,0.08467129037158053,mammographic,10,55,1
mutual_info,rf,12,0.8929557529831896,0.8064345440292657,0.09844866039285655,0.15806315607356625,mammographic_dose10,0.0865212089539239,0.0596144956807097,mammographic,10,55,1
mutual_info,rf,13,0.8943994425572686,0.8053697413117326,0.08761860325219424,0.15865280365171924,mammographic_dose10,0.089029701245536,0.071034200399525,mammographic,10,55,1
mutual_info,rf,14,0.9013609441686264,0.7930080132392647,0.08299794007741293,0.1686941411671849,mammographic_dose10,0.10835293092936171,0.08569620108977197,mammographic,10,55,1
mutual_info,rf,15,0.8982558139534884,0.8087688354672938,0.0874672767426535,0.1559381020172886,mammographic_dose10,0.08948697848619458,0.0684708252746351,mammographic,10,55,1
mutual_info,rf,16,0.8973107743227942,0.8007381761170631,0.08702080333304249,0.16231105095870835,mammographic_dose10,0.09657259820573105,0.07529024762566586,mammographic,10,55,1
mutual_info,rf,17,0.8976156258165666,0.8026957582092151,0.08910122907852043,0.16206343287803676,mammographic_dose10,0.0949198676073515,0.07296220379951633,mammographic,10,55,1
mutual_info,rf,18,0.8966880062712308,0.8029853671282989,0.08534236816423604,0.16274216345323597,mammographic_dose10,0.09370263914293187,0.07739979528899993,mammographic,10,55,1
mutual_info,rf,19,0.8960739482623464,0.8080502569462591,0.08944208493361089,0.1617450543514219,mammographic_dose10,0.08802369131608734,0.072302969417811,mammographic,10,55,1
mutual_info,rf,20,0.8921740266527307,0.8037736259907674,0.0931572737855503,0.16367808584764731,mammographic_dose10,0.08840040066196331,0.07052081206209701,mammographic,10,55,1
mutual_info,rf,21,0.8942775019597595,0.7996929709955578,0.08822904024387329,0.16694573751117436,mammographic_dose10,0.09458453096420172,0.07871669726730107,mammographic,10,55,1
mutual_info,rf,22,0.8969471300409372,0.7987261562581658,0.08821395172593441,0.15630954113259496,mammographic_dose10,0.09822097378277139,0.06809558940666055,mammographic,10,55,1
mutual_info,rf,23,0.9010517376535145,0.8041372702726244,0.08135781850739099,0.17076849881645859,mammographic_dose10,0.09691446738089016,0.0894106803090676,mammographic,10,55,1
mutual_info,rf,24,0.8959345875794791,0.7916753767093461,0.09495297844025499,0.17965793351275666,mammographic_dose10,0.10425921087013301,0.08470495507250167,mammographic,10,55,1
mutual_info,rf,25,0.8973891647069071,0.8094460412856024,0.08893011686481905,0.16799665012499926,mammographic_dose10,0.08794312342130473,0.0790665332601802,mammographic,10,55,1
mutual_info,rf,26,0.8961850013065065,0.8100143715704207,0.09604099225866461,0.14873409509437174,mammographic_dose10,0.0861706297360858,0.052693102835707134,mammographic,10,55,1
mutual_info,rf,27,0.8988350317916558,0.8079979966901838,0.09474375995341477,0.14974161322545437,mammographic_dose10,0.09083703510147201,0.0549978532720396,mammographic,10,55,1
mutual_info,rf,28,0.8981948436547339,0.809350230816131,0.08818611327582897,0.15925654074127948,mammographic_dose10,0.0888446128386029,0.07107042746545052,mammographic,10,55,1
mutual_info,rf,29,0.8971169758731817,0.800805678947827,0.08679829599018163,0.16613363027407002,mammographic_dose10,0.09631129692535478,0.07933533428388839,mammographic,10,55,1
rf_importance,logistic,0,0.8721147983625118,0.8142039020991202,0.10367220657313062,0.1600923052744161,mammographic_dose10,0.05791089626339163,0.056420098701285476,mammographic,10,55,1
rf_importance,logistic,1,0.8768574166013414,0.801256423656476,0.09597902420416546,0.16762721138472925,mammographic_dose10,0.07560099294486544,0.07164818718056379,mammographic,10,55,1
rf_importance,logistic,2,0.8780245623203554,0.8038650814388991,0.09536609429310311,0.16470888008711407,mammographic_dose10,0.0741594808814563,0.06934278579401096,mammographic,10,55,1
rf_importance,logistic,3,0.8714310600121941,0.814482623464855,0.10067031063386024,0.16086668431666756,mammographic_dose10,0.056948436547339054,0.06019637368280732,mammographic,10,55,1
rf_importance,logistic,4,0.8800844874139884,0.8094525738176116,0.09480266281304844,0.16910447115178148,mammographic_dose10,0.07063191359637677,0.07430180833873304,mammographic,10,55,1
rf_importance,logistic,5,0.8802761083529309,0.8139948610748193,0.09225343940782313,0.16058135489103675,mammographic_dose10,0.06628124727811158,0.06832791548321362,mammographic,10,55,1
rf_importance,logistic,6,0.873160003484017,0.8063866387945302,0.10052270643708386,0.16795357952621925,mammographic_dose10,0.0667733646894868,0.0674308730891354,mammographic,10,55,1
rf_importance,logistic,7,0.8732645239961676,0.8067393955230381,0.10327604990727865,0.1653847900412136,mammographic_dose10,0.06652512847312952,0.06210874013393494,mammographic,10,55,1
rf_importance,logistic,8,0.8784121592195802,0.8087710129779635,0.09583601656532553,0.16491615341727986,mammographic_dose10,0.06964114624161666,0.06908013685195433,mammographic,10,55,1
rf_importance,logistic,9,0.8804415991638358,0.8151903144325408,0.0933980925429638,0.1620312027915671,mammographic_dose10,0.06525128473129505,0.0686331102486033,mammographic,10,55,1
rf_importance,logistic,10,0.8773059837993206,0.8122855151990245,0.10133770456418788,0.16200415984987643,mammographic_dose10,0.06502046860029609,0.06066645528568855,mammographic,10,55,1
rf_importance,logistic,11,0.8755639752634787,0.8092696629213484,0.09960713977699982,0.16597165975434833,mammographic_dose10,0.06629431234213035,0.0663645199773485,mammographic,10,55,1
rf_importance,logistic,12,0.8823752286386204,0.8049102865604041,0.09164247583642586,0.16395253818685013,mammographic_dose10,0.0774649420782163,0.07231006235042427,mammographic,10,55,1
rf_importance,logistic,13,0.8737609964288826,0.8045205121505096,0.10067848716487342,0.1641958978878765,mammographic_dose10,0.06924048427837304,0.06351741072300308,mammographic,10,55,1
rf_importance,logistic,14,0.8802064280114973,0.8054764393345527,0.09227257410154319,0.16665747381151355,mammographic_dose10,0.07472998867694458,0.07438489970997036,mammographic,10,55,1
rf_importance,logistic,15,0.8834509189095027,0.7996058705687658,0.08954348767679596,0.1691297836752645,mammographic_dose10,0.08384504834073692,0.07958629599846853,mammographic,10,55,1
rf_importance,logistic,16,0.874910722062538,0.8023299364166885,0.09635829739610685,0.1709887835749131,mammographic_dose10,0.07258078564584947,0.07463048617880624,mammographic,10,55,1
rf_importance,logistic,17,0.8752678338123856,0.8077911331765526,0.09802252735406489,0.16336173667196427,mammographic_dose10,0.067476700635833,0.06533920931789938,mammographic,10,55,1
rf_importance,logistic,18,0.869362424875882,0.8112838602909154,0.10879110068924981,0.1612527524169269,mammographic_dose10,0.05807856458496663,0.0524616517276771,mammographic,10,55,1
rf_importance,logistic,19,0.8838080306593503,0.8018399965159829,0.09050438053420602,0.1668281332369833,mammographic_dose10,0.0819680341433674,0.07632375270277729,mammographic,10,55,1
rf_importance,logistic,20,0.8819135963766224,0.8007011584356762,0.09186754808891356,0.16696180149444817,mammographic_dose10,0.08121243794094613,0.0750942534055346,mammographic,10,55,1
rf_importance,logistic,21,0.871992857765003,0.803050692448393,0.10228190464648712,0.16608083057114853,mammographic_dose10,0.06894216531661002,0.06379892592466141,mammographic,10,55,1
rf_importance,logistic,22,0.8734909851058271,0.8039456493336817,0.10315188541253184,0.16616228282019724,mammographic_dose10,0.06954533577214539,0.0630103974076654,mammographic,10,55,1
rf_importance,logistic,23,0.8699634178207473,0.8127166623116453,0.10363122781408687,0.16265375574300067,mammographic_dose10,0.057246755509101965,0.0590225279289138,mammographic,10,55,1
rf_importance,logistic,24,0.8799320616671021,0.8137030746450657,0.09440317513995673,0.15964299314106858,mammographic_dose10,0.06622898702203639,0.06523981800111185,mammographic,10,55,1
rf_importance,logistic,25,0.8737392213221846,0.8032357808553262,0.10187441683691324,0.16784756639361956,mammographic_dose10,0.07050344046685841,0.06597314955670631,mammographic,10,55,1
rf_importance,logistic,26,0.8714179949481753,0.8085728595070116,0.10297490561494517,0.16537482224083003,mammographic_dose10,0.06284513544116366,0.06239991662588486,mammographic,10,55,1
rf_importance,logistic,27,0.8772754986499434,0.8034665969863253,0.09767733124115355,0.16590370865607323,mammographic_dose10,0.07380890166361809,0.06822637741491969,mammographic,10,55,1
rf_importance,logistic,28,0.8676029962546817,0.8120285689399878,0.11115585066003857,0.16422606823904506,mammographic_dose10,0.055574427314693975,0.0530702175790065,mammographic,10,55,1
rf_importance,logistic,29,0.8729553174810557,0.8005530877101297,0.10518662367794265,0.16742613230739922,mammographic_dose10,0.07240222977092603,0.06223950862945657,mammographic,10,55,1
rf_importance,rf,0,0.9014654646807769,0.8020141973695674,0.0880558194469487,0.15892810008228433,mammographic_dose10,0.09945126731120957,0.07087228063533564,mammographic,10,55,1
rf_importance,rf,1,0.8976134483058966,0.8000849229161224,0.08709695749712784,0.16998845312669922,mammographic_dose10,0.09752852538977419,0.08289149562957138,mammographic,10,55,1
rf_importance,rf,2,0.8926944517028134,0.8008405191185437,0.08986516080006425,0.16381844225257874,mammographic_dose10,0.09185393258426966,0.0739532814525145,mammographic,10,55,1
rf_importance,rf,3,0.8967054263565891,0.7973412594721715,0.08593678871944986,0.16355039111728964,mammographic_dose10,0.09936416688441763,0.07761360239783978,mammographic,10,55,1
rf_importance,rf,4,0.8956776413204425,0.8088276282553785,0.08823765821059618,0.1556523496547943,mammographic_dose10,0.08685001306506401,0.06741469144419812,mammographic,10,55,1
rf_importance,rf,5,0.8989831025172024,0.8060926748541068,0.08606603476366387,0.1714133753758098,mammographic_dose10,0.09289042766309552,0.08534734061214594,mammographic,10,55,1
rf_importance,rf,6,0.897334726940162,0.7993859419911157,0.08949790112326562,0.16177421425620284,mammographic_dose10,0.09794878494904635,0.07227631313293721,mammographic,10,55,1
rf_importance,rf,7,0.8954860203814998,0.8049973869871964,0.09197464786647683,0.1582984297680201,mammographic_dose10,0.09048863339430346,0.06632378190154328,mammographic,10,55,1
rf_importance,rf,8,0.899218273669541,0.800507359986064,0.09455058130703585,0.15889351887207126,mammographic_dose10,0.09871091368347695,0.06434293756503541,mammographic,10,55,1
rf_importance,rf,9,0.8990571378799755,0.8073556310425921,0.0859442244862012,0.16437959569855115,mammographic_dose10,0.09170150683738343,0.07843537121234995,mammographic,10,55,1
rf_importance,rf,10,0.8962045989025347,0.801620067938333,0.08661249417714217,0.17135235835928408,mammographic_dose10,0.09458453096420172,0.08473986418214191,mammographic,10,55,1
rf_importance,rf,11,0.9027197108265832,0.8079588014981274,0.08279716235972277,0.15862638466607243,mammographic_dose10,0.09476090932845582,0.07582922230634966,mammographic,10,55,1
rf_importance,rf,12,0.8972149638533229,0.8076234648549778,0.08693445770687944,0.15442121182078208,mammographic_dose10,0.08959149899834506,0.06748675411390265,mammographic,10,55,1
rf_importance,rf,13,0.8964724327149203,0.8093567633481404,0.09139548388703726,0.15010989694520016,mammographic_dose10,0.08711566936677984,0.0587144130581629,mammographic,10,55,1
rf_importance,rf,14,0.8984409023604215,0.7993140841390124,0.08675607723239345,0.17258325058316684,mammographic_dose10,0.09912681822140912,0.08582717335077339,mammographic,10,55,1
rf_importance,rf,15,0.894615016113579,0.8040066196324362,0.0924452580875259,0.1603042017432143,mammographic_dose10,0.09060839648114272,0.0678589436556884,mammographic,10,55,1
rf_importance,rf,16,0.899052782858636,0.8026826931451965,0.08726810279448428,0.16084302132665534,mammographic_dose10,0.09637008971343952,0.07357491853217106,mammographic,10,55,1
rf_importance,rf,17,0.8952878669105477,0.7960020904102431,0.0890621719935944,0.16156020454445685,mammographic_dose10,0.09928577650030468,0.07249803255086246,mammographic,10,55,1
rf_importance,rf,18,0.8975307029004442,0.7999804024039718,0.09029179428342092,0.17278295261287713,mammographic_dose10,0.0975503004964724,0.08249115832945621,mammographic,10,55,1
rf_importance,rf,19,0.8995013500566152,0.8035449873704381,0.08398495899149183,0.1660574318384863,mammographic_dose10,0.09595636268617713,0.08207247284699448,mammographic,10,55,1
rf_importance,rf,20,0.9007164010103649,0.8114798362511976,0.08092295307774325,0.15105466253026628,mammographic_dose10,0.0892365647591673,0.07013170945252303,mammographic,10,55,1
rf_importance,rf,21,0.8954686002961414,0.8058379061057399,0.08887774307595345,0.1509163424824172,mammographic_dose10,0.08963069419040148,0.06203859940646375,mammographic,10,55,1
rf_importance,rf,22,0.8972410939813606,0.8062102604302762,0.08867177994480481,0.15971974141352818,mammographic_dose10,0.09103083355108443,0.07104796146872337,mammographic,10,55,1
rf_importance,rf,23,0.8974784426443689,0.806508579392039,0.08279914624246232,0.15836393604142182,mammographic_dose10,0.09096986325232992,0.0755647897989595,mammographic,10,55,1
rf_importance,rf,24,0.8922045118021079,0.7974501350056616,0.09067658728797674,0.17491445174449982,mammographic_dose10,0.09475437679644627,0.08423786445652308,mammographic,10,55,1
rf_importance,rf,25,0.8948610748192667,0.8007773713091193,0.09083281483107425,0.1583512306192358,mammographic_dose10,0.09408370351014739,0.06751841578816156,mammographic,10,55,1
rf_importance,rf,26,0.8951724588450484,0.810208170020033,0.09035260893426442,0.15555562920448557,mammographic_dose10,0.08496428882501539,0.06520302027022115,mammographic,10,55,1
rf_importance,rf,27,0.8963156519466945,0.7982579914641582,0.08843860725663863,0.17317706453030787,mammographic_dose10,0.09805766048253628,0.08473845727366924,mammographic,10,55,1
rf_importance,rf,28,0.897212786342653,0.8040937200592284,0.09075300624946349,0.16460910488406977,mammographic_dose10,0.09311906628342459,0.07385609863460628,mammographic,10,55,1
rf_importance,rf,29,0.8978116017768487,0.8083028481839563,0.08845658816556906,0.16665778178845986,mammographic_dose10,0.08950875359289245,0.0782011936228908,mammographic,10,55,1
l1_logistic,logistic,0,0.8790654124205208,0.8030136747670064,0.09876305192362805,0.1643704736407656,mammographic_dose10,0.07605173765351447,0.06560742171713754,mammographic,10,55,1
l1_logistic,logistic,1,0.8780289173416951,0.8081417123943908,0.09694071313967295,0.1621848903537072,mammographic_dose10,0.06988720494730427,0.06524417721403425,mammographic,10,55,1
l1_logistic,logistic,2,0.8815477745840954,0.8016287779810122,0.09361348458807166,0.16650543188435002,mammographic_dose10,0.07991899660308321,0.07289194729627836,mammographic,10,55,1
l1_logistic,logistic,3,0.875759951223761,0.8010234300148071,0.09712491685540947,0.16847279604937065,mammographic_dose10,0.07473652120895391,0.07134787919396118,mammographic,10,55,1
l1_logistic,logistic,4,0.8778198763173939,0.8157238045466424,0.0971235517486233,0.16282497470635648,mammographic_dose10,0.06209607177075149,0.06570142295773318,mammographic,10,55,1
l1_logistic,logistic,5,0.8748802369131609,0.808283250587928,0.09760687350612358,0.16164721961043335,mammographic_dose10,0.06659698632523281,0.06404034610430977,mammographic,10,55,1
l1_logistic,logistic,6,0.877014197369567,0.8109419911157566,0.0990414676657512,0.1612354753198554,mammographic_dose10,0.06607220625381038,0.06219400765410421,mammographic,10,55,1
l1_logistic,logistic,7,0.8797883459628953,0.8106110094939464,0.09608790276243402,0.16139366717958784,mammographic_dose10,0.06917733646894897,0.06530576441715381,mammographic,10,55,1
l1_logistic,logistic,8,0.8814780942426618,0.8043985715530007,0.09255427450576877,0.16590575389362722,mammographic_dose10,0.07707952268966112,0.07335147938785845,mammographic,10,55,1
l1_logistic,logistic,9,0.8757251110530442,0.8074209563626863,0.10341718458699031,0.16241565719171808,mammographic_dose10,0.06830415469035789,0.058998472604727764,mammographic,10,55,1
l1_logistic,logistic,10,0.8725503004964725,0.8072424004877624,0.10496035751194747,0.1686940619684671,mammographic_dose10,0.06530790000871012,0.06373370445651962,mammographic,10,55,1
l1_logistic,logistic,11,0.8710739482623465,0.8095723369044509,0.10111141067593649,0.1642113793378676,mammographic_dose10,0.06150161135789567,0.06309996866193113,mammographic,10,55,1
l1_logistic,logistic,12,0.8750283076387075,0.8037191882240223,0.0983405314728795,0.16504114608871742,mammographic_dose10,0.07130911941468521,0.06670061461583793,mammographic,10,55,1
l1_logistic,logistic,13,0.8811950178555874,0.8047883459628953,0.0924948977911248,0.16624410281819343,mammographic_dose10,0.07640667189269212,0.07374920502706864,mammographic,10,55,1
l1_logistic,logistic,14,0.8779243968295445,0.7949416427140493,0.0965661885598248,0.18742533765920139,mammographic_dose10,0.08298275411549516,0.09085914909937659,mammographic,10,55,1
l1_logistic,logistic,15,0.8844482187962721,0.808788433063322,0.09017724763177679,0.1637168035597136,mammographic_dose10,0.07565978573295007,0.07353955592793682,mammographic,10,55,1
l1_logistic,logistic,16,0.8783468338994862,0.8023625990767357,0.09649519898638148,0.16965177218702254,mammographic_dose10,0.07598423482275052,0.07315657320064106,mammographic,10,55,1
l1_logistic,logistic,17,0.8683999651598292,0.8036473303719187,0.1079336762889645,0.16594017912630965,mammographic_dose10,0.06475263478791049,0.05800650283734515,mammographic,10,55,1
l1_logistic,logistic,18,0.8709171674941207,0.8084879365908892,0.10477852891710221,0.1605641111771671,mammographic_dose10,0.06242923090323149,0.055785582260064887,mammographic,10,55,1
l1_logistic,logistic,19,0.87521992857765,0.8064301890079263,0.09773775693669323,0.16868800369105882,mammographic_dose10,0.06878973956972367,0.07095024675436559,mammographic,10,55,1
l1_logistic,logistic,20,0.8730249978224892,0.8025280898876406,0.10353094775032476,0.16839699909756026,mammographic_dose10,0.07049690793484864,0.0648660513472355,mammographic,10,55,1
l1_logistic,logistic,21,0.8787300757773713,0.807179252678338,0.09616821257503863,0.16572530830274707,mammographic_dose10,0.07155082309903327,0.06955709572770843,mammographic,10,55,1
l1_logistic,logistic,22,0.8793310687222367,0.806684957756293,0.09487381386841513,0.16396654599303567,mammographic_dose10,0.07264611096594364,0.06909273212462054,mammographic,10,55,1
l1_logistic,logistic,23,0.8759907673547599,0.7963091194146852,0.09617235140349267,0.16856257005926822,mammographic_dose10,0.0796816479400747,0.07239021865577555,mammographic,10,55,1
l1_logistic,logistic,24,0.8792875185088407,0.8041481578259735,0.10011021562336966,0.16654178745213374,mammographic_dose10,0.0751393606828672,0.06643157182876408,mammographic,10,55,1
l1_logistic,logistic,25,0.8761910983363816,0.8128930406758994,0.10165612934803485,0.16164643249441635,mammographic_dose10,0.06329805766048224,0.0599903031463815,mammographic,10,55,1
l1_logistic,logistic,26,0.8716052608657784,0.8103584182562497,0.10676952666272063,0.16419275177817177,mammographic_dose10,0.06124684260952873,0.05742322511545114,mammographic,10,55,1
l1_logistic,logistic,27,0.8780985976831286,0.8119458235345354,0.09799457111008512,0.16392464113344526,mammographic_dose10,0.06615277414859322,0.06593007002336014,mammographic,10,55,1
l1_logistic,logistic,28,0.8744098946084834,0.805297883459629,0.10060708417657215,0.16375217629738165,mammographic_dose10,0.06911201114885435,0.0631450921208095,mammographic,10,55,1
l1_logistic,logistic,29,0.8741573033707866,0.8043288912115669,0.10113835481143635,0.16715909465505166,mammographic_dose10,0.06982841215921964,0.06602073984361531,mammographic,10,55,1
l1_logistic,rf,0,0.8943689574078914,0.796927532444909,0.09360322335000004,0.16068862341126922,mammographic_dose10,0.09744142496298236,0.06708540006126917,mammographic,10,55,1
l1_logistic,rf,1,0.8992879540109746,0.8065630171587841,0.09362289433516946,0.15748576973043613,mammographic_dose10,0.09272493685219052,0.06386287539526667,mammographic,10,55,1
l1_logistic,rf,2,0.898392997125686,0.8106850448567199,0.08912358317853561,0.15227788289733915,mammographic_dose10,0.0877079522689661,0.06315429971880354,mammographic,10,55,1
l1_logistic,rf,3,0.8993772319484366,0.8100535667624772,0.0811805221215206,0.15055436828316665,mammographic_dose10,0.08932366518595936,0.06937384616164605,mammographic,10,55,1
l1_logistic,rf,4,0.8980576604825363,0.8018813692187092,0.08643363468685333,0.18003556449126804,mammographic_dose10,0.0961762912638271,0.0936019298044147,mammographic,10,55,1
l1_logistic,rf,5,0.899954272275934,0.8033642539848446,0.08591222722612735,0.15527314400405162,mammographic_dose10,0.09659001829108949,0.06936091677792428,mammographic,10,55,1
l1_logistic,rf,6,0.8950744708649073,0.8098684783555439,0.0907728199741547,0.14897560132239682,mammographic_dose10,0.08520599250936345,0.05820278134824211,mammographic,10,55,1
l1_logistic,rf,7,0.8970908457451441,0.8086425398484453,0.0862417132415644,0.16466267264856307,mammographic_dose10,0.08844830589669883,0.07842095940699867,mammographic,10,55,1
l1_logistic,rf,8,0.8948109920738612,0.8075537845135441,0.08773118650729728,0.16108971092279709,mammographic_dose10,0.08725720756031707,0.07335852441549981,mammographic,10,55,1
l1_logistic,rf,9,0.8981512934413379,0.8083747060360595,0.08648594688658942,0.16172676295147126,mammographic_dose10,0.08977658740527839,0.07524081606488184,mammographic,10,55,1
l1_logistic,rf,10,0.895782161832593,0.8008579392039021,0.09251867499161634,0.16767105780240865,mammographic_dose10,0.09492422262869082,0.07515238281079231,mammographic,10,55,1
l1_logistic,rf,11,0.8978072467555092,0.809219580175943,0.08503737338517472,0.1560591662865226,mammographic_dose10,0.08858766657956618,0.07102179290134789,mammographic,10,55,1
l1_logistic,rf,12,0.8924614580611445,0.8142039020991203,0.09113454300673379,0.15388410041804845,mammographic_dose10,0.07825755596202422,0.06274955741131466,mammographic,10,55,1
l1_logistic,rf,13,0.8997147461022558,0.8091651424091979,0.08245765405135669,0.15450881240598302,mammographic_dose10,0.09054960369305787,0.07205115835462633,mammographic,10,55,1
l1_logistic,rf,14,0.8927706645762564,0.8045727724065849,0.09436619331608048,0.1588924232898514,mammographic_dose10,0.08819789216967155,0.06452622997377092,mammographic,10,55,1
l1_logistic,rf,15,0.8981251633133003,0.8054111140144586,0.08805884932523109,0.15754231642176916,mammographic_dose10,0.09271404929884164,0.06948346709653808,mammographic,10,55,1
l1_logistic,rf,16,0.8954903754028395,0.8019706471561711,0.09151002571672776,0.15510743076342426,mammographic_dose10,0.09351972824666843,0.0635974050466965,mammographic,10,55,1
l1_logistic,rf,17,0.9000391951920563,0.7977658740527829,0.08177721673764154,0.15879412235373974,mammographic_dose10,0.10227332113927345,0.0770169056160982,mammographic,10,55,1
l1_logistic,rf,18,0.8985802630432889,0.8084596289521819,0.08913041420482881,0.15847982070792688,mammographic_dose10,0.09012063409110693,0.06934940650309807,mammographic,10,55,1
l1_logistic,rf,19,0.8981142757599513,0.8108048079435589,0.0820825930806826,0.155447192715764,mammographic_dose10,0.08730946781639237,0.07336459963508139,mammographic,10,55,1
l1_logistic,rf,20,0.8944582353453532,0.8037409633307202,0.0919264616794913,0.1649071937848146,mammographic_dose10,0.09071727201463298,0.07298073210532331,mammographic,10,55,1
l1_logistic,rf,21,0.896897047295532,0.8038585489068897,0.08608169784866787,0.16029165394467398,mammographic_dose10,0.09303849838864231,0.07420995609600611,mammographic,10,55,1
l1_logistic,rf,22,0.8963374270533926,0.814966030833551,0.09032973375785654,0.15228101634146107,mammographic_dose10,0.08137139621984157,0.061951282583604536,mammographic,10,55,1
l1_logistic,rf,23,0.898094678163923,0.8091586098771885,0.08722457321481498,0.15120604621952327,mammographic_dose10,0.0889360682867345,0.06398147300470829,mammographic,10,55,1
l1_logistic,rf,24,0.8996080480794356,0.8074187788520164,0.08055132818715725,0.1676664479968068,mammographic_dose10,0.09218926922741921,0.08711511980964955,mammographic,10,55,1
l1_logistic,rf,25,0.8961762912638273,0.8044878494904626,0.08738474291776739,0.1554821770427064,mammographic_dose10,0.09168844177336466,0.068097434124939,mammographic,10,55,1
l1_logistic,rf,26,0.8992269837122202,0.7979553174810557,0.08186874461550583,0.16120720668698402,mammographic_dose10,0.10127166623116446,0.07933846207147818,mammographic,10,55,1
l1_logistic,rf,27,0.8988176117062974,0.7927053392561624,0.08321580782981129,0.19009972060286562,mammographic_dose10,0.10611227245013499,0.10688391277305433,mammographic,10,55,1
l1_logistic,rf,28,0.8958670847487153,0.8062603431756815,0.08715499962471207,0.16407053069639455,mammographic_dose10,0.08960674157303383,0.07691553107168247,mammographic,10,55,1
l1_logistic,rf,29,0.8971779461719362,0.8069462590366694,0.08925582925845235,0.16353880700179454,mammographic_dose10,0.09023168713526686,0.0742829777433422,mammographic,10,55,1
mutual_info,logistic,0,0.8137221269296742,0.8393653516295025,0.06984696536767382,0.058551212944115846,spectf_dose0,-0.025643224699828382,-0.011295752423557973,spectf,0,44,11
mutual_info,logistic,1,0.8071183533447684,0.8176672384219554,0.07385135795266955,0.06613067005780136,spectf_dose0,-0.010548885077186987,-0.007720687894868183,spectf,0,44,11
mutual_info,logistic,2,0.8221269296740995,0.8260720411663807,0.0667777569821265,0.0645743489438248,spectf_dose0,-0.003945111492281161,-0.002203408038301699,spectf,0,44,11
mutual_info,logistic,3,0.8277015437392796,0.8440823327615782,0.06540485526001585,0.05794881825931416,spectf_dose0,-0.01638078902229856,-0.007456037000701694,spectf,0,44,11
mutual_info,logistic,4,0.8242710120068611,0.848885077186964,0.06623622865832927,0.056057156755858005,spectf_dose0,-0.024614065180102895,-0.01017907190247127,spectf,0,44,11
mutual_info,logistic,5,0.8214408233276158,0.8248713550600344,0.06860331049550226,0.06740152053799801,spectf_dose0,-0.0034305317324185847,-0.0012017899575042512,spectf,0,44,11
mutual_info,logistic,6,0.8522298456260721,0.8585763293310462,0.05508994358938701,0.052430573471351216,spectf_dose0,-0.0063464837049741485,-0.0026593701180357907,spectf,0,44,11
mutual_info,logistic,7,0.8227272727272726,0.8329331046312178,0.06534884770557932,0.060603724762514966,spectf_dose0,-0.010205831903945195,-0.004745122943064353,spectf,0,44,11
mutual_info,logistic,8,0.846483704974271,0.8408233276157804,0.05685258546226553,0.057196515161570885,spectf_dose0,0.005660377358490565,0.00034392969930535644,spectf,0,44,11
mutual_info,logistic,9,0.8374785591766725,0.824614065180103,0.060473720835642904,0.06499016470552489,spectf_dose0,0.012864493996569415,0.004516443869881988,spectf,0,44,11
mutual_info,logistic,10,0.7980274442538592,0.8324185248713551,0.07622381843060236,0.061139459656059984,spectf_dose0,-0.03439108061749596,-0.015084358774542374,spectf,0,44,11
mutual_info,logistic,11,0.8260720411663808,0.8321612349914236,0.06413105156603434,0.06106366022956537,spectf_dose0,-0.006089193825042805,-0.0030673913364689664,spectf,0,44,11
mutual_info,logistic,12,0.830188679245283,0.8324185248713551,0.06495613308696153,0.06207620590275748,spectf_dose0,-0.002229845626072202,-0.002879927184204052,spectf,0,44,11
mutual_info,logistic,13,0.8293310463121784,0.84442538593482,0.06441277675916991,0.05770965330260399,spectf_dose0,-0.015094339622641617,-0.006703123456565922,spectf,0,44,11
mutual_info,logistic,14,0.8205831903945112,0.8415094339622643,0.06876729174456848,0.05907264644640873,spectf_dose0,-0.020926243567753078,-0.009694645298159756,spectf,0,44,11
mutual_info,logistic,15,0.837392795883362,0.8391080617495712,0.061992695923287024,0.058526944898792246,spectf_dose0,-0.0017152658662091813,-0.0034657510244947773,spectf,0,44,11
mutual_info,logistic,16,0.832590051457976,0.8379073756432246,0.06199804435642243,0.05969883939441486,spectf_dose0,-0.005317324185248551,-0.00229920496200757,spectf,0,44,11
mutual_info,logistic,17,0.8446826758147512,0.8400514579759862,0.057657747827225686,0.058616547075914266,spectf_dose0,0.004631217838764967,0.0009587992486885799,spectf,0,44,11
mutual_info,logistic,18,0.8562607204116638,0.8493138936535162,0.05500089511891475,0.055463160793312344,spectf_dose0,0.006946826758147617,0.0004622656743975967,spectf,0,44,11
mutual_info,logistic,19,0.8026586620926244,0.8387650085763294,0.07585567173842209,0.05878682459884989,spectf_dose0,-0.03610634648370503,-0.0170688471395722,spectf,0,44,11
mutual_info,logistic,20,0.8198970840480275,0.844253859348199,0.06652151433243975,0.057274846842675774,spectf_dose0,-0.02435677530017144,-0.009246667489763973,spectf,0,44,11
mutual_info,logistic,21,0.8267581475128646,0.8395368782161235,0.06568609688721988,0.05898850196734074,spectf_dose0,-0.012778730703258967,-0.006697594919879139,spectf,0,44,11
mutual_info,logistic,22,0.8101200686106345,0.8438250428816466,0.07153903563878337,0.057656333250556406,spectf_dose0,-0.033704974271012156,-0.013882702388226968,spectf,0,44,11
mutual_info,logistic,23,0.8271012006861063,0.8367066895368782,0.06492557476146978,0.060307083428394,spectf_dose0,-0.009605488850771948,-0.004618491333075778,spectf,0,44,11
mutual_info,logistic,24,0.8133790737564321,0.8479416809605489,0.07001885734533281,0.05655820474830394,spectf_dose0,-0.034562607204116746,-0.013460652597028867,spectf,0,44,11
mutual_info,logistic,25,0.839622641509434,0.8441680960548886,0.061065603339370875,0.05726948684730832,spectf_dose0,-0.00454545454545463,-0.0037961164920625526,spectf,0,44,11
mutual_info,logistic,26,0.855746140651801,0.8573756432246998,0.05385528905675175,0.05423066263092691,spectf_dose0,-0.0016295025728988444,0.0003753735741751571,spectf,0,44,11
mutual_info,logistic,27,0.8379073756432247,0.8383361921097771,0.06093332253693696,0.06011125352581463,spectf_dose0,-0.00042881646655235084,-0.0008220690111223269,spectf,0,44,11
mutual_info,logistic,28,0.8297598627787307,0.8275300171526587,0.06326296327167545,0.06254576406187809,spectf_dose0,0.00222984562607198,-0.0007171992097973617,spectf,0,44,11
mutual_info,logistic,29,0.8138936535162951,0.8050600343053174,0.07024496927400857,0.07281197374039804,spectf_dose0,0.008833619210977695,0.0025670044663894664,spectf,0,44,11
mutual_info,rf,0,0.838679245283019,0.8234562607204117,0.058788005268675655,0.0661227837113053,spectf_dose0,0.015222984562607289,0.007334778442629641,spectf,0,44,11
mutual_info,rf,1,0.834991423670669,0.8110205831903945,0.06000546179259409,0.06908477155495954,spectf_dose0,0.023970840480274536,0.00907930976236545,spectf,0,44,11
mutual_info,rf,2,0.8446397941680961,0.8205831903945111,0.05676632744650817,0.06340396240719402,spectf_dose0,0.024056603773584984,0.006637634960685854,spectf,0,44,11
mutual_info,rf,3,0.8200686106346483,0.8005145797598627,0.06473985401973874,0.07198218329791614,spectf_dose0,0.019554030874785577,0.0072423292781774035,spectf,0,44,11
mutual_info,rf,4,0.8255574614065181,0.8044168096054889,0.06205702813750236,0.07177726140254105,spectf_dose0,0.021140651801029198,0.009720233265038694,spectf,0,44,11
mutual_info,rf,5,0.8414236706689538,0.7641509433962264,0.05794831069490916,0.08371039629405613,spectf_dose0,0.07727272727272749,0.025762085599146972,spectf,0,44,11
mutual_info,rf,6,0.8507289879931389,0.8267581475128645,0.055132553745436054,0.06158799614517113,spectf_dose0,0.023970840480274425,0.006455442399735077,spectf,0,44,11
mutual_info,rf,7,0.8509433962264151,0.8537307032590052,0.055213792291038205,0.05362627874783102,spectf_dose0,-0.002787307032590114,-0.0015875135432071863,spectf,0,44,11
mutual_info,rf,8,0.8346483704974271,0.7912092624356776,0.05958992330956993,0.07422911758285082,spectf_dose0,0.043439108061749554,0.014639194273280892,spectf,0,44,11
mutual_info,rf,9,0.8425814751286449,0.8371783876500858,0.058469135492462666,0.06077391259459657,spectf_dose0,0.00540308747855911,0.0023047771021339064,spectf,0,44,11
mutual_info,rf,10,0.854073756432247,0.8082761578044597,0.05385549950721128,0.06842389874572474,spectf_dose0,0.04579759862778732,0.014568399238513462,spectf,0,44,11
mutual_info,rf,11,0.8440823327615781,0.819082332761578,0.05549708862015495,0.06594611378111788,spectf_dose0,0.025000000000000022,0.010449025160962931,spectf,0,44,11
mutual_info,rf,12,0.8386792452830188,0.8418953687821612,0.05801348519989446,0.05870895551139983,spectf_dose0,-0.0032161234991423537,0.0006954703115053737,spectf,0,44,11
mutual_info,rf,13,0.8557461406518011,0.8207118353344768,0.05385145485525788,0.06472059338189444,spectf_dose0,0.03503430531732432,0.010869138526636561,spectf,0,44,11
mutual_info,rf,14,0.8445540308747855,0.8375643224699828,0.05756078991979357,0.06070011520940678,spectf_dose0,0.00698970840480273,0.0031393252896132137,spectf,0,44,11
mutual_info,rf,15,0.8347341337907375,0.8163379073756433,0.05945409736913599,0.06653384911944221,spectf_dose0,0.018396226415094197,0.007079751750306222,spectf,0,44,11
mutual_info,rf,16,0.8434819897084048,0.8236277873070325,0.05679373249298774,0.06479309166368871,spectf_dose0,0.019854202401372367,0.007999359170700972,spectf,0,44,11
mutual_info,rf,17,0.8192109777015436,0.7933962264150943,0.06481887780433968,0.07448900194172785,spectf_dose0,0.025814751286449278,0.009670124137388172,spectf,0,44,11
mutual_info,rf,18,0.8379073756432247,0.8256003430531733,0.058202308537491844,0.06272046546370111,spectf_dose0,0.012307032590051392,0.004518156926209264,spectf,0,44,11
mutual_info,rf,19,0.8331903945111492,0.7859777015437394,0.0603151067698194,0.07634945588619647,spectf_dose0,0.04721269296740982,0.01603434911637707,spectf,0,44,11
mutual_info,rf,20,0.8516295025728988,0.8349914236706689,0.05539125744068472,0.06104329252646911,spectf_dose0,0.016638078902229902,0.005652035085784393,spectf,0,44,11
mutual_info,rf,21,0.8495711835334477,0.8438250428816466,0.055575973964802135,0.05725467626994359,spectf_dose0,0.005746140651801124,0.001678702305141458,spectf,0,44,11
mutual_info,rf,22,0.8422813036020583,0.8188250428816467,0.056504789561810605,0.06633183685704137,spectf_dose0,0.023456260720411626,0.009827047295230769,spectf,0,44,11
mutual_info,rf,23,0.8415094339622641,0.7979416809605488,0.05792499198903654,0.07520765706638471,spectf_dose0,0.043567753001715226,0.017282665077348172,spectf,0,44,11
mutual_info,rf,24,0.8254716981132075,0.7909090909090908,0.06284829234715068,0.07493701276418194,spectf_dose0,0.034562607204116746,0.012088720417031254,spectf,0,44,11
mutual_info,rf,25,0.8351200686106347,0.8108490566037736,0.059960673874352166,0.06945424131254348,spectf_dose0,0.024271012006861103,0.009493567438191311,spectf,0,44,11
mutual_info,rf,26,0.8334905660377357,0.811835334476844,0.06012711984540844,0.06788969412444067,spectf_dose0,0.021655231560891774,0.007762574279032229,spectf,0,44,11
mutual_info,rf,27,0.8459691252144083,0.8397512864493997,0.05613394345413375,0.05986423310444841,spectf_dose0,0.0062178387650085876,0.003730289650314661,spectf,0,44,11
mutual_info,rf,28,0.8236277873070326,0.8358490566037736,0.06433897132557682,0.05923142450530682,spectf_dose0,-0.012221269296741055,-0.005107546820270002,spectf,0,44,11
mutual_info,rf,29,0.8472555746140651,0.8357632933104632,0.05655385189944702,0.06043942725463555,spectf_dose0,0.011492281303601914,0.0038855753551885336,spectf,0,44,11
rf_importance,logistic,0,0.8097770154373929,0.8487135506003431,0.07182161797628721,0.05656674957268738,spectf_dose0,-0.03893653516295026,-0.015254868403599825,spectf,0,44,11
rf_importance,logistic,1,0.8072898799313895,0.83704974271012,0.07548810963919314,0.059223796050955325,spectf_dose0,-0.02975986277873055,-0.016264313588237815,spectf,0,44,11
rf_importance,logistic,2,0.8358490566037735,0.8548885077186964,0.06016390780149558,0.05409458597290035,spectf_dose0,-0.01903945111492289,-0.00606932182859523,spectf,0,44,11
rf_importance,logistic,3,0.8384219554030875,0.8613207547169812,0.060459946353745186,0.0512805407540891,spectf_dose0,-0.022898799313893714,-0.009179405599656083,spectf,0,44,11
rf_importance,logistic,4,0.8292452830188679,0.8557461406518011,0.06335460817844572,0.053670914959355706,spectf_dose0,-0.026500857632933195,-0.009683693219090017,spectf,0,44,11
rf_importance,logistic,5,0.8116638078902231,0.8512006861063464,0.07177264828214243,0.05450798365993961,spectf_dose0,-0.03953687821612328,-0.017264664622202816,spectf,0,44,11
rf_importance,logistic,6,0.8458833619210978,0.8518010291595197,0.057604844697240996,0.053399383509839665,spectf_dose0,-0.005917667238421909,-0.004205461187401331,spectf,0,44,11
rf_importance,logistic,7,0.8339622641509434,0.8317324185248715,0.061995722833205064,0.06218036479527145,spectf_dose0,0.00222984562607198,0.00018464196206638417,spectf,0,44,11
rf_importance,logistic,8,0.8527444253859348,0.8350771869639795,0.0545855827471154,0.06021866351301986,spectf_dose0,0.017667238421955278,0.0056330807659044635,spectf,0,44,11
rf_importance,logistic,9,0.8173241852487136,0.8576329331046312,0.06931559889806273,0.0527776557598489,spectf_dose0,-0.04030874785591754,-0.01653794313821383,spectf,0,44,11
rf_importance,logistic,10,0.839622641509434,0.8569468267581475,0.05939424440128852,0.05310948091889308,spectf_dose0,-0.017324185248713486,-0.006284763482395442,spectf,0,44,11
rf_importance,logistic,11,0.8316466552315609,0.8615780445969125,0.061924059259801364,0.05145413605613165,spectf_dose0,-0.029931389365351557,-0.010469923203669712,spectf,0,44,11
rf_importance,logistic,12,0.818696397941681,0.8457118353344769,0.06656085987533501,0.056704206569077854,spectf_dose0,-0.027015437392795882,-0.009856653306257158,spectf,0,44,11
rf_importance,logistic,13,0.8374785591766725,0.8481132075471698,0.06126049398657563,0.05669071800782286,spectf_dose0,-0.010634648370497324,-0.004569775978752771,spectf,0,44,11
rf_importance,logistic,14,0.8345626072041166,0.8448542024013723,0.06202769916531462,0.05763434762585315,spectf_dose0,-0.010291595197255754,-0.004393351539461472,spectf,0,44,11
rf_importance,logistic,15,0.83704974271012,0.8526586620926243,0.06175474086092313,0.05547198199865579,spectf_dose0,-0.015608919382504305,-0.00628275886226734,spectf,0,44,11
rf_importance,logistic,16,0.823156089193825,0.8455403087478559,0.06607918135466359,0.057573498775740854,spectf_dose0,-0.022384219554030915,-0.008505682578922737,spectf,0,44,11
rf_importance,logistic,17,0.8367924528301887,0.8373927958833619,0.0610280171917022,0.060203637238125454,spectf_dose0,-0.0006003430531732468,-0.0008243799535767454,spectf,0,44,11
rf_importance,logistic,18,0.8040308747855918,0.8212692967409948,0.07561748214934526,0.06546875085389653,spectf_dose0,-0.017238421955403038,-0.010148731295448729,spectf,0,44,11
rf_importance,logistic,19,0.802401372212693,0.8500857632933104,0.07311369590760552,0.05467451092516214,spectf_dose0,-0.047684391080617394,-0.018439184982443388,spectf,0,44,11
rf_importance,logistic,20,0.8341337907375643,0.8487993138936535,0.060010765110142326,0.055538918074386864,spectf_dose0,-0.014665523156089155,-0.004471847035755462,spectf,0,44,11
rf_importance,logistic,21,0.8319039451114923,0.8382504288164665,0.06428504708013694,0.05960887447106486,spectf_dose0,-0.0063464837049741485,-0.004676172609072077,spectf,0,44,11
rf_importance,logistic,22,0.8240137221269297,0.8439965694682675,0.0654776071491309,0.05823013484022126,spectf_dose0,-0.019982847341337817,-0.007247472308909632,spectf,0,44,11
rf_importance,logistic,23,0.806089193825043,0.8325900514579759,0.07334282659372773,0.06015520579561531,spectf_dose0,-0.026500857632932973,-0.01318762079811242,spectf,0,44,11
rf_importance,logistic,24,0.8316466552315609,0.8495711835334476,0.06360546528192673,0.05546335030671837,spectf_dose0,-0.017924528301886733,-0.008142114975208364,spectf,0,44,11
rf_importance,logistic,25,0.8352487135506003,0.8435677530017153,0.06184597393102449,0.05592599215712383,spectf_dose0,-0.008319039451115007,-0.0059199817739006635,spectf,0,44,11
rf_importance,logistic,26,0.8222984562607205,0.8371355060034306,0.0677147779617379,0.059233854583087144,spectf_dose0,-0.014837049742710051,-0.008480923378650758,spectf,0,44,11
rf_importance,logistic,27,0.8253001715265866,0.84073756432247,0.06677087066583832,0.06105272743898032,spectf_dose0,-0.015437392795883409,-0.0057181432268580065,spectf,0,44,11
rf_importance,logistic,28,0.8192967409948542,0.844253859348199,0.06624374598701735,0.057352477420320847,spectf_dose0,-0.024957118353344798,-0.008891268566696503,spectf,0,44,11
rf_importance,logistic,29,0.833704974271012,0.8463979416809605,0.0611294193798999,0.05587713991024095,spectf_dose0,-0.012692967409948519,-0.005252279469658949,spectf,0,44,11
rf_importance,rf,0,0.8456689536878217,0.8171526586620926,0.05794684464765832,0.06972246706145196,spectf_dose0,0.028516295025729055,0.011775622413793645,spectf,0,44,11
rf_importance,rf,1,0.8326329331046312,0.81942538593482,0.060995554824046214,0.06727059525571498,spectf_dose0,0.013207547169811207,0.006275040431668766,spectf,0,44,11
rf_importance,rf,2,0.8320754716981134,0.8160806174957119,0.06122866642715039,0.06721230920493046,spectf_dose0,0.015994854202401432,0.005983642777780067,spectf,0,44,11
rf_importance,rf,3,0.8419811320754716,0.8038593481989709,0.059142201808396716,0.07335963749375904,spectf_dose0,0.03812178387650078,0.014217435685362323,spectf,0,44,11
rf_importance,rf,4,0.8451543739279588,0.8397084048027443,0.05614857624518352,0.058830148103210154,spectf_dose0,0.005445969125214445,0.0026815718580266365,spectf,0,44,11
rf_importance,rf,5,0.8239708404802746,0.8185677530017154,0.06474791815212866,0.06592712815000855,spectf_dose0,0.005403087478559221,0.0011792099978798903,spectf,0,44,11
rf_importance,rf,6,0.8569039451114924,0.842409948542024,0.052752490897365736,0.05663578355302118,spectf_dose0,0.01449399656946837,0.003883292655655443,spectf,0,44,11
rf_importance,rf,7,0.8497427101200685,0.8415523156089195,0.0557255020373512,0.056475094378924964,spectf_dose0,0.008190394511149002,0.0007495923415737626,spectf,0,44,11
rf_importance,rf,8,0.8386363636363637,0.8242281303602058,0.05888145485527592,0.06544964039462949,spectf_dose0,0.014408233276157922,0.006568185539353566,spectf,0,44,11
rf_importance,rf,9,0.8427530017152658,0.8315180102915953,0.058699823243816826,0.06114159159426971,spectf_dose0,0.01123499142367046,0.002441768350452886,spectf,0,44,11
rf_importance,rf,10,0.8382933104631217,0.8135077186963979,0.05903075667791409,0.0680116130990575,spectf_dose0,0.02478559176672379,0.008980856421143407,spectf,0,44,11
rf_importance,rf,11,0.8548885077186965,0.8429245283018867,0.05390914959213078,0.05806884762222573,spectf_dose0,0.011963979416809822,0.004159698030094951,spectf,0,44,11
rf_importance,rf,12,0.8349056603773585,0.8134219554030875,0.06040972990400756,0.06865471088334447,spectf_dose0,0.02148370497427099,0.008244980979336916,spectf,0,44,11
rf_importance,rf,13,0.8376500857632934,0.8169382504288164,0.059541187474953974,0.06685390129653325,spectf_dose0,0.020711835334476958,0.007312713821579275,spectf,0,44,11
rf_importance,rf,14,0.8375214408233276,0.8532161234991423,0.0582399243250362,0.05341291714224018,spectf_dose0,-0.015694682675814753,-0.004827007182796016,spectf,0,44,11
rf_importance,rf,15,0.8472126929674101,0.8427958833619211,0.056599636349071884,0.056854978513571894,spectf_dose0,0.004416809605488958,0.0002553421645000095,spectf,0,44,11
rf_importance,rf,16,0.855360205831904,0.8211835334476844,0.05310872788435537,0.06651243770687335,spectf_dose0,0.03417667238421962,0.013403709822517977,spectf,0,44,11
rf_importance,rf,17,0.8314751286449399,0.818138936535163,0.060915564703324654,0.06605350777175346,spectf_dose0,0.013336192109776879,0.00513794306842881,spectf,0,44,11
rf_importance,rf,18,0.8318181818181818,0.7998713550600343,0.0605760660760527,0.07238725846127551,spectf_dose0,0.03194682675814753,0.011811192385222817,spectf,0,44,11
rf_importance,rf,19,0.8519296740994855,0.8367924528301888,0.05415501751358034,0.05880270128732036,spectf_dose0,0.01513722126929673,0.004647683773740023,spectf,0,44,11
rf_importance,rf,20,0.8350771869639794,0.8170668953687822,0.06001170597202313,0.06596729919630352,spectf_dose0,0.01801029159519718,0.005955593224280395,spectf,0,44,11
rf_importance,rf,21,0.8406518010291596,0.8408662092624357,0.05827910830227033,0.05664743980289704,spectf_dose0,-0.0002144082332761199,-0.0016316684993732886,spectf,0,44,11
rf_importance,rf,22,0.8442967409948543,0.799442538593482,0.05694255597032634,0.0721052916854002,spectf_dose0,0.04485420240137228,0.015162735715073858,spectf,0,44,11
rf_importance,rf,23,0.8548456260720412,0.8185248713550601,0.05440526568666095,0.06487613428688987,spectf_dose0,0.03632075471698104,0.010470868600228923,spectf,0,44,11
rf_importance,rf,24,0.8341337907375643,0.8010291595197255,0.060354704908044364,0.06857856778009731,spectf_dose0,0.0331046312178388,0.00822386287205295,spectf,0,44,11
rf_importance,rf,25,0.8368353344768439,0.8245711835334476,0.058710965043006706,0.06128126818249694,spectf_dose0,0.01226415094339628,0.002570303139490235,spectf,0,44,11
rf_importance,rf,26,0.8312607204116639,0.8256003430531733,0.06007603184665301,0.06355277828528498,spectf_dose0,0.005660377358490565,0.003476746438631974,spectf,0,44,11
rf_importance,rf,27,0.8341766723842196,0.8051457975986277,0.06039976388760489,0.0723851093312656,spectf_dose0,0.029030874785591854,0.011985345443660714,spectf,0,44,11
rf_importance,rf,28,0.8515008576329332,0.8389794168096054,0.05502486530711141,0.05699864259190612,spectf_dose0,0.012521440823327734,0.0019737772847947047,spectf,0,44,11
rf_importance,rf,29,0.8503430531732419,0.8442538593481991,0.05467296741756345,0.05602007507310026,spectf_dose0,0.006089193825042805,0.0013471076555368056,spectf,0,44,11
l1_logistic,logistic,0,0.8307032590051459,0.8428816466552317,0.06406307251732835,0.05855999744508335,spectf_dose0,-0.012178387650085831,-0.005503075072244998,spectf,0,44,11
l1_logistic,logistic,1,0.8358490566037735,0.8412521440823328,0.06079105855845321,0.05806003512831423,spectf_dose0,-0.005403087478559332,-0.002731023430138979,spectf,0,44,11
l1_logistic,logistic,2,0.8271869639794167,0.836106346483705,0.06592116779695553,0.06057133833358667,spectf_dose0,-0.008919382504288254,-0.0053498294633688645,spectf,0,44,11
l1_logistic,logistic,3,0.8312178387650087,0.8379073756432247,0.06332718992307025,0.06114578953884645,spectf_dose0,-0.006689536878216051,-0.0021814003842237986,spectf,0,44,11
l1_logistic,logistic,4,0.8150943396226416,0.8374785591766724,0.07040354344989073,0.059978271894462185,spectf_dose0,-0.022384219554030804,-0.01042527155542855,spectf,0,44,11
l1_logistic,logistic,5,0.8357632933104631,0.8352487135506003,0.06059102623878845,0.06212459882579928,spectf_dose0,0.0005145797598627988,0.0015335725870108327,spectf,0,44,11
l1_logistic,logistic,6,0.8272727272727273,0.8336192109777015,0.06536896563044763,0.061779625568357505,spectf_dose0,-0.0063464837049742595,-0.003589340062090121,spectf,0,44,11
l1_logistic,logistic,7,0.8242710120068613,0.8283018867924529,0.06717011863547753,0.06420297022564858,spectf_dose0,-0.004030874785591609,-0.0029671484098289513,spectf,0,44,11
l1_logistic,logistic,8,0.8168096054888508,0.8474271012006861,0.07030587709660151,0.05932257762119118,spectf_dose0,-0.030617495711835252,-0.010983299475410324,spectf,0,44,11
l1_logistic,logistic,9,0.830017152658662,0.8326758147512865,0.06417847170520544,0.061540374276962864,spectf_dose0,-0.002658662092624442,-0.0026380974282425723,spectf,0,44,11
l1_logistic,logistic,10,0.8249571183533447,0.8428816466552316,0.06740124147736978,0.05897574031295663,spectf_dose0,-0.017924528301886844,-0.008425501164413152,spectf,0,44,11
l1_logistic,logistic,11,0.82221269296741,0.8318181818181818,0.06758727887811891,0.06262090418211601,spectf_dose0,-0.009605488850771837,-0.004966374696002904,spectf,0,44,11
l1_logistic,logistic,12,0.827958833619211,0.8451114922813037,0.06682261412841556,0.05922279755134964,spectf_dose0,-0.0171526586620927,-0.007599816577065918,spectf,0,44,11
l1_logistic,logistic,13,0.8460548885077187,0.8410806174957117,0.057056198246142845,0.05902369919323594,spectf_dose0,0.004974271012006981,0.0019675009470930954,spectf,0,44,11
l1_logistic,logistic,14,0.8320754716981131,0.8306174957118354,0.061922419034143174,0.06161590753911822,spectf_dose0,0.0014579759862777264,-0.00030651149502495395,spectf,0,44,11
l1_logistic,logistic,15,0.8358490566037736,0.8415951972555745,0.06030458121813935,0.05888901332480416,spectf_dose0,-0.005746140651800902,-0.00141556789333519,spectf,0,44,11
l1_logistic,logistic,16,0.8272727272727272,0.8459691252144081,0.06492600942205813,0.058730505379084,spectf_dose0,-0.018696397941680987,-0.006195504042974129,spectf,0,44,11
l1_logistic,logistic,17,0.8279588336192111,0.8408233276157804,0.06521409955741259,0.05916316899249305,spectf_dose0,-0.012864493996569304,-0.006050930564919538,spectf,0,44,11
l1_logistic,logistic,18,0.8244425385934819,0.8288164665523156,0.06649064404451768,0.06364415867922615,spectf_dose0,-0.004373927958833623,-0.002846485365291529,spectf,0,44,11
l1_logistic,logistic,19,0.83147512864494,0.8415094339622641,0.06358954498301414,0.05836153488597328,spectf_dose0,-0.010034305317324077,-0.00522801009704086,spectf,0,44,11
l1_logistic,logistic,20,0.8192967409948542,0.8302744425385935,0.06977481494995046,0.06376706309372948,spectf_dose0,-0.010977701543739338,-0.006007751856220975,spectf,0,44,11
l1_logistic,logistic,21,0.8272727272727272,0.8412521440823328,0.0662083051802403,0.062036219841373044,spectf_dose0,-0.013979416809605683,-0.00417208533886726,spectf,0,44,11
l1_logistic,logistic,22,0.8343053173241853,0.8407375643224699,0.062376874438810404,0.06152881638185292,spectf_dose0,-0.0064322469982845965,-0.0008480580569574861,spectf,0,44,11
l1_logistic,logistic,23,0.8355060034305317,0.840566037735849,0.060393759640277614,0.059071545296377176,spectf_dose0,-0.005060034305317318,-0.001322214343900438,spectf,0,44,11
l1_logistic,logistic,24,0.8427101200686107,0.8460548885077186,0.05887947042375613,0.05728341683722578,spectf_dose0,-0.0033447684391079147,-0.0015960535865303521,spectf,0,44,11
l1_logistic,logistic,25,0.8031732418524872,0.8144082332761579,0.07572872778811987,0.06948659989649021,spectf_dose0,-0.011234991423670682,-0.006242127891629659,spectf,0,44,11
l1_logistic,logistic,26,0.8189536878216124,0.8397941680960549,0.06898669615186398,0.05991431546460214,spectf_dose0,-0.02084048027444252,-0.009072380687261843,spectf,0,44,11
l1_logistic,logistic,27,0.8371355060034305,0.8265866209262436,0.06097903135570053,0.06385508401369484,spectf_dose0,0.010548885077186876,0.0028760526579943158,spectf,0,44,11
l1_logistic,logistic,28,0.8506861063464838,0.850171526586621,0.05515627174697495,0.05591113477101693,spectf_dose0,0.0005145797598627988,0.0007548630240419851,spectf,0,44,11
l1_logistic,logistic,29,0.8091766723842196,0.8325042881646655,0.07443162360993014,0.06291261210062361,spectf_dose0,-0.023327615780445843,-0.011519011509306523,spectf,0,44,11
l1_logistic,rf,0,0.8404802744425387,0.8181818181818182,0.057806086816944595,0.06583501516153885,spectf_dose0,0.022298456260720467,0.008028928344594254,spectf,0,44,11
l1_logistic,rf,1,0.8280445969125215,0.8116209262435679,0.060991176995210346,0.06723773231808759,spectf_dose0,0.01642367066895367,0.006246555322877247,spectf,0,44,11
l1_logistic,rf,2,0.8325042881646655,0.7942109777015438,0.06054742395118806,0.07657021271029393,spectf_dose0,0.03829331046312168,0.01602278875910587,spectf,0,44,11
l1_logistic,rf,3,0.844811320754717,0.8310891938250429,0.05765890873080673,0.06125744825824292,spectf_dose0,0.013722126929674117,0.0035985395274361898,spectf,0,44,11
l1_logistic,rf,4,0.813507718696398,0.8171526586620926,0.0666918792230834,0.06755857299861007,spectf_dose0,-0.0036449399656945936,0.0008666937755266724,spectf,0,44,11
l1_logistic,rf,5,0.8495711835334477,0.8256861063464837,0.055923208028086736,0.06411560451548012,spectf_dose0,0.023885077186964088,0.008192396487393387,spectf,0,44,11
l1_logistic,rf,6,0.8448542024013722,0.822427101200686,0.05595495436964028,0.0642437657882838,spectf_dose0,0.02242710120068625,0.008288811418643516,spectf,0,44,11
l1_logistic,rf,7,0.839236706689537,0.8044596912521441,0.058214445952847194,0.07314235200651552,spectf_dose0,0.034777015437392866,0.014927906053668324,spectf,0,44,11
l1_logistic,rf,8,0.8484991423670669,0.8052744425385935,0.05545519886070801,0.07045334086227277,spectf_dose0,0.043224699828473434,0.014998142001564761,spectf,0,44,11
l1_logistic,rf,9,0.8297598627787307,0.8010720411663809,0.06121351107957998,0.07137516170976063,spectf_dose0,0.02868782161234984,0.010161650630180652,spectf,0,44,11
l1_logistic,rf,10,0.8301029159519726,0.7892367066895368,0.060097929368812066,0.07222738424942755,spectf_dose0,0.04086620926243578,0.012129454880615488,spectf,0,44,11
l1_logistic,rf,11,0.8473842195540309,0.8225128644939966,0.056260278985959686,0.06399296503202567,spectf_dose0,0.02487135506003424,0.007732686046065987,spectf,0,44,11
l1_logistic,rf,12,0.8222555746140652,0.8140222984562608,0.06391541466831815,0.0678101320574816,spectf_dose0,0.008233276157804337,0.0038947173891634435,spectf,0,44,11
l1_logistic,rf,13,0.84073756432247,0.8363636363636365,0.057971402901979836,0.05919222700474369,spectf_dose0,0.004373927958833512,0.0012208241027638553,spectf,0,44,11
l1_logistic,rf,14,0.8167667238421956,0.7913807890222986,0.06429673074329247,0.07650813652307391,spectf_dose0,0.025385934819897038,0.012211405779781442,spectf,0,44,11
l1_logistic,rf,15,0.8596912521440823,0.8239708404802745,0.052274734501071576,0.06438740155980205,spectf_dose0,0.035720411663807794,0.012112667058730472,spectf,0,44,11
l1_logistic,rf,16,0.8290308747855918,0.8342195540308749,0.06148139359610972,0.060773810417404865,spectf_dose0,-0.005188679245283101,-0.0007075831787048542,spectf,0,44,11
l1_logistic,rf,17,0.8222984562607205,0.800343053173242,0.06312172226190052,0.07390431912135648,spectf_dose0,0.021955403087478564,0.010782596859455956,spectf,0,44,11
l1_logistic,rf,18,0.833533447684391,0.8090480274442537,0.059617542892568154,0.06949638887248465,spectf_dose0,0.024485420240137223,0.009878845979916492,spectf,0,44,11
l1_logistic,rf,19,0.8263722126929675,0.7894082332761578,0.061696017362734196,0.0757354351195772,spectf_dose0,0.03696397941680962,0.014039417756843003,spectf,0,44,11
l1_logistic,rf,20,0.8322469982847341,0.8180960548885077,0.06111544619477299,0.06713196468736568,spectf_dose0,0.014150943396226467,0.006016518492592687,spectf,0,44,11
l1_logistic,rf,21,0.8408233276157805,0.8089193825042881,0.05755463082619156,0.06743871490577254,spectf_dose0,0.031903945111492416,0.009884084079580975,spectf,0,44,11
l1_logistic,rf,22,0.858490566037736,0.8163807890222985,0.051417833566914026,0.0648728640379365,spectf_dose0,0.0421097770154375,0.013455030471022478,spectf,0,44,11
l1_logistic,rf,23,0.8330188679245283,0.8069897084048028,0.05944673426433438,0.07228561033090569,spectf_dose0,0.02602915951972551,0.01283887606657131,spectf,0,44,11
l1_logistic,rf,24,0.8384219554030876,0.8081903945111492,0.05813357124439331,0.06900570360102588,spectf_dose0,0.030231560891938458,0.01087213235663257,spectf,0,44,11
l1_logistic,rf,25,0.8340051457975988,0.814236706689537,0.05816007671598567,0.06907217321513412,spectf_dose0,0.019768439108061808,0.010912096499148448,spectf,0,44,11
l1_logistic,rf,26,0.8374356775300171,0.8337907375643224,0.05955457415373455,0.06149542437648514,spectf_dose0,0.0036449399656947046,0.0019408502227505897,spectf,0,44,11
l1_logistic,rf,27,0.8448970840480275,0.8376072041166381,0.05706927958965591,0.06047130088264104,spectf_dose0,0.007289879931389409,0.0034020212929851343,spectf,0,44,11
l1_logistic,rf,28,0.8310463121783876,0.8150943396226414,0.06038433238665939,0.0669053385612848,spectf_dose0,0.015951972555746208,0.006521006174625414,spectf,0,44,11
l1_logistic,rf,29,0.8375214408233276,0.8317324185248713,0.05889448101855747,0.062451955477531865,spectf_dose0,0.005789022298456237,0.003557474458974398,spectf,0,44,11
mutual_info,logistic,0,0.7684391080617496,0.8602058319039452,0.10198429122539955,0.05228660294419348,spectf_dose1,-0.09176672384219553,-0.04969768828120607,spectf,1,88,11
mutual_info,logistic,1,0.7882504288164667,0.8265866209262436,0.08533167477912325,0.06429807126078965,spectf_dose1,-0.0383361921097769,-0.021033603518333596,spectf,1,88,11
mutual_info,logistic,2,0.7939965694682676,0.8216123499142366,0.0839108034458991,0.06517526419535187,spectf_dose1,-0.027615780445969018,-0.01873553925054723,spectf,1,88,11
mutual_info,logistic,3,0.7697255574614065,0.8357632933104631,0.0958272488899242,0.05894913917287079,spectf_dose1,-0.06603773584905659,-0.0368781097170534,spectf,1,88,11
mutual_info,logistic,4,0.7985420240137222,0.8563464837049742,0.0831404003887572,0.05408852446365631,spectf_dose1,-0.05780445969125203,-0.02905187592510089,spectf,1,88,11
mutual_info,logistic,5,0.786106346483705,0.8512864493996569,0.0874998946028211,0.0545322440450689,spectf_dose1,-0.06518010291595189,-0.03296765055775219,spectf,1,88,11
mutual_info,logistic,6,0.7789879931389366,0.8457975986277873,0.09101660069830618,0.0573507767034989,spectf_dose1,-0.06680960548885062,-0.03366582399480728,spectf,1,88,11
mutual_info,logistic,7,0.7575471698113208,0.8325900514579759,0.10108626769576688,0.06129772902839971,spectf_dose1,-0.07504288164665518,-0.039788538667367174,spectf,1,88,11
mutual_info,logistic,8,0.7755574614065179,0.8268439108061749,0.09080093882968145,0.06538265290985423,spectf_dose1,-0.051286449399656986,-0.025418285919827213,spectf,1,88,11
mutual_info,logistic,9,0.7569468267581476,0.860034305317324,0.0964062193608841,0.05225134801898462,spectf_dose1,-0.10308747855917644,-0.04415487134189948,spectf,1,88,11
mutual_info,logistic,10,0.8024013722126929,0.8165523156089195,0.08008695095463934,0.0657274308308372,spectf_dose1,-0.014150943396226578,-0.01435952012380215,spectf,1,88,11
mutual_info,logistic,11,0.7961406518010291,0.8174957118353344,0.08073376421412894,0.06495441387500318,spectf_dose1,-0.021355060034305318,-0.015779350339125753,spectf,1,88,11
mutual_info,logistic,12,0.767409948542024,0.8183533447684391,0.09181658842848837,0.06603693663048824,spectf_dose1,-0.05094339622641508,-0.02577965179800014,spectf,1,88,11
mutual_info,logistic,13,0.7553173241852488,0.8588336192109777,0.09926483178135115,0.05191063635118464,spectf_dose1,-0.1035162950257289,-0.04735419543016651,spectf,1,88,11
mutual_info,logistic,14,0.8012006861063463,0.852401372212693,0.07919776412992703,0.05525247945982019,spectf_dose1,-0.05120068610634665,-0.023945284670106842,spectf,1,88,11
mutual_info,logistic,15,0.7693825042881647,0.8190394511149228,0.09429879278225398,0.06567046782739462,spectf_dose1,-0.04965694682675814,-0.028628324954859355,spectf,1,88,11
mutual_info,logistic,16,0.7879931389365351,0.8433962264150945,0.08532775704448961,0.05659559620101608,spectf_dose1,-0.055403087478559376,-0.028732160843473534,spectf,1,88,11
mutual_info,logistic,17,0.7842195540308747,0.8405660377358491,0.0830474800475468,0.05950439076940874,spectf_dose1,-0.056346483704974415,-0.023543089278138064,spectf,1,88,11
mutual_info,logistic,18,0.7626929674099486,0.835934819897084,0.10041632985854515,0.06016537349818118,spectf_dose1,-0.07324185248713533,-0.04025095636036397,spectf,1,88,11
mutual_info,logistic,19,0.7699828473413379,0.8451114922813036,0.08969473923262417,0.05672926301911677,spectf_dose1,-0.07512864493996563,-0.03296547621350739,spectf,1,88,11
mutual_info,logistic,20,0.8077186963979417,0.8465694682675815,0.08222944183194233,0.05699710732600654,spectf_dose1,-0.03885077186963981,-0.025232334505935795,spectf,1,88,11
mutual_info,logistic,21,0.798885077186964,0.8387650085763293,0.08278510981994099,0.06005689127828814,spectf_dose1,-0.0398799313893653,-0.02272821854165285,spectf,1,88,11
mutual_info,logistic,22,0.8084048027444253,0.8346483704974271,0.07861369388666375,0.0620948165347365,spectf_dose1,-0.02624356775300185,-0.016518877351927252,spectf,1,88,11
mutual_info,logistic,23,0.7917667238421955,0.8391080617495712,0.0839275324309486,0.059435821263720226,spectf_dose1,-0.04734133790737571,-0.02449171116722837,spectf,1,88,11
mutual_info,logistic,24,0.7799313893653517,0.848885077186964,0.08793073025926719,0.05539209837441368,spectf_dose1,-0.06895368782161237,-0.03253863188485351,spectf,1,88,11
mutual_info,logistic,25,0.7921955403087478,0.8395368782161235,0.085630800589561,0.059015403329969296,spectf_dose1,-0.04734133790737571,-0.026615397259591708,spectf,1,88,11
mutual_info,logistic,26,0.7945969125214409,0.8389365351629503,0.08080717951179019,0.059529157353281806,spectf_dose1,-0.04433962264150937,-0.02127802215850838,spectf,1,88,11
mutual_info,logistic,27,0.7409090909090909,0.8293310463121784,0.1069491655649095,0.06233882903076605,spectf_dose1,-0.0884219554030875,-0.04461033653414346,spectf,1,88,11
mutual_info,logistic,28,0.7871355060034305,0.8317324185248712,0.08687404304973124,0.0622316821531644,spectf_dose1,-0.04459691252144071,-0.024642360896566844,spectf,1,88,11
mutual_info,logistic,29,0.7792452830188679,0.8273584905660377,0.09033076299506591,0.06208357350911681,spectf_dose1,-0.048113207547169856,-0.028247189485949106,spectf,1,88,11
mutual_info,rf,0,0.8346483704974271,0.7981560891938251,0.05984131994682082,0.0727901377815976,spectf_dose1,0.03649228130360205,0.012948817834776777,spectf,1,88,11
mutual_info,rf,1,0.830017152658662,0.8118782161234992,0.06202367330117723,0.06974742073120777,spectf_dose1,0.018138936535162853,0.007723747430030535,spectf,1,88,11
mutual_info,rf,2,0.8256861063464838,0.8008576329331046,0.06272311935255673,0.07248150333621137,spectf_dose1,0.024828473413379126,0.00975838398365464,spectf,1,88,11
mutual_info,rf,3,0.8331903945111493,0.8124785591766724,0.061222772888594956,0.06790377328114615,spectf_dose1,0.020711835334476847,0.006681000392551192,spectf,1,88,11
mutual_info,rf,4,0.8291595197255575,0.7830188679245284,0.062158092977927015,0.0798057955349311,spectf_dose1,0.04614065180102911,0.017647702557004083,spectf,1,88,11
mutual_info,rf,5,0.8338765008576329,0.8142367066895368,0.06117219938420869,0.06726763364475108,spectf_dose1,0.019639794168096025,0.00609543426054239,spectf,1,88,11
mutual_info,rf,6,0.8373927958833619,0.791295025728988,0.05961827450026354,0.0735356513476861,spectf_dose1,0.046097770154373885,0.013917376847422558,spectf,1,88,11
mutual_info,rf,7,0.8176243567753003,0.7961835334476844,0.06417542589202666,0.0716963869281872,spectf_dose1,0.021440823327615877,0.0075209610361605395,spectf,1,88,11
mutual_info,rf,8,0.8365351629502573,0.806518010291595,0.05959777950249768,0.06953429353454596,spectf_dose1,0.03001715265866234,0.009936514032048281,spectf,1,88,11
mutual_info,rf,9,0.8139794168096054,0.813336192109777,0.06561754780461958,0.06699365402541811,spectf_dose1,0.0006432246998283597,0.0013761062207985342,spectf,1,88,11
mutual_info,rf,10,0.8359777015437393,0.8098627787307032,0.05971567804608412,0.06812919415980626,spectf_dose1,0.026114922813036068,0.008413516113722139,spectf,1,88,11
mutual_info,rf,11,0.8339622641509433,0.7984133790737563,0.06095241832227833,0.07251681069698326,spectf_dose1,0.03554888507718701,0.011564392374704933,spectf,1,88,11
mutual_info,rf,12,0.8171097770154374,0.8087907375643224,0.06471719079315917,0.06942316726276566,spectf_dose1,0.008319039451115007,0.004705976469606493,spectf,1,88,11
mutual_info,rf,13,0.8232847341337908,0.8292881646655232,0.06432760805524272,0.06241387431489543,spectf_dose1,-0.006003430531732468,-0.0019137337403472912,spectf,1,88,11
mutual_info,rf,14,0.8340480274442539,0.8219554030874786,0.06086961817340212,0.06412547086329462,spectf_dose1,0.012092624356775272,0.003255852689892501,spectf,1,88,11
mutual_info,rf,15,0.8554459691252144,0.8012006861063465,0.05447079645295742,0.07046586944341555,spectf_dose1,0.054245283018867885,0.01599507299045813,spectf,1,88,11
mutual_info,rf,16,0.8443396226415094,0.8402229845626074,0.05901335719100212,0.05700368562262302,spectf_dose1,0.004116638078902057,-0.0020096715683790983,spectf,1,88,11
mutual_info,rf,17,0.8361921097770154,0.8152229845626072,0.0604618156514529,0.06656063883616331,spectf_dose1,0.02096912521440819,0.00609882318471041,spectf,1,88,11
mutual_info,rf,18,0.8180960548885078,0.8105917667238421,0.06552763610031655,0.06927465294914562,spectf_dose1,0.00750428816466564,0.0037470168488290684,spectf,1,88,11
mutual_info,rf,19,0.8475986277873071,0.8366638078902229,0.05765065489176452,0.05956866446190727,spectf_dose1,0.010934819897084225,0.0019180095701427508,spectf,1,88,11
mutual_info,rf,20,0.8370926243567752,0.8287307032590052,0.059189879776383424,0.06324512584659699,spectf_dose1,0.008361921097770009,0.004055246070213563,spectf,1,88,11
mutual_info,rf,21,0.8374356775300171,0.7970840480274444,0.06001472065168732,0.07387967727413607,spectf_dose1,0.04035162950257276,0.013864956622448743,spectf,1,88,11
mutual_info,rf,22,0.8307461406518012,0.8150943396226416,0.06131048527980056,0.06688638612655132,spectf_dose1,0.01565180102915964,0.0055759008467507545,spectf,1,88,11
mutual_info,rf,23,0.8331903945111493,0.82409948542024,0.06087327110040062,0.062352703077057196,spectf_dose1,0.00909090909090926,0.0014794319766565783,spectf,1,88,11
mutual_info,rf,24,0.8330188679245283,0.7959691252144083,0.06129050072671883,0.0747345801029716,spectf_dose1,0.03704974271011996,0.01344407937625277,spectf,1,88,11
mutual_info,rf,25,0.7896655231560893,0.8084048027444252,0.07088420111929082,0.06916386630344121,spectf_dose1,-0.018739279588335878,-0.001720334815849614,spectf,1,88,11
mutual_info,rf,26,0.827958833619211,0.828902229845626,0.06190699210073417,0.06210147771493865,spectf_dose1,-0.0009433962264150386,0.00019448561420448013,spectf,1,88,11
mutual_info,rf,27,0.8285162950257291,0.8172813036020584,0.06164466402939133,0.06748437486625772,spectf_dose1,0.011234991423670682,0.005839710836866387,spectf,1,88,11
mutual_info,rf,28,0.8358061749571183,0.8158233276157806,0.060181087046909124,0.06780444403895317,spectf_dose1,0.019982847341337706,0.007623356992044042,spectf,1,88,11
mutual_info,rf,29,0.8339622641509433,0.7985420240137222,0.06044530101504719,0.07574693141104903,spectf_dose1,0.035420240137221115,0.015301630396001839,spectf,1,88,11
rf_importance,logistic,0,0.7851629502572899,0.8540308747855917,0.08399244465021066,0.05335068526805699,spectf_dose1,-0.06886792452830182,-0.030641759382153674,spectf,1,88,11
rf_importance,logistic,1,0.7691252144082332,0.8170668953687822,0.0924346138825857,0.06784770691473363,spectf_dose1,-0.04794168096054896,-0.024586906967852068,spectf,1,88,11
rf_importance,logistic,2,0.7456260720411664,0.8695540308747856,0.10726606309581575,0.04915209156837834,spectf_dose1,-0.12392795883361918,-0.058113971527437414,spectf,1,88,11
rf_importance,logistic,3,0.7757289879931389,0.8594339622641509,0.09304080551198911,0.05258124599559209,spectf_dose1,-0.08370497427101198,-0.04045955951639702,spectf,1,88,11
rf_importance,logistic,4,0.751457975986278,0.8366209262435675,0.10522506120827631,0.060488661208233714,spectf_dose1,-0.0851629502572896,-0.044736400000042593,spectf,1,88,11
rf_importance,logistic,5,0.7935677530017153,0.8331046312178387,0.08474036390709618,0.06383439541018494,spectf_dose1,-0.039536878216123394,-0.02090596849691123,spectf,1,88,11
rf_importance,logistic,6,0.7882504288164665,0.8493996569468268,0.08721913664323674,0.056028296586527616,spectf_dose1,-0.06114922813036039,-0.031190840056709128,spectf,1,88,11
rf_importance,logistic,7,0.7772727272727272,0.8403945111492281,0.09290095249370756,0.059360860390835,spectf_dose1,-0.06312178387650091,-0.03354009210287256,spectf,1,88,11
rf_importance,logistic,8,0.8036020583190394,0.8447684391080617,0.07755518314913792,0.056234757586438755,spectf_dose1,-0.04116638078902224,-0.02132042556269917,spectf,1,88,11
rf_importance,logistic,9,0.7789022298456261,0.8382504288164665,0.0900930331501057,0.059355964370559,spectf_dose1,-0.05934819897084043,-0.030737068779546697,spectf,1,88,11
rf_importance,logistic,10,0.7997427101200686,0.834648370497427,0.08104806624942085,0.06225578538051887,spectf_dose1,-0.03490566037735843,-0.01879228086890198,spectf,1,88,11
rf_importance,logistic,11,0.7784734133790738,0.8294168096054889,0.08731506642802546,0.06311084479637744,spectf_dose1,-0.05094339622641508,-0.024204221631648024,spectf,1,88,11
rf_importance,logistic,12,0.7841337907375644,0.8434819897084048,0.09011502322439582,0.0572667975841264,spectf_dose1,-0.05934819897084043,-0.03284822564026942,spectf,1,88,11
rf_importance,logistic,13,0.7960548885077187,0.8376500857632933,0.08045055639210796,0.060901107645566326,spectf_dose1,-0.04159519725557459,-0.019549448746541638,spectf,1,88,11
rf_importance,logistic,14,0.7425385934819897,0.8376500857632933,0.11100291946506721,0.05937981457957411,spectf_dose1,-0.09511149228130356,-0.051623104885493105,spectf,1,88,11
rf_importance,logistic,15,0.7941680960548886,0.8452830188679245,0.08225929716613564,0.06027335533111935,spectf_dose1,-0.05111492281303587,-0.021985941835016294,spectf,1,88,11
rf_importance,logistic,16,0.7654373927958832,0.8408233276157804,0.10174040943782936,0.05947080061140286,spectf_dose1,-0.0753859348198972,-0.0422696088264265,spectf,1,88,11
rf_importance,logistic,17,0.7803602058319039,0.8404802744425385,0.08996480319472556,0.05879314606699582,spectf_dose1,-0.06012006861063457,-0.031171657127729742,spectf,1,88,11
rf_importance,logistic,18,0.7772727272727273,0.8567753001715265,0.08718955701134778,0.0517130264952519,spectf_dose1,-0.07950257289879914,-0.03547653051609589,spectf,1,88,11
rf_importance,logistic,19,0.7824185248713551,0.8349914236706689,0.08519200938961868,0.060120966952198956,spectf_dose1,-0.052572898799313816,-0.025071042437419727,spectf,1,88,11
rf_importance,logistic,20,0.8010291595197258,0.814065180102916,0.07900941267309841,0.0703224039682117,spectf_dose1,-0.0130360205831902,-0.008687008704886715,spectf,1,88,11
rf_importance,logistic,21,0.7690394511149228,0.8416809605488851,0.09193102130814608,0.05910660699176084,spectf_dose1,-0.0726415094339623,-0.03282441431638524,spectf,1,88,11
rf_importance,logistic,22,0.797427101200686,0.8494854202401372,0.08000936169733505,0.05566294942875262,spectf_dose1,-0.05205831903945113,-0.024346412268582432,spectf,1,88,11
rf_importance,logistic,23,0.7811320754716982,0.8367066895368782,0.08520305371518619,0.06248254116251314,spectf_dose1,-0.05557461406518005,-0.02272051255267305,spectf,1,88,11
rf_importance,logistic,24,0.8035162950257292,0.8163807890222985,0.07656022269843125,0.06594393188128908,spectf_dose1,-0.012864493996569304,-0.010616290817142174,spectf,1,88,11
rf_importance,logistic,25,0.7839622641509434,0.829073756432247,0.08910935022507481,0.06300102213085779,spectf_dose1,-0.04511149228130362,-0.026108328094217023,spectf,1,88,11
rf_importance,logistic,26,0.7888507718696398,0.8355060034305318,0.08288748891347142,0.059960274696129995,spectf_dose1,-0.04665523156089202,-0.022927214217341424,spectf,1,88,11
rf_importance,logistic,27,0.7686106346483705,0.8258147512864493,0.09500996029571883,0.06436277870546929,spectf_dose1,-0.057204116638078784,-0.03064718159024954,spectf,1,88,11
rf_importance,logistic,28,0.7842195540308748,0.8421955403087478,0.08751508936221998,0.057947087512661324,spectf_dose1,-0.057975986277872926,-0.029568001849558656,spectf,1,88,11
rf_importance,logistic,29,0.7917667238421956,0.8322469982847341,0.08252031980606363,0.062253075228962736,spectf_dose1,-0.040480274442538544,-0.02026724457710089,spectf,1,88,11
rf_importance,rf,0,0.8430531732418525,0.8067753001715267,0.058321842952687684,0.07081172561808474,spectf_dose1,0.03627787307032582,0.012489882665397058,spectf,1,88,11
rf_importance,rf,1,0.8318610634648371,0.8130789022298457,0.06174227441497461,0.06822045616449444,spectf_dose1,0.018782161234991435,0.006478181749519835,spectf,1,88,11
rf_importance,rf,2,0.8358490566037736,0.8206260720411663,0.06029629537713708,0.06861814918156972,spectf_dose1,0.015222984562607289,0.008321853804432643,spectf,1,88,11
rf_importance,rf,3,0.8412092624356775,0.806646655231561,0.05874359282572884,0.06996992691545885,spectf_dose1,0.034562607204116524,0.011226334089730013,spectf,1,88,11
rf_importance,rf,4,0.8442109777015435,0.8161663807890222,0.05884867679715147,0.06683025230364725,spectf_dose1,0.02804459691252137,0.00798157550649578,spectf,1,88,11
rf_importance,rf,5,0.8313893653516296,0.8004716981132075,0.06083878505549858,0.07181868094761483,spectf_dose1,0.030917667238422042,0.010979895892116252,spectf,1,88,11
rf_importance,rf,6,0.8459691252144084,0.8147084048027444,0.058335568458370755,0.06703744285878889,spectf_dose1,0.031260720411663945,0.008701874400418134,spectf,1,88,11
rf_importance,rf,7,0.8316037735849057,0.8276586620926244,0.06049208274286706,0.06290984975644215,spectf_dose1,0.0039451114922812724,0.0024177670135750867,spectf,1,88,11
rf_importance,rf,8,0.8391509433962264,0.8279159519725557,0.05982405661975645,0.06312782364322073,spectf_dose1,0.011234991423670682,0.0033037670234642783,spectf,1,88,11
rf_importance,rf,9,0.8440823327615781,0.8146655231560891,0.05793499735469593,0.06690181333146976,spectf_dose1,0.02941680960548898,0.008966815976773831,spectf,1,88,11
rf_importance,rf,10,0.8310891938250429,0.8112349914236707,0.06105659223955544,0.06788215542523827,spectf_dose1,0.019854202401372145,0.006825563185682837,spectf,1,88,11
rf_importance,rf,11,0.841295025728988,0.8045883361921098,0.05956655440948209,0.07131517193957372,spectf_dose1,0.03670668953687817,0.011748617530091633,spectf,1,88,11
rf_importance,rf,12,0.8591766723842197,0.839451114922813,0.053487770477003,0.05896319470343252,spectf_dose1,0.019725557461406695,0.0054754242264295205,spectf,1,88,11
rf_importance,rf,13,0.8172384219554031,0.8106346483704975,0.06610665646834792,0.06718697372089201,spectf_dose1,0.006603773584905603,0.001080317252544094,spectf,1,88,11
rf_importance,rf,14,0.7952401372212693,0.7804888507718697,0.06978397349771984,0.07955263988299224,spectf_dose1,0.014751286449399603,0.009768666385272406,spectf,1,88,11
rf_importance,rf,15,0.8609777015437392,0.8480274442538595,0.05380815434175896,0.05517637083751774,spectf_dose1,0.012950257289879752,0.0013682164957587797,spectf,1,88,11
rf_importance,rf,16,0.8403087478559178,0.8449399656946828,0.05856267146173069,0.05656216282687013,spectf_dose1,-0.004631217838764967,-0.002000508634860565,spectf,1,88,11
rf_importance,rf,17,0.8190394511149227,0.8177958833619212,0.06492027062181664,0.06582222840546822,spectf_dose1,0.0012435677530014955,0.000901957783651583,spectf,1,88,11
rf_importance,rf,18,0.8364922813036021,0.8451972555746141,0.059555508750597216,0.05653523784229779,spectf_dose1,-0.008704974271012023,-0.0030202709082994272,spectf,1,88,11
rf_importance,rf,19,0.8305746140651802,0.8072469982847341,0.06251400597125742,0.06925550488386312,spectf_dose1,0.023327615780446065,0.006741498912605698,spectf,1,88,11
rf_importance,rf,20,0.8264579759862779,0.8061749571183535,0.0614989177062034,0.06960302077403892,spectf_dose1,0.020283018867924385,0.008104103067835516,spectf,1,88,11
rf_importance,rf,21,0.8280017152658662,0.8240137221269297,0.061741563510794316,0.06453351440889996,spectf_dose1,0.003987993138936496,0.00279195089810564,spectf,1,88,11
rf_importance,rf,22,0.8237564322469983,0.8168953687821613,0.0642643899239923,0.06724302613794587,spectf_dose1,0.006861063464837058,0.00297863621395357,spectf,1,88,11
rf_importance,rf,23,0.8321183533447684,0.8134648370497427,0.062010296924238095,0.06712677653363122,spectf_dose1,0.01865351629502565,0.005116479609393126,spectf,1,88,11
rf_importance,rf,24,0.8463550600343054,0.8159948542024014,0.05707019277506608,0.06847708967050037,spectf_dose1,0.03036020583190402,0.011406896895434289,spectf,1,88,11
rf_importance,rf,25,0.8435677530017153,0.7931818181818181,0.05819306706021195,0.07268623378401107,spectf_dose1,0.05038593481989717,0.01449316672379912,spectf,1,88,11
rf_importance,rf,26,0.8409948542024014,0.8065608919382505,0.05968352971251837,0.06760172789160478,spectf_dose1,0.03443396226415085,0.007918198179086407,spectf,1,88,11
rf_importance,rf,27,0.8288164665523156,0.8165523156089194,0.061580474480557215,0.06818450692565275,spectf_dose1,0.012264150943396168,0.0066040324450955395,spectf,1,88,11
rf_importance,rf,28,0.8286878216123499,0.8316037735849057,0.06140485224157699,0.06194033020926975,spectf_dose1,-0.002915951972555786,0.0005354779676927587,spectf,1,88,11
rf_importance,rf,29,0.8474271012006861,0.8172384219554032,0.05656402947153814,0.06592815695313142,spectf_dose1,0.0301886792452829,0.009364127481593286,spectf,1,88,11
l1_logistic,logistic,0,0.7781303602058319,0.8243567753001716,0.08989411364132438,0.0704593136822262,spectf_dose1,-0.04622641509433967,-0.01943479995909818,spectf,1,88,11
l1_logistic,logistic,1,0.7968267581475129,0.825557461406518,0.08265968410202768,0.0671993071277618,spectf_dose1,-0.028730703259005064,-0.015460376974265874,spectf,1,88,11
l1_logistic,logistic,2,0.7930531732418524,0.8364493996569469,0.08276395507264578,0.0639420563590361,spectf_dose1,-0.04339622641509444,-0.018821898713609675,spectf,1,88,11
l1_logistic,logistic,3,0.7906518010291596,0.810377358490566,0.08509421343309126,0.07506032389714576,spectf_dose1,-0.019725557461406473,-0.0100338895359455,spectf,1,88,11
l1_logistic,logistic,4,0.7686106346483705,0.8218696397941682,0.09036239869490009,0.06792757343416082,spectf_dose1,-0.05325900514579762,-0.02243482526073927,spectf,1,88,11
l1_logistic,logistic,5,0.801114922813036,0.8245283018867926,0.08068651599627814,0.0697047950901943,spectf_dose1,-0.023413379073756624,-0.010981720906083847,spectf,1,88,11
l1_logistic,logistic,6,0.7694682675814751,0.8048885077186965,0.09379699734812136,0.07249132675838302,spectf_dose1,-0.03542024013722134,-0.02130567058973834,spectf,1,88,11
l1_logistic,logistic,7,0.769811320754717,0.8079759862778731,0.09651074612161721,0.07278985907443171,spectf_dose1,-0.038164665523156116,-0.0237208870471855,spectf,1,88,11
l1_logistic,logistic,8,0.7299313893653515,0.8169811320754717,0.10970104698330158,0.0691523937973835,spectf_dose1,-0.08704974271012023,-0.04054865318591808,spectf,1,88,11
l1_logistic,logistic,9,0.7743567753001716,0.8015437392795883,0.09281263714608587,0.0778366877302844,spectf_dose1,-0.02718696397941678,-0.014975949415801465,spectf,1,88,11
l1_logistic,logistic,10,0.7626072041166381,0.8078902229845626,0.09950113506008815,0.07012705307510068,spectf_dose1,-0.04528301886792452,-0.029374081984987463,spectf,1,88,11
l1_logistic,logistic,11,0.784991423670669,0.8288164665523156,0.08956244037409429,0.06575010551909674,spectf_dose1,-0.04382504288164657,-0.02381233485499755,spectf,1,88,11
l1_logistic,logistic,12,0.7852487135506004,0.8141509433962265,0.08937207620681284,0.07514434644801753,spectf_dose1,-0.02890222984562607,-0.014227729758795313,spectf,1,88,11
l1_logistic,logistic,13,0.7762435677530016,0.8317324185248713,0.09442662941470738,0.06430696934481997,spectf_dose1,-0.05548885077186971,-0.030119660069887408,spectf,1,88,11
l1_logistic,logistic,14,0.7593481989708404,0.7893653516295025,0.09463074768564292,0.0797478136965761,spectf_dose1,-0.030017152658662116,-0.014882933989066816,spectf,1,88,11
l1_logistic,logistic,15,0.7582332761578046,0.8193825042881647,0.0947451610744708,0.07118094643705394,spectf_dose1,-0.06114922813036017,-0.023564214637416855,spectf,1,88,11
l1_logistic,logistic,16,0.7887650085763294,0.8380789022298457,0.08365310840334517,0.06044787598996256,spectf_dose1,-0.04931389365351635,-0.023205232413382605,spectf,1,88,11
l1_logistic,logistic,17,0.7782161234991425,0.8502572898799314,0.0826100651001997,0.05607876157959034,spectf_dose1,-0.07204116638078895,-0.026531303520609367,spectf,1,88,11
l1_logistic,logistic,18,0.7738421955403088,0.8312178387650085,0.09456436283522596,0.06745415950294827,spectf_dose1,-0.05737564322469979,-0.02711020333227769,spectf,1,88,11
l1_logistic,logistic,19,0.79442538593482,0.8467409948542024,0.0827649088382194,0.05961349218832542,spectf_dose1,-0.05231560891938236,-0.023151416649893973,spectf,1,88,11
l1_logistic,logistic,20,0.7761578044596912,0.8104631217838765,0.0898129407686342,0.07158098257469948,spectf_dose1,-0.03430531732418529,-0.018231958193934722,spectf,1,88,11
l1_logistic,logistic,21,0.7577186963979416,0.8139794168096055,0.09795184286569684,0.07060469704063337,spectf_dose1,-0.056260720411663856,-0.02734714582506348,spectf,1,88,11
l1_logistic,logistic,22,0.7709262435677531,0.7823327615780447,0.09255981292963739,0.07798864133117772,spectf_dose1,-0.011406518010291578,-0.014571171598459665,spectf,1,88,11
l1_logistic,logistic,23,0.7670668953687823,0.8171526586620925,0.09597523938007288,0.06907931236933913,spectf_dose1,-0.05008576329331027,-0.026895927010733747,spectf,1,88,11
l1_logistic,logistic,24,0.7813036020583191,0.8090051457975986,0.0909028627868473,0.07214055256885027,spectf_dose1,-0.027701543739279577,-0.018762310217997027,spectf,1,88,11
l1_logistic,logistic,25,0.7476843910806175,0.8084905660377358,0.10087428024878621,0.0724613637887536,spectf_dose1,-0.060806174957118375,-0.028412916460032606,spectf,1,88,11
l1_logistic,logistic,26,0.7670668953687821,0.7991423670668952,0.09497085170064246,0.07573238920162839,spectf_dose1,-0.03207547169811309,-0.019238462499014064,spectf,1,88,11
l1_logistic,logistic,27,0.7632933104631218,0.8024871355060035,0.09781219260199375,0.07392722152291839,spectf_dose1,-0.039193825042881714,-0.023884971079075362,spectf,1,88,11
l1_logistic,logistic,28,0.7893653516295026,0.8404802744425386,0.0907130867113813,0.06154192377286377,spectf_dose1,-0.05111492281303598,-0.029171162938517528,spectf,1,88,11
l1_logistic,logistic,29,0.8183533447684392,0.8301886792452831,0.07080772214790482,0.06494096142294066,spectf_dose1,-0.011835334476843817,-0.005866760724964157,spectf,1,88,11
l1_logistic,rf,0,0.8448542024013722,0.8138078902229846,0.05892068810963423,0.0681909992573845,spectf_dose1,0.031046312178387603,0.009270311147750274,spectf,1,88,11
l1_logistic,rf,1,0.8182246998284735,0.8017581475128647,0.06466990052772068,0.07447418477047543,spectf_dose1,0.016466552315608785,0.009804284242754757,spectf,1,88,11
l1_logistic,rf,2,0.8401372212692968,0.8408233276157805,0.06007225270196791,0.061641231781578674,spectf_dose1,-0.0006861063464836947,0.0015689790796107675,spectf,1,88,11
l1_logistic,rf,3,0.8434391080617496,0.8366209262435677,0.05847176558716765,0.05977884113671613,spectf_dose1,0.006818181818181945,0.001307075549548481,spectf,1,88,11
l1_logistic,rf,4,0.8074614065180102,0.8215694682675816,0.06838755261080064,0.0657975615846611,spectf_dose1,-0.014108061749571355,-0.002589991026139535,spectf,1,88,11
l1_logistic,rf,5,0.8078902229845626,0.814236706689537,0.06962951519712401,0.06649634119764704,spectf_dose1,-0.0063464837049743705,-0.0031331739994769764,spectf,1,88,11
l1_logistic,rf,6,0.8430102915951972,0.8141509433962264,0.058862514881260444,0.0687520136869305,spectf_dose1,0.028859348198970847,0.009889498805670055,spectf,1,88,11
l1_logistic,rf,7,0.8253001715265866,0.7885077186963979,0.06324805604754986,0.07682818244303569,spectf_dose1,0.03679245283018873,0.013580126395485823,spectf,1,88,11
l1_logistic,rf,8,0.8299313893653516,0.8188679245283019,0.060506922507524034,0.06655154508964016,spectf_dose1,0.011063464837049675,0.006044622582116126,spectf,1,88,11
l1_logistic,rf,9,0.8216552315608919,0.7741852487135507,0.06392665521941096,0.08060222525722145,spectf_dose1,0.047469982847341274,0.01667557003781049,spectf,1,88,11
l1_logistic,rf,10,0.8448113207547169,0.8212692967409949,0.057265793086456664,0.06405565339769717,spectf_dose1,0.023542024013721963,0.006789860311240507,spectf,1,88,11
l1_logistic,rf,11,0.8349914236706689,0.8183104631217839,0.05860640867197998,0.06756653411889307,spectf_dose1,0.016680960548885015,0.008960125446913096,spectf,1,88,11
l1_logistic,rf,12,0.851672384219554,0.834648370497427,0.056930731764052694,0.061160159557691274,spectf_dose1,0.01702401372212703,0.004229427793638579,spectf,1,88,11
l1_logistic,rf,13,0.8281303602058319,0.7939536878216124,0.06269233094667981,0.07657817682413323,spectf_dose1,0.03417667238421951,0.013885845877453423,spectf,1,88,11
l1_logistic,rf,14,0.8487993138936535,0.8548456260720412,0.05712206497846133,0.05570822923965994,spectf_dose1,-0.006046312178387692,-0.0014138357388013903,spectf,1,88,11
l1_logistic,rf,15,0.8274442538593482,0.798713550600343,0.061507279274501225,0.07324101360331763,spectf_dose1,0.028730703259005175,0.0117337343288164,spectf,1,88,11
l1_logistic,rf,16,0.8474271012006861,0.8302315608919383,0.057625154518933956,0.06514851395418603,spectf_dose1,0.017195540308747814,0.007523359435252071,spectf,1,88,11
l1_logistic,rf,17,0.8168953687821612,0.8040737564322471,0.06498631398760701,0.07180244671641141,spectf_dose1,0.01282161234991408,0.006816132728804394,spectf,1,88,11
l1_logistic,rf,18,0.8265008576329331,0.829245283018868,0.06190972198305297,0.06271258656050206,spectf_dose1,-0.00274442538593489,0.0008028645774490889,spectf,1,88,11
l1_logistic,rf,19,0.8307032590051459,0.8108490566037736,0.06253786177238754,0.07069572032983944,spectf_dose1,0.019854202401372256,0.008157858557451894,spectf,1,88,11
l1_logistic,rf,20,0.85,0.8402229845626071,0.0560611739202592,0.05935712939531629,spectf_dose1,0.009777015437392844,0.003295955475057087,spectf,1,88,11
l1_logistic,rf,21,0.8419382504288165,0.7910806174957118,0.058731611776369305,0.07629680147427964,spectf_dose1,0.050857632933104746,0.017565189697910336,spectf,1,88,11
l1_logistic,rf,22,0.8344768439108061,0.8289022298456261,0.06105741430006756,0.06330264683278576,spectf_dose1,0.005574614065180006,0.0022452325327182027,spectf,1,88,11
l1_logistic,rf,23,0.8442109777015439,0.7691252144082332,0.05802663126482773,0.08391120660010092,spectf_dose1,0.07508576329331063,0.025884575335273184,spectf,1,88,11
l1_logistic,rf,24,0.8157804459691252,0.7835763293310464,0.06525040775636842,0.08015492081000058,spectf_dose1,0.03220411663807887,0.014904513053632162,spectf,1,88,11
l1_logistic,rf,25,0.8413807890222984,0.8136363636363637,0.05808412905114439,0.06762841446336683,spectf_dose1,0.02774442538593469,0.009544285412222436,spectf,1,88,11
l1_logistic,rf,26,0.837221269296741,0.8271012006861064,0.06031081437101793,0.06330988492219988,spectf_dose1,0.010120068610634636,0.0029990705511819538,spectf,1,88,11
l1_logistic,rf,27,0.8424528301886793,0.8069897084048028,0.05742476940397359,0.06827469174393214,spectf_dose1,0.03546312178387656,0.010849922339958545,spectf,1,88,11
l1_logistic,rf,28,0.8381646655231562,0.8309605488850773,0.059505539506122904,0.06580167151300959,spectf_dose1,0.00720411663807885,0.006296132006886682,spectf,1,88,11
l1_logistic,rf,29,0.8570325900514579,0.8088336192109777,0.05492845993582125,0.0719064115119277,spectf_dose1,0.04819897084048019,0.016977951576106445,spectf,1,88,11
mutual_info,logistic,0,0.7338765008576329,0.8407375643224699,0.10840492243078192,0.059227780695848276,spectf_dose2,-0.10686106346483704,-0.04917714173493365,spectf,2,132,11
mutual_info,logistic,1,0.7423670668953688,0.8275300171526587,0.10246071384430563,0.0624536066344774,spectf_dose2,-0.08516295025728993,-0.04000710720982823,spectf,2,132,11
mutual_info,logistic,2,0.7564322469982847,0.8069468267581474,0.10048558786972621,0.0707625984645685,spectf_dose2,-0.05051457975986273,-0.029722989405157704,spectf,2,132,11
mutual_info,logistic,3,0.7751286449399657,0.8400514579759862,0.09729456452674685,0.05813877700934686,spectf_dose2,-0.06492281303602054,-0.039155787517399995,spectf,2,132,11
mutual_info,logistic,4,0.7412521440823326,0.8460548885077186,0.11093963145360587,0.055880489141637874,spectf_dose2,-0.10480274442538595,-0.055059142311968,spectf,2,132,11
mutual_info,logistic,5,0.740394511149228,0.8360205831903945,0.10879084064987053,0.0601806273600746,spectf_dose2,-0.09562607204116647,-0.04861021328979593,spectf,2,132,11
mutual_info,logistic,6,0.7559176672384219,0.8273584905660377,0.10363291235685478,0.06415788719560753,spectf_dose2,-0.07144082332761581,-0.03947502516124725,spectf,2,132,11
mutual_info,logistic,7,0.7102058319039453,0.824785591766724,0.12278296491894611,0.06381295218472097,spectf_dose2,-0.11457975986277869,-0.05897001273422514,spectf,2,132,11
mutual_info,logistic,8,0.7362778730703259,0.8433104631217839,0.10578669347150588,0.05758417693097386,spectf_dose2,-0.10703259005145804,-0.048202516540532016,spectf,2,132,11
mutual_info,logistic,9,0.775557461406518,0.8410806174957117,0.08835035756987239,0.05772870043412577,spectf_dose2,-0.06552315608919368,-0.03062165713574662,spectf,2,132,11
mutual_info,logistic,10,0.7414236706689538,0.8126929674099487,0.1073677974680196,0.06789885093887595,spectf_dose2,-0.07126929674099491,-0.03946894652914365,spectf,2,132,11
mutual_info,logistic,11,0.7208404802744426,0.8327615780445968,0.11014371992300295,0.06040837526364971,spectf_dose2,-0.11192109777015424,-0.04973534465935324,spectf,2,132,11
mutual_info,logistic,12,0.7819039451114924,0.8355917667238422,0.08590181936200611,0.05999182460084002,spectf_dose2,-0.05368782161234975,-0.025909994761166087,spectf,2,132,11
mutual_info,logistic,13,0.7701543739279588,0.8140651801029158,0.09141376394563899,0.06795574852645021,spectf_dose2,-0.04391080617495702,-0.02345801541918878,spectf,2,132,11
mutual_info,logistic,14,0.7493138936535163,0.8325042881646655,0.10122093295264477,0.06183547521697727,spectf_dose2,-0.08319039451114918,-0.0393854577356675,spectf,2,132,11
mutual_info,logistic,15,0.7086620926243569,0.811663807890223,0.11678419495653933,0.06672686226544378,spectf_dose2,-0.1030017152658661,-0.05005733269109555,spectf,2,132,11
mutual_info,logistic,16,0.7387650085763293,0.845197255574614,0.10625411263314585,0.05627798601940122,spectf_dose2,-0.10643224699828469,-0.049976126613744634,spectf,2,132,11
mutual_info,logistic,17,0.782761578044597,0.8271012006861065,0.08771993111458189,0.06410551299081303,spectf_dose2,-0.04433962264150948,-0.023614418123768854,spectf,2,132,11
mutual_info,logistic,18,0.7088336192109777,0.8228987993138936,0.1198608482469197,0.06487607115550542,spectf_dose2,-0.114065180102916,-0.05498477709141428,spectf,2,132,11
mutual_info,logistic,19,0.7512864493996569,0.8249571183533447,0.10437131376240483,0.06225806375141664,spectf_dose2,-0.07367066895368779,-0.04211325001098819,spectf,2,132,11
mutual_info,logistic,20,0.7432246998284734,0.8203259005145797,0.10333738621967883,0.06464919848003255,spectf_dose2,-0.07710120068610626,-0.03868818773964629,spectf,2,132,11
mutual_info,logistic,21,0.7530017152658662,0.8456260720411664,0.10755031443850914,0.05752304332531919,spectf_dose2,-0.09262435677530012,-0.05002727111318995,spectf,2,132,11
mutual_info,logistic,22,0.767238421955403,0.8373070325900516,0.10145554795694524,0.05899434429293956,spectf_dose2,-0.07006861063464853,-0.04246120366400568,spectf,2,132,11
mutual_info,logistic,23,0.7590051457975987,0.8139794168096055,0.10016616336967789,0.06858714917089147,spectf_dose2,-0.0549742710120068,-0.03157901419878642,spectf,2,132,11
mutual_info,logistic,24,0.7776157804459689,0.8285591766723842,0.08872204833335125,0.06344669043196347,spectf_dose2,-0.050943396226415305,-0.025275357901387782,spectf,2,132,11
mutual_info,logistic,25,0.7433104631217838,0.8331046312178388,0.11074913671768691,0.06257764985619002,spectf_dose2,-0.089794168096055,-0.04817148686149689,spectf,2,132,11
mutual_info,logistic,26,0.7740137221269298,0.8293310463121784,0.09569707379820637,0.06257664171968273,spectf_dose2,-0.055317324185248595,-0.03312043207852364,spectf,2,132,11
mutual_info,logistic,27,0.7733276157804458,0.8026586620926245,0.09301664009733732,0.07394766678634054,spectf_dose2,-0.029331046312178644,-0.019068973310996773,spectf,2,132,11
mutual_info,logistic,28,0.7210120068610636,0.8270154373927959,0.12253693030595264,0.06296510346332952,spectf_dose2,-0.10600343053173233,-0.05957182684262312,spectf,2,132,11
mutual_info,logistic,29,0.739794168096055,0.7931389365351629,0.10458149259550795,0.07538145594483263,spectf_dose2,-0.05334476843910785,-0.029200036650675318,spectf,2,132,11
mutual_info,rf,0,0.8144939965694685,0.7999571183533447,0.06936577838321005,0.07316588227753498,spectf_dose2,0.014536878216123816,0.0038001038943249327,spectf,2,132,11
mutual_info,rf,1,0.8257718696397942,0.8199399656946826,0.06523320557500588,0.06608254908362765,spectf_dose2,0.005831903945111572,0.0008493435086217721,spectf,2,132,11
mutual_info,rf,2,0.8333619210977702,0.8187821612349915,0.06313475638051337,0.06572428272386237,spectf_dose2,0.014579759862778707,0.002589526343348997,spectf,2,132,11
mutual_info,rf,3,0.8191252144082333,0.8243138936535163,0.0642345684652239,0.06287284826753947,spectf_dose2,-0.00518867924528299,-0.001361720197684435,spectf,2,132,11
mutual_info,rf,4,0.8166380789022298,0.8193825042881647,0.06593004815737796,0.06616663043380407,spectf_dose2,-0.00274442538593489,0.0002365822764261033,spectf,2,132,11
mutual_info,rf,5,0.8214408233276158,0.8024442538593483,0.06524378487311144,0.07243924020206577,spectf_dose2,0.018996569468267555,0.0071954553289543255,spectf,2,132,11
mutual_info,rf,6,0.8233704974271011,0.8225986277873071,0.06350460464036403,0.06346530488232319,spectf_dose2,0.0007718696397940317,-3.9299758040844956e-05,spectf,2,132,11
mutual_info,rf,7,0.8372641509433962,0.8051029159519726,0.06046713749159353,0.07171772113126063,spectf_dose2,0.03216123499142365,0.011250583639667099,spectf,2,132,11
mutual_info,rf,8,0.8111492281303602,0.8124785591766724,0.0669483392897994,0.06704376864107162,spectf_dose2,-0.0013293310463122765,9.542935127221375e-05,spectf,2,132,11
mutual_info,rf,9,0.8250000000000001,0.8354202401372214,0.06420093528037348,0.06182923787643082,spectf_dose2,-0.010420240137221315,-0.002371697403942656,spectf,2,132,11
mutual_info,rf,10,0.821269296740995,0.7862778730703258,0.06545225723215799,0.07622358264628627,spectf_dose2,0.03499142367066921,0.010771325414128285,spectf,2,132,11
mutual_info,rf,11,0.8104202401372212,0.7873499142367067,0.07076485716120469,0.07945607788250453,spectf_dose2,0.0230703259005145,0.008691220721299839,spectf,2,132,11
mutual_info,rf,12,0.8121783876500858,0.782032590051458,0.07028517942558096,0.07651411204733934,spectf_dose2,0.030145797598627788,0.0062289326217583735,spectf,2,132,11
mutual_info,rf,13,0.8293310463121784,0.799828473413379,0.06350917877014374,0.07142115932717838,spectf_dose2,0.029502572898799317,0.00791198055703464,spectf,2,132,11
mutual_info,rf,14,0.8086192109777015,0.8012864493996569,0.07086352802036236,0.07210012331210976,spectf_dose2,0.007332761578044633,0.0012365952917473971,spectf,2,132,11
mutual_info,rf,15,0.8301029159519726,0.8096483704974271,0.06340936436877122,0.06943293333877162,spectf_dose2,0.020454545454545503,0.006023568970000406,spectf,2,132,11
mutual_info,rf,16,0.858319039451115,0.8268439108061749,0.05556341705187131,0.061517336991232865,spectf_dose2,0.031475128644940065,0.005953919939361556,spectf,2,132,11
mutual_info,rf,17,0.8087478559176672,0.8086192109777015,0.06788646055524929,0.06961752983459325,spectf_dose2,0.00012864493996567195,0.0017310692793439664,spectf,2,132,11
mutual_info,rf,18,0.807590051457976,0.8033876500857634,0.0685961679061172,0.06970902694830071,spectf_dose2,0.004202401372212616,0.0011128590421835144,spectf,2,132,11
mutual_info,rf,19,0.8029588336192109,0.7834905660377359,0.06904623291433015,0.07950363679645447,spectf_dose2,0.01946826758147502,0.010457403882124322,spectf,2,132,11
mutual_info,rf,20,0.8135506003430532,0.8202830188679245,0.06659745897384609,0.0659951902895444,spectf_dose2,-0.006732418524871386,-0.0006022686843016878,spectf,2,132,11
mutual_info,rf,21,0.8307032590051459,0.7922384219554031,0.06429081335660937,0.0765211466451039,spectf_dose2,0.038464837049742795,0.01223033328849453,spectf,2,132,11
mutual_info,rf,22,0.8190823327615782,0.8349485420240137,0.06662040127763351,0.05953753125865443,spectf_dose2,-0.015866209262435538,-0.00708287001897908,spectf,2,132,11
mutual_info,rf,23,0.8259862778730704,0.7983704974271012,0.06363560683564354,0.07238922848100114,spectf_dose2,0.02761578044596924,0.008753621645357604,spectf,2,132,11
mutual_info,rf,24,0.8085763293310464,0.8033876500857632,0.0698936703227776,0.07186276192941642,spectf_dose2,0.005188679245283212,0.0019690916066388148,spectf,2,132,11
mutual_info,rf,25,0.8106775300171525,0.8173670668953688,0.07036680180762263,0.06674369079175166,spectf_dose2,-0.006689536878216273,-0.0036231110158709695,spectf,2,132,11
mutual_info,rf,26,0.8052744425385936,0.7914665523156089,0.06956077943812004,0.07528179039398342,spectf_dose2,0.013807890222984676,0.005721010955863373,spectf,2,132,11
mutual_info,rf,27,0.8221269296740994,0.8144939965694682,0.0660659767010851,0.0684023272307316,spectf_dose2,0.007632933104631201,0.0023363505296464943,spectf,2,132,11
mutual_info,rf,28,0.8190394511149228,0.8108490566037735,0.06484029391249602,0.0689864459852958,spectf_dose2,0.008190394511149335,0.00414615207279978,spectf,2,132,11
mutual_info,rf,29,0.8198113207547171,0.7889365351629503,0.06589916081672462,0.07341468818621168,spectf_dose2,0.030874785591766818,0.00751552736948706,spectf,2,132,11
rf_importance,logistic,0,0.7855917667238422,0.8400514579759862,0.08964084415608639,0.05677343685621074,spectf_dose2,-0.054459691252144005,-0.03286740729987565,spectf,2,132,11
rf_importance,logistic,1,0.7350771869639793,0.8075471698113207,0.10705811811111506,0.06981313555200228,spectf_dose2,-0.07246998284734141,-0.03724498255911278,spectf,2,132,11
rf_importance,logistic,2,0.7506003430531734,0.8624356775300172,0.10016605700132622,0.05425220347893842,spectf_dose2,-0.1118353344768438,-0.0459138535223878,spectf,2,132,11
rf_importance,logistic,3,0.7325042881646655,0.8180102915951972,0.11308631929796552,0.06664023433916659,spectf_dose2,-0.08550600343053172,-0.04644608495879893,spectf,2,132,11
rf_importance,logistic,4,0.7495711835334478,0.8283018867924528,0.10237468297554275,0.06246349234749006,spectf_dose2,-0.078730703259005,-0.03991119062805269,spectf,2,132,11
rf_importance,logistic,5,0.7376500857632934,0.832418524871355,0.10767373405441162,0.061871008037666875,spectf_dose2,-0.09476843910806165,-0.045802726016744746,spectf,2,132,11
rf_importance,logistic,6,0.7636363636363637,0.8529159519725558,0.10456038282430605,0.05541471296604322,spectf_dose2,-0.0892795883361921,-0.049145669858262825,spectf,2,132,11
rf_importance,logistic,7,0.7615780445969126,0.8274442538593481,0.09593842699485544,0.06330423157766399,spectf_dose2,-0.06586620926243547,-0.03263419541719145,spectf,2,132,11
rf_importance,logistic,8,0.7495711835334476,0.83704974271012,0.10907329678381622,0.05965945254993871,spectf_dose2,-0.08747855917667235,-0.04941384423387751,spectf,2,132,11
rf_importance,logistic,9,0.7133790737564324,0.8208404802744426,0.11846631995152246,0.06747974623964481,spectf_dose2,-0.10746140651801017,-0.05098657371187765,spectf,2,132,11
rf_importance,logistic,10,0.7726415094339623,0.8312178387650087,0.09150706063796407,0.06106486968781908,spectf_dose2,-0.058576329331046395,-0.03044219095014499,spectf,2,132,11
rf_importance,logistic,11,0.745197255574614,0.8252144082332762,0.10110656478944902,0.06426522197928787,spectf_dose2,-0.08001715265866216,-0.036841342810161146,spectf,2,132,11
rf_importance,logistic,12,0.7287307032590051,0.8380789022298457,0.12022679679333352,0.05989398434156126,spectf_dose2,-0.10934819897084058,-0.06033281245177226,spectf,2,132,11
rf_importance,logistic,13,0.77778730703259,0.8516295025728987,0.09131523440494554,0.0542740897659403,spectf_dose2,-0.07384219554030869,-0.03704114463900524,spectf,2,132,11
rf_importance,logistic,14,0.7478559176672385,0.8157804459691252,0.0990412289212178,0.06922629892081772,spectf_dose2,-0.06792452830188678,-0.029814930000400086,spectf,2,132,11
rf_importance,logistic,15,0.7719554030874786,0.870754716981132,0.09626973336835358,0.047108682421038106,spectf_dose2,-0.09879931389365348,-0.049161050947315474,spectf,2,132,11
rf_importance,logistic,16,0.7442538593481989,0.8352487135506003,0.10838041130385681,0.05996963340941465,spectf_dose2,-0.09099485420240139,-0.04841077789444216,spectf,2,132,11
rf_importance,logistic,17,0.7358490566037736,0.8086620926243567,0.1117833292760069,0.07080928485438215,spectf_dose2,-0.07281303602058309,-0.04097404442162475,spectf,2,132,11
rf_importance,logistic,18,0.7379931389365352,0.8101200686106347,0.11072303540080301,0.06963331567521129,spectf_dose2,-0.0721269296740995,-0.04108971972559172,spectf,2,132,11
rf_importance,logistic,19,0.7253001715265867,0.8152658662092624,0.11270448822752904,0.06936209227144585,spectf_dose2,-0.08996569468267579,-0.04334239595608319,spectf,2,132,11
rf_importance,logistic,20,0.7682675814751286,0.8658662092624356,0.104695553526021,0.0507867710369104,spectf_dose2,-0.09759862778730699,-0.0539087824891106,spectf,2,132,11
rf_importance,logistic,21,0.7639794168096055,0.848885077186964,0.10008324037723867,0.057224575808630704,spectf_dose2,-0.08490566037735858,-0.04285866456860797,spectf,2,132,11
rf_importance,logistic,22,0.7690394511149228,0.8357632933104632,0.09689192706699273,0.06112406795751281,spectf_dose2,-0.0667238421955404,-0.035767859109479924,spectf,2,132,11
rf_importance,logistic,23,0.7680102915951973,0.8368782161234992,0.09552669858329414,0.06106652908353286,spectf_dose2,-0.06886792452830193,-0.03446016949976128,spectf,2,132,11
rf_importance,logistic,24,0.7471698113207547,0.8358490566037735,0.10341162963483239,0.060281792112615654,spectf_dose2,-0.08867924528301885,-0.04312983752221673,spectf,2,132,11
rf_importance,logistic,25,0.7523156089193825,0.8561749571183535,0.0985742284963733,0.05446434376155337,spectf_dose2,-0.10385934819897091,-0.044109884734819936,spectf,2,132,11
rf_importance,logistic,26,0.7535162950257288,0.8392795883361921,0.10508676306989265,0.05907192668501885,spectf_dose2,-0.08576329331046328,-0.046014836384873796,spectf,2,132,11
rf_importance,logistic,27,0.7515437392795883,0.8132933104631218,0.10426210931785748,0.06887806287395598,spectf_dose2,-0.061749571183533525,-0.0353840464439015,spectf,2,132,11
rf_importance,logistic,28,0.7363636363636364,0.8271869639794168,0.10598345173401294,0.06339908275073022,spectf_dose2,-0.09082332761578038,-0.04258436898328272,spectf,2,132,11
rf_importance,logistic,29,0.7573756432246999,0.8422813036020582,0.10427176432168095,0.057947305144286414,spectf_dose2,-0.08490566037735836,-0.046324459177394535,spectf,2,132,11
rf_importance,rf,0,0.8335763293310464,0.7975128644939966,0.06201715257537993,0.07701919456000406,spectf_dose2,0.03606346483704981,0.015002041984624126,spectf,2,132,11
rf_importance,rf,1,0.8237993138936536,0.8245711835334477,0.06351754815071475,0.06314989716944357,spectf_dose2,-0.0007718696397941427,-0.00036765098127118645,spectf,2,132,11
rf_importance,rf,2,0.8163379073756432,0.8296740994854203,0.06468176897749482,0.06389449196224245,spectf_dose2,-0.0133361921097771,-0.0007872770152523717,spectf,2,132,11
rf_importance,rf,3,0.8370497427101201,0.8420668953687822,0.0608142760570635,0.05828800354492076,spectf_dose2,-0.005017152658662094,-0.002526272512142741,spectf,2,132,11
rf_importance,rf,4,0.808147512864494,0.8086620926243567,0.06776824012777688,0.06758835614357282,spectf_dose2,-0.0005145797598626878,-0.00017988398420405727,spectf,2,132,11
rf_importance,rf,5,0.8181818181818181,0.8021869639794168,0.06608644812706121,0.06946071060801876,spectf_dose2,0.01599485420240132,0.0033742624809575406,spectf,2,132,11
rf_importance,rf,6,0.7912092624356775,0.7909519725557462,0.07505692988023137,0.07714445713583681,spectf_dose2,0.00025728987993123287,0.0020875272556054453,spectf,2,132,11
rf_importance,rf,7,0.8237564322469985,0.807032590051458,0.06334903110893349,0.07259748513780559,spectf_dose2,0.01672384219554046,0.009248454028872102,spectf,2,132,11
rf_importance,rf,8,0.8171955403087479,0.8012435677530017,0.06520333203118671,0.07120752399666204,spectf_dose2,0.015951972555746208,0.006004191965475331,spectf,2,132,11
rf_importance,rf,9,0.801672384219554,0.7252144082332761,0.07560921896754325,0.09640112600535067,spectf_dose2,0.0764579759862779,0.020791907037807422,spectf,2,132,11
rf_importance,rf,10,0.8269296740994855,0.7915951972555746,0.06317029553291512,0.07485103133500605,spectf_dose2,0.03533447684391089,0.011680735802090933,spectf,2,132,11
rf_importance,rf,11,0.8237564322469983,0.835377358490566,0.06537312845401465,0.05921639895133671,spectf_dose2,-0.011620926243567697,-0.006156729502677941,spectf,2,132,11
rf_importance,rf,12,0.8139365351629504,0.7963121783876501,0.06730521488211885,0.07504979457247518,spectf_dose2,0.017624356775300276,0.007744579690356329,spectf,2,132,11
rf_importance,rf,13,0.8211835334476844,0.8268867924528301,0.06636086896586793,0.06232890676568707,spectf_dose2,-0.005703259005145789,-0.004031962200180858,spectf,2,132,11
rf_importance,rf,14,0.8156089193825042,0.7945540308747855,0.06692425120111262,0.07279391553591186,spectf_dose2,0.02105488850771875,0.0058696643347992405,spectf,2,132,11
rf_importance,rf,15,0.8268439108061749,0.8267152658662092,0.06388234784585738,0.06139304291000993,spectf_dose2,0.00012864493996567195,-0.002489304935847446,spectf,2,132,11
rf_importance,rf,16,0.8475128644939967,0.8462692967409947,0.05871829475518791,0.05712748542267583,spectf_dose2,0.0012435677530019396,-0.001590809332512079,spectf,2,132,11
rf_importance,rf,17,0.8340051457975987,0.8285162950257289,0.06192225501499663,0.060906732907667294,spectf_dose2,0.00548885077186978,-0.0010155221073293377,spectf,2,132,11
rf_importance,rf,18,0.8419811320754715,0.7933104631217839,0.0591104030532082,0.07618257621212578,spectf_dose2,0.04867066895368766,0.017072173158917577,spectf,2,132,11
rf_importance,rf,19,0.8238421955403089,0.7891509433962265,0.06446738811500925,0.07602881419461716,spectf_dose2,0.03469125214408242,0.011561426079607903,spectf,2,132,11
rf_importance,rf,20,0.8150514579759862,0.7865780445969125,0.06804567520553943,0.07496869570499454,spectf_dose2,0.02847341337907372,0.006923020499455104,spectf,2,132,11
rf_importance,rf,21,0.8409519725557462,0.8166380789022298,0.060523369705451635,0.06528360083455481,spectf_dose2,0.024313893653516327,0.004760231129103176,spectf,2,132,11
rf_importance,rf,22,0.8180102915951973,0.8068610634648371,0.0660794181854743,0.072176308642038,spectf_dose2,0.011149228130360234,0.006096890456563697,spectf,2,132,11
rf_importance,rf,23,0.8135506003430532,0.8216123499142367,0.06720016600863153,0.0643314237726454,spectf_dose2,-0.008061749571183552,-0.002868742235986127,spectf,2,132,11
rf_importance,rf,24,0.84631217838765,0.8231560891938251,0.059157231974881,0.06424875054088636,spectf_dose2,0.023156089193824947,0.005091518566005357,spectf,2,132,11
rf_importance,rf,25,0.8337907375643225,0.8116209262435677,0.06309320835805957,0.06614150273976636,spectf_dose2,0.022169811320754795,0.003048294381706798,spectf,2,132,11
rf_importance,rf,26,0.8260720411663808,0.831303602058319,0.06361854961792536,0.062416620658182334,spectf_dose2,-0.005231560891938214,-0.001201928959743026,spectf,2,132,11
rf_importance,rf,27,0.8066466552315609,0.8038593481989708,0.06884236860823592,0.06916305151284965,spectf_dose2,0.002787307032590114,0.00032068290461373383,spectf,2,132,11
rf_importance,rf,28,0.8462264150943397,0.8322469982847341,0.05870590624561534,0.06157483768834658,spectf_dose2,0.013979416809605572,0.0028689314427312387,spectf,2,132,11
rf_importance,rf,29,0.8395797598627788,0.81573756432247,0.05923620126523556,0.06658432853499588,spectf_dose2,0.023842195540308753,0.007348127269760321,spectf,2,132,11
l1_logistic,logistic,0,0.7305317324185249,0.834991423670669,0.11585566436530315,0.06395168015631164,spectf_dose2,-0.10445969125214416,-0.051903984208991505,spectf,2,132,11
l1_logistic,logistic,1,0.7677530017152658,0.8472555746140652,0.10066604301496189,0.05941820409501181,spectf_dose2,-0.07950257289879936,-0.041247838919950076,spectf,2,132,11
l1_logistic,logistic,2,0.7509433962264151,0.8056603773584905,0.10411120455604413,0.07831635340130279,spectf_dose2,-0.05471698113207535,-0.02579485115474134,spectf,2,132,11
l1_logistic,logistic,3,0.7173241852487137,0.8037735849056604,0.112100353640584,0.07329242034952534,spectf_dose2,-0.08644939965694676,-0.038807933291058666,spectf,2,132,11
l1_logistic,logistic,4,0.7523156089193827,0.8554030874785592,0.10838896364428958,0.05493261771765931,spectf_dose2,-0.10308747855917655,-0.053456345926630275,spectf,2,132,11
l1_logistic,logistic,5,0.7678387650085764,0.8216981132075472,0.09473794968237176,0.06851284922635224,spectf_dose2,-0.05385934819897076,-0.026225100456019515,spectf,2,132,11
l1_logistic,logistic,6,0.7280445969125214,0.8620068610634649,0.11312761885924055,0.0523744412008335,spectf_dose2,-0.13396226415094348,-0.06075317765840705,spectf,2,132,11
l1_logistic,logistic,7,0.7360205831903945,0.8128644939965695,0.10782148532167055,0.07296193631643945,spectf_dose2,-0.07684391080617492,-0.0348595490052311,spectf,2,132,11
l1_logistic,logistic,8,0.7441680960548885,0.8034305317324185,0.1127280881596446,0.0799783450898999,spectf_dose2,-0.05926243567752998,-0.032749743069744694,spectf,2,132,11
l1_logistic,logistic,9,0.7401372212692967,0.8475986277873071,0.1083498369014125,0.059528653807801264,spectf_dose2,-0.1074614065180104,-0.04882118309361124,spectf,2,132,11
l1_logistic,logistic,10,0.74073756432247,0.8245283018867924,0.10360156536883146,0.06653859145228735,spectf_dose2,-0.08379073756432243,-0.037062973916544104,spectf,2,132,11
l1_logistic,logistic,11,0.7343053173241852,0.8004288164665524,0.11929552833785857,0.08104323868123518,spectf_dose2,-0.06612349914236715,-0.03825228965662339,spectf,2,132,11
l1_logistic,logistic,12,0.7184391080617496,0.8110634648370496,0.12413285038290073,0.07488721292004992,spectf_dose2,-0.09262435677530001,-0.04924563746285081,spectf,2,132,11
l1_logistic,logistic,13,0.7566895368782162,0.8069468267581476,0.0968437877450739,0.07281507403240003,spectf_dose2,-0.05025728987993139,-0.02402871371267387,spectf,2,132,11
l1_logistic,logistic,14,0.7439965694682678,0.8117495711835334,0.10604993622128682,0.07589015694558239,spectf_dose2,-0.06775300171526566,-0.03015977927570443,spectf,2,132,11
l1_logistic,logistic,15,0.7295025728987993,0.8057461406518011,0.10783463165342971,0.07582196382502775,spectf_dose2,-0.07624356775300178,-0.03201266782840197,spectf,2,132,11
l1_logistic,logistic,16,0.7838765008576329,0.8409090909090909,0.08941978702109091,0.0609109893002449,spectf_dose2,-0.057032590051458,-0.02850879772084601,spectf,2,132,11
l1_logistic,logistic,17,0.7237564322469983,0.8474271012006862,0.11201698058847379,0.05778129839512958,spectf_dose2,-0.12367066895368795,-0.05423568219334421,spectf,2,132,11
l1_logistic,logistic,18,0.7353344768439108,0.8073756432246999,0.10437471573626028,0.07286834782391523,spectf_dose2,-0.07204116638078906,-0.031506367912345054,spectf,2,132,11
l1_logistic,logistic,19,0.7325900514579761,0.7958833619210978,0.11096876875413408,0.08330324637852976,spectf_dose2,-0.0632933104631217,-0.027665522375604323,spectf,2,132,11
l1_logistic,logistic,20,0.7201543739279589,0.8120926243567753,0.11373913983736562,0.07321717155009316,spectf_dose2,-0.09193825042881643,-0.04052196828727246,spectf,2,132,11
l1_logistic,logistic,21,0.7343910806174957,0.8108919382504289,0.11327474996854768,0.07294099907501965,spectf_dose2,-0.07650085763293324,-0.04033375089352803,spectf,2,132,11
l1_logistic,logistic,22,0.7517152658662094,0.810548885077187,0.11461367860563068,0.07564816298740339,spectf_dose2,-0.05883361921097763,-0.038965515618227295,spectf,2,132,11
l1_logistic,logistic,23,0.7397084048027445,0.8433962264150944,0.10896856491075471,0.06024454044817227,spectf_dose2,-0.1036878216123499,-0.04872402446258244,spectf,2,132,11
l1_logistic,logistic,24,0.7428816466552317,0.7910806174957118,0.10987075533467035,0.08003142570438128,spectf_dose2,-0.04819897084048008,-0.02983932963028907,spectf,2,132,11
l1_logistic,logistic,25,0.7565180102915952,0.8352487135506003,0.1059341291831216,0.06306081063314252,spectf_dose2,-0.07873070325900511,-0.042873318549979084,spectf,2,132,11
l1_logistic,logistic,26,0.7568610634648371,0.8421097770154374,0.1046092609742682,0.06138840242941229,spectf_dose2,-0.08524871355060037,-0.04322085854485591,spectf,2,132,11
l1_logistic,logistic,27,0.7828473413379075,0.8240137221269297,0.0892304545577807,0.07024569678815132,spectf_dose2,-0.04116638078902224,-0.01898475776962938,spectf,2,132,11
l1_logistic,logistic,28,0.744082332761578,0.8343053173241853,0.10929512708773254,0.06369906957836437,spectf_dose2,-0.09022298456260736,-0.04559605750936817,spectf,2,132,11
l1_logistic,logistic,29,0.7533447684391081,0.8397084048027443,0.09870257313523484,0.06431030001940521,spectf_dose2,-0.0863636363636362,-0.034392273115829625,spectf,2,132,11
l1_logistic,rf,0,0.8465694682675815,0.8368782161234991,0.06011844122898134,0.0627823552799642,spectf_dose2,0.009691252144082396,0.00266391405098286,spectf,2,132,11
l1_logistic,rf,1,0.8425385934819897,0.7954974271012007,0.06049477024677252,0.07771725872517085,spectf_dose2,0.047041166380788924,0.01722248847839833,spectf,2,132,11
l1_logistic,rf,2,0.8104202401372212,0.8106346483704975,0.06956754864306805,0.0689293903917921,spectf_dose2,-0.00021440823327623093,-0.0006381582512759443,spectf,2,132,11
l1_logistic,rf,3,0.8189965694682676,0.7952830188679245,0.06660575773247893,0.07822449974311974,spectf_dose2,0.02371355060034308,0.011618742010640809,spectf,2,132,11
l1_logistic,rf,4,0.8215265866209261,0.8059176672384221,0.06567197995062926,0.07688980370346296,spectf_dose2,0.015608919382504083,0.0112178237528337,spectf,2,132,11
l1_logistic,rf,5,0.8385506003430532,0.797770154373928,0.060557016244731136,0.07871286446676758,spectf_dose2,0.04078044596912522,0.01815584822203644,spectf,2,132,11
l1_logistic,rf,6,0.8307890222984562,0.8195540308747855,0.06329355482761068,0.0663440655582039,spectf_dose2,0.011234991423670682,0.003050510730593217,spectf,2,132,11
l1_logistic,rf,7,0.8255145797598628,0.7856775300171527,0.0648412780562441,0.07631873666626171,spectf_dose2,0.03983704974271007,0.011477458610017616,spectf,2,132,11
l1_logistic,rf,8,0.8305746140651802,0.8222984562607204,0.06421576859577408,0.06620790852549942,spectf_dose2,0.008276157804459783,0.0019921399297253423,spectf,2,132,11
l1_logistic,rf,9,0.8315608919382506,0.8236277873070327,0.06226391138909672,0.06562516272894128,spectf_dose2,0.00793310463121788,0.003361251339844565,spectf,2,132,11
l1_logistic,rf,10,0.8282590051457976,0.8278730703259005,0.06441018788338074,0.06576934781154138,spectf_dose2,0.00038593481989712686,0.0013591599281606442,spectf,2,132,11
l1_logistic,rf,11,0.8223413379073756,0.8291166380789022,0.06322522017051418,0.06073460037586475,spectf_dose2,-0.00677530017152661,-0.002490619794649436,spectf,2,132,11
l1_logistic,rf,12,0.8138936535162951,0.8199828473413379,0.06754159209288284,0.06423256459475116,spectf_dose2,-0.006089193825042805,-0.003309027498131681,spectf,2,132,11
l1_logistic,rf,13,0.8155660377358491,0.8136363636363636,0.06753351424081758,0.06831909026894217,spectf_dose2,0.0019296740994855233,0.000785576028124596,spectf,2,132,11
l1_logistic,rf,14,0.8406946826758147,0.8241423670668954,0.05899721389190596,0.06424165182235392,spectf_dose2,0.016552315608919344,0.005244437930447959,spectf,2,132,11
l1_logistic,rf,15,0.8204974271012008,0.8216981132075473,0.06610132430526411,0.06842691428001443,spectf_dose2,-0.0012006861063464935,0.002325589974750325,spectf,2,132,11
l1_logistic,rf,16,0.8530017152658663,0.8188679245283018,0.056133724454735606,0.06573962201621955,spectf_dose2,0.03413379073756451,0.009605897561483945,spectf,2,132,11
l1_logistic,rf,17,0.813507718696398,0.8169382504288166,0.06693675653197903,0.07027579483990937,spectf_dose2,-0.0034305317324185847,0.0033390383079303365,spectf,2,132,11
l1_logistic,rf,18,0.8162521440823327,0.8403087478559177,0.06687465963039003,0.05996025538540524,spectf_dose2,-0.024056603773584984,-0.006914404244984795,spectf,2,132,11
l1_logistic,rf,19,0.8256861063464837,0.8224699828473414,0.06304295620430198,0.0681119308622021,spectf_dose2,0.0032161234991422427,0.005068974657900127,spectf,2,132,11
l1_logistic,rf,20,0.8180531732418526,0.851457975986278,0.06770623095878092,0.05877445860863437,spectf_dose2,-0.03340480274442548,-0.008931772350146555,spectf,2,132,11
l1_logistic,rf,21,0.8106775300171527,0.833704974271012,0.06723775536152868,0.06211159446308902,spectf_dose2,-0.023027444253859275,-0.005126160898439661,spectf,2,132,11
l1_logistic,rf,22,0.8058319039451115,0.8234133790737566,0.06939741347472299,0.06490105230258476,spectf_dose2,-0.017581475128645052,-0.004496361172138225,spectf,2,132,11
l1_logistic,rf,23,0.8282590051457976,0.7561749571183535,0.06289040851582595,0.09095793885685653,spectf_dose2,0.07208404802744417,0.028067530341030586,spectf,2,132,11
l1_logistic,rf,24,0.8069897084048027,0.7929674099485421,0.06735034988814531,0.07492757331567297,spectf_dose2,0.014022298456260573,0.00757722342752766,spectf,2,132,11
l1_logistic,rf,25,0.8286878216123499,0.8517152658662093,0.062026065917624953,0.06110638290517814,spectf_dose2,-0.023027444253859386,-0.0009196830124468119,spectf,2,132,11
l1_logistic,rf,26,0.8156089193825042,0.831089193825043,0.0661541266696562,0.06190304030250724,spectf_dose2,-0.015480274442538744,-0.004251086367148958,spectf,2,132,11
l1_logistic,rf,27,0.8352915951972556,0.8077186963979417,0.06274918375620545,0.06935946419371278,spectf_dose2,0.027572898799313905,0.006610280437507332,spectf,2,132,11
l1_logistic,rf,28,0.8152658662092624,0.8052744425385935,0.0673736875743507,0.07634940354425486,spectf_dose2,0.009991423670668964,0.008975715969904166,spectf,2,132,11
l1_logistic,rf,29,0.8251286449399657,0.8412521440823328,0.0629633598170209,0.05914962670471659,spectf_dose2,-0.016123499142367104,-0.0038137331123043183,spectf,2,132,11
mutual_info,logistic,0,0.7474271012006862,0.8343910806174957,0.09552093167123757,0.059417766912982305,spectf_dose5,-0.08696397941680944,-0.036103164758255264,spectf,5,264,11
mutual_info,logistic,1,0.6858490566037736,0.8333619210977701,0.11996388276510388,0.06068292616270979,spectf_dose5,-0.14751286449399648,-0.05928095660239409,spectf,5,264,11
mutual_info,logistic,2,0.7445969125214409,0.8337049742710121,0.09456102138880343,0.06111140157955231,spectf_dose5,-0.0891080617495712,-0.03344961980925112,spectf,5,264,11
mutual_info,logistic,3,0.7470840480274443,0.8726415094339622,0.09996461932965402,0.047620133538360435,spectf_dose5,-0.1255574614065179,-0.05234448579129358,spectf,5,264,11
mutual_info,logistic,4,0.7145797598627788,0.8533447684391081,0.10655131006506535,0.05395367922274243,spectf_dose5,-0.13876500857632934,-0.05259763084232292,spectf,5,264,11
mutual_info,logistic,5,0.7433962264150943,0.824442538593482,0.0951748022363684,0.06483300669027475,spectf_dose5,-0.08104631217838776,-0.030341795546093647,spectf,5,264,11
mutual_info,logistic,6,0.7548027444253859,0.8510291595197255,0.09368398724059859,0.05702065167004252,spectf_dose5,-0.0962264150943396,-0.03666333557055607,spectf,5,264,11
mutual_info,logistic,7,0.7269296740994855,0.8381646655231562,0.09894173649330695,0.05956072820435584,spectf_dose5,-0.11123499142367066,-0.039381008288951115,spectf,5,264,11
mutual_info,logistic,8,0.7565180102915952,0.8344768439108062,0.09047251171924296,0.060764823360514975,spectf_dose5,-0.07795883361921108,-0.029707688358727988,spectf,5,264,11
mutual_info,logistic,9,0.7014579759862779,0.812778730703259,0.11266035083491908,0.06910881557620646,spectf_dose5,-0.11132075471698111,-0.04355153525871262,spectf,5,264,11
mutual_info,logistic,10,0.7354202401372213,0.8288164665523157,0.09545664376934121,0.06453243139869452,spectf_dose5,-0.09339622641509437,-0.030924212370646686,spectf,5,264,11
mutual_info,logistic,11,0.7366209262435678,0.8307032590051457,0.09719346692150126,0.06268963712210347,spectf_dose5,-0.09408233276157796,-0.034503829799397784,spectf,5,264,11
mutual_info,logistic,12,0.7521440823327616,0.8187821612349915,0.09704039225180856,0.06493159554415961,spectf_dose5,-0.06663807890222984,-0.03210879670764895,spectf,5,264,11
mutual_info,logistic,13,0.7320754716981133,0.8190394511149228,0.09911013662467448,0.06707975241346956,spectf_dose5,-0.08696397941680956,-0.032030384211204924,spectf,5,264,11
mutual_info,logistic,14,0.718696397941681,0.8367066895368782,0.10642354938432205,0.05849940791274574,spectf_dose5,-0.11801029159519716,-0.04792414147157631,spectf,5,264,11
mutual_info,logistic,15,0.7457975986277873,0.8155231560891938,0.10173445225900726,0.0691611483339017,spectf_dose5,-0.06972555746140652,-0.03257330392510556,spectf,5,264,11
mutual_info,logistic,16,0.7130360205831905,0.8075471698113209,0.10730358531579516,0.0700642148959513,spectf_dose5,-0.09451114922813042,-0.03723937041984386,spectf,5,264,11
mutual_info,logistic,17,0.7096912521440822,0.8321612349914237,0.11362433664843258,0.06167689592081471,spectf_dose5,-0.12246998284734145,-0.051947440727617866,spectf,5,264,11
mutual_info,logistic,18,0.7231560891938251,0.8410806174957118,0.09855820490137047,0.06034180118726866,spectf_dose5,-0.11792452830188671,-0.038216403714101815,spectf,5,264,11
mutual_info,logistic,19,0.7578044596912521,0.8567753001715266,0.09183593016436589,0.05556937965466275,spectf_dose5,-0.09897084048027449,-0.03626655050970314,spectf,5,264,11
mutual_info,logistic,20,0.7252144082332762,0.8391080617495711,0.10243366615381726,0.060724834504000895,spectf_dose5,-0.11389365351629488,-0.04170883164981636,spectf,5,264,11
mutual_info,logistic,21,0.7493996569468268,0.8355917667238423,0.09413479882904428,0.0576034585609755,spectf_dose5,-0.08619210977701552,-0.036531340268068785,spectf,5,264,11
mutual_info,logistic,22,0.7133790737564323,0.8253001715265865,0.10751414357286782,0.06636959854033049,spectf_dose5,-0.11192109777015424,-0.041144545032537325,spectf,5,264,11
mutual_info,logistic,23,0.7341337907375644,0.8180102915951973,0.10205487054479168,0.0653887408489364,spectf_dose5,-0.08387650085763299,-0.03666612969585528,spectf,5,264,11
mutual_info,logistic,24,0.7302744425385934,0.8264150943396226,0.10425665823251865,0.06476736613149525,spectf_dose5,-0.09614065180102915,-0.03948929210102339,spectf,5,264,11
mutual_info,logistic,25,0.7127787307032591,0.8134648370497427,0.10916114018677509,0.06685012378444836,spectf_dose5,-0.10068610634648356,-0.04231101640232672,spectf,5,264,11
mutual_info,logistic,26,0.7006003430531732,0.8133790737564324,0.11475517306402302,0.06789182263543611,spectf_dose5,-0.11277873070325917,-0.046863350428586914,spectf,5,264,11
mutual_info,logistic,27,0.7210120068610635,0.8325042881646655,0.11418761672201103,0.062360973220378646,spectf_dose5,-0.111492281303602,-0.05182664350163238,spectf,5,264,11
mutual_info,logistic,28,0.7343053173241852,0.830017152658662,0.10379486093390582,0.06278773849208644,spectf_dose5,-0.0957118353344768,-0.04100712244181938,spectf,5,264,11
mutual_info,logistic,29,0.7536020583190395,0.8132075471698113,0.09315093045969602,0.06702102925529067,spectf_dose5,-0.05960548885077177,-0.02612990120440535,spectf,5,264,11
mutual_info,rf,0,0.8307032590051457,0.7834905660377358,0.062437042643553306,0.0777113132148307,spectf_dose5,0.04721269296740993,0.015274270571277393,spectf,5,264,11
mutual_info,rf,1,0.7951972555746141,0.8013293310463123,0.07273400969418337,0.07045695226251149,spectf_dose5,-0.006132075471698251,-0.002277057431671878,spectf,5,264,11
mutual_info,rf,2,0.8113207547169813,0.8093481989708404,0.06795978192915546,0.06867940745043234,spectf_dose5,0.0019725557461408583,0.0007196255212768843,spectf,5,264,11
mutual_info,rf,3,0.8281732418524871,0.80647512864494,0.06296904694611233,0.0692746186112938,spectf_dose5,0.02169811320754711,0.006305571665181475,spectf,5,264,11
mutual_info,rf,4,0.7989279588336192,0.8022298456260721,0.07214370121258613,0.07343659761917648,spectf_dose5,-0.0033018867924529127,0.0012928964065903464,spectf,5,264,11
mutual_info,rf,5,0.8120497427101201,0.8015866209262437,0.06696550209349568,0.07197270330156652,spectf_dose5,0.010463121783876428,0.005007201208070841,spectf,5,264,11
mutual_info,rf,6,0.7988421955403089,0.8123499142367067,0.07276576799820367,0.06906439452011325,spectf_dose5,-0.013507718696397775,-0.0037013734780904223,spectf,5,264,11
mutual_info,rf,7,0.8180102915951973,0.8267152658662091,0.06925910649520861,0.06575444759760399,spectf_dose5,-0.0087049742710118,-0.0035046588976046233,spectf,5,264,11
mutual_info,rf,8,0.8388078902229845,0.7928816466552316,0.06057377700843145,0.07366276082828672,spectf_dose5,0.04592624356775288,0.013088983819855272,spectf,5,264,11
mutual_info,rf,9,0.8086620926243568,0.8206260720411666,0.06913278501316429,0.06491314763648924,spectf_dose5,-0.011963979416809711,-0.0042196373766750506,spectf,5,264,11
mutual_info,rf,10,0.7895797598627786,0.7991852487135507,0.07492818530728762,0.07140881965938607,spectf_dose5,-0.00960548885077206,-0.0035193656479015484,spectf,5,264,11
mutual_info,rf,11,0.8228559176672384,0.841466552315609,0.0686780601786513,0.058001970744675356,spectf_dose5,-0.01861063464837054,-0.010676089433975945,spectf,5,264,11
mutual_info,rf,12,0.8231989708404803,0.8221698113207547,0.06680471321251956,0.0644750573699273,spectf_dose5,0.0010291595197255976,-0.0023296558425922598,spectf,5,264,11
mutual_info,rf,13,0.8101629502572899,0.798499142367067,0.06723658101041317,0.07542875029718274,spectf_dose5,0.011663807890222921,0.008192169286769566,spectf,5,264,11
mutual_info,rf,14,0.8000428816466552,0.8131217838765008,0.07437685687281713,0.06888927529834063,spectf_dose5,-0.013078902229845646,-0.005487581574476499,spectf,5,264,11
mutual_info,rf,15,0.8138507718696399,0.8273584905660377,0.0679214985021516,0.06383648508398755,spectf_dose5,-0.013507718696397775,-0.0040850134181640435,spectf,5,264,11
mutual_info,rf,16,0.7939965694682676,0.7923670668953688,0.07268844428219,0.07310365600950697,spectf_dose5,0.0016295025728987333,0.0004152117273169692,spectf,5,264,11
mutual_info,rf,17,0.7977272727272726,0.7886792452830189,0.07373742475797594,0.07515023210933924,spectf_dose5,0.009048027444253703,0.0014128073513633016,spectf,5,264,11
mutual_info,rf,18,0.8336192109777015,0.8197684391080617,0.0630586957147623,0.06778493813171718,spectf_dose5,0.013850771869639789,0.004726242416954879,spectf,5,264,11
mutual_info,rf,19,0.8142795883361921,0.830188679245283,0.06782524368053788,0.06066927956152466,spectf_dose5,-0.015909090909090873,-0.007155964119013224,spectf,5,264,11
mutual_info,rf,20,0.8334048027444254,0.8137650085763294,0.062422901837746854,0.06684322535641414,spectf_dose5,0.019639794168096025,0.0044203235186672865,spectf,5,264,11
mutual_info,rf,21,0.8094768439108061,0.8087478559176673,0.0692456230312288,0.06984552087017568,spectf_dose5,0.0007289879931388077,0.0005998978389468723,spectf,5,264,11
mutual_info,rf,22,0.7958833619210977,0.8105917667238423,0.07212644371614632,0.06841634685518294,spectf_dose5,-0.014708404802744601,-0.00371009686096338,spectf,5,264,11
mutual_info,rf,23,0.7828044596912521,0.7832761578044596,0.07777939009927995,0.07808948598628039,spectf_dose5,-0.0004716981132074638,0.00031009588700044166,spectf,5,264,11
mutual_info,rf,24,0.8120926243567753,0.8114065180102915,0.06683750176188163,0.06791054881927945,spectf_dose5,0.0006861063464838058,0.0010730470573978163,spectf,5,264,11
mutual_info,rf,25,0.8438679245283018,0.8076758147512865,0.059927483438953114,0.0689684554980593,spectf_dose5,0.03619210977701537,0.009040972059106187,spectf,5,264,11
mutual_info,rf,26,0.8155231560891939,0.8480703259005147,0.06948173664874566,0.05602605854255627,spectf_dose5,-0.032547169811320775,-0.01345567810618939,spectf,5,264,11
mutual_info,rf,27,0.8440394511149228,0.8080188679245284,0.06000321070482471,0.07100252249891326,spectf_dose5,0.03602058319039447,0.01099931179408855,spectf,5,264,11
mutual_info,rf,28,0.7933104631217839,0.7770583190394512,0.07311647671197188,0.081267118078267,spectf_dose5,0.016252144082332665,0.00815064136629512,spectf,5,264,11
mutual_info,rf,29,0.8283876500857632,0.8135077186963979,0.06419792786117051,0.06537900022041902,spectf_dose5,0.014879931389365275,0.0011810723592485112,spectf,5,264,11
rf_importance,logistic,0,0.6765866209262434,0.8222984562607203,0.12607762724611643,0.06271225462808229,spectf_dose5,-0.14571183533447685,-0.06336537261803414,spectf,5,264,11
rf_importance,logistic,1,0.7427101200686107,0.8259005145797599,0.09527776866763879,0.06352598586687057,spectf_dose5,-0.08319039451114918,-0.03175178280076822,spectf,5,264,11
rf_importance,logistic,2,0.7377358490566037,0.8382504288164666,0.10029497284178378,0.06034452610009595,spectf_dose5,-0.10051457975986289,-0.03995044674168783,spectf,5,264,11
rf_importance,logistic,3,0.7311320754716981,0.8403945111492281,0.10429098457557875,0.05721401769068629,spectf_dose5,-0.10926243567753002,-0.04707696688489246,spectf,5,264,11
rf_importance,logistic,4,0.7142367066895369,0.8445969125214409,0.10715141792129539,0.05964912541516145,spectf_dose5,-0.130360205831904,-0.047502292506133935,spectf,5,264,11
rf_importance,logistic,5,0.7426243567753001,0.8190394511149228,0.09834697806670115,0.06561033596185722,spectf_dose5,-0.07641509433962268,-0.03273664210484392,spectf,5,264,11
rf_importance,logistic,6,0.7516295025728987,0.8066037735849055,0.09390995112144172,0.06791553401556773,spectf_dose5,-0.0549742710120068,-0.025994417105873996,spectf,5,264,11
rf_importance,logistic,7,0.7232418524871356,0.7745283018867924,0.1083055403401587,0.08293495263746722,spectf_dose5,-0.051286449399656875,-0.025370587702691474,spectf,5,264,11
rf_importance,logistic,8,0.7455403087478559,0.8315608919382504,0.09809005520991146,0.06017173963590134,spectf_dose5,-0.08602058319039452,-0.03791831557401012,spectf,5,264,11
rf_importance,logistic,9,0.7670668953687821,0.8306174957118353,0.09121164014932678,0.06327939211021422,spectf_dose5,-0.06355060034305315,-0.027932248039112567,spectf,5,264,11
rf_importance,logistic,10,0.7107204116638078,0.8415951972555745,0.10755408172260207,0.05733715192400529,spectf_dose5,-0.13087478559176668,-0.05021692979859678,spectf,5,264,11
rf_importance,logistic,11,0.7367066895368783,0.8228987993138936,0.0965963057245699,0.061568120346399406,spectf_dose5,-0.0861921097770153,-0.03502818537817049,spectf,5,264,11
rf_importance,logistic,12,0.7311320754716981,0.8274442538593482,0.10422198301195455,0.06259683127262211,spectf_dose5,-0.09631217838765005,-0.04162515173933244,spectf,5,264,11
rf_importance,logistic,13,0.7359348198970841,0.8056603773584906,0.10109237291545276,0.0706536748438839,spectf_dose5,-0.06972555746140652,-0.030438698071568848,spectf,5,264,11
rf_importance,logistic,14,0.7118353344768439,0.819811320754717,0.10774455533455987,0.06598868206371543,spectf_dose5,-0.10797598627787308,-0.04175587327084444,spectf,5,264,11
rf_importance,logistic,15,0.7445111492281304,0.7871355060034305,0.0952640399071796,0.07862370585583747,spectf_dose5,-0.042624356775300076,-0.01664033405134213,spectf,5,264,11
rf_importance,logistic,16,0.7422813036020584,0.8184391080617495,0.09762901450059075,0.06543024468661232,spectf_dose5,-0.07615780445969111,-0.03219876981397843,spectf,5,264,11
rf_importance,logistic,17,0.6970840480274443,0.8078902229845626,0.11280025238270626,0.07266501880254242,spectf_dose5,-0.11080617495711831,-0.04013523358016384,spectf,5,264,11
rf_importance,logistic,18,0.7377358490566038,0.8016295025728989,0.09829390320988154,0.0710474761988152,spectf_dose5,-0.06389365351629506,-0.027246427011066346,spectf,5,264,11
rf_importance,logistic,19,0.6861063464837049,0.7898799313893654,0.12099389617481604,0.07547278417801771,spectf_dose5,-0.10377358490566047,-0.04552111199679833,spectf,5,264,11
rf_importance,logistic,20,0.7210120068610635,0.8163807890222985,0.10209116216472101,0.0707861844809174,spectf_dose5,-0.09536878216123501,-0.03130497768380361,spectf,5,264,11
rf_importance,logistic,21,0.7265008576329332,0.8407375643224699,0.10347588964047277,0.058512658724763036,spectf_dose5,-0.11423670668953678,-0.04496323091570974,spectf,5,264,11
rf_importance,logistic,22,0.7406518010291594,0.7973413379073756,0.09244394913845497,0.07546747549924243,spectf_dose5,-0.05668953687821621,-0.016976473639212536,spectf,5,264,11
rf_importance,logistic,23,0.708490566037736,0.8169811320754717,0.11230905048024735,0.06747034977251179,spectf_dose5,-0.10849056603773577,-0.04483870070773556,spectf,5,264,11
rf_importance,logistic,24,0.7473413379073757,0.8248713550600343,0.09584690015491293,0.06693956636092771,spectf_dose5,-0.07753001715265861,-0.028907333793985218,spectf,5,264,11
rf_importance,logistic,25,0.7348198970840482,0.812778730703259,0.10251517581583093,0.06716726225039568,spectf_dose5,-0.07795883361921085,-0.03534791356543525,spectf,5,264,11
rf_importance,logistic,26,0.7680102915951972,0.82221269296741,0.08891086564936217,0.06675304413315931,spectf_dose5,-0.05420240137221277,-0.022157821516202852,spectf,5,264,11
rf_importance,logistic,27,0.7560034305317324,0.8353344768439108,0.08853634482259184,0.059757860508130034,spectf_dose5,-0.07933104631217847,-0.02877848431446181,spectf,5,264,11
rf_importance,logistic,28,0.736106346483705,0.8282161234991424,0.10124528142456277,0.06341025804907591,spectf_dose5,-0.09210977701543743,-0.03783502337548686,spectf,5,264,11
rf_importance,logistic,29,0.7308747855917668,0.8087478559176674,0.09705577926481676,0.07075425823272409,spectf_dose5,-0.07787307032590063,-0.02630152103209267,spectf,5,264,11
rf_importance,rf,0,0.8153945111492281,0.8057032590051458,0.06841919229221023,0.06899964841681108,spectf_dose5,0.009691252144082285,0.0005804561246008505,spectf,5,264,11
rf_importance,rf,1,0.80557461406518,0.823327615780446,0.06855012523686592,0.06357698562211928,spectf_dose5,-0.017753001715265948,-0.004973139614746644,spectf,5,264,11
rf_importance,rf,2,0.7924528301886792,0.7896655231560893,0.07304240989861828,0.07344231517591653,spectf_dose5,0.002787307032589892,0.0003999052772982459,spectf,5,264,11
rf_importance,rf,3,0.8071183533447686,0.7948542024013724,0.06898091950112241,0.07346997899389308,spectf_dose5,0.012264150943396168,0.004489059492770675,spectf,5,264,11
rf_importance,rf,4,0.8033876500857633,0.8047169811320755,0.07180070190070803,0.07124569233220208,spectf_dose5,-0.0013293310463121655,-0.0005550095685059458,spectf,5,264,11
rf_importance,rf,5,0.7824614065180103,0.7534734133790737,0.07610149558728956,0.08937158298092578,spectf_dose5,0.02898799313893663,0.01327008739363622,spectf,5,264,11
rf_importance,rf,6,0.785720411663808,0.812221269296741,0.07344965348931023,0.06673413796946984,spectf_dose5,-0.026500857632932973,-0.006715515519840398,spectf,5,264,11
rf_importance,rf,7,0.8189965694682676,0.8286020583190395,0.065529936825655,0.060423312490653205,spectf_dose5,-0.009605488850771948,-0.005106624335001794,spectf,5,264,11
rf_importance,rf,8,0.8324614065180104,0.8009005145797599,0.062091705539993575,0.0704164034210066,spectf_dose5,0.03156089193825051,0.008324697881013018,spectf,5,264,11
rf_importance,rf,9,0.8115351629502573,0.7943396226415095,0.06849154613825066,0.07400954314787449,spectf_dose5,0.017195540308747814,0.005517997009623826,spectf,5,264,11
rf_importance,rf,10,0.8559605488850772,0.8149228130360207,0.05523062925869546,0.06760266985905215,spectf_dose5,0.04103773584905657,0.012372040600356696,spectf,5,264,11
rf_importance,rf,11,0.811835334476844,0.8170240137221269,0.06615388489917665,0.06482102807140257,spectf_dose5,-0.005188679245282879,-0.0013328568277740788,spectf,5,264,11
rf_importance,rf,12,0.7852058319039451,0.8215694682675815,0.0754113927054886,0.06359088643838101,spectf_dose5,-0.036363636363636376,-0.011820506267107594,spectf,5,264,11
rf_importance,rf,13,0.8238850771869641,0.8127787307032591,0.06498628535036884,0.06719122472516285,spectf_dose5,0.01110634648370501,0.0022049393747940182,spectf,5,264,11
rf_importance,rf,14,0.804974271012007,0.7704116638078902,0.07001442079954726,0.08596323963354718,spectf_dose5,0.03456260720411686,0.015948818833999928,spectf,5,264,11
rf_importance,rf,15,0.7998713550600343,0.7895797598627787,0.07062117218043687,0.07471543582366182,spectf_dose5,0.010291595197255532,0.004094263643224946,spectf,5,264,11
rf_importance,rf,16,0.8021440823327616,0.78795025728988,0.07037782173111462,0.07525646705675693,spectf_dose5,0.01419382504288158,0.004878645325642306,spectf,5,264,11
rf_importance,rf,17,0.8297598627787307,0.8084476843910806,0.06258950813239178,0.06748733724382697,spectf_dose5,0.021312178387650094,0.004897829111435187,spectf,5,264,11
rf_importance,rf,18,0.8010720411663808,0.7910806174957118,0.07005946415789385,0.07389682520050471,spectf_dose5,0.009991423670668964,0.0038373610426108568,spectf,5,264,11
rf_importance,rf,19,0.7956260720411663,0.7763293310463122,0.07117299843614196,0.08092842090000674,spectf_dose5,0.019296740994854122,0.00975542246386478,spectf,5,264,11
rf_importance,rf,20,0.8183962264150944,0.7823756432246998,0.06506980591262118,0.07812097153802712,spectf_dose5,0.036020583190394584,0.013051165625405939,spectf,5,264,11
rf_importance,rf,21,0.7903945111492281,0.8259005145797598,0.07848810091596947,0.06323092453743405,spectf_dose5,-0.035506003430531674,-0.015257176378535423,spectf,5,264,11
rf_importance,rf,22,0.826672384219554,0.8150943396226416,0.06477289807117112,0.06484976669257073,spectf_dose5,0.011578044596912473,7.686862139960615e-05,spectf,5,264,11
rf_importance,rf,23,0.8191680960548885,0.7940394511149228,0.06644541163926458,0.07412446703957531,spectf_dose5,0.025128644939965694,0.007679055400310733,spectf,5,264,11
rf_importance,rf,24,0.8002144082332762,0.7907804459691252,0.07095589349678634,0.07327218842390533,spectf_dose5,0.009433962264150941,0.002316294927118989,spectf,5,264,11
rf_importance,rf,25,0.8065180102915952,0.8050600343053174,0.06781510606293563,0.06754226466932943,spectf_dose5,0.0014579759862778374,-0.0002728413936061991,spectf,5,264,11
rf_importance,rf,26,0.8234991423670668,0.7661234991423671,0.06620276756247065,0.08379377311038996,spectf_dose5,0.05737564322469968,0.017591005547919314,spectf,5,264,11
rf_importance,rf,27,0.8060463121783877,0.807975986277873,0.07058691893911342,0.06997423774647231,spectf_dose5,-0.0019296740994853012,-0.0006126811926411152,spectf,5,264,11
rf_importance,rf,28,0.8273584905660378,0.8292452830188679,0.06526454696405466,0.06956789632871721,spectf_dose5,-0.0018867924528300772,0.004303349364662548,spectf,5,264,11
rf_importance,rf,29,0.8086620926243568,0.8159519725557463,0.0696957291932575,0.06716889952811399,spectf_dose5,-0.007289879931389409,-0.002526829665143518,spectf,5,264,11
l1_logistic,logistic,0,0.7045454545454546,0.7279588336192111,0.114971708107202,0.09647281031095915,spectf_dose5,-0.023413379073756513,-0.01849889779624285,spectf,5,264,11
l1_logistic,logistic,1,0.7325042881646656,0.7763293310463122,0.10669714819127837,0.08262547618314048,spectf_dose5,-0.04382504288164657,-0.024071672008137895,spectf,5,264,11
l1_logistic,logistic,2,0.7457118353344768,0.7391938250428816,0.09302414698287191,0.09905481233115278,spectf_dose5,0.0065180102915952665,0.006030665348280867,spectf,5,264,11
l1_logistic,logistic,3,0.7321612349914237,0.7765866209262435,0.09854182942299101,0.08121782779477091,spectf_dose5,-0.04442538593481982,-0.017324001628220106,spectf,5,264,11
l1_logistic,logistic,4,0.7051457975986278,0.74442538593482,0.11418363854781893,0.09566698279186611,spectf_dose5,-0.03927958833619216,-0.01851665575595282,spectf,5,264,11
l1_logistic,logistic,5,0.7220411663807891,0.8060034305317323,0.10439585384867178,0.07489456373343349,spectf_dose5,-0.08396226415094321,-0.02950129011523829,spectf,5,264,11
l1_logistic,logistic,6,0.726672384219554,0.7692967409948541,0.10261676964427491,0.09094843641076027,spectf_dose5,-0.042624356775300076,-0.011668333233514641,spectf,5,264,11
l1_logistic,logistic,7,0.7521440823327616,0.7891080617495713,0.09569746311114033,0.08144976412700715,spectf_dose5,-0.03696397941680962,-0.01424769898413318,spectf,5,264,11
l1_logistic,logistic,8,0.760548885077187,0.7768439108061751,0.08568153755775729,0.08792710829735913,spectf_dose5,-0.01629502572898811,0.0022455707396018404,spectf,5,264,11
l1_logistic,logistic,9,0.7401372212692967,0.7715265866209262,0.09725031587012622,0.09551679124516736,spectf_dose5,-0.031389365351629506,-0.0017335246249588626,spectf,5,264,11
l1_logistic,logistic,10,0.7169811320754718,0.7443396226415094,0.10538684338708836,0.10804534451346379,spectf_dose5,-0.027358490566037674,0.0026585011263754316,spectf,5,264,11
l1_logistic,logistic,11,0.7562607204116637,0.7933104631217839,0.0893773885968958,0.08203961972382548,spectf_dose5,-0.03704974271012018,-0.007337768873070319,spectf,5,264,11
l1_logistic,logistic,12,0.733876500857633,0.7479416809605488,0.09793612593888945,0.09369948744810105,spectf_dose5,-0.014065180102915797,-0.004236638490788397,spectf,5,264,11
l1_logistic,logistic,13,0.7061749571183533,0.7489708404802744,0.10987764343527777,0.09808722813493534,spectf_dose5,-0.04279588336192108,-0.01179041530034243,spectf,5,264,11
l1_logistic,logistic,14,0.699656946826758,0.7329331046312179,0.11352128545849045,0.10230313268464875,spectf_dose5,-0.033276157804459805,-0.011218152773841708,spectf,5,264,11
l1_logistic,logistic,15,0.7198970840480273,0.754974271012007,0.10637231605154202,0.09555137917244069,spectf_dose5,-0.035077186963979656,-0.010820936879101323,spectf,5,264,11
l1_logistic,logistic,16,0.6963979416809606,0.7422813036020584,0.11355464917541053,0.09927981642431832,spectf_dose5,-0.045883361921097765,-0.014274832751092204,spectf,5,264,11
l1_logistic,logistic,17,0.7235849056603774,0.7375643224699828,0.10540295914766847,0.104330117466299,spectf_dose5,-0.01397941680960546,-0.0010728416813694658,spectf,5,264,11
l1_logistic,logistic,18,0.7245283018867925,0.8036878216123499,0.10962620872731994,0.07695183094958079,spectf_dose5,-0.07915951972555735,-0.032674377777739155,spectf,5,264,11
l1_logistic,logistic,19,0.7567753001715266,0.7956260720411665,0.09179974792905293,0.08160435638430277,spectf_dose5,-0.03885077186963992,-0.01019539154475016,spectf,5,264,11
l1_logistic,logistic,20,0.7300171526586621,0.7130360205831903,0.10152751268847637,0.1116395100482376,spectf_dose5,0.016981132075471805,0.010111997359761232,spectf,5,264,11
l1_logistic,logistic,21,0.7319897084048027,0.7716981132075471,0.10212005473081788,0.08297173897249024,spectf_dose5,-0.0397084048027444,-0.019148315758327636,spectf,5,264,11
l1_logistic,logistic,22,0.6923670668953688,0.7584905660377358,0.11613386808621626,0.09131344545180752,spectf_dose5,-0.06612349914236704,-0.024820422634408743,spectf,5,264,11
l1_logistic,logistic,23,0.7115780445969125,0.7774442538593482,0.1074074691094702,0.08088778400124877,spectf_dose5,-0.0658662092624357,-0.026519685108221433,spectf,5,264,11
l1_logistic,logistic,24,0.7176672384219555,0.7389365351629502,0.1084008333918059,0.09940252259110972,spectf_dose5,-0.02126929674099476,-0.008998310800696172,spectf,5,264,11
l1_logistic,logistic,25,0.7042881646655231,0.7435677530017153,0.10943928930710546,0.09401432481742827,spectf_dose5,-0.03927958833619216,-0.015424964489677187,spectf,5,264,11
l1_logistic,logistic,26,0.7421097770154375,0.7750428816466552,0.09990121076762487,0.0873900116979778,spectf_dose5,-0.03293310463121779,-0.012511199069647067,spectf,5,264,11
l1_logistic,logistic,27,0.7311320754716981,0.7608061749571184,0.1010056450332262,0.09669201415240579,spectf_dose5,-0.029674099485420324,-0.0043136308808204155,spectf,5,264,11
l1_logistic,logistic,28,0.7287307032590052,0.7476843910806175,0.10258987024480674,0.09660276850632221,spectf_dose5,-0.01895368782161222,-0.005987101738484532,spectf,5,264,11
l1_logistic,logistic,29,0.7381646655231561,0.7670668953687823,0.10196396219820368,0.0866573794495187,spectf_dose5,-0.02890222984562618,-0.015306582748684974,spectf,5,264,11
l1_logistic,rf,0,0.8027015437392797,0.7650514579759862,0.07121091841650723,0.08586199785676585,spectf_dose5,0.03765008576329354,0.014651079440258619,spectf,5,264,11
l1_logistic,rf,1,0.7957118353344769,0.8178387650085763,0.07219608765735945,0.06653839577087863,spectf_dose5,-0.02212692967409946,-0.005657691886480826,spectf,5,264,11
l1_logistic,rf,2,0.798885077186964,0.7723413379073757,0.07034739815128793,0.09405747745182085,spectf_dose5,0.026543739279588308,0.023710079300532913,spectf,5,264,11
l1_logistic,rf,3,0.816123499142367,0.7436106346483705,0.06412490031108095,0.08947834767548818,spectf_dose5,0.07251286449399652,0.025353447364407228,spectf,5,264,11
l1_logistic,rf,4,0.7981560891938251,0.7290308747855918,0.07181185631772594,0.09690828344224034,spectf_dose5,0.06912521440823327,0.025096427124514403,spectf,5,264,11
l1_logistic,rf,5,0.8093481989708404,0.8004288164665524,0.06835353699955225,0.07310573927275017,spectf_dose5,0.008919382504288031,0.00475220227319792,spectf,5,264,11
l1_logistic,rf,6,0.8296740994854203,0.8035591766723843,0.0633073063050225,0.07194212825853494,spectf_dose5,0.026114922813035957,0.008634821953512437,spectf,5,264,11
l1_logistic,rf,7,0.7939965694682676,0.7430960548885077,0.0742391883634193,0.0970141418641221,spectf_dose5,0.05090051457975986,0.0227749535007028,spectf,5,264,11
l1_logistic,rf,8,0.7780017152658663,0.7960977701543739,0.08096127586029644,0.07368215742923145,spectf_dose5,-0.01809605488850763,-0.00727911843106499,spectf,5,264,11
l1_logistic,rf,9,0.800214408233276,0.7607204116638078,0.07054687316665657,0.09162735693493251,spectf_dose5,0.03949399656946828,0.02108048376827594,spectf,5,264,11
l1_logistic,rf,10,0.8126500857632933,0.7882933104631218,0.06831053935273965,0.08180121723372051,spectf_dose5,0.02435677530017155,0.013490677880980864,spectf,5,264,11
l1_logistic,rf,11,0.7924957118353344,0.7798885077186964,0.07580165776977506,0.08371262744559921,spectf_dose5,0.01260720411663796,0.00791096967582415,spectf,5,264,11
l1_logistic,rf,12,0.8087478559176673,0.7854202401372213,0.06837527758553213,0.07506337456726918,spectf_dose5,0.023327615780445954,0.006688096981737043,spectf,5,264,11
l1_logistic,rf,13,0.7841766723842196,0.7518439108061751,0.07754207264643836,0.08960277347826971,spectf_dose5,0.032332761578044544,0.012060700831831347,spectf,5,264,11
l1_logistic,rf,14,0.7891938250428816,0.8066037735849056,0.07756145991363321,0.06985401881991372,spectf_dose5,-0.017409948542024045,-0.007707441093719486,spectf,5,264,11
l1_logistic,rf,15,0.8210548885077187,0.7832332761578046,0.06581582329092772,0.08051067571511591,spectf_dose5,0.0378216123499141,0.014694852424188193,spectf,5,264,11
l1_logistic,rf,16,0.7954116638078903,0.7677530017152657,0.07248380687788404,0.08080725043843241,spectf_dose5,0.027658662092624575,0.008323443560548371,spectf,5,264,11
l1_logistic,rf,17,0.8167238421955403,0.7742710120068612,0.06697452519131827,0.08042480741168691,spectf_dose5,0.04245283018867907,0.013450282220368634,spectf,5,264,11
l1_logistic,rf,18,0.7825471698113208,0.7273156089193825,0.07611258575784267,0.09950391049519759,spectf_dose5,0.05523156089193826,0.023391324737354918,spectf,5,264,11
l1_logistic,rf,19,0.8162950257289879,0.7367066895368782,0.06731001574354538,0.09366242816150146,spectf_dose5,0.0795883361921097,0.026352412417956078,spectf,5,264,11
l1_logistic,rf,20,0.8050600343053174,0.7388507718696398,0.07200402121455758,0.09834553669139787,spectf_dose5,0.0662092624356776,0.026341515476840285,spectf,5,264,11
l1_logistic,rf,21,0.8049742710120069,0.7195969125214409,0.07350777931125489,0.1009762620769801,spectf_dose5,0.08537735849056605,0.027468482765725208,spectf,5,264,11
l1_logistic,rf,22,0.796483704974271,0.7386792452830188,0.0716040412131678,0.09648206800936782,spectf_dose5,0.05780445969125225,0.02487802679620002,spectf,5,264,11
l1_logistic,rf,23,0.8104202401372212,0.7853344768439108,0.0706451666263576,0.08102158365780164,spectf_dose5,0.02508576329331047,0.01037641703144404,spectf,5,264,11
l1_logistic,rf,24,0.7993138936535162,0.7969554030874786,0.07200234545916072,0.07257679054151941,spectf_dose5,0.002358490566037652,0.0005744450823586961,spectf,5,264,11
l1_logistic,rf,25,0.812778730703259,0.7710548885077187,0.06851726776868738,0.08235289853901222,spectf_dose5,0.04172384219554026,0.013835630770324833,spectf,5,264,11
l1_logistic,rf,26,0.8361921097770154,0.7719554030874786,0.06301962704320307,0.0847324347482438,spectf_dose5,0.06423670668953685,0.02171280770504072,spectf,5,264,11
l1_logistic,rf,27,0.813722126929674,0.7522298456260721,0.07030491358179357,0.08733740556046646,spectf_dose5,0.06149228130360196,0.01703249197867289,spectf,5,264,11
l1_logistic,rf,28,0.8124785591766724,0.7672384219554029,0.06866528233920886,0.09101793708709971,spectf_dose5,0.045240137221269516,0.022352654747890846,spectf,5,264,11
l1_logistic,rf,29,0.8186535162950257,0.8364922813036021,0.06589289584856149,0.06098445146664243,spectf_dose5,-0.017838765008576396,-0.004908444381919064,spectf,5,264,11
mutual_info,logistic,0,0.7458833619210978,0.8162950257289879,0.08870456899421002,0.06768423387977521,spectf_dose10,-0.0704116638078901,-0.02102033511443481,spectf,10,484,11
mutual_info,logistic,1,0.7451972555746141,0.8397084048027443,0.09103122406580677,0.060083833810840655,spectf_dose10,-0.0945111492281302,-0.030947390254966116,spectf,10,484,11
mutual_info,logistic,2,0.7791595197255573,0.8203259005145798,0.07876990126974026,0.06580679789847856,spectf_dose10,-0.04116638078902246,-0.012963103371261706,spectf,10,484,11
mutual_info,logistic,3,0.7481989708404803,0.8108919382504289,0.08835964488650383,0.06724222414559605,spectf_dose10,-0.06269296740994867,-0.021117420740907777,spectf,10,484,11
mutual_info,logistic,4,0.7499142367066896,0.8054030874785592,0.0898755793396209,0.07227891351036632,spectf_dose10,-0.0554888507718696,-0.01759666582925458,spectf,10,484,11
mutual_info,logistic,5,0.7475128644939966,0.8385934819897085,0.0874208206428579,0.059020480618161196,spectf_dose10,-0.09108061749571195,-0.028400340024696706,spectf,10,484,11
mutual_info,logistic,6,0.7558319039451116,0.8181818181818181,0.08499002478462193,0.06810917703159522,spectf_dose10,-0.06234991423670655,-0.016880847753026715,spectf,10,484,11
mutual_info,logistic,7,0.7671526586620925,0.8225557461406517,0.08246880331144582,0.06413337769626413,spectf_dose10,-0.055403087478559265,-0.018335425615181686,spectf,10,484,11
mutual_info,logistic,8,0.7799313893653517,0.8156089193825043,0.0765549463210944,0.06984430747900532,spectf_dose10,-0.03567753001715268,-0.006710638842089084,spectf,10,484,11
mutual_info,logistic,9,0.7955403087478559,0.7915951972555746,0.07240654119064452,0.0726548017394386,spectf_dose10,0.0039451114922812724,0.00024826054879407977,spectf,10,484,11
mutual_info,logistic,10,0.7694682675814751,0.8329331046312178,0.08060916586908645,0.062146629796542785,spectf_dose10,-0.0634648370497427,-0.018462536072543667,spectf,10,484,11
mutual_info,logistic,11,0.734819897084048,0.829073756432247,0.09341145885292537,0.06267186854600253,spectf_dose10,-0.09425385934819897,-0.030739590306922845,spectf,10,484,11
mutual_info,logistic,12,0.7274442538593482,0.8319897084048028,0.09701881217508997,0.059778927770687565,spectf_dose10,-0.10454545454545461,-0.0372398844044024,spectf,10,484,11
mutual_info,logistic,13,0.771269296740995,0.8244425385934819,0.08109221571624316,0.06233833908716948,spectf_dose10,-0.05317324185248695,-0.018753876629073678,spectf,10,484,11
mutual_info,logistic,14,0.7530017152658662,0.8253859348198971,0.09111508327398676,0.06392675916052873,spectf_dose10,-0.07238421955403085,-0.027188324113458034,spectf,10,484,11
mutual_info,logistic,15,0.7802744425385936,0.8321612349914237,0.07743132228275075,0.061238108961123465,spectf_dose10,-0.05188679245283012,-0.016193213321627285,spectf,10,484,11
mutual_info,logistic,16,0.7550600343053172,0.8226415094339623,0.0899147281408709,0.0629882617559387,spectf_dose10,-0.0675814751286451,-0.026926466384932193,spectf,10,484,11
mutual_info,logistic,17,0.7600343053173242,0.8317324185248715,0.08699221359171364,0.06160928234294832,spectf_dose10,-0.07169811320754726,-0.02538293124876532,spectf,10,484,11
mutual_info,logistic,18,0.7689536878216124,0.8327615780445968,0.08438223155976553,0.06086555258526267,spectf_dose10,-0.06380789022298439,-0.02351667897450286,spectf,10,484,11
mutual_info,logistic,19,0.7807890222984563,0.8124356775300171,0.07745113587310334,0.06956935227298192,spectf_dose10,-0.03164665523156085,-0.007881783600121428,spectf,10,484,11
mutual_info,logistic,20,0.7435677530017153,0.8409948542024014,0.09187059064461288,0.05784684788388844,spectf_dose10,-0.0974271012006861,-0.03402374276072444,spectf,10,484,11
mutual_info,logistic,21,0.7625214408233275,0.8309605488850772,0.08563170840368532,0.0609010696555499,spectf_dose10,-0.06843910806174969,-0.02473063874813542,spectf,10,484,11
mutual_info,logistic,22,0.7456260720411664,0.8228987993138936,0.0904793986101391,0.0650859668031246,spectf_dose10,-0.07727272727272727,-0.02539343180701449,spectf,10,484,11
mutual_info,logistic,23,0.7678387650085764,0.845540308747856,0.08621336227331794,0.0583985684052339,spectf_dose10,-0.07770154373927962,-0.02781479386808404,spectf,10,484,11
mutual_info,logistic,24,0.7681818181818182,0.8078044596912521,0.08173463362531809,0.0706874252872475,spectf_dose10,-0.03962264150943395,-0.011047208338070588,spectf,10,484,11
mutual_info,logistic,25,0.7648370497427102,0.8343053173241853,0.08595787320171402,0.059798404653200486,spectf_dose10,-0.06946826758147517,-0.02615946854851354,spectf,10,484,11
mutual_info,logistic,26,0.7584905660377359,0.8123499142367068,0.08595658853659391,0.06721035536432853,spectf_dose10,-0.05385934819897087,-0.018746233172265384,spectf,10,484,11
mutual_info,logistic,27,0.7351629502572898,0.8129502572898799,0.09015470738637138,0.06834305825984206,spectf_dose10,-0.07778730703259007,-0.021811649126529317,spectf,10,484,11
mutual_info,logistic,28,0.7547169811320754,0.8200686106346484,0.08694819563099994,0.06542153151013892,spectf_dose10,-0.065351629502573,-0.021526664120861017,spectf,10,484,11
mutual_info,logistic,29,0.7506003430531732,0.8355060034305317,0.09036942733253418,0.058962022137097676,spectf_dose10,-0.08490566037735847,-0.03140740519543651,spectf,10,484,11
mutual_info,rf,0,0.7485849056603773,0.8311320754716981,0.09059206196795917,0.06238947215493928,spectf_dose10,-0.08254716981132082,-0.028202589813019895,spectf,10,484,11
mutual_info,rf,1,0.7561749571183534,0.7956689536878216,0.08651740475793615,0.07718093264581112,spectf_dose10,-0.03949399656946828,-0.00933647211212503,spectf,10,484,11
mutual_info,rf,2,0.7219982847341339,0.8270154373927959,0.10249106075343863,0.06214908591035188,spectf_dose10,-0.10501715265866207,-0.04034197484308675,spectf,10,484,11
mutual_info,rf,3,0.7458833619210977,0.7868782161234992,0.08871137666930382,0.07697222739972653,spectf_dose10,-0.040994854202401454,-0.011739149269577281,spectf,10,484,11
mutual_info,rf,4,0.7673670668953687,0.8225986277873071,0.07994086754261547,0.06660665700491632,spectf_dose10,-0.05523156089193837,-0.013334210537699148,spectf,10,484,11
mutual_info,rf,5,0.7960548885077188,0.7879073756432248,0.07422095202873685,0.07718283367289494,spectf_dose10,0.008147512864494,0.0029618816441580875,spectf,10,484,11
mutual_info,rf,6,0.76204974271012,0.7710120068610635,0.08301988768325275,0.08213798223026506,spectf_dose10,-0.008962264150943478,-0.0008819054529876913,spectf,10,484,11
mutual_info,rf,7,0.7521012006861064,0.8240137221269297,0.08746009506215788,0.06395748389306397,spectf_dose10,-0.07191252144082327,-0.023502611169093912,spectf,10,484,11
mutual_info,rf,8,0.7475557461406518,0.8022298456260719,0.08893738771422796,0.06968849892406487,spectf_dose10,-0.054674099485420125,-0.019248888790163093,spectf,10,484,11
mutual_info,rf,9,0.7504716981132075,0.7957547169811321,0.08496223133189598,0.07071877998598378,spectf_dose10,-0.04528301886792463,-0.014243451345912206,spectf,10,484,11
mutual_info,rf,10,0.7735420240137222,0.8057890222984564,0.07955670553502023,0.07046766613859111,spectf_dose10,-0.03224699828473421,-0.009089039396429119,spectf,10,484,11
mutual_info,rf,11,0.7981560891938251,0.8339193825042882,0.08030375714082895,0.06200005177675896,spectf_dose10,-0.03576329331046313,-0.018303705364069986,spectf,10,484,11
mutual_info,rf,12,0.7328902229845627,0.80368782161235,0.0915649441062005,0.07006388825643113,spectf_dose10,-0.07079759862778723,-0.02150105584976937,spectf,10,484,11
mutual_info,rf,13,0.7444682675814751,0.7875643224699829,0.08949440142956157,0.07480907918581346,spectf_dose10,-0.04309605488850776,-0.014685322243748106,spectf,10,484,11
mutual_info,rf,14,0.7584476843910807,0.8062607204116637,0.0886574628949312,0.07109520071646352,spectf_dose10,-0.047813036020583066,-0.01756226217846768,spectf,10,484,11
mutual_info,rf,15,0.8010720411663809,0.8332332761578045,0.06881194354068686,0.061063940740905806,spectf_dose10,-0.03216123499142365,-0.007748002799781051,spectf,10,484,11
mutual_info,rf,16,0.7527444253859349,0.8111063464837049,0.08761013391383272,0.06890108049081334,spectf_dose10,-0.05836192109777005,-0.018709053423019387,spectf,10,484,11
mutual_info,rf,17,0.7684819897084049,0.8292452830188679,0.07997833645924836,0.06330151978657293,spectf_dose10,-0.06076329331046304,-0.016676816672675426,spectf,10,484,11
mutual_info,rf,18,0.753344768439108,0.8240994854202401,0.08519056489662569,0.06667217645497346,spectf_dose10,-0.07075471698113212,-0.018518388441652225,spectf,10,484,11
mutual_info,rf,19,0.7762435677530017,0.8158662092624358,0.07774342203054015,0.0684969118995792,spectf_dose10,-0.039622641509434064,-0.00924651013096095,spectf,10,484,11
mutual_info,rf,20,0.7512864493996568,0.8053602058319039,0.08991671179085774,0.06787625792310575,spectf_dose10,-0.0540737564322471,-0.022040453867751983,spectf,10,484,11
mutual_info,rf,21,0.7481132075471698,0.7853344768439109,0.09368397874222657,0.07806265839084685,spectf_dose10,-0.03722126929674108,-0.015621320351379725,spectf,10,484,11
mutual_info,rf,22,0.738893653516295,0.7840480274442538,0.0940214931016822,0.07661734671940859,spectf_dose10,-0.045154373927958846,-0.01740414638227361,spectf,10,484,11
mutual_info,rf,23,0.7500428816466552,0.8415523156089194,0.09200284913871237,0.05724754986368532,spectf_dose10,-0.09150943396226419,-0.03475529927502705,spectf,10,484,11
mutual_info,rf,24,0.7533018867924527,0.7942967409948543,0.085591618656864,0.07413656425659097,spectf_dose10,-0.040994854202401565,-0.01145505440027303,spectf,10,484,11
mutual_info,rf,25,0.7474271012006861,0.8123927958833619,0.08576260088226347,0.06863516235345729,spectf_dose10,-0.06496569468267577,-0.017127438528806174,spectf,10,484,11
mutual_info,rf,26,0.7168953687821612,0.7811320754716982,0.09987944739317267,0.082400853635234,spectf_dose10,-0.06423670668953696,-0.01747859375793867,spectf,10,484,11
mutual_info,rf,27,0.7687392795883362,0.8262006861063464,0.08559432537072997,0.06620503897956702,spectf_dose10,-0.05746140651801024,-0.019389286391162955,spectf,10,484,11
mutual_info,rf,28,0.781260720411664,0.8219554030874786,0.07813754928556592,0.06578112893237817,spectf_dose10,-0.040694682675814664,-0.01235642035318775,spectf,10,484,11
mutual_info,rf,29,0.7526586620926243,0.8241423670668954,0.0833799671307206,0.06553545976685927,spectf_dose10,-0.07148370497427103,-0.017844507363861326,spectf,10,484,11
rf_importance,logistic,0,0.7681818181818182,0.8652658662092626,0.08120949014963456,0.050429139100714955,spectf_dose10,-0.09708404802744441,-0.03078035104891961,spectf,10,484,11
rf_importance,logistic,1,0.7816466552315608,0.8239279588336192,0.07761430345049268,0.0655153706752044,spectf_dose10,-0.042281303602058395,-0.012098932775288285,spectf,10,484,11
rf_importance,logistic,2,0.767409948542024,0.8118353344768439,0.08138614073290852,0.06985754637815339,spectf_dose10,-0.04442538593481982,-0.011528594354755131,spectf,10,484,11
rf_importance,logistic,3,0.7645797598627788,0.8038593481989708,0.08376961502343083,0.07149403935740159,spectf_dose10,-0.03927958833619194,-0.012275575666029243,spectf,10,484,11
rf_importance,logistic,4,0.7832761578044597,0.8476843910806174,0.07958859886034611,0.05990368639440596,spectf_dose10,-0.06440823327615774,-0.019684912465940153,spectf,10,484,11
rf_importance,logistic,5,0.7888507718696397,0.8289022298456261,0.07406566635606122,0.06404489925889405,spectf_dose10,-0.040051457975986415,-0.010020767097167177,spectf,10,484,11
rf_importance,logistic,6,0.7301029159519726,0.7883361921097771,0.09676917503208832,0.07764636995218734,spectf_dose10,-0.05823327615780449,-0.01912280507990098,spectf,10,484,11
rf_importance,logistic,7,0.7484562607204116,0.836277873070326,0.08737172023595013,0.060769140666640874,spectf_dose10,-0.08782161234991437,-0.02660257956930926,spectf,10,484,11
rf_importance,logistic,8,0.7482847341337907,0.8364493996569469,0.08978005321473806,0.06358600887345073,spectf_dose10,-0.08816466552315616,-0.02619404434128733,spectf,10,484,11
rf_importance,logistic,9,0.75,0.8050600343053175,0.0890425771121073,0.07172902665047678,spectf_dose10,-0.05506003430531747,-0.01731355046163051,spectf,10,484,11
rf_importance,logistic,10,0.7704116638078902,0.8308747855917666,0.08321640908915512,0.06268542936683617,spectf_dose10,-0.06046312178387647,-0.020530979722318946,spectf,10,484,11
rf_importance,logistic,11,0.7533447684391081,0.8096912521440822,0.08700242982580104,0.06839880265518873,spectf_dose10,-0.05634648370497408,-0.018603627170612314,spectf,10,484,11
rf_importance,logistic,12,0.7574614065180103,0.8012006861063464,0.08545777043764324,0.07271195059515256,spectf_dose10,-0.04373927958833612,-0.01274581984249068,spectf,10,484,11
rf_importance,logistic,13,0.7917667238421956,0.8421955403087479,0.07610550841815089,0.06104014913322517,spectf_dose10,-0.050428816466552284,-0.015065359284925722,spectf,10,484,11
rf_importance,logistic,14,0.7548885077186964,0.7724699828473414,0.08704414420986288,0.08612852398512533,spectf_dose10,-0.01758147512864494,-0.0009156202247375539,spectf,10,484,11
rf_importance,logistic,15,0.7864493996569468,0.8349914236706689,0.0787522774565638,0.06265099512902085,spectf_dose10,-0.048542024013722096,-0.016101282327542946,spectf,10,484,11
rf_importance,logistic,16,0.7942538593481989,0.8295883361921098,0.07339627836982159,0.06613827200149365,spectf_dose10,-0.03533447684391089,-0.007258006368327935,spectf,10,484,11
rf_importance,logistic,17,0.7304459691252144,0.7765866209262436,0.09283616507878636,0.08215656076218236,spectf_dose10,-0.04614065180102922,-0.010679604316604002,spectf,10,484,11
rf_importance,logistic,18,0.7224699828473413,0.8080617495711837,0.09790923443606689,0.07014309711614515,spectf_dose10,-0.08559176672384239,-0.027766137319921738,spectf,10,484,11
rf_importance,logistic,19,0.7745283018867923,0.7680960548885077,0.0819515934199174,0.08498550734174448,spectf_dose10,0.0064322469982845965,0.003033913921827086,spectf,10,484,11
rf_importance,logistic,20,0.7975986277873071,0.8071183533447684,0.0721754535559105,0.07424200876799728,spectf_dose10,-0.00951972555746139,0.0020665552120867764,spectf,10,484,11
rf_importance,logistic,21,0.7680102915951973,0.80557461406518,0.07974684720776379,0.07033485564530408,spectf_dose10,-0.03756432246998276,-0.009411991562459712,spectf,10,484,11
rf_importance,logistic,22,0.7302744425385935,0.8114922813036021,0.09386613703907684,0.06993156502173233,spectf_dose10,-0.08121783876500854,-0.023934572017344516,spectf,10,484,11
rf_importance,logistic,23,0.7473413379073757,0.803516295025729,0.09174214964278343,0.06964058634752976,spectf_dose10,-0.0561749571183533,-0.022101563295253673,spectf,10,484,11
rf_importance,logistic,24,0.7424528301886792,0.8433104631217838,0.09115423573747913,0.05885302739642052,spectf_dose10,-0.10085763293310457,-0.03230120834105862,spectf,10,484,11
rf_importance,logistic,25,0.7347341337907375,0.8355917667238423,0.09377633203296312,0.06327786147629486,spectf_dose10,-0.10085763293310479,-0.030498470556668267,spectf,10,484,11
rf_importance,logistic,26,0.7723842195540309,0.8020583190394511,0.07966442367962995,0.07558787712364907,spectf_dose10,-0.029674099485420213,-0.004076546555980873,spectf,10,484,11
rf_importance,logistic,27,0.7924528301886794,0.7741852487135507,0.07694735782670152,0.08360916784903807,spectf_dose10,0.018267581475128747,0.006661810022336553,spectf,10,484,11
rf_importance,logistic,28,0.7505145797598628,0.8048027444253859,0.08851251661756866,0.07474236690251265,spectf_dose10,-0.05428816466552311,-0.01377014971505601,spectf,10,484,11
rf_importance,logistic,29,0.7524871355060034,0.8060034305317325,0.08810302937865933,0.07200398869398252,spectf_dose10,-0.05351629502572908,-0.01609904068467681,spectf,10,484,11
rf_importance,rf,0,0.7402658662092624,0.7735849056603773,0.09161536934554244,0.0767511566626338,spectf_dose10,-0.03331903945111492,-0.014864212682908648,spectf,10,484,11
rf_importance,rf,1,0.7422813036020584,0.7548456260720411,0.08665831838207072,0.0902204244708112,spectf_dose10,-0.012564322469982736,0.0035621060887404826,spectf,10,484,11
rf_importance,rf,2,0.7563464837049743,0.8032161234991423,0.09886253386950954,0.0719036354729499,spectf_dose10,-0.04686963979416803,-0.02695889839655964,spectf,10,484,11
rf_importance,rf,3,0.7247855917667237,0.7939536878216124,0.10534377505865741,0.07350617817881368,spectf_dose10,-0.0691680960548886,-0.031837596879843735,spectf,10,484,11
rf_importance,rf,4,0.7448970840480275,0.8086620926243568,0.08915514731126827,0.06953281322457734,spectf_dose10,-0.06376500857632939,-0.019622334086690923,spectf,10,484,11
rf_importance,rf,5,0.747041166380789,0.7924528301886792,0.09225084941254016,0.0771911175438302,spectf_dose10,-0.04541166380789019,-0.015059731868709958,spectf,10,484,11
rf_importance,rf,6,0.756303602058319,0.7751286449399657,0.0862938796396406,0.08210052885213377,spectf_dose10,-0.01882504288164666,-0.004193350787506822,spectf,10,484,11
rf_importance,rf,7,0.7744854202401372,0.8189965694682676,0.07800506848906365,0.06414282605281976,spectf_dose10,-0.044511149228130376,-0.013862242436243885,spectf,10,484,11
rf_importance,rf,8,0.7682675814751287,0.8184391080617496,0.0847505532451832,0.06592296317278436,spectf_dose10,-0.05017152658662083,-0.018827590072398842,spectf,10,484,11
rf_importance,rf,9,0.7928387650085764,0.7742281303602059,0.07349066635877816,0.0807226202767089,spectf_dose10,0.01861063464837054,0.007231953917930745,spectf,10,484,11
rf_importance,rf,10,0.754416809605489,0.7746998284734135,0.092786979782194,0.08108002126621122,spectf_dose10,-0.020283018867924496,-0.011706958515982774,spectf,10,484,11
rf_importance,rf,11,0.803130360205832,0.7891080617495713,0.07424148736178089,0.07572035630927863,spectf_dose10,0.014022298456260684,0.0014788689474977412,spectf,10,484,11
rf_importance,rf,12,0.7497427101200688,0.772041166380789,0.08740488662318541,0.07817008857094683,spectf_dose10,-0.022298456260720245,-0.009234798052238577,spectf,10,484,11
rf_importance,rf,13,0.73795025728988,0.7612349914236707,0.09236684130849657,0.08798569320501115,spectf_dose10,-0.02328473413379073,-0.004381148103485416,spectf,10,484,11
rf_importance,rf,14,0.7566895368782162,0.793138936535163,0.088986668033939,0.0753516862536444,spectf_dose10,-0.036449399656946824,-0.013634981780294597,spectf,10,484,11
rf_importance,rf,15,0.765566037735849,0.7705831903945112,0.08546427858594624,0.08083523696151995,spectf_dose10,-0.005017152658662205,-0.004629041624426289,spectf,10,484,11
rf_importance,rf,16,0.7507718696397943,0.7810034305317324,0.0914956342338486,0.08159541674265627,spectf_dose10,-0.030231560891938125,-0.009900217491192326,spectf,10,484,11
rf_importance,rf,17,0.7488421955403087,0.7906946826758148,0.09034726543620503,0.07814347087764255,spectf_dose10,-0.041852487135506045,-0.012203794558562478,spectf,10,484,11
rf_importance,rf,18,0.7325471698113208,0.807032590051458,0.09186519583833425,0.0718765854543083,spectf_dose10,-0.07448542024013716,-0.01998861038402594,spectf,10,484,11
rf_importance,rf,19,0.7745283018867923,0.7819468267581474,0.08414359975334454,0.08018754973768133,spectf_dose10,-0.007418524871355081,-0.0039560500156632095,spectf,10,484,11
rf_importance,rf,20,0.7482847341337907,0.8043739279588337,0.08744568902935376,0.07014983539221291,spectf_dose10,-0.05608919382504296,-0.017295853637140854,spectf,10,484,11
rf_importance,rf,21,0.7861921097770155,0.8240566037735848,0.07485313177532467,0.06695331900801807,spectf_dose10,-0.037864493996569326,-0.0078998127673066,spectf,10,484,11
rf_importance,rf,22,0.7817324185248713,0.7906518010291594,0.07871545884617404,0.07618392627029516,spectf_dose10,-0.008919382504288142,-0.0025315325758788754,spectf,10,484,11
rf_importance,rf,23,0.7815608919382504,0.8206689536878217,0.07860999463383014,0.06412472273702778,spectf_dose10,-0.039108061749571266,-0.014485271896802362,spectf,10,484,11
rf_importance,rf,24,0.7410377358490566,0.8087907375643225,0.0940843304392661,0.06867480171512783,spectf_dose10,-0.06775300171526588,-0.025409528724138278,spectf,10,484,11
rf_importance,rf,25,0.7689108061749571,0.7867066895368783,0.08169961576152274,0.07642750067050134,spectf_dose10,-0.017795883361921172,-0.005272115091021393,spectf,10,484,11
rf_importance,rf,26,0.783704974271012,0.79352487135506,0.0773402717849702,0.0745612734397096,spectf_dose10,-0.009819897084047957,-0.0027789983452606026,spectf,10,484,11
rf_importance,rf,27,0.792581475128645,0.8033876500857633,0.0762873104112732,0.07047319917184262,spectf_dose10,-0.01080617495711833,-0.005814111239430569,spectf,10,484,11
rf_importance,rf,28,0.7400514579759863,0.8139794168096055,0.09361725135021101,0.06889746005304986,spectf_dose10,-0.07392795883361925,-0.024719791297161148,spectf,10,484,11
rf_importance,rf,29,0.7662950257289881,0.8001286449399656,0.07943960393133669,0.07499440959571543,spectf_dose10,-0.033833619210977495,-0.0044451943356212525,spectf,10,484,11
l1_logistic,logistic,0,0.8013722126929674,0.7604631217838764,0.07067555823618799,0.09156175183367653,spectf_dose10,0.040909090909091006,0.020886193597488542,spectf,10,484,11
l1_logistic,logistic,1,0.7700686106346484,0.7935677530017152,0.08087880517953484,0.08466535397087577,spectf_dose10,-0.02349914236706685,0.003786548791340924,spectf,10,484,11
l1_logistic,logistic,2,0.7527444253859348,0.7489708404802744,0.09025349748770303,0.09558843030798664,spectf_dose10,0.0037735849056603765,0.0053349328202836055,spectf,10,484,11
l1_logistic,logistic,3,0.7204974271012008,0.7463979416809605,0.09715912591094447,0.1057706787613209,spectf_dose10,-0.025900514579759726,0.00861155285037643,spectf,10,484,11
l1_logistic,logistic,4,0.7489708404802744,0.7890222984562606,0.08721471127656802,0.08263211252778388,spectf_dose10,-0.04005145797598619,-0.004582598748784139,spectf,10,484,11
l1_logistic,logistic,5,0.7745283018867926,0.7566037735849056,0.08245672237265286,0.1014653886902572,spectf_dose10,0.017924528301886955,0.01900866631760434,spectf,10,484,11
l1_logistic,logistic,6,0.7689536878216124,0.8173241852487135,0.08532396210766714,0.07162921053204768,spectf_dose10,-0.04837049742710109,-0.01369475157561946,spectf,10,484,11
l1_logistic,logistic,7,0.7568610634648372,0.7791595197255575,0.088565852365763,0.09091359813771906,spectf_dose10,-0.022298456260720356,0.002347745771956053,spectf,10,484,11
l1_logistic,logistic,8,0.7601200686106347,0.745197255574614,0.08336598221722565,0.11006113800006254,spectf_dose10,0.014922813036020721,0.02669515578283689,spectf,10,484,11
l1_logistic,logistic,9,0.7843910806174956,0.790566037735849,0.07987830659684567,0.08884460595717517,spectf_dose10,-0.006174957118353364,0.0089662993603295,spectf,10,484,11
l1_logistic,logistic,10,0.80557461406518,0.7702401372212693,0.07010056795230461,0.09011004250633127,spectf_dose10,0.03533447684391078,0.020009474554026657,spectf,10,484,11
l1_logistic,logistic,11,0.738336192109777,0.7153516295025729,0.09360525221570201,0.11636248098710307,spectf_dose10,0.02298456260720405,0.02275722877140106,spectf,10,484,11
l1_logistic,logistic,12,0.7677530017152658,0.7466552315608919,0.08295798287134504,0.09923502547433072,spectf_dose10,0.021097770154373974,0.01627704260298568,spectf,10,484,11
l1_logistic,logistic,13,0.7554888507718696,0.7374785591766724,0.08781616410330183,0.10193086066825631,spectf_dose10,0.01801029159519718,0.014114696564954482,spectf,10,484,11
l1_logistic,logistic,14,0.7639794168096055,0.7954545454545454,0.08447737077577953,0.08003115244338362,spectf_dose10,-0.031475128644939954,-0.004446218332395918,spectf,10,484,11
l1_logistic,logistic,15,0.7806174957118354,0.788507718696398,0.0786633636760584,0.08231047463938003,spectf_dose10,-0.007890222984562656,0.003647110963321626,spectf,10,484,11
l1_logistic,logistic,16,0.739451114922813,0.7674099485420239,0.09124857248233725,0.09532825013074667,spectf_dose10,-0.02795883361921092,0.004079677648409413,spectf,10,484,11
l1_logistic,logistic,17,0.7563464837049744,0.7653516295025728,0.08839404456983634,0.08691924239782148,spectf_dose10,-0.00900514579759848,-0.001474802172014858,spectf,10,484,11
l1_logistic,logistic,18,0.7754716981132076,0.7715265866209262,0.07972729642206952,0.09396997432284027,spectf_dose10,0.0039451114922813835,0.014242677900770745,spectf,10,484,11
l1_logistic,logistic,19,0.7440823327615781,0.76852487135506,0.08918206427423456,0.0968592918541484,spectf_dose10,-0.02444253859348189,0.007677227579913848,spectf,10,484,11
l1_logistic,logistic,20,0.7495711835334475,0.8093481989708405,0.08703301207688785,0.07290134295810884,spectf_dose10,-0.059777015437393,-0.014131669118779014,spectf,10,484,11
l1_logistic,logistic,21,0.7367924528301887,0.7450257289879931,0.09227958673801,0.09950201698887634,spectf_dose10,-0.008233276157804448,0.0072224302508663435,spectf,10,484,11
l1_logistic,logistic,22,0.7697255574614066,0.826672384219554,0.08260006375678458,0.06638077443931267,spectf_dose10,-0.05694682675814744,-0.016219289317471908,spectf,10,484,11
l1_logistic,logistic,23,0.7688679245283018,0.8178387650085763,0.08370106718431315,0.07368213922852677,spectf_dose10,-0.04897084048027456,-0.010018927955786378,spectf,10,484,11
l1_logistic,logistic,24,0.775385934819897,0.7802744425385935,0.0797076131447059,0.08640412915242743,spectf_dose10,-0.004888507718696422,0.006696516007721531,spectf,10,484,11
l1_logistic,logistic,25,0.7391080617495713,0.7635506003430533,0.09034623053636975,0.09213040059746401,spectf_dose10,-0.024442538593482,0.0017841700610942562,spectf,10,484,11
l1_logistic,logistic,26,0.7801029159519726,0.7660377358490568,0.07734090277687178,0.09299663675788682,spectf_dose10,0.014065180102915797,0.015655733981015038,spectf,10,484,11
l1_logistic,logistic,27,0.7850771869639794,0.8018010291595197,0.07516901725151955,0.07419738804903332,spectf_dose10,-0.01672384219554024,-0.0009716292024862239,spectf,10,484,11
l1_logistic,logistic,28,0.7639794168096055,0.7814751286449398,0.08823849472756998,0.0828140093837317,spectf_dose10,-0.017495711835334382,-0.005424485343838284,spectf,10,484,11
l1_logistic,logistic,29,0.7945111492281304,0.8144939965694682,0.07542975764991772,0.07425933867705262,spectf_dose10,-0.019982847341337817,-0.0011704189728651004,spectf,10,484,11
l1_logistic,rf,0,0.7616209262435677,0.7693825042881647,0.0822233204234172,0.0813930835899247,spectf_dose10,-0.007761578044596984,-0.0008302368334925092,spectf,10,484,11
l1_logistic,rf,1,0.7611063464837051,0.7550171526586621,0.09012318623759924,0.09701083379796589,spectf_dose10,0.006089193825043027,0.006887647560366653,spectf,10,484,11
l1_logistic,rf,2,0.7746998284734136,0.7710977701543739,0.07923469772259462,0.08553480971314134,spectf_dose10,0.0036020583190397026,0.006300111990546725,spectf,10,484,11
l1_logistic,rf,3,0.7583190394511149,0.7620068610634647,0.08560910116894108,0.08573535756238673,spectf_dose10,-0.0036878216123498175,0.0001262563934456562,spectf,10,484,11
l1_logistic,rf,4,0.7940823327615781,0.8064322469982848,0.07239544098180549,0.07297747661786058,spectf_dose10,-0.012349914236706616,0.0005820356360550921,spectf,10,484,11
l1_logistic,rf,5,0.7847770154373928,0.7403945111492282,0.0787614320189561,0.1023753451979301,spectf_dose10,0.04438250428816459,0.02361391317897399,spectf,10,484,11
l1_logistic,rf,6,0.7617066895368783,0.7182246998284735,0.08268334907177399,0.103707765233566,spectf_dose10,0.04348198970840478,0.021024416161792,spectf,10,484,11
l1_logistic,rf,7,0.7223413379073755,0.7683104631217837,0.10328050662726061,0.0886984786735945,spectf_dose10,-0.04596912521440821,-0.014582027953666116,spectf,10,484,11
l1_logistic,rf,8,0.7654373927958834,0.7915951972555746,0.0851073981800927,0.08086446182668473,spectf_dose10,-0.02615780445969118,-0.004242936353407972,spectf,10,484,11
l1_logistic,rf,9,0.74442538593482,0.7548885077186964,0.08826856438924978,0.08731994692626131,spectf_dose10,-0.010463121783876428,-0.0009486174629884658,spectf,10,484,11
l1_logistic,rf,10,0.7282590051457977,0.7603344768439109,0.0938762284082353,0.0866601205446337,spectf_dose10,-0.0320754716981132,-0.007216107863601592,spectf,10,484,11
l1_logistic,rf,11,0.7385506003430531,0.7790737564322471,0.0980756227501966,0.08393951118937842,spectf_dose10,-0.04052315608919399,-0.014136111560818176,spectf,10,484,11
l1_logistic,rf,12,0.742238421955403,0.7810034305317325,0.09226733324242029,0.07578853487106942,spectf_dose10,-0.038765008576329474,-0.01647879837135087,spectf,10,484,11
l1_logistic,rf,13,0.747041166380789,0.7536020583190395,0.09493058811966516,0.09173472972524473,spectf_dose10,-0.0065608919382504904,-0.0031958583944204366,spectf,10,484,11
l1_logistic,rf,14,0.7954545454545454,0.7593481989708405,0.07580505659751759,0.08960477067307054,spectf_dose10,0.03610634648370492,0.013799714075552957,spectf,10,484,11
l1_logistic,rf,15,0.7678816466552317,0.7533876500857634,0.08321225901862588,0.08985510555275363,spectf_dose10,0.01449399656946837,0.00664284653412775,spectf,10,484,11
l1_logistic,rf,16,0.7512006861063464,0.774271012006861,0.08578126529660104,0.08559426485770007,spectf_dose10,-0.02307032590051461,-0.00018700043890097773,spectf,10,484,11
l1_logistic,rf,17,0.7642367066895369,0.7757289879931389,0.08563785350289689,0.08228212472713523,spectf_dose10,-0.011492281303602025,-0.0033557287757616655,spectf,10,484,11
l1_logistic,rf,18,0.7235849056603774,0.7638078902229846,0.0927961787175623,0.08825286063316942,spectf_dose10,-0.0402229845626072,-0.004543318084392872,spectf,10,484,11
l1_logistic,rf,19,0.7925385934819896,0.826286449399657,0.0769712461039948,0.060951200313755484,spectf_dose10,-0.03374785591766738,-0.016020045790239322,spectf,10,484,11
l1_logistic,rf,20,0.7343910806174957,0.7565608919382504,0.09057500331895119,0.08838204745778033,spectf_dose10,-0.022169811320754684,-0.0021929558611708533,spectf,10,484,11
l1_logistic,rf,21,0.7857632933104631,0.817409948542024,0.075492076556654,0.06441989636240857,spectf_dose10,-0.03164665523156085,-0.01107218019424544,spectf,10,484,11
l1_logistic,rf,22,0.7761578044596913,0.7208833619210977,0.0800972238157963,0.10451239371258497,spectf_dose10,0.05527444253859359,0.02441516989678867,spectf,10,484,11
l1_logistic,rf,23,0.7487135506003432,0.7356775300171526,0.08523793100460332,0.09468537002692383,spectf_dose10,0.013036020583190533,0.009447439022320508,spectf,10,484,11
l1_logistic,rf,24,0.8012864493996569,0.7756861063464837,0.07205084107242614,0.07992655181640712,spectf_dose10,0.025600343053173158,0.007875710743980982,spectf,10,484,11
l1_logistic,rf,25,0.7667238421955405,0.7314322469982848,0.08591383436787606,0.09611356035013308,spectf_dose10,0.035291595197255665,0.010199725982257019,spectf,10,484,11
l1_logistic,rf,26,0.7439108061749571,0.7722555746140654,0.09489943362481384,0.08746267881600499,spectf_dose10,-0.02834476843910827,-0.007436754808808857,spectf,10,484,11
l1_logistic,rf,27,0.7394511149228131,0.782761578044597,0.08978962717535398,0.07926692443523874,spectf_dose10,-0.04331046312178388,-0.010522702740115242,spectf,10,484,11
l1_logistic,rf,28,0.7637221269296741,0.8063893653516296,0.09114847669428634,0.06967618094365069,spectf_dose10,-0.04266723842195552,-0.021472295750635653,spectf,10,484,11
l1_logistic,rf,29,0.7524871355060033,0.8283876500857633,0.0897378258454592,0.06532869923087434,spectf_dose10,-0.07590051457975999,-0.02440912661458486,spectf,10,484,11
