method,budget_type,budget,frac,k_features,n_features,classifier,calibrate,seed,accuracy,auroc,brier,ece,aurc,auroc_gap,ece_gap,net_benefit,net_benefit_gap,conformal_efficiency,conformal_coverage,conformal_coverage_gap,selective_ece,dataset,rep,runtime_s,calib_sha256
l1_logistic,frac,frac:1,1.0,19993,19993,gb,none,1970097841,0.6631016042780749,0.7390607101947307,0.2470058599836427,0.202262189385658,0.1841269794099961,,,0.3423662362737703,,1.53475935828877,0.9037433155080212,,0.2194705887926344,smk_can_187,0,61.239,eea1cc34fd9d82b0c6d7267dcc1cac30b2234f9f9020f48754a66d120f25f54e
l1_logistic,k,k:1,,1,19993,gb,none,1970097841,0.5080213903743316,0.5428980526918671,0.2852773732853085,0.1920439342906162,0.4211842132524715,,,0.2754023022299739,,1.7593582887700534,0.9037433155080212,,0.2300505991679593,smk_can_187,0,61.239,eea1cc34fd9d82b0c6d7267dcc1cac30b2234f9f9020f48754a66d120f25f54e
l1_logistic,k,k:2,,2,19993,gb,none,1970097841,0.5561497326203209,0.581615120274914,0.2961767624183071,0.2157829413566221,0.3747289729903871,,,0.2606842256668951,,1.732620320855615,0.9037433155080212,,0.2533244778966006,smk_can_187,0,61.239,eea1cc34fd9d82b0c6d7267dcc1cac30b2234f9f9020f48754a66d120f25f54e
l1_logistic,k,k:4,,4,19993,gb,none,1970097841,0.6256684491978609,0.6699885452462772,0.2788406305214988,0.2365032942898742,0.2817174174946185,,,0.2847001515669692,,1.6737967914438503,0.9037433155080212,,0.2386136404028185,smk_can_187,0,61.239,eea1cc34fd9d82b0c6d7267dcc1cac30b2234f9f9020f48754a66d120f25f54e
l1_logistic,k,k:8,,8,19993,gb,none,1970097841,0.6951871657754011,0.7714776632302406,0.2306846028872905,0.2049863652397989,0.1766986932273827,,,0.3363117359001203,,1.497326203208556,0.9037433155080212,,0.2086909955403541,smk_can_187,0,61.239,eea1cc34fd9d82b0c6d7267dcc1cac30b2234f9f9020f48754a66d120f25f54e
l1_logistic,k,k:16,,16,19993,gb,none,1970097841,0.6951871657754011,0.7483390607101947,0.2377639087010915,0.1957343420196253,0.208601674261637,,,0.3416489645161059,,1.5294117647058822,0.9037433155080212,,0.2105648299464539,smk_can_187,0,61.239,eea1cc34fd9d82b0c6d7267dcc1cac30b2234f9f9020f48754a66d120f25f54e
l1_logistic,k,k:32,,32,19993,gb,none,1970097841,0.6470588235294118,0.7303550973654067,0.2525660752964457,0.2166858795914156,0.2307152074797359,,,0.3233380464563182,,1.5080213903743316,0.9037433155080212,,0.2290958375182876,smk_can_187,0,61.239,eea1cc34fd9d82b0c6d7267dcc1cac30b2234f9f9020f48754a66d120f25f54e
l1_logistic,k,k:64,,64,19993,gb,none,1970097841,0.6631016042780749,0.7428407789232532,0.2422860896771813,0.2202498667028627,0.208567847186878,,,0.3414766312321166,,1.5133689839572193,0.9037433155080212,,0.2081865306328377,smk_can_187,0,61.239,eea1cc34fd9d82b0c6d7267dcc1cac30b2234f9f9020f48754a66d120f25f54e
l1_logistic,k,k:128,,128,19993,gb,none,1970097841,0.6684491978609626,0.7534936998854525,0.2373987182983497,0.1995564790221184,0.1990507374390586,,,0.3397925161528879,,1.4866310160427807,0.9037433155080212,,0.2070962557363165,smk_can_187,0,61.239,eea1cc34fd9d82b0c6d7267dcc1cac30b2234f9f9020f48754a66d120f25f54e
l1_logistic,k,k:256,,256,19993,gb,none,1970097841,0.6524064171122995,0.7691867124856816,0.2280928865729284,0.1889363276614849,0.185470268812313,,,0.34312091905905,,1.4385026737967914,0.9037433155080212,,0.1958033079144936,smk_can_187,0,61.239,eea1cc34fd9d82b0c6d7267dcc1cac30b2234f9f9020f48754a66d120f25f54e
l1_logistic,frac,frac:1,1.0,19993,19993,gb,none,2693698452,0.6631016042780749,0.747651775486827,0.2336546355097874,0.2155983527734353,0.1878647301293843,,,0.350756327489181,,1.497326203208556,0.9037433155080212,,0.218441568882742,smk_can_187,1,63.294,eea1cc34fd9d82b0c6d7267dcc1cac30b2234f9f9020f48754a66d120f25f54e
l1_logistic,k,k:1,,1,19993,gb,none,2693698452,0.5668449197860963,0.6347651775486827,0.2521238136532541,0.1746002589846904,0.3131057613829845,,,0.287189059200034,,1.6203208556149733,0.9037433155080212,,0.1725996998999833,smk_can_187,1,63.294,eea1cc34fd9d82b0c6d7267dcc1cac30b2234f9f9020f48754a66d120f25f54e
l1_logistic,k,k:2,,2,19993,gb,none,2693698452,0.6256684491978609,0.656815578465063,0.259702841810813,0.17086598932123,0.3237490459518095,,,0.2877203918736131,,1.6737967914438503,0.9037433155080212,,0.1806067210963156,smk_can_187,1,63.294,eea1cc34fd9d82b0c6d7267dcc1cac30b2234f9f9020f48754a66d120f25f54e
l1_logistic,k,k:4,,4,19993,gb,none,2693698452,0.6684491978609626,0.7235967926689576,0.2416272626384425,0.1727210123584302,0.2431332913445616,,,0.3283798748320423,,1.6149732620320856,0.9037433155080212,,0.1809018180028123,smk_can_187,1,63.294,eea1cc34fd9d82b0c6d7267dcc1cac30b2234f9f9020f48754a66d120f25f54e
l1_logistic,k,k:8,,8,19993,gb,none,2693698452,0.6951871657754011,0.7652920962199312,0.224834220073928,0.1945898543454383,0.2144521142350444,,,0.345844807912074,,1.4919786096256684,0.9037433155080212,,0.1762285435140378,smk_can_187,1,63.294,eea1cc34fd9d82b0c6d7267dcc1cac30b2234f9f9020f48754a66d120f25f54e
l1_logistic,k,k:16,,16,19993,gb,none,2693698452,0.6631016042780749,0.7164948453608246,0.270185300174584,0.2539919772256082,0.2426463489259846,,,0.2979596965745451,,1.5561497326203209,0.9037433155080212,,0.2628915759589694,smk_can_187,1,63.294,eea1cc34fd9d82b0c6d7267dcc1cac30b2234f9f9020f48754a66d120f25f54e
l1_logistic,k,k:32,,32,19993,gb,none,2693698452,0.7272727272727273,0.7772050400916379,0.2169840510444614,0.1689095145894487,0.1742877038169106,,,0.3393689549508079,,1.46524064171123,0.9037433155080212,,0.1760228933082748,smk_can_187,1,63.294,eea1cc34fd9d82b0c6d7267dcc1cac30b2234f9f9020f48754a66d120f25f54e
l1_logistic,k,k:64,,64,19993,gb,none,2693698452,0.7379679144385026,0.8082474226804124,0.1886417928725947,0.1337423193911869,0.155136524342137,,,0.3768578982963508,,1.4010695187165776,0.9037433155080212,,0.1315130211005105,smk_can_187,1,63.294,eea1cc34fd9d82b0c6d7267dcc1cac30b2234f9f9020f48754a66d120f25f54e
l1_logistic,k,k:128,,128,19993,gb,none,2693698452,0.7219251336898396,0.8044673539518901,0.2004639551824797,0.1537159725350274,0.1463689931557773,,,0.3680358203750877,,1.4438502673796791,0.9037433155080212,,0.1505672113949546,smk_can_187,1,63.294,eea1cc34fd9d82b0c6d7267dcc1cac30b2234f9f9020f48754a66d120f25f54e
l1_logistic,k,k:256,,256,19993,gb,none,2693698452,0.7379679144385026,0.8041237113402061,0.1985148364583514,0.1500012932825359,0.1486597066592687,,,0.368482069198333,,1.4331550802139037,0.9037433155080212,,0.1581524774065154,smk_can_187,1,63.294,eea1cc34fd9d82b0c6d7267dcc1cac30b2234f9f9020f48754a66d120f25f54e
l1_logistic,frac,frac:1,1.0,19993,19993,gb,none,2657597700,0.7219251336898396,0.7950744558991982,0.2029044582356472,0.1785857519987311,0.1486378540668681,,,0.3662748467803414,,1.4491978609625669,0.9037433155080212,,0.1734532964218065,smk_can_187,2,60.276,eea1cc34fd9d82b0c6d7267dcc1cac30b2234f9f9020f48754a66d120f25f54e
l1_logistic,k,k:1,,1,19993,gb,none,2657597700,0.5721925133689839,0.5697594501718213,0.2748876439145862,0.169152633728215,0.403663481539583,,,0.287623347326216,,1.7647058823529411,0.9037433155080212,,0.2054082886912709,smk_can_187,2,60.276,eea1cc34fd9d82b0c6d7267dcc1cac30b2234f9f9020f48754a66d120f25f54e
l1_logistic,k,k:2,,2,19993,gb,none,2657597700,0.5989304812834224,0.6254295532646048,0.2647791016144558,0.1692271665544454,0.3738543207300022,,,0.307184863675973,,1.7379679144385027,0.9037433155080212,,0.1660615897765994,smk_can_187,2,60.276,eea1cc34fd9d82b0c6d7267dcc1cac30b2234f9f9020f48754a66d120f25f54e
l1_logistic,k,k:4,,4,19993,gb,none,2657597700,0.5989304812834224,0.6447308132875144,0.2918879924448236,0.246547615347108,0.3097426040410458,,,0.2693021400553319,,1.6631016042780749,0.9037433155080212,,0.2645743257124385,smk_can_187,2,60.276,eea1cc34fd9d82b0c6d7267dcc1cac30b2234f9f9020f48754a66d120f25f54e
l1_logistic,k,k:8,,8,19993,gb,none,2657597700,0.6417112299465241,0.6981672394043528,0.2798005285266982,0.2373896385686756,0.2483928489671026,,,0.293557578026393,,1.588235294117647,0.9037433155080212,,0.2652021695098491,smk_can_187,2,60.276,eea1cc34fd9d82b0c6d7267dcc1cac30b2234f9f9020f48754a66d120f25f54e
l1_logistic,k,k:16,,16,19993,gb,none,2657597700,0.6577540106951871,0.7630011454753723,0.2514528485150544,0.2221354038770981,0.1843944648182965,,,0.3076515126026519,,1.497326203208556,0.9037433155080212,,0.2258441469254518,smk_can_187,2,60.276,eea1cc34fd9d82b0c6d7267dcc1cac30b2234f9f9020f48754a66d120f25f54e
l1_logistic,k,k:32,,32,19993,gb,none,2657597700,0.7165775401069518,0.7993127147766322,0.2137975168674787,0.1819305197920784,0.1431395947087031,,,0.3489394139443342,,1.4438502673796791,0.9037433155080212,,0.1827580503521214,smk_can_187,2,60.276,eea1cc34fd9d82b0c6d7267dcc1cac30b2234f9f9020f48754a66d120f25f54e
l1_logistic,k,k:64,,64,19993,gb,none,2657597700,0.7112299465240641,0.8025200458190149,0.2087732759129314,0.1682878281638781,0.1409969383873985,,,0.3586474134960653,,1.411764705882353,0.9037433155080212,,0.1617899796267782,smk_can_187,2,60.276,eea1cc34fd9d82b0c6d7267dcc1cac30b2234f9f9020f48754a66d120f25f54e
l1_logistic,k,k:128,,128,19993,gb,none,2657597700,0.7112299465240641,0.793012600229095,0.2091038671507211,0.1895623700906445,0.1482441140491996,,,0.3665845854534797,,1.4705882352941178,0.9037433155080212,,0.181256948067743,smk_can_187,2,60.276,eea1cc34fd9d82b0c6d7267dcc1cac30b2234f9f9020f48754a66d120f25f54e
l1_logistic,k,k:256,,256,19993,gb,none,2657597700,0.7112299465240641,0.7906071019473081,0.2088292054326592,0.1693473759317539,0.1491190587792005,,,0.3664174048077874,,1.4705882352941178,0.9037433155080212,,0.1585316703377899,smk_can_187,2,60.276,eea1cc34fd9d82b0c6d7267dcc1cac30b2234f9f9020f48754a66d120f25f54e
l1_logistic,frac,frac:1,1.0,19993,19993,gb,none,3866917435,0.6684491978609626,0.7540664375715922,0.2249297822195718,0.2041280468712298,0.18006068192632,,,0.3635994816140451,,1.427807486631016,0.9037433155080212,,0.1821470183858831,smk_can_187,3,60.037,eea1cc34fd9d82b0c6d7267dcc1cac30b2234f9f9020f48754a66d120f25f54e
l1_logistic,k,k:1,,1,19993,gb,none,3866917435,0.5294117647058824,0.5297823596792669,0.30825392293529,0.2289135139198674,0.4250781401143738,,,0.2687902822536724,,1.7486631016042782,0.9037433155080212,,0.2639614141241816,smk_can_187,3,60.037,eea1cc34fd9d82b0c6d7267dcc1cac30b2234f9f9020f48754a66d120f25f54e
l1_logistic,k,k:2,,2,19993,gb,none,3866917435,0.5347593582887701,0.581615120274914,0.3058090645576193,0.2432118358353125,0.3741985538897205,,,0.2750944623666687,,1.7219251336898396,0.9037433155080212,,0.2765922873678782,smk_can_187,3,60.037,eea1cc34fd9d82b0c6d7267dcc1cac30b2234f9f9020f48754a66d120f25f54e
l1_logistic,k,k:4,,4,19993,gb,none,3866917435,0.6203208556149733,0.6410080183276059,0.2943529878066809,0.2548686048955456,0.3269253360814979,,,0.2773343034817627,,1.7219251336898396,0.9037433155080212,,0.2710025121492535,smk_can_187,3,60.037,eea1cc34fd9d82b0c6d7267dcc1cac30b2234f9f9020f48754a66d120f25f54e
l1_logistic,k,k:8,,8,19993,gb,none,3866917435,0.7112299465240641,0.7449026345933563,0.237126369446819,0.2054349769207049,0.2380459120413884,,,0.3265664037485775,,1.5935828877005347,0.9037433155080212,,0.2178270063330399,smk_can_187,3,60.037,eea1cc34fd9d82b0c6d7267dcc1cac30b2234f9f9020f48754a66d120f25f54e
l1_logistic,k,k:16,,16,19993,gb,none,3866917435,0.7272727272727273,0.756815578465063,0.2248675680104734,0.2020249329679321,0.2286244781402446,,,0.3479443079027574,,1.60427807486631,0.9037433155080212,,0.2086839843347898,smk_can_187,3,60.037,eea1cc34fd9d82b0c6d7267dcc1cac30b2234f9f9020f48754a66d120f25f54e
l1_logistic,k,k:32,,32,19993,gb,none,3866917435,0.7272727272727273,0.7681557846506301,0.2179975727605581,0.1947392330157107,0.1902544223946593,,,0.3681713850096634,,1.53475935828877,0.9037433155080212,,0.1769249239197181,smk_can_187,3,60.037,eea1cc34fd9d82b0c6d7267dcc1cac30b2234f9f9020f48754a66d120f25f54e
l1_logistic,k,k:64,,64,19993,gb,none,3866917435,0.6951871657754011,0.7707903780068729,0.2189527597725244,0.182909365677257,0.1778443936028954,,,0.3617576612364944,,1.4919786096256684,0.9037433155080212,,0.1870039783234622,smk_can_187,3,60.037,eea1cc34fd9d82b0c6d7267dcc1cac30b2234f9f9020f48754a66d120f25f54e
l1_logistic,k,k:128,,128,19993,gb,none,3866917435,0.7058823529411765,0.750057273768614,0.2356097043259636,0.1824881672306242,0.1973497484391032,,,0.3424138763672553,,1.5668449197860963,0.9037433155080212,,0.2035531914188016,smk_can_187,3,60.037,eea1cc34fd9d82b0c6d7267dcc1cac30b2234f9f9020f48754a66d120f25f54e
l1_logistic,k,k:256,,256,19993,gb,none,3866917435,0.679144385026738,0.7279495990836197,0.2501181124775272,0.2151410731932326,0.2129033253682687,,,0.3288128298059284,,1.588235294117647,0.9037433155080212,,0.2252396949381987,smk_can_187,3,60.037,eea1cc34fd9d82b0c6d7267dcc1cac30b2234f9f9020f48754a66d120f25f54e
l1_logistic,frac,frac:1,1.0,19993,19993,gb,none,2345444754,0.6844919786096256,0.7647193585337916,0.2200399369792183,0.1958601693991708,0.167465022634083,,,0.3735811069549434,,1.4759358288770053,0.9037433155080212,,0.1956597639187912,smk_can_187,4,57.925,eea1cc34fd9d82b0c6d7267dcc1cac30b2234f9f9020f48754a66d120f25f54e
l1_logistic,k,k:1,,1,19993,gb,none,2345444754,0.5561497326203209,0.5684421534936999,0.2686262794920937,0.1651128160907715,0.391553112850131,,,0.292676654682561,,1.7593582887700534,0.9144385026737968,,0.1943531343571151,smk_can_187,4,57.925,eea1cc34fd9d82b0c6d7267dcc1cac30b2234f9f9020f48754a66d120f25f54e
l1_logistic,k,k:2,,2,19993,gb,none,2345444754,0.5614973262032086,0.5773195876288659,0.2889507685851615,0.1983889906513524,0.3837385446990077,,,0.2831536481984764,,1.7272727272727273,0.9037433155080212,,0.2414076292500222,smk_can_187,4,57.925,eea1cc34fd9d82b0c6d7267dcc1cac30b2234f9f9020f48754a66d120f25f54e
l1_logistic,k,k:4,,4,19993,gb,none,2345444754,0.6417112299465241,0.700171821305842,0.2568728575948512,0.1910889655095543,0.2598174746439395,,,0.3227145440686742,,1.625668449197861,0.9037433155080212,,0.2018981726202934,smk_can_187,4,57.925,eea1cc34fd9d82b0c6d7267dcc1cac30b2234f9f9020f48754a66d120f25f54e
l1_logistic,k,k:8,,8,19993,gb,none,2345444754,0.6363636363636364,0.7025200458190148,0.268050560064524,0.2313942896738777,0.2548910832935842,,,0.3095653807325421,,1.5989304812834224,0.9037433155080212,,0.2518002980252937,smk_can_187,4,57.925,eea1cc34fd9d82b0c6d7267dcc1cac30b2234f9f9020f48754a66d120f25f54e
l1_logistic,k,k:16,,16,19993,gb,none,2345444754,0.7165775401069518,0.7827033218785796,0.2090252995074035,0.1668275993324463,0.1770929379623483,,,0.3627165900684314,,1.518716577540107,0.9037433155080212,,0.169128370135657,smk_can_187,4,57.925,eea1cc34fd9d82b0c6d7267dcc1cac30b2234f9f9020f48754a66d120f25f54e
l1_logistic,k,k:32,,32,19993,gb,none,2345444754,0.732620320855615,0.8058419243986255,0.2027557635969421,0.1559156567541875,0.1400583981781724,,,0.3795050342028612,,1.4171122994652403,0.9037433155080212,,0.1617684879430895,smk_can_187,4,57.925,eea1cc34fd9d82b0c6d7267dcc1cac30b2234f9f9020f48754a66d120f25f54e
l1_logistic,k,k:64,,64,19993,gb,none,2345444754,0.7165775401069518,0.786254295532646,0.2101904949303325,0.1898251872571588,0.1513238608238293,,,0.3814492048190374,,1.427807486631016,0.9037433155080212,,0.1780772138255747,smk_can_187,4,57.925,eea1cc34fd9d82b0c6d7267dcc1cac30b2234f9f9020f48754a66d120f25f54e
l1_logistic,k,k:128,,128,19993,gb,none,2345444754,0.7165775401069518,0.7827033218785796,0.2081576499722879,0.1787942204833543,0.162370536118227,,,0.3756579973407867,,1.4010695187165776,0.9037433155080212,,0.1613419742318554,smk_can_187,4,57.925,eea1cc34fd9d82b0c6d7267dcc1cac30b2234f9f9020f48754a66d120f25f54e
l1_logistic,k,k:256,,256,19993,gb,none,2345444754,0.7165775401069518,0.7838487972508592,0.2122670466900224,0.1899180952734412,0.1621238576191233,,,0.3720904063555103,,1.427807486631016,0.9037433155080212,,0.1829311891664443,smk_can_187,4,57.925,eea1cc34fd9d82b0c6d7267dcc1cac30b2234f9f9020f48754a66d120f25f54e
l1_logistic,frac,frac:1,1.0,19993,19993,gb,none,3865505444,0.7005347593582888,0.7361970217640321,0.2324313910355853,0.2061048388046178,0.2146265294401058,,,0.3598836020401099,,1.5775401069518715,0.9037433155080212,,0.1902570284620939,smk_can_187,5,63.591,eea1cc34fd9d82b0c6d7267dcc1cac30b2234f9f9020f48754a66d120f25f54e
l1_logistic,k,k:1,,1,19993,gb,none,3865505444,0.5508021390374331,0.5375143184421535,0.2766027604798801,0.1520560501809364,0.4446911153075715,,,0.2986677304439311,,1.7540106951871657,0.9037433155080212,,0.1834534552094848,smk_can_187,5,63.591,eea1cc34fd9d82b0c6d7267dcc1cac30b2234f9f9020f48754a66d120f25f54e
l1_logistic,k,k:2,,2,19993,gb,none,3865505444,0.5614973262032086,0.5882016036655212,0.2821982251117944,0.198526815995756,0.3866946717162881,,,0.2967327284493982,,1.7433155080213905,0.9037433155080212,,0.2191336425819073,smk_can_187,5,63.591,eea1cc34fd9d82b0c6d7267dcc1cac30b2234f9f9020f48754a66d120f25f54e
l1_logistic,k,k:4,,4,19993,gb,none,3865505444,0.6203208556149733,0.638487972508591,0.286717676729186,0.2210877357233865,0.3173664227380882,,,0.2922275692222283,,1.6844919786096255,0.9037433155080212,,0.2515311670488848,smk_can_187,5,63.591,eea1cc34fd9d82b0c6d7267dcc1cac30b2234f9f9020f48754a66d120f25f54e
l1_logistic,k,k:8,,8,19993,gb,none,3865505444,0.6256684491978609,0.6899198167239404,0.2890432022612895,0.2631431745426879,0.2570515373308365,,,0.3032058609693229,,1.588235294117647,0.9037433155080212,,0.2772876622067772,smk_can_187,5,63.591,eea1cc34fd9d82b0c6d7267dcc1cac30b2234f9f9020f48754a66d120f25f54e
l1_logistic,k,k:16,,16,19993,gb,none,3865505444,0.7058823529411765,0.7670103092783506,0.2333365887670496,0.2096635164643394,0.1845530655198395,,,0.3466575718934537,,1.481283422459893,0.9037433155080212,,0.2166767167766772,smk_can_187,5,63.591,eea1cc34fd9d82b0c6d7267dcc1cac30b2234f9f9020f48754a66d120f25f54e
l1_logistic,k,k:32,,32,19993,gb,none,3865505444,0.6898395721925134,0.7439862542955327,0.2380700330466557,0.1875470930667231,0.1984144392550379,,,0.3438899721396897,,1.4919786096256684,0.9037433155080212,,0.2242390496200149,smk_can_187,5,63.591,eea1cc34fd9d82b0c6d7267dcc1cac30b2234f9f9020f48754a66d120f25f54e
l1_logistic,k,k:64,,64,19993,gb,none,3865505444,0.6684491978609626,0.7348224513172966,0.2385415942104141,0.1858758263341017,0.2090543203551629,,,0.3448030399684625,,1.5080213903743316,0.9037433155080212,,0.2087178279005529,smk_can_187,5,63.591,eea1cc34fd9d82b0c6d7267dcc1cac30b2234f9f9020f48754a66d120f25f54e
l1_logistic,k,k:128,,128,19993,gb,none,3865505444,0.6951871657754011,0.7642611683848797,0.2247219007993925,0.1850083831300009,0.1772977791851013,,,0.3518401853477851,,1.5080213903743316,0.9037433155080212,,0.1870695601668512,smk_can_187,5,63.591,eea1cc34fd9d82b0c6d7267dcc1cac30b2234f9f9020f48754a66d120f25f54e
l1_logistic,k,k:256,,256,19993,gb,none,3865505444,0.7005347593582888,0.7577319587628866,0.2282899750121471,0.1804478556944894,0.1809648540855403,,,0.3505085343075276,,1.481283422459893,0.9037433155080212,,0.1936717651164871,smk_can_187,5,63.591,eea1cc34fd9d82b0c6d7267dcc1cac30b2234f9f9020f48754a66d120f25f54e
l1_logistic,frac,frac:1,1.0,19993,19993,gb,none,3228073765,0.6684491978609626,0.7306987399770905,0.246905288749647,0.2122003881777864,0.2171409649793314,,,0.3417045377048839,,1.4919786096256684,0.9037433155080212,,0.2234608441226305,smk_can_187,6,64.43,eea1cc34fd9d82b0c6d7267dcc1cac30b2234f9f9020f48754a66d120f25f54e
l1_logistic,k,k:1,,1,19993,gb,none,3228073765,0.5935828877005348,0.6623711340206185,0.2347140054677962,0.1051971770059199,0.2837127196855962,,,0.3106012609613906,,1.60427807486631,0.9037433155080212,,0.1204798218407908,smk_can_187,6,64.43,eea1cc34fd9d82b0c6d7267dcc1cac30b2234f9f9020f48754a66d120f25f54e
l1_logistic,k,k:2,,2,19993,gb,none,3228073765,0.5828877005347594,0.6532073310423825,0.2651545198942221,0.1997209631217571,0.2805887073107619,,,0.2963801945977459,,1.6203208556149733,0.9037433155080212,,0.2151915820118101,smk_can_187,6,64.43,eea1cc34fd9d82b0c6d7267dcc1cac30b2234f9f9020f48754a66d120f25f54e
l1_logistic,k,k:4,,4,19993,gb,none,3228073765,0.6577540106951871,0.6816723940435281,0.2681276711000253,0.2128282562122732,0.3076920239272315,,,0.3174931178840529,,1.641711229946524,0.9037433155080212,,0.2374032349438762,smk_can_187,6,64.43,eea1cc34fd9d82b0c6d7267dcc1cac30b2234f9f9020f48754a66d120f25f54e
l1_logistic,k,k:8,,8,19993,gb,none,3228073765,0.6577540106951871,0.7105383734249714,0.2692173263602009,0.2299281509297231,0.2321174424577149,,,0.3259415028522248,,1.5775401069518715,0.9037433155080212,,0.2462791689163323,smk_can_187,6,64.43,eea1cc34fd9d82b0c6d7267dcc1cac30b2234f9f9020f48754a66d120f25f54e
l1_logistic,k,k:16,,16,19993,gb,none,3228073765,0.6898395721925134,0.7453608247422681,0.2434966542900351,0.2099775469060968,0.1972571217250732,,,0.3469731782037286,,1.5614973262032086,0.9037433155080212,,0.2201551245503648,smk_can_187,6,64.43,eea1cc34fd9d82b0c6d7267dcc1cac30b2234f9f9020f48754a66d120f25f54e
l1_logistic,k,k:32,,32,19993,gb,none,3228073765,0.6631016042780749,0.7502863688430699,0.2438216305794689,0.1972375070472801,0.1948103702534125,,,0.3322757847293336,,1.4919786096256684,0.9037433155080212,,0.2259349658391805,smk_can_187,6,64.43,eea1cc34fd9d82b0c6d7267dcc1cac30b2234f9f9020f48754a66d120f25f54e
l1_logistic,k,k:64,,64,19993,gb,none,3228073765,0.6684491978609626,0.7618556701030927,0.2230641591368099,0.1698912456071657,0.1756416881587697,,,0.3540650514705665,,1.4705882352941178,0.9037433155080212,,0.163586921870771,smk_can_187,6,64.43,eea1cc34fd9d82b0c6d7267dcc1cac30b2234f9f9020f48754a66d120f25f54e
l1_logistic,k,k:128,,128,19993,gb,none,3228073765,0.6951871657754011,0.7698739977090493,0.2240713057253376,0.1839317728200805,0.1630106425810962,,,0.3569503126515624,,1.481283422459893,0.9037433155080212,,0.1899385021676861,smk_can_187,6,64.43,eea1cc34fd9d82b0c6d7267dcc1cac30b2234f9f9020f48754a66d120f25f54e
l1_logistic,k,k:256,,256,19993,gb,none,3228073765,0.6844919786096256,0.770561282932417,0.218268523255586,0.1810042959262449,0.1711391454284914,,,0.3598903534543209,,1.4759358288770053,0.9037433155080212,,0.1764628676361281,smk_can_187,6,64.43,eea1cc34fd9d82b0c6d7267dcc1cac30b2234f9f9020f48754a66d120f25f54e
l1_logistic,frac,frac:1,1.0,19993,19993,gb,none,2904328473,0.6844919786096256,0.7348224513172966,0.2435555942917451,0.2042367345119172,0.2014292876206456,,,0.3375088256238007,,1.572192513368984,0.9037433155080212,,0.2144077924645334,smk_can_187,7,65.188,eea1cc34fd9d82b0c6d7267dcc1cac30b2234f9f9020f48754a66d120f25f54e
l1_logistic,k,k:1,,1,19993,gb,none,2904328473,0.5561497326203209,0.5674684994272623,0.2642360072021131,0.1661539281717649,0.4059032384333322,,,0.2967850537409408,,1.732620320855615,0.9037433155080212,,0.1650971203608358,smk_can_187,7,65.188,eea1cc34fd9d82b0c6d7267dcc1cac30b2234f9f9020f48754a66d120f25f54e
l1_logistic,k,k:2,,2,19993,gb,none,2904328473,0.5989304812834224,0.6305269186712485,0.2736465691611627,0.1898697523275242,0.3117251930977831,,,0.293516856844624,,1.6631016042780749,0.9037433155080212,,0.2402440370741635,smk_can_187,7,65.188,eea1cc34fd9d82b0c6d7267dcc1cac30b2234f9f9020f48754a66d120f25f54e
l1_logistic,k,k:4,,4,19993,gb,none,2904328473,0.6042780748663101,0.6978235967926689,0.2556181250504312,0.2139951264581829,0.255205210248722,,,0.3147808194082634,,1.6203208556149733,0.9037433155080212,,0.2006101219797803,smk_can_187,7,65.188,eea1cc34fd9d82b0c6d7267dcc1cac30b2234f9f9020f48754a66d120f25f54e
l1_logistic,k,k:8,,8,19993,gb,none,2904328473,0.6951871657754011,0.7366552119129439,0.2502926452011604,0.207331042946928,0.2142496022622525,,,0.3138113977635138,,1.5614973262032086,0.9037433155080212,,0.226750205048622,smk_can_187,7,65.188,eea1cc34fd9d82b0c6d7267dcc1cac30b2234f9f9020f48754a66d120f25f54e
l1_logistic,k,k:16,,16,19993,gb,none,2904328473,0.6417112299465241,0.7162657502863689,0.2536989937271159,0.2059154435307367,0.2292860753078839,,,0.3227761025781832,,1.5401069518716577,0.9037433155080212,,0.2166346219317891,smk_can_187,7,65.188,eea1cc34fd9d82b0c6d7267dcc1cac30b2234f9f9020f48754a66d120f25f54e
l1_logistic,k,k:32,,32,19993,gb,none,2904328473,0.6844919786096256,0.7569301260022909,0.2334647900654755,0.1855501285381074,0.1914312693864318,,,0.3361643336217077,,1.5240641711229947,0.9037433155080212,,0.2022603460317607,smk_can_187,7,65.188,eea1cc34fd9d82b0c6d7267dcc1cac30b2234f9f9020f48754a66d120f25f54e
l1_logistic,k,k:64,,64,19993,gb,none,2904328473,0.6844919786096256,0.7592210767468499,0.2373760584990531,0.1930427897117339,0.1785304773538997,,,0.3288072261767714,,1.5080213903743316,0.9037433155080212,,0.2014679399827414,smk_can_187,7,65.188,eea1cc34fd9d82b0c6d7267dcc1cac30b2234f9f9020f48754a66d120f25f54e
l1_logistic,k,k:128,,128,19993,gb,none,2904328473,0.6898395721925134,0.7536082474226804,0.2439479310549671,0.2112042142761303,0.1964279863182077,,,0.3282015287322737,,1.5508021390374331,0.9037433155080212,,0.2273803526940258,smk_can_187,7,65.188,eea1cc34fd9d82b0c6d7267dcc1cac30b2234f9f9020f48754a66d120f25f54e
l1_logistic,k,k:256,,256,19993,gb,none,2904328473,0.6898395721925134,0.7611683848797252,0.2388888610348737,0.2055139440213156,0.1852284365372022,,,0.3320229581659218,,1.5133689839572193,0.9037433155080212,,0.2177841878584006,smk_can_187,7,65.188,eea1cc34fd9d82b0c6d7267dcc1cac30b2234f9f9020f48754a66d120f25f54e
l1_logistic,frac,frac:1,1.0,19993,19993,gb,none,3119962374,0.6951871657754011,0.7373424971363115,0.2494563869520498,0.2208763923245922,0.1949188462730338,,,0.3449754090761254,,1.5294117647058822,0.9037433155080212,,0.2296033024308128,smk_can_187,8,64.287,eea1cc34fd9d82b0c6d7267dcc1cac30b2234f9f9020f48754a66d120f25f54e
l1_logistic,k,k:1,,1,19993,gb,none,3119962374,0.5668449197860963,0.5943298969072166,0.2605403892589703,0.1449797820752972,0.3864091872491234,,,0.2935394996721838,,1.7379679144385027,0.9090909090909092,,0.154538695353064,smk_can_187,8,64.287,eea1cc34fd9d82b0c6d7267dcc1cac30b2234f9f9020f48754a66d120f25f54e
l1_logistic,k,k:2,,2,19993,gb,none,3119962374,0.6256684491978609,0.6989690721649484,0.2343798970759762,0.1427260374184552,0.269774369826012,,,0.3351069348497397,,1.5775401069518715,0.9037433155080212,,0.1569333696005271,smk_can_187,8,64.287,eea1cc34fd9d82b0c6d7267dcc1cac30b2234f9f9020f48754a66d120f25f54e
l1_logistic,k,k:4,,4,19993,gb,none,3119962374,0.6470588235294118,0.7100801832760595,0.2647399350498202,0.2219311121244688,0.2259506032756109,,,0.3082017573717438,,1.5508021390374331,0.9037433155080212,,0.2364704657223432,smk_can_187,8,64.287,eea1cc34fd9d82b0c6d7267dcc1cac30b2234f9f9020f48754a66d120f25f54e
l1_logistic,k,k:8,,8,19993,gb,none,3119962374,0.679144385026738,0.7260022909507445,0.2568878813492808,0.2175230365058618,0.2156703457243918,,,0.3282131218027639,,1.5614973262032086,0.9037433155080212,,0.2363737220743781,smk_can_187,8,64.287,eea1cc34fd9d82b0c6d7267dcc1cac30b2234f9f9020f48754a66d120f25f54e
l1_logistic,k,k:16,,16,19993,gb,none,3119962374,0.6898395721925134,0.7439862542955327,0.2353750212836237,0.2053001636795804,0.2257696887308386,,,0.349291917966473,,1.5294117647058822,0.9037433155080212,,0.1945613115418394,smk_can_187,8,64.287,eea1cc34fd9d82b0c6d7267dcc1cac30b2234f9f9020f48754a66d120f25f54e
l1_logistic,k,k:32,,32,19993,gb,none,3119962374,0.6951871657754011,0.7784650630011455,0.215461381969839,0.1732332628685825,0.1781282537117149,,,0.3612202299802324,,1.4919786096256684,0.9037433155080212,,0.1582861483827305,smk_can_187,8,64.287,eea1cc34fd9d82b0c6d7267dcc1cac30b2234f9f9020f48754a66d120f25f54e
l1_logistic,k,k:64,,64,19993,gb,none,3119962374,0.7379679144385026,0.7646048109965635,0.217530561860532,0.1688359038157059,0.2159712070270996,,,0.3613718413317904,,1.497326203208556,0.9037433155080212,,0.1863529048229499,smk_can_187,8,64.287,eea1cc34fd9d82b0c6d7267dcc1cac30b2234f9f9020f48754a66d120f25f54e
l1_logistic,k,k:128,,128,19993,gb,none,3119962374,0.6844919786096256,0.7517754868270332,0.2299308577373843,0.1994536141320762,0.206522140994085,,,0.352971309226334,,1.518716577540107,0.9037433155080212,,0.2057168441887045,smk_can_187,8,64.287,eea1cc34fd9d82b0c6d7267dcc1cac30b2234f9f9020f48754a66d120f25f54e
l1_logistic,k,k:256,,256,19993,gb,none,3119962374,0.679144385026738,0.7510882016036655,0.2343441001920134,0.1902870491068132,0.2019039874533966,,,0.3441685298005268,,1.5401069518716577,0.9037433155080212,,0.190169381412415,smk_can_187,8,64.287,eea1cc34fd9d82b0c6d7267dcc1cac30b2234f9f9020f48754a66d120f25f54e
l1_logistic,frac,frac:1,1.0,19993,19993,gb,none,1282691147,0.7005347593582888,0.7520045819014891,0.239183958943307,0.2273919395000957,0.1763108893198284,,,0.3479121374818666,,1.502673796791444,0.9037433155080212,,0.2281660995182178,smk_can_187,9,62.963,eea1cc34fd9d82b0c6d7267dcc1cac30b2234f9f9020f48754a66d120f25f54e
l1_logistic,k,k:1,,1,19993,gb,none,1282691147,0.5187165775401069,0.5323596792668958,0.2924225175463378,0.2035696107302496,0.4481969627890513,,,0.2723306963779734,,1.786096256684492,0.9090909090909092,,0.2514087029320807,smk_can_187,9,62.963,eea1cc34fd9d82b0c6d7267dcc1cac30b2234f9f9020f48754a66d120f25f54e
l1_logistic,k,k:2,,2,19993,gb,none,1282691147,0.5989304812834224,0.6345933562428409,0.273633670219999,0.2054513522874961,0.3297054826159201,,,0.3042789083011499,,1.700534759358289,0.9037433155080212,,0.2122277091046917,smk_can_187,9,62.963,eea1cc34fd9d82b0c6d7267dcc1cac30b2234f9f9020f48754a66d120f25f54e
l1_logistic,k,k:4,,4,19993,gb,none,1282691147,0.6310160427807486,0.6926689576174112,0.2570624233399443,0.2065777227646119,0.2680066332130389,,,0.3210917420325748,,1.6363636363636365,0.9037433155080212,,0.2277262319486484,smk_can_187,9,62.963,eea1cc34fd9d82b0c6d7267dcc1cac30b2234f9f9020f48754a66d120f25f54e
l1_logistic,k,k:8,,8,19993,gb,none,1282691147,0.6951871657754011,0.745475372279496,0.2395507326139101,0.1976557618170047,0.2173454486430472,,,0.3310285479186029,,1.5508021390374331,0.9037433155080212,,0.2115270487015036,smk_can_187,9,62.963,eea1cc34fd9d82b0c6d7267dcc1cac30b2234f9f9020f48754a66d120f25f54e
l1_logistic,k,k:16,,16,19993,gb,none,1282691147,0.6470588235294118,0.7349369988545246,0.2506913965031516,0.210808629407964,0.2211096486055981,,,0.3303721565712168,,1.5508021390374331,0.9037433155080212,,0.2293315976530037,smk_can_187,9,62.963,eea1cc34fd9d82b0c6d7267dcc1cac30b2234f9f9020f48754a66d120f25f54e
l1_logistic,k,k:32,,32,19993,gb,none,1282691147,0.7112299465240641,0.7916380297823598,0.2175343142053861,0.1713404804517504,0.1576271454573835,,,0.3531381335479676,,1.4491978609625669,0.9037433155080212,,0.1787683625168545,smk_can_187,9,62.963,eea1cc34fd9d82b0c6d7267dcc1cac30b2234f9f9020f48754a66d120f25f54e
l1_logistic,k,k:64,,64,19993,gb,none,1282691147,0.7058823529411765,0.8013745704467354,0.209214808272472,0.1775458263436195,0.1445451801452907,,,0.353734465447559,,1.4438502673796791,0.9037433155080212,,0.155594299193396,smk_can_187,9,62.963,eea1cc34fd9d82b0c6d7267dcc1cac30b2234f9f9020f48754a66d120f25f54e
l1_logistic,k,k:128,,128,19993,gb,none,1282691147,0.6898395721925134,0.7941580756013745,0.217412793218797,0.2070684073440792,0.1435965056476196,,,0.3450592484405675,,1.4438502673796791,0.9037433155080212,,0.2053113335106677,smk_can_187,9,62.963,eea1cc34fd9d82b0c6d7267dcc1cac30b2234f9f9020f48754a66d120f25f54e
l1_logistic,k,k:256,,256,19993,gb,none,1282691147,0.6898395721925134,0.7854524627720504,0.2268698361599832,0.1881136999407083,0.1560303597321322,,,0.3368445993539795,,1.4545454545454546,0.9037433155080212,,0.2049847177453828,smk_can_187,9,62.963,eea1cc34fd9d82b0c6d7267dcc1cac30b2234f9f9020f48754a66d120f25f54e
l1_logistic,frac,frac:1,1.0,19993,19993,gb,none,3636374304,0.679144385026738,0.7594501718213058,0.2232901163875346,0.1693564102070708,0.1987816523532733,,,0.3512415757514325,,1.53475935828877,0.9037433155080212,,0.1897660892775335,smk_can_187,10,62.169,eea1cc34fd9d82b0c6d7267dcc1cac30b2234f9f9020f48754a66d120f25f54e
l1_logistic,k,k:1,,1,19993,gb,none,3636374304,0.5080213903743316,0.5353379152348224,0.2864279924301019,0.20048156240994,0.4291616108743925,,,0.2735474886496237,,1.7807486631016043,0.9037433155080212,,0.231580882984635,smk_can_187,10,62.169,eea1cc34fd9d82b0c6d7267dcc1cac30b2234f9f9020f48754a66d120f25f54e
l1_logistic,k,k:2,,2,19993,gb,none,3636374304,0.5187165775401069,0.5664948453608247,0.2909184967603862,0.2206267532776835,0.3850548981622833,,,0.2635973761328649,,1.711229946524064,0.9037433155080212,,0.2402878748656562,smk_can_187,10,62.169,eea1cc34fd9d82b0c6d7267dcc1cac30b2234f9f9020f48754a66d120f25f54e
l1_logistic,k,k:4,,4,19993,gb,none,3636374304,0.5508021390374331,0.5919816723940435,0.3036966720196348,0.2740471764766749,0.3852184829019234,,,0.2865101180092121,,1.7058823529411764,0.9037433155080212,,0.2756197869201571,smk_can_187,10,62.169,eea1cc34fd9d82b0c6d7267dcc1cac30b2234f9f9020f48754a66d120f25f54e
l1_logistic,k,k:8,,8,19993,gb,none,3636374304,0.6631016042780749,0.7216494845360825,0.2605280832284519,0.2104980566846579,0.2148223648975429,,,0.3147962787374914,,1.5775401069518715,0.9037433155080212,,0.2392523466495286,smk_can_187,10,62.169,eea1cc34fd9d82b0c6d7267dcc1cac30b2234f9f9020f48754a66d120f25f54e
l1_logistic,k,k:16,,16,19993,gb,none,3636374304,0.7005347593582888,0.7807560137457045,0.2241157051065329,0.1916815704822793,0.1591312074755844,,,0.3636220303423976,,1.4491978609625669,0.9037433155080212,,0.1855217418885096,smk_can_187,10,62.169,eea1cc34fd9d82b0c6d7267dcc1cac30b2234f9f9020f48754a66d120f25f54e
l1_logistic,k,k:32,,32,19993,gb,none,3636374304,0.7112299465240641,0.7722794959908362,0.2232798185329375,0.1881039899438481,0.170400617833245,,,0.3576499221124488,,1.4866310160427807,0.9037433155080212,,0.201033114776318,smk_can_187,10,62.169,eea1cc34fd9d82b0c6d7267dcc1cac30b2234f9f9020f48754a66d120f25f54e
l1_logistic,k,k:64,,64,19993,gb,none,3636374304,0.7272727272727273,0.8037800687285224,0.2032893343225195,0.1781283225253707,0.1530990058596851,,,0.3655981232813275,,1.4224598930481285,0.9037433155080212,,0.1752896129553295,smk_can_187,10,62.169,eea1cc34fd9d82b0c6d7267dcc1cac30b2234f9f9020f48754a66d120f25f54e
l1_logistic,k,k:128,,128,19993,gb,none,3636374304,0.7219251336898396,0.8107674684994273,0.1956731770174256,0.1613841546446358,0.1437019101647924,,,0.3693746847654677,,1.374331550802139,0.9037433155080212,,0.1526153051593561,smk_can_187,10,62.169,eea1cc34fd9d82b0c6d7267dcc1cac30b2234f9f9020f48754a66d120f25f54e
l1_logistic,k,k:256,,256,19993,gb,none,3636374304,0.7433155080213903,0.8155784650630011,0.1917870455541784,0.1533387894191644,0.1433855169069854,,,0.3743402882458867,,1.390374331550802,0.9037433155080212,,0.1413262095962402,smk_can_187,10,62.169,eea1cc34fd9d82b0c6d7267dcc1cac30b2234f9f9020f48754a66d120f25f54e
l1_logistic,frac,frac:1,1.0,19993,19993,gb,none,1274106911,0.6951871657754011,0.7718213058419244,0.2263311855850925,0.1853655712512353,0.1697037364986347,,,0.3494193918937503,,1.4545454545454546,0.9037433155080212,,0.1958333240612578,smk_can_187,11,58.185,eea1cc34fd9d82b0c6d7267dcc1cac30b2234f9f9020f48754a66d120f25f54e
l1_logistic,k,k:1,,1,19993,gb,none,1274106911,0.5080213903743316,0.5103092783505154,0.277189703416868,0.1737141035007985,0.4353089666951409,,,0.3026441021640226,,1.7754010695187166,0.9090909090909092,,0.1983211671743249,smk_can_187,11,58.185,eea1cc34fd9d82b0c6d7267dcc1cac30b2234f9f9020f48754a66d120f25f54e
l1_logistic,k,k:2,,2,19993,gb,none,1274106911,0.5828877005347594,0.6624284077892325,0.2473679925233405,0.1392107998479101,0.2968357140288022,,,0.3209143828147944,,1.6524064171122994,0.9037433155080212,,0.1619522185885939,smk_can_187,11,58.185,eea1cc34fd9d82b0c6d7267dcc1cac30b2234f9f9020f48754a66d120f25f54e
l1_logistic,k,k:4,,4,19993,gb,none,1274106911,0.6737967914438503,0.7441008018327606,0.234613917409551,0.1728467310586082,0.2092750073274688,,,0.3300579312308601,,1.5454545454545454,0.9037433155080212,,0.1853222765933479,smk_can_187,11,58.185,eea1cc34fd9d82b0c6d7267dcc1cac30b2234f9f9020f48754a66d120f25f54e
l1_logistic,k,k:8,,8,19993,gb,none,1274106911,0.6951871657754011,0.7864833906071019,0.222009980307791,0.1983709606661874,0.1602601522665185,,,0.3422890368976792,,1.4545454545454546,0.9037433155080212,,0.1956474771157255,smk_can_187,11,58.185,eea1cc34fd9d82b0c6d7267dcc1cac30b2234f9f9020f48754a66d120f25f54e
l1_logistic,k,k:16,,16,19993,gb,none,1274106911,0.7486631016042781,0.8333333333333334,0.185849587365415,0.1653076531922171,0.114183552940677,,,0.3873282387054582,,1.3689839572192513,0.9037433155080212,,0.1443126228400111,smk_can_187,11,58.185,eea1cc34fd9d82b0c6d7267dcc1cac30b2234f9f9020f48754a66d120f25f54e
l1_logistic,k,k:32,,32,19993,gb,none,1274106911,0.7593582887700535,0.8376861397479954,0.1763030446658899,0.1365141284617631,0.109931827621771,,,0.3986294103608861,,1.390374331550802,0.9037433155080212,,0.1309884357761232,smk_can_187,11,58.185,eea1cc34fd9d82b0c6d7267dcc1cac30b2234f9f9020f48754a66d120f25f54e
l1_logistic,k,k:64,,64,19993,gb,none,1274106911,0.7700534759358288,0.8176403207331042,0.181178569640985,0.1521962664992199,0.140698241149507,,,0.4029616686913175,,1.3850267379679144,0.9037433155080212,,0.136849903896363,smk_can_187,11,58.185,eea1cc34fd9d82b0c6d7267dcc1cac30b2234f9f9020f48754a66d120f25f54e
l1_logistic,k,k:128,,128,19993,gb,none,1274106911,0.7433155080213903,0.8203894616265751,0.1840620877626172,0.1211614182880664,0.1294692635061242,,,0.3896407866243853,,1.3689839572192513,0.9037433155080212,,0.1214682761846764,smk_can_187,11,58.185,eea1cc34fd9d82b0c6d7267dcc1cac30b2234f9f9020f48754a66d120f25f54e
l1_logistic,k,k:256,,256,19993,gb,none,1274106911,0.7593582887700535,0.8098510882016037,0.185255341386733,0.139033433135793,0.1403943233211528,,,0.3891520135758502,,1.4331550802139037,0.9037433155080212,,0.1320095383673111,smk_can_187,11,58.185,eea1cc34fd9d82b0c6d7267dcc1cac30b2234f9f9020f48754a66d120f25f54e
l1_logistic,frac,frac:1,1.0,19993,19993,gb,none,382222998,0.6684491978609626,0.7321878579610539,0.2393262032831195,0.2015259648595645,0.2135347012445097,,,0.3511751937623081,,1.497326203208556,0.9037433155080212,,0.2180985090443434,smk_can_187,12,60.712,eea1cc34fd9d82b0c6d7267dcc1cac30b2234f9f9020f48754a66d120f25f54e
l1_logistic,k,k:1,,1,19993,gb,none,382222998,0.5454545454545454,0.5847651775486826,0.2675418264250821,0.1598833160799789,0.3978094637956431,,,0.2934822000163666,,1.7540106951871657,0.9037433155080212,,0.1751644521613081,smk_can_187,12,60.712,eea1cc34fd9d82b0c6d7267dcc1cac30b2234f9f9020f48754a66d120f25f54e
l1_logistic,k,k:2,,2,19993,gb,none,382222998,0.5721925133689839,0.6013745704467355,0.2788903006654181,0.2050246149163626,0.3614735160000926,,,0.2834869931725704,,1.7593582887700534,0.9037433155080212,,0.1890007446253109,smk_can_187,12,60.712,eea1cc34fd9d82b0c6d7267dcc1cac30b2234f9f9020f48754a66d120f25f54e
l1_logistic,k,k:4,,4,19993,gb,none,382222998,0.5508021390374331,0.5855670103092784,0.3139858820348395,0.2592400085687648,0.373262357563967,,,0.2834747604797686,,1.7165775401069518,0.9037433155080212,,0.2936408618865056,smk_can_187,12,60.712,eea1cc34fd9d82b0c6d7267dcc1cac30b2234f9f9020f48754a66d120f25f54e
l1_logistic,k,k:8,,8,19993,gb,none,382222998,0.6417112299465241,0.6969072164948453,0.2673661354345237,0.2323612798927569,0.2738248860545715,,,0.3059303707590761,,1.609625668449198,0.9037433155080212,,0.2442673699549683,smk_can_187,12,60.712,eea1cc34fd9d82b0c6d7267dcc1cac30b2234f9f9020f48754a66d120f25f54e
l1_logistic,k,k:16,,16,19993,gb,none,382222998,0.6898395721925134,0.7602520045819015,0.2260323552542319,0.1894635231427423,0.1876697185315997,,,0.3580830021554993,,1.4545454545454546,0.9037433155080212,,0.2068812197564072,smk_can_187,12,60.712,eea1cc34fd9d82b0c6d7267dcc1cac30b2234f9f9020f48754a66d120f25f54e
l1_logistic,k,k:32,,32,19993,gb,none,382222998,0.7165775401069518,0.7835051546391752,0.2147910316101562,0.1724315753669968,0.1636542741333986,,,0.368807614335619,,1.4491978609625669,0.9037433155080212,,0.1799547699925,smk_can_187,12,60.712,eea1cc34fd9d82b0c6d7267dcc1cac30b2234f9f9020f48754a66d120f25f54e
l1_logistic,k,k:64,,64,19993,gb,none,382222998,0.6631016042780749,0.7526918671248568,0.2389542596620936,0.2125239945959846,0.1911326239837678,,,0.3481690243204674,,1.481283422459893,0.9037433155080212,,0.2149265305993073,smk_can_187,12,60.712,eea1cc34fd9d82b0c6d7267dcc1cac30b2234f9f9020f48754a66d120f25f54e
l1_logistic,k,k:128,,128,19993,gb,none,382222998,0.6737967914438503,0.7577319587628866,0.2258478107486108,0.1817832045495501,0.1861913204854788,,,0.3603458434070439,,1.4598930481283423,0.9037433155080212,,0.1784598977690653,smk_can_187,12,60.712,eea1cc34fd9d82b0c6d7267dcc1cac30b2234f9f9020f48754a66d120f25f54e
l1_logistic,k,k:256,,256,19993,gb,none,382222998,0.679144385026738,0.7471935853379152,0.2340128813347085,0.2117801731010452,0.2031990295380423,,,0.352138512265015,,1.4866310160427807,0.9037433155080212,,0.2155427628858054,smk_can_187,12,60.712,eea1cc34fd9d82b0c6d7267dcc1cac30b2234f9f9020f48754a66d120f25f54e
l1_logistic,frac,frac:1,1.0,19993,19993,gb,none,4193652902,0.6417112299465241,0.7127147766323024,0.2738079603951441,0.2457961022217187,0.2234943056096778,,,0.3211939680381836,,1.5775401069518715,0.9037433155080212,,0.2609736212848363,smk_can_187,13,61.376,eea1cc34fd9d82b0c6d7267dcc1cac30b2234f9f9020f48754a66d120f25f54e
l1_logistic,k,k:1,,1,19993,gb,none,4193652902,0.4705882352941176,0.4827605956471936,0.2972259978961997,0.2092798506801296,0.5087410113343773,,,0.2721344462180974,,1.7914438502673795,0.9037433155080212,,0.2359122120380081,smk_can_187,13,61.376,eea1cc34fd9d82b0c6d7267dcc1cac30b2234f9f9020f48754a66d120f25f54e
l1_logistic,k,k:2,,2,19993,gb,none,4193652902,0.5401069518716578,0.5369415807560137,0.3103553871629666,0.2515862263159896,0.4425111975399585,,,0.2645843466832009,,1.7914438502673795,0.9037433155080212,,0.2792093515526337,smk_can_187,13,61.376,eea1cc34fd9d82b0c6d7267dcc1cac30b2234f9f9020f48754a66d120f25f54e
l1_logistic,k,k:4,,4,19993,gb,none,4193652902,0.5989304812834224,0.6049828178694158,0.3117739680761437,0.2608782075029626,0.3789465868028426,,,0.2589598534959548,,1.7272727272727273,0.9037433155080212,,0.2860089749016338,smk_can_187,13,61.376,eea1cc34fd9d82b0c6d7267dcc1cac30b2234f9f9020f48754a66d120f25f54e
l1_logistic,k,k:8,,8,19993,gb,none,4193652902,0.6470588235294118,0.7194730813287514,0.2627186895635499,0.2019186338628742,0.2537466057869447,,,0.3015197932480934,,1.5668449197860963,0.9037433155080212,,0.23695250893207,smk_can_187,13,61.376,eea1cc34fd9d82b0c6d7267dcc1cac30b2234f9f9020f48754a66d120f25f54e
l1_logistic,k,k:16,,16,19993,gb,none,4193652902,0.6524064171122995,0.7416953035509737,0.254901328887624,0.2261715989280591,0.2026177606998617,,,0.3255377371530647,,1.5454545454545454,0.9037433155080212,,0.2370802344721245,smk_can_187,13,61.376,eea1cc34fd9d82b0c6d7267dcc1cac30b2234f9f9020f48754a66d120f25f54e
l1_logistic,k,k:32,,32,19993,gb,none,4193652902,0.679144385026738,0.7542955326460481,0.2417679648666049,0.2055578509224986,0.2036084985801614,,,0.3363278883928878,,1.5080213903743316,0.9037433155080212,,0.2182391016568236,smk_can_187,13,61.376,eea1cc34fd9d82b0c6d7267dcc1cac30b2234f9f9020f48754a66d120f25f54e
l1_logistic,k,k:64,,64,19993,gb,none,4193652902,0.679144385026738,0.7528064146620848,0.2385913022666616,0.2218325313105006,0.2002795359182416,,,0.3414408336671847,,1.4759358288770053,0.9037433155080212,,0.2153699449409323,smk_can_187,13,61.376,eea1cc34fd9d82b0c6d7267dcc1cac30b2234f9f9020f48754a66d120f25f54e
l1_logistic,k,k:128,,128,19993,gb,none,4193652902,0.6524064171122995,0.736540664375716,0.2468721667444597,0.2194873835367812,0.2138788875683434,,,0.3380777317769199,,1.5080213903743316,0.9037433155080212,,0.2178922083046566,smk_can_187,13,61.376,eea1cc34fd9d82b0c6d7267dcc1cac30b2234f9f9020f48754a66d120f25f54e
l1_logistic,k,k:256,,256,19993,gb,none,4193652902,0.6577540106951871,0.7358533791523483,0.2539619182664863,0.2212972442247254,0.1988965875450146,,,0.331061802521036,,1.5133689839572193,0.9037433155080212,,0.2303644528991434,smk_can_187,13,61.376,eea1cc34fd9d82b0c6d7267dcc1cac30b2234f9f9020f48754a66d120f25f54e
l1_logistic,frac,frac:1,1.0,19993,19993,gb,none,3067619285,0.6951871657754011,0.7479954180985109,0.2296709694934869,0.2019767125624109,0.1869630024483298,,,0.3510538788953665,,1.5401069518716577,0.9037433155080212,,0.2070136034633077,smk_can_187,14,59.902,eea1cc34fd9d82b0c6d7267dcc1cac30b2234f9f9020f48754a66d120f25f54e
l1_logistic,k,k:1,,1,19993,gb,none,3067619285,0.5508021390374331,0.5899198167239403,0.2676853446807509,0.1810052181510767,0.3688712898843398,,,0.2876617619034516,,1.700534759358289,0.9037433155080212,,0.1908267299760171,smk_can_187,14,59.902,eea1cc34fd9d82b0c6d7267dcc1cac30b2234f9f9020f48754a66d120f25f54e
l1_logistic,k,k:2,,2,19993,gb,none,3067619285,0.5614973262032086,0.5800687285223367,0.2872902428673021,0.2248212686292894,0.3682289467680461,,,0.2709483386032779,,1.7165775401069518,0.9037433155080212,,0.2451285370204546,smk_can_187,14,59.902,eea1cc34fd9d82b0c6d7267dcc1cac30b2234f9f9020f48754a66d120f25f54e
l1_logistic,k,k:4,,4,19993,gb,none,3067619285,0.5882352941176471,0.6422680412371133,0.2863668013637028,0.2399501087872884,0.3247326812291519,,,0.2855225959783075,,1.679144385026738,0.9037433155080212,,0.2613320166486303,smk_can_187,14,59.902,eea1cc34fd9d82b0c6d7267dcc1cac30b2234f9f9020f48754a66d120f25f54e
l1_logistic,k,k:8,,8,19993,gb,none,3067619285,0.5989304812834224,0.66368843069874,0.3020022087839898,0.276891766671567,0.2817078658062644,,,0.2893902229770941,,1.5828877005347597,0.9037433155080212,,0.3039109274055679,smk_can_187,14,59.902,eea1cc34fd9d82b0c6d7267dcc1cac30b2234f9f9020f48754a66d120f25f54e
l1_logistic,k,k:16,,16,19993,gb,none,3067619285,0.7005347593582888,0.7290950744558992,0.2447079076251213,0.2154314691847279,0.2408764074114258,,,0.3382442249715385,,1.6149732620320856,0.9037433155080212,,0.2261298017249232,smk_can_187,14,59.902,eea1cc34fd9d82b0c6d7267dcc1cac30b2234f9f9020f48754a66d120f25f54e
l1_logistic,k,k:32,,32,19993,gb,none,3067619285,0.6898395721925134,0.7458190148911799,0.2381983256266797,0.1948210627395492,0.1995511618238648,,,0.3412228423912171,,1.5935828877005347,0.9037433155080212,,0.2078705322766759,smk_can_187,14,59.902,eea1cc34fd9d82b0c6d7267dcc1cac30b2234f9f9020f48754a66d120f25f54e
l1_logistic,k,k:64,,64,19993,gb,none,3067619285,0.6844919786096256,0.7573883161512027,0.2307905990057166,0.187580392819229,0.1886962145562,,,0.351447581733655,,1.4759358288770053,0.9037433155080212,,0.1988011477319468,smk_can_187,14,59.902,eea1cc34fd9d82b0c6d7267dcc1cac30b2234f9f9020f48754a66d120f25f54e
l1_logistic,k,k:128,,128,19993,gb,none,3067619285,0.7005347593582888,0.7473081328751432,0.2391146973770198,0.2076300871161757,0.1822001538944535,,,0.3505570467781546,,1.5240641711229947,0.9037433155080212,,0.2068456426204904,smk_can_187,14,59.902,eea1cc34fd9d82b0c6d7267dcc1cac30b2234f9f9020f48754a66d120f25f54e
l1_logistic,k,k:256,,256,19993,gb,none,3067619285,0.6951871657754011,0.7460481099656358,0.2374853602978798,0.2096969629178823,0.1854292950235337,,,0.3495698301012584,,1.53475935828877,0.9037433155080212,,0.2051968493230342,smk_can_187,14,59.902,eea1cc34fd9d82b0c6d7267dcc1cac30b2234f9f9020f48754a66d120f25f54e
l1_logistic,frac,frac:1,1.0,19993,19993,gb,none,4062132374,0.6631016042780749,0.7580756013745704,0.2453003056042787,0.2227449812235272,0.1759507453953016,,,0.3293398222379796,,1.5240641711229947,0.9037433155080212,,0.2040824084715649,smk_can_187,15,58.906,eea1cc34fd9d82b0c6d7267dcc1cac30b2234f9f9020f48754a66d120f25f54e
l1_logistic,k,k:1,,1,19993,gb,none,4062132374,0.6096256684491979,0.6816151202749141,0.2295256010222885,0.0937186144591288,0.2753533882375548,,,0.3182324931698124,,1.6149732620320856,0.9037433155080212,,0.0762874989382085,smk_can_187,15,58.906,eea1cc34fd9d82b0c6d7267dcc1cac30b2234f9f9020f48754a66d120f25f54e
l1_logistic,k,k:2,,2,19993,gb,none,4062132374,0.6737967914438503,0.7540091638029783,0.2060069195776621,0.1194155217073845,0.202592657185562,,,0.341751604589952,,1.518716577540107,0.9037433155080212,,0.1282696672702221,smk_can_187,15,58.906,eea1cc34fd9d82b0c6d7267dcc1cac30b2234f9f9020f48754a66d120f25f54e
l1_logistic,k,k:4,,4,19993,gb,none,4062132374,0.6417112299465241,0.7239977090492554,0.2433868204816564,0.1853826695594718,0.2250329121961943,,,0.3255430107779756,,1.5668449197860963,0.9037433155080212,,0.2007917469989739,smk_can_187,15,58.906,eea1cc34fd9d82b0c6d7267dcc1cac30b2234f9f9020f48754a66d120f25f54e
l1_logistic,k,k:8,,8,19993,gb,none,4062132374,0.7005347593582888,0.7575028636884307,0.2359448682737374,0.1854321789181619,0.1979498974352798,,,0.3395203031750398,,1.53475935828877,0.9037433155080212,,0.2096227378894997,smk_can_187,15,58.906,eea1cc34fd9d82b0c6d7267dcc1cac30b2234f9f9020f48754a66d120f25f54e
l1_logistic,k,k:16,,16,19993,gb,none,4062132374,0.732620320855615,0.7939289805269186,0.2145523560266683,0.1603444210127264,0.1530569901213346,,,0.3567173839819381,,1.4598930481283423,0.9037433155080212,,0.1713249936794864,smk_can_187,15,58.906,eea1cc34fd9d82b0c6d7267dcc1cac30b2234f9f9020f48754a66d120f25f54e
l1_logistic,k,k:32,,32,19993,gb,none,4062132374,0.7486631016042781,0.7986254295532647,0.1952674071887798,0.1606590697681102,0.1598880330962271,,,0.3919173808681306,,1.4438502673796791,0.9037433155080212,,0.1602783909791644,smk_can_187,15,58.906,eea1cc34fd9d82b0c6d7267dcc1cac30b2234f9f9020f48754a66d120f25f54e
l1_logistic,k,k:64,,64,19993,gb,none,4062132374,0.7058823529411765,0.7781214203894616,0.2152411184980381,0.181533393522594,0.1652830576231259,,,0.3677575512356998,,1.5454545454545454,0.9037433155080212,,0.19099778646297,smk_can_187,15,58.906,eea1cc34fd9d82b0c6d7267dcc1cac30b2234f9f9020f48754a66d120f25f54e
l1_logistic,k,k:128,,128,19993,gb,none,4062132374,0.7165775401069518,0.7973654066437572,0.2088116341766115,0.1735002599632068,0.1464710854241073,,,0.3635860437145901,,1.4331550802139037,0.9037433155080212,,0.1541834534005799,smk_can_187,15,58.906,eea1cc34fd9d82b0c6d7267dcc1cac30b2234f9f9020f48754a66d120f25f54e
l1_logistic,k,k:256,,256,19993,gb,none,4062132374,0.7272727272727273,0.7898052691867126,0.2066449482645996,0.1647605793501679,0.1514247914506278,,,0.3723381822885775,,1.4385026737967914,0.9037433155080212,,0.162985304221557,smk_can_187,15,58.906,eea1cc34fd9d82b0c6d7267dcc1cac30b2234f9f9020f48754a66d120f25f54e
l1_logistic,frac,frac:1,1.0,19993,19993,gb,none,2059424100,0.6684491978609626,0.7242840778923253,0.2472171904859519,0.2017596187099467,0.2218168431770331,,,0.3462922773224468,,1.5935828877005347,0.9037433155080212,,0.2035292730395591,smk_can_187,16,57.201,eea1cc34fd9d82b0c6d7267dcc1cac30b2234f9f9020f48754a66d120f25f54e
l1_logistic,k,k:1,,1,19993,gb,none,2059424100,0.5508021390374331,0.5643184421534937,0.2708612185575967,0.1486900473058616,0.4229792718369287,,,0.2854347678695049,,1.8128342245989304,0.9090909090909092,,0.1561680013823099,smk_can_187,16,57.201,eea1cc34fd9d82b0c6d7267dcc1cac30b2234f9f9020f48754a66d120f25f54e
l1_logistic,k,k:2,,2,19993,gb,none,2059424100,0.5508021390374331,0.6198739977090493,0.2835527068157973,0.2323377495267475,0.3451083603393143,,,0.2851878125611352,,1.6577540106951871,0.9037433155080212,,0.2470960413441105,smk_can_187,16,57.201,eea1cc34fd9d82b0c6d7267dcc1cac30b2234f9f9020f48754a66d120f25f54e
l1_logistic,k,k:4,,4,19993,gb,none,2059424100,0.6203208556149733,0.6966781214203895,0.2792023035710402,0.2525969320400948,0.252922845289769,,,0.2992567375843733,,1.5935828877005347,0.9037433155080212,,0.2735521897810494,smk_can_187,16,57.201,eea1cc34fd9d82b0c6d7267dcc1cac30b2234f9f9020f48754a66d120f25f54e
l1_logistic,k,k:8,,8,19993,gb,none,2059424100,0.6096256684491979,0.6578465063001145,0.3107555085253672,0.3092777075025441,0.3212523451173873,,,0.2952951393103778,,1.7058823529411764,0.9037433155080212,,0.3149297303534613,smk_can_187,16,57.201,eea1cc34fd9d82b0c6d7267dcc1cac30b2234f9f9020f48754a66d120f25f54e
l1_logistic,k,k:16,,16,19993,gb,none,2059424100,0.6844919786096256,0.7253150057273768,0.256829010308033,0.2136639026437832,0.2322365511757566,,,0.3330699187282452,,1.5401069518716577,0.9037433155080212,,0.2461510974863065,smk_can_187,16,57.201,eea1cc34fd9d82b0c6d7267dcc1cac30b2234f9f9020f48754a66d120f25f54e
l1_logistic,k,k:32,,32,19993,gb,none,2059424100,0.6577540106951871,0.7449026345933563,0.245701201725277,0.2275148504098616,0.2058428636705474,,,0.344630568360126,,1.518716577540107,0.9037433155080212,,0.21328099212956,smk_can_187,16,57.201,eea1cc34fd9d82b0c6d7267dcc1cac30b2234f9f9020f48754a66d120f25f54e
l1_logistic,k,k:64,,64,19993,gb,none,2059424100,0.6737967914438503,0.7524627720504009,0.2399796285385456,0.2075004786167238,0.198056138576443,,,0.3440094458107592,,1.5133689839572193,0.9037433155080212,,0.2058040876555523,smk_can_187,16,57.201,eea1cc34fd9d82b0c6d7267dcc1cac30b2234f9f9020f48754a66d120f25f54e
l1_logistic,k,k:128,,128,19993,gb,none,2059424100,0.6684491978609626,0.7278350515463917,0.2521326575243701,0.2163353533374054,0.2206021039823514,,,0.3325016345491857,,1.5294117647058822,0.9037433155080212,,0.2220521735453602,smk_can_187,16,57.201,eea1cc34fd9d82b0c6d7267dcc1cac30b2234f9f9020f48754a66d120f25f54e
l1_logistic,k,k:256,,256,19993,gb,none,2059424100,0.6631016042780749,0.7352806414662085,0.2461759728708884,0.2168548995963733,0.2128384004806272,,,0.3397462832885567,,1.5133689839572193,0.9037433155080212,,0.222398028270119,smk_can_187,16,57.201,eea1cc34fd9d82b0c6d7267dcc1cac30b2234f9f9020f48754a66d120f25f54e
l1_logistic,frac,frac:1,1.0,19993,19993,gb,none,3315301498,0.7165775401069518,0.7684994272623139,0.219968168274189,0.1832265102769699,0.1661387224458402,,,0.3689999707355584,,1.4759358288770053,0.9037433155080212,,0.2027199483699943,smk_can_187,17,59.108,eea1cc34fd9d82b0c6d7267dcc1cac30b2234f9f9020f48754a66d120f25f54e
l1_logistic,k,k:1,,1,19993,gb,none,3315301498,0.5721925133689839,0.5784077892325314,0.2734700628690958,0.1494644216949308,0.4056276209754031,,,0.2973932487431038,,1.7754010695187166,0.9090909090909092,,0.1773273582344124,smk_can_187,17,59.108,eea1cc34fd9d82b0c6d7267dcc1cac30b2234f9f9020f48754a66d120f25f54e
l1_logistic,k,k:2,,2,19993,gb,none,3315301498,0.6256684491978609,0.68184421534937,0.2542113462698629,0.1916472873652479,0.2545362419455319,,,0.3033340790662382,,1.572192513368984,0.9037433155080212,,0.2208848002173705,smk_can_187,17,59.108,eea1cc34fd9d82b0c6d7267dcc1cac30b2234f9f9020f48754a66d120f25f54e
l1_logistic,k,k:4,,4,19993,gb,none,3315301498,0.6096256684491979,0.6584192439862543,0.2793700826081933,0.2296873658841564,0.3400042683253093,,,0.2877109509424873,,1.6737967914438503,0.9037433155080212,,0.2447364622621173,smk_can_187,17,59.108,eea1cc34fd9d82b0c6d7267dcc1cac30b2234f9f9020f48754a66d120f25f54e
l1_logistic,k,k:8,,8,19993,gb,none,3315301498,0.6096256684491979,0.6904925544100802,0.2771072340683513,0.2462614216267662,0.2837308613265805,,,0.3131929355143911,,1.6363636363636365,0.9037433155080212,,0.2376641279929943,smk_can_187,17,59.108,eea1cc34fd9d82b0c6d7267dcc1cac30b2234f9f9020f48754a66d120f25f54e
l1_logistic,k,k:16,,16,19993,gb,none,3315301498,0.6844919786096256,0.7722794959908362,0.2314513343813383,0.1979549914552521,0.185297152032094,,,0.3276709854815539,,1.46524064171123,0.9037433155080212,,0.1996940161708544,smk_can_187,17,59.108,eea1cc34fd9d82b0c6d7267dcc1cac30b2234f9f9020f48754a66d120f25f54e
l1_logistic,k,k:32,,32,19993,gb,none,3315301498,0.7219251336898396,0.8060710194730812,0.1974557652612713,0.1562336851807252,0.1489758659894826,,,0.3680386823678356,,1.481283422459893,0.9037433155080212,,0.1499272696195858,smk_can_187,17,59.108,eea1cc34fd9d82b0c6d7267dcc1cac30b2234f9f9020f48754a66d120f25f54e
l1_logistic,k,k:64,,64,19993,gb,none,3315301498,0.7540106951871658,0.8132875143184422,0.1949364311636511,0.1354881963208176,0.1394580139057621,,,0.3633861788303286,,1.427807486631016,0.9037433155080212,,0.1517823332452815,smk_can_187,17,59.108,eea1cc34fd9d82b0c6d7267dcc1cac30b2234f9f9020f48754a66d120f25f54e
l1_logistic,k,k:128,,128,19993,gb,none,3315301498,0.7219251336898396,0.7969072164948453,0.2100214077850332,0.1811447403774576,0.1463993055202815,,,0.3601856095084765,,1.4491978609625669,0.9037433155080212,,0.1719095293276896,smk_can_187,17,59.108,eea1cc34fd9d82b0c6d7267dcc1cac30b2234f9f9020f48754a66d120f25f54e
l1_logistic,k,k:256,,256,19993,gb,none,3315301498,0.7219251336898396,0.7980526918671249,0.209174288507981,0.1624113770925894,0.1457323136089477,,,0.3586313057714662,,1.427807486631016,0.9037433155080212,,0.1703608484019264,smk_can_187,17,59.108,eea1cc34fd9d82b0c6d7267dcc1cac30b2234f9f9020f48754a66d120f25f54e
l1_logistic,frac,frac:1,1.0,19993,19993,gb,none,1407963821,0.679144385026738,0.7678121420389462,0.2253576558027558,0.1944169293227264,0.166176852338427,,,0.3595560915949204,,1.481283422459893,0.9037433155080212,,0.2054660300797295,smk_can_187,18,60.652,eea1cc34fd9d82b0c6d7267dcc1cac30b2234f9f9020f48754a66d120f25f54e
l1_logistic,k,k:1,,1,19993,gb,none,1407963821,0.4973262032085561,0.4744558991981672,0.3114454334992718,0.2480907857166557,0.516017110367665,,,0.2676704697772569,,1.8021390374331552,0.9090909090909092,,0.2762047198056298,smk_can_187,18,60.652,eea1cc34fd9d82b0c6d7267dcc1cac30b2234f9f9020f48754a66d120f25f54e
l1_logistic,k,k:2,,2,19993,gb,none,1407963821,0.5240641711229946,0.556872852233677,0.325478913619907,0.2768452739428154,0.4051834165566184,,,0.2452726635504435,,1.7379679144385027,0.9037433155080212,,0.299818147326207,smk_can_187,18,60.652,eea1cc34fd9d82b0c6d7267dcc1cac30b2234f9f9020f48754a66d120f25f54e
l1_logistic,k,k:4,,4,19993,gb,none,1407963821,0.5935828877005348,0.6475945017182131,0.3031672028577406,0.2544992653009325,0.3036996525827453,,,0.2728642389362506,,1.6524064171122994,0.9037433155080212,,0.2923901918210599,smk_can_187,18,60.652,eea1cc34fd9d82b0c6d7267dcc1cac30b2234f9f9020f48754a66d120f25f54e
l1_logistic,k,k:8,,8,19993,gb,none,1407963821,0.6417112299465241,0.6919816723940435,0.2925952159930257,0.2644321572376322,0.2482501607073665,,,0.2952035395059953,,1.5828877005347597,0.9037433155080212,,0.2852923425929937,smk_can_187,18,60.652,eea1cc34fd9d82b0c6d7267dcc1cac30b2234f9f9020f48754a66d120f25f54e
l1_logistic,k,k:16,,16,19993,gb,none,1407963821,0.6631016042780749,0.7357388316151203,0.2701364849427617,0.231182253762663,0.1897663286422222,,,0.311147759478538,,1.5080213903743316,0.9037433155080212,,0.2617981404067915,smk_can_187,18,60.652,eea1cc34fd9d82b0c6d7267dcc1cac30b2234f9f9020f48754a66d120f25f54e
l1_logistic,k,k:32,,32,19993,gb,none,1407963821,0.6417112299465241,0.7443298969072165,0.2485598571210211,0.2072075344805788,0.1855641943469191,,,0.3244925838436407,,1.5508021390374331,0.9037433155080212,,0.2242897085324528,smk_can_187,18,60.652,eea1cc34fd9d82b0c6d7267dcc1cac30b2234f9f9020f48754a66d120f25f54e
l1_logistic,k,k:64,,64,19993,gb,none,1407963821,0.6737967914438503,0.7558991981672394,0.2397878252520937,0.1973360577896405,0.1733188244960789,,,0.3446331710598743,,1.5080213903743316,0.9037433155080212,,0.2097066025071511,smk_can_187,18,60.652,eea1cc34fd9d82b0c6d7267dcc1cac30b2234f9f9020f48754a66d120f25f54e
l1_logistic,k,k:128,,128,19993,gb,none,1407963821,0.6631016042780749,0.7489117983963345,0.2337382160322536,0.203542121733619,0.1799199237945602,,,0.3430153354289683,,1.4919786096256684,0.9037433155080212,,0.2107365972808026,smk_can_187,18,60.652,eea1cc34fd9d82b0c6d7267dcc1cac30b2234f9f9020f48754a66d120f25f54e
l1_logistic,k,k:256,,256,19993,gb,none,1407963821,0.6524064171122995,0.7542955326460481,0.2348483263625355,0.1978813784576667,0.1755441968739239,,,0.3449816426962329,,1.5133689839572193,0.9037433155080212,,0.2017629309101975,smk_can_187,18,60.652,eea1cc34fd9d82b0c6d7267dcc1cac30b2234f9f9020f48754a66d120f25f54e
l1_logistic,frac,frac:1,1.0,19993,19993,gb,none,2540592232,0.6684491978609626,0.738717067583047,0.2495396884768692,0.220148078289195,0.1955151872125374,,,0.3417319308189702,,1.5294117647058822,0.9037433155080212,,0.2203270580454472,smk_can_187,19,58.29,eea1cc34fd9d82b0c6d7267dcc1cac30b2234f9f9020f48754a66d120f25f54e
l1_logistic,k,k:1,,1,19993,gb,none,2540592232,0.5187165775401069,0.543012600229095,0.2859721591117998,0.2002794654642691,0.4164121265276223,,,0.2706999657480463,,1.7647058823529411,0.9037433155080212,,0.2184294685145488,smk_can_187,19,58.29,eea1cc34fd9d82b0c6d7267dcc1cac30b2234f9f9020f48754a66d120f25f54e
l1_logistic,k,k:2,,2,19993,gb,none,2540592232,0.5294117647058824,0.5406071019473081,0.3227340429910993,0.2762865227232929,0.4213232429098408,,,0.2502183704316135,,1.732620320855615,0.9037433155080212,,0.3133493350331386,smk_can_187,19,58.29,eea1cc34fd9d82b0c6d7267dcc1cac30b2234f9f9020f48754a66d120f25f54e
l1_logistic,k,k:4,,4,19993,gb,none,2540592232,0.5882352941176471,0.6240549828178694,0.2953531108736683,0.2353486974323391,0.3721569604384375,,,0.268502583732214,,1.6898395721925137,0.9037433155080212,,0.2665630502200861,smk_can_187,19,58.29,eea1cc34fd9d82b0c6d7267dcc1cac30b2234f9f9020f48754a66d120f25f54e
l1_logistic,k,k:8,,8,19993,gb,none,2540592232,0.6737967914438503,0.7057273768613974,0.2606044531885645,0.211000835170127,0.265900328496584,,,0.3265711925634486,,1.6203208556149733,0.9037433155080212,,0.2230172250848236,smk_can_187,19,58.29,eea1cc34fd9d82b0c6d7267dcc1cac30b2234f9f9020f48754a66d120f25f54e
l1_logistic,k,k:16,,16,19993,gb,none,2540592232,0.6631016042780749,0.7326460481099657,0.2610569549207416,0.2446881775740169,0.235214239411928,,,0.3120881307214893,,1.5294117647058822,0.9037433155080212,,0.2524639822196661,smk_can_187,19,58.29,eea1cc34fd9d82b0c6d7267dcc1cac30b2234f9f9020f48754a66d120f25f54e
l1_logistic,k,k:32,,32,19993,gb,none,2540592232,0.6844919786096256,0.7502863688430698,0.243503748183005,0.227231085542364,0.2179671301301297,,,0.3274458189355601,,1.5133689839572193,0.9037433155080212,,0.2240542806544258,smk_can_187,19,58.29,eea1cc34fd9d82b0c6d7267dcc1cac30b2234f9f9020f48754a66d120f25f54e
l1_logistic,k,k:64,,64,19993,gb,none,2540592232,0.6684491978609626,0.7520045819014891,0.2352734044554372,0.2012576630043858,0.2002666761434546,,,0.3400953764915772,,1.5294117647058822,0.9037433155080212,,0.1989172807948228,smk_can_187,19,58.29,eea1cc34fd9d82b0c6d7267dcc1cac30b2234f9f9020f48754a66d120f25f54e
l1_logistic,k,k:128,,128,19993,gb,none,2540592232,0.6898395721925134,0.7481099656357388,0.2321568864505741,0.1770826341597904,0.2048412877331081,,,0.3459152871953063,,1.5240641711229947,0.9037433155080212,,0.1937699079853724,smk_can_187,19,58.29,eea1cc34fd9d82b0c6d7267dcc1cac30b2234f9f9020f48754a66d120f25f54e
l1_logistic,k,k:256,,256,19993,gb,none,2540592232,0.6844919786096256,0.7382588774341351,0.2365439837389871,0.1978014692137643,0.2181065493859647,,,0.3492703508243063,,1.5240641711229947,0.9037433155080212,,0.200495441498887,smk_can_187,19,58.29,eea1cc34fd9d82b0c6d7267dcc1cac30b2234f9f9020f48754a66d120f25f54e
l1_logistic,frac,frac:1,1.0,19993,19993,gb,none,2770295465,0.6417112299465241,0.7375715922107675,0.2593376125913033,0.2454513284349413,0.1860554580321666,,,0.3283830245066162,,1.4919786096256684,0.9037433155080212,,0.2349137740527834,smk_can_187,20,56.813,eea1cc34fd9d82b0c6d7267dcc1cac30b2234f9f9020f48754a66d120f25f54e
l1_logistic,k,k:1,,1,19993,gb,none,2770295465,0.5347593582887701,0.5774341351660939,0.2764185369159471,0.1903823006674687,0.4018411972981784,,,0.2783580750690789,,1.7272727272727273,0.9037433155080212,,0.1829549784980136,smk_can_187,20,56.813,eea1cc34fd9d82b0c6d7267dcc1cac30b2234f9f9020f48754a66d120f25f54e
l1_logistic,k,k:2,,2,19993,gb,none,2770295465,0.6256684491978609,0.6570446735395188,0.2579834199752485,0.1761882219810138,0.3297517987569494,,,0.3266369874652598,,1.7165775401069518,0.9037433155080212,,0.1816213438802834,smk_can_187,20,56.813,eea1cc34fd9d82b0c6d7267dcc1cac30b2234f9f9020f48754a66d120f25f54e
l1_logistic,k,k:4,,4,19993,gb,none,2770295465,0.6363636363636364,0.7287514318442153,0.2457923118756298,0.200237053568883,0.2272012057723683,,,0.3242454170856498,,1.5454545454545454,0.9037433155080212,,0.2134743675595928,smk_can_187,20,56.813,eea1cc34fd9d82b0c6d7267dcc1cac30b2234f9f9020f48754a66d120f25f54e
l1_logistic,k,k:8,,8,19993,gb,none,2770295465,0.7005347593582888,0.770332187857961,0.2259670579262404,0.1763222908423204,0.1810829269428487,,,0.340830201390438,,1.518716577540107,0.9037433155080212,,0.1890938451216323,smk_can_187,20,56.813,eea1cc34fd9d82b0c6d7267dcc1cac30b2234f9f9020f48754a66d120f25f54e
l1_logistic,k,k:16,,16,19993,gb,none,2770295465,0.7272727272727273,0.7856815578465064,0.215848037656211,0.1801770725766324,0.1600379758656274,,,0.3583164912132656,,1.4759358288770053,0.9037433155080212,,0.1917423206029672,smk_can_187,20,56.813,eea1cc34fd9d82b0c6d7267dcc1cac30b2234f9f9020f48754a66d120f25f54e
l1_logistic,k,k:32,,32,19993,gb,none,2770295465,0.7112299465240641,0.7864833906071019,0.2132703712251941,0.1794239291480172,0.16446952740501,,,0.3574119846674518,,1.4598930481283423,0.9037433155080212,,0.1740496633939125,smk_can_187,20,56.813,eea1cc34fd9d82b0c6d7267dcc1cac30b2234f9f9020f48754a66d120f25f54e
l1_logistic,k,k:64,,64,19993,gb,none,2770295465,0.7379679144385026,0.7802978235967927,0.2069534060292224,0.1533221905977815,0.1755798715685236,,,0.3700293550152029,,1.4438502673796791,0.9037433155080212,,0.1748871493727875,smk_can_187,20,56.813,eea1cc34fd9d82b0c6d7267dcc1cac30b2234f9f9020f48754a66d120f25f54e
l1_logistic,k,k:128,,128,19993,gb,none,2770295465,0.7272727272727273,0.8060710194730814,0.1972989118798317,0.1541954010492618,0.1524239749957621,,,0.3700384365953701,,1.3636363636363635,0.9037433155080212,,0.143746925832581,smk_can_187,20,56.813,eea1cc34fd9d82b0c6d7267dcc1cac30b2234f9f9020f48754a66d120f25f54e
l1_logistic,k,k:256,,256,19993,gb,none,2770295465,0.6951871657754011,0.786254295532646,0.2123438788831015,0.164217853678114,0.1677375551406481,,,0.3593765546912286,,1.4705882352941178,0.9037433155080212,,0.1693850146500023,smk_can_187,20,56.813,eea1cc34fd9d82b0c6d7267dcc1cac30b2234f9f9020f48754a66d120f25f54e
l1_logistic,frac,frac:1,1.0,19993,19993,gb,none,1665575930,0.7219251336898396,0.7805269186712486,0.2157371268034372,0.1747221529265298,0.1704586913754901,,,0.363167284189595,,1.4331550802139037,0.9037433155080212,,0.1875271256061789,smk_can_187,21,61.817,eea1cc34fd9d82b0c6d7267dcc1cac30b2234f9f9020f48754a66d120f25f54e
l1_logistic,k,k:1,,1,19993,gb,none,1665575930,0.5080213903743316,0.5171248568155785,0.2996397030154653,0.2292850312876742,0.4537021799503535,,,0.2668180728009128,,1.786096256684492,0.9037433155080212,,0.2544244042639282,smk_can_187,21,61.817,eea1cc34fd9d82b0c6d7267dcc1cac30b2234f9f9020f48754a66d120f25f54e
l1_logistic,k,k:2,,2,19993,gb,none,1665575930,0.5721925133689839,0.6056128293241695,0.2748350649856113,0.1737012514757121,0.3741581756330939,,,0.2801263885881437,,1.700534759358289,0.9037433155080212,,0.1924919189273905,smk_can_187,21,61.817,eea1cc34fd9d82b0c6d7267dcc1cac30b2234f9f9020f48754a66d120f25f54e
l1_logistic,k,k:4,,4,19993,gb,none,1665575930,0.6203208556149733,0.6336769759450173,0.2903319086313607,0.232231426453013,0.3402290501777484,,,0.2916509989609125,,1.7433155080213905,0.9037433155080212,,0.2696958131334132,smk_can_187,21,61.817,eea1cc34fd9d82b0c6d7267dcc1cac30b2234f9f9020f48754a66d120f25f54e
l1_logistic,k,k:8,,8,19993,gb,none,1665575930,0.6417112299465241,0.6856815578465063,0.2787342012424415,0.2351860181809938,0.2944412874838683,,,0.3082185818570587,,1.6737967914438503,0.9037433155080212,,0.25842408958203,smk_can_187,21,61.817,eea1cc34fd9d82b0c6d7267dcc1cac30b2234f9f9020f48754a66d120f25f54e
l1_logistic,k,k:16,,16,19993,gb,none,1665575930,0.6684491978609626,0.7416953035509737,0.2449161545248888,0.2177581059025282,0.2223156938439344,,,0.3307895920658067,,1.5508021390374331,0.9037433155080212,,0.2235498093549016,smk_can_187,21,61.817,eea1cc34fd9d82b0c6d7267dcc1cac30b2234f9f9020f48754a66d120f25f54e
l1_logistic,k,k:32,,32,19993,gb,none,1665575930,0.7379679144385026,0.7928980526918671,0.1984468930391176,0.1435222841450126,0.1544877694305197,,,0.3871282759165544,,1.4438502673796791,0.9037433155080212,,0.152709243086242,smk_can_187,21,61.817,eea1cc34fd9d82b0c6d7267dcc1cac30b2234f9f9020f48754a66d120f25f54e
l1_logistic,k,k:64,,64,19993,gb,none,1665575930,0.7165775401069518,0.7916380297823598,0.2050782760824613,0.1679672940341087,0.1659980146762637,,,0.3723887937157194,,1.46524064171123,0.9037433155080212,,0.1797427644409386,smk_can_187,21,61.817,eea1cc34fd9d82b0c6d7267dcc1cac30b2234f9f9020f48754a66d120f25f54e
l1_logistic,k,k:128,,128,19993,gb,none,1665575930,0.7433155080213903,0.7903780068728522,0.2078248867812644,0.1739217293323667,0.1557087635147597,,,0.3758740784171004,,1.502673796791444,0.9037433155080212,,0.1701189860886839,smk_can_187,21,61.817,eea1cc34fd9d82b0c6d7267dcc1cac30b2234f9f9020f48754a66d120f25f54e
l1_logistic,k,k:256,,256,19993,gb,none,1665575930,0.7219251336898396,0.7951890034364261,0.2063337859613041,0.1704987315151659,0.1550069205348891,,,0.3728026484854069,,1.4224598930481285,0.9037433155080212,,0.1652124458877732,smk_can_187,21,61.817,eea1cc34fd9d82b0c6d7267dcc1cac30b2234f9f9020f48754a66d120f25f54e
l1_logistic,frac,frac:1,1.0,19993,19993,gb,none,2193578081,0.679144385026738,0.7470790378006873,0.2345886640657586,0.2012635047958488,0.21374715085359,,,0.3524506103335684,,1.5454545454545454,0.9037433155080212,,0.1982081274503717,smk_can_187,22,54.874,eea1cc34fd9d82b0c6d7267dcc1cac30b2234f9f9020f48754a66d120f25f54e
l1_logistic,k,k:1,,1,19993,gb,none,2193578081,0.5240641711229946,0.5484536082474226,0.2746586012968224,0.1843939429148589,0.3958400604615317,,,0.2915448590696429,,1.7379679144385027,0.9037433155080212,,0.2118653470465054,smk_can_187,22,54.874,eea1cc34fd9d82b0c6d7267dcc1cac30b2234f9f9020f48754a66d120f25f54e
l1_logistic,k,k:2,,2,19993,gb,none,2193578081,0.5080213903743316,0.5471363115693013,0.2984576300327399,0.23499566767319,0.4329374052445104,,,0.2964090025702192,,1.700534759358289,0.9037433155080212,,0.2664163834573138,smk_can_187,22,54.874,eea1cc34fd9d82b0c6d7267dcc1cac30b2234f9f9020f48754a66d120f25f54e
l1_logistic,k,k:4,,4,19993,gb,none,2193578081,0.5828877005347594,0.6132875143184421,0.3007327032178278,0.2573608261729032,0.3443741119045214,,,0.2960747224830307,,1.6684491978609626,0.9037433155080212,,0.2873158839097076,smk_can_187,22,54.874,eea1cc34fd9d82b0c6d7267dcc1cac30b2234f9f9020f48754a66d120f25f54e
l1_logistic,k,k:8,,8,19993,gb,none,2193578081,0.6577540106951871,0.6979381443298969,0.2763526687751166,0.2548683402136029,0.2511999147111797,,,0.3258643681436202,,1.5508021390374331,0.9037433155080212,,0.2752308886098262,smk_can_187,22,54.874,eea1cc34fd9d82b0c6d7267dcc1cac30b2234f9f9020f48754a66d120f25f54e
l1_logistic,k,k:16,,16,19993,gb,none,2193578081,0.6310160427807486,0.7293241695303551,0.2609353587780524,0.2412920603467324,0.2105041879880949,,,0.319810710535521,,1.5614973262032086,0.9037433155080212,,0.2189545396742206,smk_can_187,22,54.874,eea1cc34fd9d82b0c6d7267dcc1cac30b2234f9f9020f48754a66d120f25f54e
l1_logistic,k,k:32,,32,19993,gb,none,2193578081,0.6684491978609626,0.7374570446735396,0.2483533066847136,0.2273582164397586,0.1980647023470216,,,0.3357143282116007,,1.5080213903743316,0.9037433155080212,,0.2153388931638177,smk_can_187,22,54.874,eea1cc34fd9d82b0c6d7267dcc1cac30b2234f9f9020f48754a66d120f25f54e
l1_logistic,k,k:64,,64,19993,gb,none,2193578081,0.7005347593582888,0.7554410080183276,0.2281620670951599,0.1861237571937956,0.1910525537021891,,,0.3564785877959213,,1.5080213903743316,0.9037433155080212,,0.1910724287572264,smk_can_187,22,54.874,eea1cc34fd9d82b0c6d7267dcc1cac30b2234f9f9020f48754a66d120f25f54e
l1_logistic,k,k:128,,128,19993,gb,none,2193578081,0.7165775401069518,0.7731958762886598,0.2098375809242758,0.1614995366085241,0.1815248192340478,,,0.3709367773721138,,1.4919786096256684,0.9037433155080212,,0.1587950102960248,smk_can_187,22,54.874,eea1cc34fd9d82b0c6d7267dcc1cac30b2234f9f9020f48754a66d120f25f54e
l1_logistic,k,k:256,,256,19993,gb,none,2193578081,0.7005347593582888,0.7663230240549829,0.2224562455370684,0.1891958481281698,0.1794287657397949,,,0.359213634409709,,1.502673796791444,0.9037433155080212,,0.1795094699184378,smk_can_187,22,54.874,eea1cc34fd9d82b0c6d7267dcc1cac30b2234f9f9020f48754a66d120f25f54e
l1_logistic,frac,frac:1,1.0,19993,19993,gb,none,3581993711,0.6310160427807486,0.722680412371134,0.2728773959753447,0.2618481300792186,0.2096343970892331,,,0.3091137819895118,,1.5240641711229947,0.9037433155080212,,0.2539583598104801,smk_can_187,23,45.414,eea1cc34fd9d82b0c6d7267dcc1cac30b2234f9f9020f48754a66d120f25f54e
l1_logistic,k,k:1,,1,19993,gb,none,3581993711,0.5721925133689839,0.609163802978236,0.2700942311823083,0.1678696837555983,0.3553995358238728,,,0.2916808465716232,,1.711229946524064,0.9037433155080212,,0.1941881060435398,smk_can_187,23,45.414,eea1cc34fd9d82b0c6d7267dcc1cac30b2234f9f9020f48754a66d120f25f54e
l1_logistic,k,k:2,,2,19993,gb,none,3581993711,0.5989304812834224,0.6051546391752578,0.2802249319447639,0.2487467804320626,0.3608403433523429,,,0.2902061830395699,,1.679144385026738,0.9037433155080212,,0.2351863728715161,smk_can_187,23,45.414,eea1cc34fd9d82b0c6d7267dcc1cac30b2234f9f9020f48754a66d120f25f54e
l1_logistic,k,k:4,,4,19993,gb,none,3581993711,0.5828877005347594,0.6556701030927835,0.2948465250057302,0.2657398437624114,0.3126872501782792,,,0.293561350066109,,1.6524064171122994,0.9037433155080212,,0.275762961613204,smk_can_187,23,45.414,eea1cc34fd9d82b0c6d7267dcc1cac30b2234f9f9020f48754a66d120f25f54e
l1_logistic,k,k:8,,8,19993,gb,none,3581993711,0.6684491978609626,0.7033218785796105,0.2722609386870843,0.2455411255948471,0.255462163505553,,,0.322702869823631,,1.588235294117647,0.9037433155080212,,0.2654163920871292,smk_can_187,23,45.414,eea1cc34fd9d82b0c6d7267dcc1cac30b2234f9f9020f48754a66d120f25f54e
l1_logistic,k,k:16,,16,19993,gb,none,3581993711,0.6898395721925134,0.7584192439862543,0.2363104654775119,0.2116332196851922,0.1897802442743096,,,0.3489840876482245,,1.497326203208556,0.9037433155080212,,0.2165583395606459,smk_can_187,23,45.414,eea1cc34fd9d82b0c6d7267dcc1cac30b2234f9f9020f48754a66d120f25f54e
l1_logistic,k,k:32,,32,19993,gb,none,3581993711,0.6631016042780749,0.7576174112256586,0.2409762554556201,0.229360089695144,0.1867228980916889,,,0.3280423687331831,,1.4866310160427807,0.9037433155080212,,0.2117849511163476,smk_can_187,23,45.414,eea1cc34fd9d82b0c6d7267dcc1cac30b2234f9f9020f48754a66d120f25f54e
l1_logistic,k,k:64,,64,19993,gb,none,3581993711,0.6684491978609626,0.7435280641466209,0.250123644055701,0.2132027477105924,0.2056681999505438,,,0.3222534375096495,,1.497326203208556,0.9037433155080212,,0.2320644785503632,smk_can_187,23,45.414,eea1cc34fd9d82b0c6d7267dcc1cac30b2234f9f9020f48754a66d120f25f54e
l1_logistic,k,k:128,,128,19993,gb,none,3581993711,0.6631016042780749,0.7497136311569301,0.2382136005313526,0.2061254835901859,0.1908761690799317,,,0.3348093832253679,,1.4705882352941178,0.9037433155080212,,0.2282438441209302,smk_can_187,23,45.414,eea1cc34fd9d82b0c6d7267dcc1cac30b2234f9f9020f48754a66d120f25f54e
l1_logistic,k,k:256,,256,19993,gb,none,3581993711,0.6631016042780749,0.7532646048109966,0.2421999959268557,0.2032279040831557,0.1906599393445437,,,0.327635831912108,,1.4919786096256684,0.9037433155080212,,0.2180098587313265,smk_can_187,23,45.414,eea1cc34fd9d82b0c6d7267dcc1cac30b2234f9f9020f48754a66d120f25f54e
l1_logistic,frac,frac:1,1.0,19993,19993,gb,none,3873773844,0.6844919786096256,0.7284077892325316,0.2396196523869833,0.1868130078711421,0.2246443410943086,,,0.3454541921827943,,1.6203208556149733,0.9037433155080212,,0.2014208169981121,smk_can_187,24,44.833,eea1cc34fd9d82b0c6d7267dcc1cac30b2234f9f9020f48754a66d120f25f54e
l1_logistic,k,k:1,,1,19993,gb,none,3873773844,0.5561497326203209,0.5796105383734249,0.2662143222254858,0.1385123132861066,0.3983885550279468,,,0.2921757608073745,,1.7700534759358288,0.9090909090909092,,0.1558518699094275,smk_can_187,24,44.833,eea1cc34fd9d82b0c6d7267dcc1cac30b2234f9f9020f48754a66d120f25f54e
l1_logistic,k,k:2,,2,19993,gb,none,3873773844,0.5454545454545454,0.5856815578465063,0.2860084641624847,0.2063633697728702,0.3823778925103167,,,0.2878242033770821,,1.6631016042780749,0.9037433155080212,,0.2234061802933864,smk_can_187,24,44.833,eea1cc34fd9d82b0c6d7267dcc1cac30b2234f9f9020f48754a66d120f25f54e
l1_logistic,k,k:4,,4,19993,gb,none,3873773844,0.6149732620320856,0.6532646048109966,0.2805549544906554,0.2296531058371736,0.309789448392028,,,0.2958989453457644,,1.609625668449198,0.9037433155080212,,0.2476847991277819,smk_can_187,24,44.833,eea1cc34fd9d82b0c6d7267dcc1cac30b2234f9f9020f48754a66d120f25f54e
l1_logistic,k,k:8,,8,19993,gb,none,3873773844,0.679144385026738,0.747651775486827,0.2428676377648762,0.2114570758119383,0.2121158871093946,,,0.3352755706782299,,1.5294117647058822,0.9037433155080212,,0.2262177342768536,smk_can_187,24,44.833,eea1cc34fd9d82b0c6d7267dcc1cac30b2234f9f9020f48754a66d120f25f54e
l1_logistic,k,k:16,,16,19993,gb,none,3873773844,0.6524064171122995,0.7374570446735396,0.2563768184573238,0.2215971323737367,0.2069438523310431,,,0.3165728528624391,,1.5133689839572193,0.9037433155080212,,0.2445864448355342,smk_can_187,24,44.833,eea1cc34fd9d82b0c6d7267dcc1cac30b2234f9f9020f48754a66d120f25f54e
l1_logistic,k,k:32,,32,19993,gb,none,3873773844,0.7112299465240641,0.7914089347079037,0.208231599763862,0.1679069471259085,0.1625132004028547,,,0.3649649250670977,,1.4491978609625669,0.9037433155080212,,0.1640678485986783,smk_can_187,24,44.833,eea1cc34fd9d82b0c6d7267dcc1cac30b2234f9f9020f48754a66d120f25f54e
l1_logistic,k,k:64,,64,19993,gb,none,3873773844,0.6951871657754011,0.7894616265750286,0.2117976883726986,0.181955656165322,0.1571773647620793,,,0.3648338216884245,,1.4438502673796791,0.9037433155080212,,0.1758878490294629,smk_can_187,24,44.833,eea1cc34fd9d82b0c6d7267dcc1cac30b2234f9f9020f48754a66d120f25f54e
l1_logistic,k,k:128,,128,19993,gb,none,3873773844,0.7005347593582888,0.758991981672394,0.2305831698608463,0.1984910148010614,0.1856879107618503,,,0.3578701355228306,,1.4919786096256684,0.9037433155080212,,0.2016332230735855,smk_can_187,24,44.833,eea1cc34fd9d82b0c6d7267dcc1cac30b2234f9f9020f48754a66d120f25f54e
l1_logistic,k,k:256,,256,19993,gb,none,3873773844,0.6844919786096256,0.7462772050400917,0.2359563426951359,0.2071781410417896,0.2004462456237604,,,0.3549317217381072,,1.5133689839572193,0.9037433155080212,,0.195403320257559,smk_can_187,24,44.833,eea1cc34fd9d82b0c6d7267dcc1cac30b2234f9f9020f48754a66d120f25f54e
l1_logistic,frac,frac:1,1.0,19993,19993,gb,none,647336005,0.6684491978609626,0.7367697594501719,0.2441829647363802,0.2035925583249732,0.2100580267360441,,,0.3340402232042495,,1.518716577540107,0.9037433155080212,,0.1986583002674791,smk_can_187,25,37.311,eea1cc34fd9d82b0c6d7267dcc1cac30b2234f9f9020f48754a66d120f25f54e
l1_logistic,k,k:1,,1,19993,gb,none,647336005,0.4973262032085561,0.5440435280641466,0.2802741966096906,0.1899234567928984,0.4344126099275951,,,0.2811625669512416,,1.7647058823529411,0.9037433155080212,,0.2122531586962201,smk_can_187,25,37.311,eea1cc34fd9d82b0c6d7267dcc1cac30b2234f9f9020f48754a66d120f25f54e
l1_logistic,k,k:2,,2,19993,gb,none,647336005,0.6096256684491979,0.5951317296678121,0.2857203513381196,0.2517683918020403,0.368266752255453,,,0.2846362908956167,,1.732620320855615,0.9037433155080212,,0.2529604869446636,smk_can_187,25,37.311,eea1cc34fd9d82b0c6d7267dcc1cac30b2234f9f9020f48754a66d120f25f54e
l1_logistic,k,k:4,,4,19993,gb,none,647336005,0.5561497326203209,0.6081901489117983,0.3054198848333074,0.2520870721402241,0.3667948178057406,,,0.2722288277611202,,1.7165775401069518,0.9037433155080212,,0.265610712612696,smk_can_187,25,37.311,eea1cc34fd9d82b0c6d7267dcc1cac30b2234f9f9020f48754a66d120f25f54e
l1_logistic,k,k:8,,8,19993,gb,none,647336005,0.6203208556149733,0.6814432989690722,0.2838874695520997,0.2545678347595186,0.282772386771203,,,0.2942609292664477,,1.641711229946524,0.9037433155080212,,0.2663032727075008,smk_can_187,25,37.311,eea1cc34fd9d82b0c6d7267dcc1cac30b2234f9f9020f48754a66d120f25f54e
l1_logistic,k,k:16,,16,19993,gb,none,647336005,0.6363636363636364,0.7290950744558993,0.2649257917233073,0.2365397684768111,0.2166530690707236,,,0.3168836108119639,,1.5133689839572193,0.9037433155080212,,0.2425438786710421,smk_can_187,25,37.311,eea1cc34fd9d82b0c6d7267dcc1cac30b2234f9f9020f48754a66d120f25f54e
l1_logistic,k,k:32,,32,19993,gb,none,647336005,0.7058823529411765,0.7684994272623139,0.2307185252127084,0.1789892437918435,0.1728617521231276,,,0.3410277598585985,,1.5561497326203209,0.9037433155080212,,0.1936427947814673,smk_can_187,25,37.311,eea1cc34fd9d82b0c6d7267dcc1cac30b2234f9f9020f48754a66d120f25f54e
l1_logistic,k,k:64,,64,19993,gb,none,647336005,0.6898395721925134,0.7642611683848797,0.2296168866469408,0.1968579435376293,0.1781268552607889,,,0.3473900098446223,,1.4705882352941178,0.9037433155080212,,0.1959854732065025,smk_can_187,25,37.311,eea1cc34fd9d82b0c6d7267dcc1cac30b2234f9f9020f48754a66d120f25f54e
l1_logistic,k,k:128,,128,19993,gb,none,647336005,0.6898395721925134,0.7555555555555555,0.2435700842743534,0.2080553882814483,0.1903250494630834,,,0.3355692222536637,,1.497326203208556,0.9037433155080212,,0.2192707727493067,smk_can_187,25,37.311,eea1cc34fd9d82b0c6d7267dcc1cac30b2234f9f9020f48754a66d120f25f54e
l1_logistic,k,k:256,,256,19993,gb,none,647336005,0.679144385026738,0.7550973654066437,0.2462106788464343,0.2180259136278384,0.1834888403998242,,,0.329305771870194,,1.502673796791444,0.9037433155080212,,0.2413361440370289,smk_can_187,25,37.311,eea1cc34fd9d82b0c6d7267dcc1cac30b2234f9f9020f48754a66d120f25f54e
l1_logistic,frac,frac:1,1.0,19993,19993,gb,none,3829930955,0.6417112299465241,0.7329896907216494,0.2588123219499355,0.2254506290716263,0.1921131913465358,,,0.3244147553340902,,1.5454545454545454,0.9037433155080212,,0.23138806579362,smk_can_187,26,36.988,eea1cc34fd9d82b0c6d7267dcc1cac30b2234f9f9020f48754a66d120f25f54e
l1_logistic,k,k:1,,1,19993,gb,none,3829930955,0.5133689839572193,0.524971363115693,0.2932729272638899,0.2199759460442642,0.4467489113987994,,,0.2777927300634347,,1.7754010695187166,0.9037433155080212,,0.237723237271707,smk_can_187,26,36.988,eea1cc34fd9d82b0c6d7267dcc1cac30b2234f9f9020f48754a66d120f25f54e
l1_logistic,k,k:2,,2,19993,gb,none,3829930955,0.5614973262032086,0.5839633447880871,0.3051647290708872,0.2299730119800911,0.3934757426670455,,,0.2662953162677606,,1.7807486631016043,0.9037433155080212,,0.2666440900242012,smk_can_187,26,36.988,eea1cc34fd9d82b0c6d7267dcc1cac30b2234f9f9020f48754a66d120f25f54e
l1_logistic,k,k:4,,4,19993,gb,none,3829930955,0.6096256684491979,0.6852233676975945,0.2660678709408138,0.2590741269867685,0.2751449627027285,,,0.3062183201735526,,1.679144385026738,0.9037433155080212,,0.2437979677614469,smk_can_187,26,36.988,eea1cc34fd9d82b0c6d7267dcc1cac30b2234f9f9020f48754a66d120f25f54e
l1_logistic,k,k:8,,8,19993,gb,none,3829930955,0.7165775401069518,0.7618556701030927,0.2380011493314968,0.2012598677947186,0.1799761446266074,,,0.3380710714586598,,1.5454545454545454,0.9037433155080212,,0.2327012025807073,smk_can_187,26,36.988,eea1cc34fd9d82b0c6d7267dcc1cac30b2234f9f9020f48754a66d120f25f54e
l1_logistic,k,k:16,,16,19993,gb,none,3829930955,0.7165775401069518,0.7835051546391752,0.2153562555726673,0.1900465029793894,0.1723796270551013,,,0.3642063043964817,,1.4545454545454546,0.9037433155080212,,0.2000991004337587,smk_can_187,26,36.988,eea1cc34fd9d82b0c6d7267dcc1cac30b2234f9f9020f48754a66d120f25f54e
l1_logistic,k,k:32,,32,19993,gb,none,3829930955,0.7272727272727273,0.7593356242840779,0.2294077070490468,0.2009355299593987,0.2068465797482716,,,0.3519106501653813,,1.5508021390374331,0.9037433155080212,,0.2137216340289021,smk_can_187,26,36.988,eea1cc34fd9d82b0c6d7267dcc1cac30b2234f9f9020f48754a66d120f25f54e
l1_logistic,k,k:64,,64,19993,gb,none,3829930955,0.7219251336898396,0.788888888888889,0.2093214354261598,0.1581110270897304,0.1562133642551196,,,0.3606289217035194,,1.4598930481283423,0.9037433155080212,,0.1689858871042974,smk_can_187,26,36.988,eea1cc34fd9d82b0c6d7267dcc1cac30b2234f9f9020f48754a66d120f25f54e
l1_logistic,k,k:128,,128,19993,gb,none,3829930955,0.7005347593582888,0.7778923253150057,0.2158129852497523,0.1709813445793084,0.1674003276449684,,,0.3660512834522029,,1.4491978609625669,0.9037433155080212,,0.1869297287707474,smk_can_187,26,36.988,eea1cc34fd9d82b0c6d7267dcc1cac30b2234f9f9020f48754a66d120f25f54e
l1_logistic,k,k:256,,256,19993,gb,none,3829930955,0.6898395721925134,0.7765177548682703,0.221210425740945,0.2146831418965844,0.1725125557721257,,,0.3537117231000685,,1.4385026737967914,0.9037433155080212,,0.2010112463511416,smk_can_187,26,36.988,eea1cc34fd9d82b0c6d7267dcc1cac30b2234f9f9020f48754a66d120f25f54e
l1_logistic,frac,frac:1,1.0,19993,19993,gb,none,122398586,0.679144385026738,0.743184421534937,0.2441580785048376,0.2268628124300322,0.1997944908412846,,,0.3386152220514179,,1.4866310160427807,0.9037433155080212,,0.2295877317407261,smk_can_187,27,35.537,eea1cc34fd9d82b0c6d7267dcc1cac30b2234f9f9020f48754a66d120f25f54e
l1_logistic,k,k:1,,1,19993,gb,none,122398586,0.5294117647058824,0.6080756013745704,0.2601081517739381,0.1801294800961786,0.345460135229259,,,0.2922618125071128,,1.7058823529411764,0.9090909090909092,,0.1961541113133093,smk_can_187,27,35.537,eea1cc34fd9d82b0c6d7267dcc1cac30b2234f9f9020f48754a66d120f25f54e
l1_logistic,k,k:2,,2,19993,gb,none,122398586,0.6096256684491979,0.6663230240549828,0.2576501746761613,0.1719284135958132,0.3060401344983938,,,0.3038307015258215,,1.609625668449198,0.9037433155080212,,0.1813026520333358,smk_can_187,27,35.537,eea1cc34fd9d82b0c6d7267dcc1cac30b2234f9f9020f48754a66d120f25f54e
l1_logistic,k,k:4,,4,19993,gb,none,122398586,0.6149732620320856,0.6697594501718213,0.2744875145968032,0.2021621330371246,0.3029637109518356,,,0.3046932508476782,,1.641711229946524,0.9037433155080212,,0.2379083830660181,smk_can_187,27,35.537,eea1cc34fd9d82b0c6d7267dcc1cac30b2234f9f9020f48754a66d120f25f54e
l1_logistic,k,k:8,,8,19993,gb,none,122398586,0.6737967914438503,0.7465063001145475,0.240217966117125,0.2229289624945484,0.2159946822725719,,,0.3329714032668709,,1.5935828877005347,0.9037433155080212,,0.2255358976138749,smk_can_187,27,35.537,eea1cc34fd9d82b0c6d7267dcc1cac30b2234f9f9020f48754a66d120f25f54e
l1_logistic,k,k:16,,16,19993,gb,none,122398586,0.6951871657754011,0.781786941580756,0.2265018204483335,0.1912117899547149,0.1621089722561984,,,0.3399754905986728,,1.4385026737967914,0.9037433155080212,,0.2050406662168409,smk_can_187,27,35.537,eea1cc34fd9d82b0c6d7267dcc1cac30b2234f9f9020f48754a66d120f25f54e
l1_logistic,k,k:32,,32,19993,gb,none,122398586,0.6470588235294118,0.7413516609392898,0.2527675589013071,0.2210069463519146,0.1954612522916,,,0.3222598376872481,,1.518716577540107,0.9037433155080212,,0.2201979223314297,smk_can_187,27,35.537,eea1cc34fd9d82b0c6d7267dcc1cac30b2234f9f9020f48754a66d120f25f54e
l1_logistic,k,k:64,,64,19993,gb,none,122398586,0.6524064171122995,0.7530355097365407,0.2342380668659708,0.1993163598716126,0.1716631475890875,,,0.3459620966240494,,1.46524064171123,0.9037433155080212,,0.2178598370598851,smk_can_187,27,35.537,eea1cc34fd9d82b0c6d7267dcc1cac30b2234f9f9020f48754a66d120f25f54e
l1_logistic,k,k:128,,128,19993,gb,none,122398586,0.6631016042780749,0.7461626575028637,0.2422661286231873,0.1869218972421195,0.1802736469706344,,,0.3366985688340415,,1.5294117647058822,0.9037433155080212,,0.2174552204882837,smk_can_187,27,35.537,eea1cc34fd9d82b0c6d7267dcc1cac30b2234f9f9020f48754a66d120f25f54e
l1_logistic,k,k:256,,256,19993,gb,none,122398586,0.6470588235294118,0.736426116838488,0.2502318963081071,0.2233582049618586,0.1888600505559771,,,0.3311057954575109,,1.518716577540107,0.9037433155080212,,0.2355030856210515,smk_can_187,27,35.537,eea1cc34fd9d82b0c6d7267dcc1cac30b2234f9f9020f48754a66d120f25f54e
l1_logistic,frac,frac:1,1.0,19993,19993,gb,none,3155513980,0.6577540106951871,0.7298969072164948,0.2525424895101253,0.2225441554867378,0.2182147049905245,,,0.3308649784191632,,1.5080213903743316,0.9037433155080212,,0.2370054216797783,smk_can_187,28,37.353,eea1cc34fd9d82b0c6d7267dcc1cac30b2234f9f9020f48754a66d120f25f54e
l1_logistic,k,k:1,,1,19993,gb,none,3155513980,0.5989304812834224,0.627262313860252,0.2537682163766914,0.1677194110751167,0.3307838434899763,,,0.3040588428191655,,1.700534759358289,0.9090909090909092,,0.171931896885561,smk_can_187,28,37.353,eea1cc34fd9d82b0c6d7267dcc1cac30b2234f9f9020f48754a66d120f25f54e
l1_logistic,k,k:2,,2,19993,gb,none,3155513980,0.6149732620320856,0.6548682703321879,0.2549127199228936,0.1514030155996846,0.2969922561972002,,,0.3084001430306052,,1.6577540106951871,0.9037433155080212,,0.1745462281629191,smk_can_187,28,37.353,eea1cc34fd9d82b0c6d7267dcc1cac30b2234f9f9020f48754a66d120f25f54e
l1_logistic,k,k:4,,4,19993,gb,none,3155513980,0.6042780748663101,0.6820733104238259,0.275896542214513,0.2356171694002144,0.2675566935512177,,,0.292725599380544,,1.5989304812834224,0.9037433155080212,,0.2540752294289914,smk_can_187,28,37.353,eea1cc34fd9d82b0c6d7267dcc1cac30b2234f9f9020f48754a66d120f25f54e
l1_logistic,k,k:8,,8,19993,gb,none,3155513980,0.7005347593582888,0.7356242840778924,0.2489445667915128,0.2037815353073182,0.2264692881463814,,,0.327235784290049,,1.5935828877005347,0.9037433155080212,,0.2282655723406774,smk_can_187,28,37.353,eea1cc34fd9d82b0c6d7267dcc1cac30b2234f9f9020f48754a66d120f25f54e
l1_logistic,k,k:16,,16,19993,gb,none,3155513980,0.6898395721925134,0.7580756013745705,0.2388544469863115,0.2169637862326258,0.1876059226783639,,,0.3418789612613512,,1.4919786096256684,0.9037433155080212,,0.2053825042300258,smk_can_187,28,37.353,eea1cc34fd9d82b0c6d7267dcc1cac30b2234f9f9020f48754a66d120f25f54e
l1_logistic,k,k:32,,32,19993,gb,none,3155513980,0.7219251336898396,0.7780068728522337,0.2075772508161446,0.1616523790669121,0.1784830971617234,,,0.364760888710977,,1.4598930481283423,0.9037433155080212,,0.1702727172424244,smk_can_187,28,37.353,eea1cc34fd9d82b0c6d7267dcc1cac30b2234f9f9020f48754a66d120f25f54e
l1_logistic,k,k:64,,64,19993,gb,none,3155513980,0.7112299465240641,0.776975945017182,0.2145317855632843,0.1682140188644891,0.1746738287604214,,,0.3586676324380947,,1.5401069518716577,0.9037433155080212,,0.1725995317916512,smk_can_187,28,37.353,eea1cc34fd9d82b0c6d7267dcc1cac30b2234f9f9020f48754a66d120f25f54e
l1_logistic,k,k:128,,128,19993,gb,none,3155513980,0.7379679144385026,0.7810996563573883,0.2177319949922028,0.186808384922165,0.1645336968886501,,,0.3588712258926865,,1.4866310160427807,0.9037433155080212,,0.1720640962113955,smk_can_187,28,37.353,eea1cc34fd9d82b0c6d7267dcc1cac30b2234f9f9020f48754a66d120f25f54e
l1_logistic,k,k:256,,256,19993,gb,none,3155513980,0.7219251336898396,0.7709049255441007,0.2184026525282443,0.1952946852147192,0.1701241734464475,,,0.359373872702718,,1.5133689839572193,0.9037433155080212,,0.1844968016959411,smk_can_187,28,37.353,eea1cc34fd9d82b0c6d7267dcc1cac30b2234f9f9020f48754a66d120f25f54e
l1_logistic,frac,frac:1,1.0,19993,19993,gb,none,809816127,0.7058823529411765,0.7561282932416953,0.2363171626733667,0.2176739363264782,0.185253581419007,,,0.3479760852757472,,1.4491978609625669,0.9037433155080212,,0.2173390762261848,smk_can_187,29,34.223,eea1cc34fd9d82b0c6d7267dcc1cac30b2234f9f9020f48754a66d120f25f54e
l1_logistic,k,k:1,,1,19993,gb,none,809816127,0.5775401069518716,0.6107101947308133,0.2581737149351315,0.1571474271534166,0.3340697399386632,,,0.2917135960743089,,1.6524064171122994,0.9037433155080212,,0.1694257339228259,smk_can_187,29,34.223,eea1cc34fd9d82b0c6d7267dcc1cac30b2234f9f9020f48754a66d120f25f54e
l1_logistic,k,k:2,,2,19993,gb,none,809816127,0.5721925133689839,0.6280068728522337,0.2748744432970508,0.1940040799803587,0.319039818829575,,,0.2818696403885298,,1.6631016042780749,0.9037433155080212,,0.2204278002338131,smk_can_187,29,34.223,eea1cc34fd9d82b0c6d7267dcc1cac30b2234f9f9020f48754a66d120f25f54e
l1_logistic,k,k:4,,4,19993,gb,none,809816127,0.6149732620320856,0.6718213058419245,0.2727803003412091,0.2404800794890045,0.2773393701229012,,,0.2823742171396821,,1.60427807486631,0.9037433155080212,,0.2569056706564057,smk_can_187,29,34.223,eea1cc34fd9d82b0c6d7267dcc1cac30b2234f9f9020f48754a66d120f25f54e
l1_logistic,k,k:8,,8,19993,gb,none,809816127,0.6844919786096256,0.7616265750286368,0.2282515054861269,0.1967481447273563,0.1825330184338624,,,0.343166260402424,,1.5401069518716577,0.9037433155080212,,0.1954425226696456,smk_can_187,29,34.223,eea1cc34fd9d82b0c6d7267dcc1cac30b2234f9f9020f48754a66d120f25f54e
l1_logistic,k,k:16,,16,19993,gb,none,809816127,0.7112299465240641,0.7695303550973653,0.2246901481555281,0.1955299295388757,0.176406307535041,,,0.3496911823445354,,1.5561497326203209,0.9037433155080212,,0.2067936948748083,smk_can_187,29,34.223,eea1cc34fd9d82b0c6d7267dcc1cac30b2234f9f9020f48754a66d120f25f54e
l1_logistic,k,k:32,,32,19993,gb,none,809816127,0.7005347593582888,0.7806414662084765,0.2225329733334837,0.1780831897689778,0.1589630642782273,,,0.3549599962809496,,1.4759358288770053,0.9037433155080212,,0.1938628700068237,smk_can_187,29,34.223,eea1cc34fd9d82b0c6d7267dcc1cac30b2234f9f9020f48754a66d120f25f54e
l1_logistic,k,k:64,,64,19993,gb,none,809816127,0.7005347593582888,0.7965635738831615,0.2099325988996789,0.1661649827915712,0.1433866265974785,,,0.3614997142540395,,1.4438502673796791,0.9037433155080212,,0.1619430433184468,smk_can_187,29,34.223,eea1cc34fd9d82b0c6d7267dcc1cac30b2234f9f9020f48754a66d120f25f54e
l1_logistic,k,k:128,,128,19993,gb,none,809816127,0.7112299465240641,0.7876288659793814,0.2169110083076921,0.1747661242981225,0.1553585060891489,,,0.3544989747320045,,1.4438502673796791,0.9037433155080212,,0.1745679751488292,smk_can_187,29,34.223,eea1cc34fd9d82b0c6d7267dcc1cac30b2234f9f9020f48754a66d120f25f54e
l1_logistic,k,k:256,,256,19993,gb,none,809816127,0.6898395721925134,0.7734249713631157,0.2295381825572543,0.1977580067865899,0.1638963514558946,,,0.3427259130884921,,1.481283422459893,0.9037433155080212,,0.1942882392531082,smk_can_187,29,34.223,eea1cc34fd9d82b0c6d7267dcc1cac30b2234f9f9020f48754a66d120f25f54e
l1_logistic,frac,frac:1,1.0,19993,19993,logistic,none,778611543,0.7219251336898396,0.781786941580756,0.2289885092102728,0.2212351450557114,0.1762274808655566,,,0.3588246885416561,,1.4438502673796791,0.9037433155080212,,0.1954667761687183,smk_can_187,0,45.324,eea1cc34fd9d82b0c6d7267dcc1cac30b2234f9f9020f48754a66d120f25f54e
l1_logistic,k,k:1,,1,19993,logistic,none,778611543,0.5668449197860963,0.6163802978235968,0.2457015470029506,0.1148220066892901,0.3567366232704723,,,0.3057038072217996,,1.6898395721925137,0.9037433155080212,,0.1356767023032335,smk_can_187,0,45.324,eea1cc34fd9d82b0c6d7267dcc1cac30b2234f9f9020f48754a66d120f25f54e
l1_logistic,k,k:2,,2,19993,logistic,none,778611543,0.6310160427807486,0.6533791523482245,0.2387738507780595,0.1064592582098264,0.3173550577373142,,,0.3190495857837702,,1.6684491978609626,0.9037433155080212,,0.1225911106268913,smk_can_187,0,45.324,eea1cc34fd9d82b0c6d7267dcc1cac30b2234f9f9020f48754a66d120f25f54e
l1_logistic,k,k:4,,4,19993,logistic,none,778611543,0.6684491978609626,0.7084765177548682,0.2271117056532852,0.1342003593171983,0.2923071248967319,,,0.3387596670407,,1.60427807486631,0.9037433155080212,,0.1283200991085969,smk_can_187,0,45.324,eea1cc34fd9d82b0c6d7267dcc1cac30b2234f9f9020f48754a66d120f25f54e
l1_logistic,k,k:8,,8,19993,logistic,none,778611543,0.6363636363636364,0.6927835051546392,0.2473236859277082,0.1641571885717903,0.2884491067049214,,,0.334312517623395,,1.625668449197861,0.9037433155080212,,0.1756476338248085,smk_can_187,0,45.324,eea1cc34fd9d82b0c6d7267dcc1cac30b2234f9f9020f48754a66d120f25f54e
l1_logistic,k,k:16,,16,19993,logistic,none,778611543,0.732620320855615,0.7833906071019473,0.2101351595700683,0.1825606728247946,0.1760794874302302,,,0.3719156248145088,,1.502673796791444,0.9037433155080212,,0.1783909430079931,smk_can_187,0,45.324,eea1cc34fd9d82b0c6d7267dcc1cac30b2234f9f9020f48754a66d120f25f54e
l1_logistic,k,k:32,,32,19993,logistic,none,778611543,0.7165775401069518,0.8002290950744559,0.2085068624822089,0.2008141595237839,0.1585277960367887,,,0.3739690223535262,,1.4598930481283423,0.9037433155080212,,0.1726687642646058,smk_can_187,0,45.324,eea1cc34fd9d82b0c6d7267dcc1cac30b2234f9f9020f48754a66d120f25f54e
l1_logistic,k,k:64,,64,19993,logistic,none,778611543,0.7112299465240641,0.7970217640320733,0.2182345396463434,0.1870863641659698,0.1410247402065175,,,0.3656875499866825,,1.4064171122994653,0.9037433155080212,,0.1860354116821762,smk_can_187,0,45.324,eea1cc34fd9d82b0c6d7267dcc1cac30b2234f9f9020f48754a66d120f25f54e
l1_logistic,k,k:128,,128,19993,logistic,none,778611543,0.7219251336898396,0.7855670103092783,0.2196561569547505,0.1922698419622497,0.1621389637581474,,,0.3703038191506436,,1.4224598930481285,0.9037433155080212,,0.2026289367670685,smk_can_187,0,45.324,eea1cc34fd9d82b0c6d7267dcc1cac30b2234f9f9020f48754a66d120f25f54e
l1_logistic,k,k:256,,256,19993,logistic,none,778611543,0.732620320855615,0.7829324169530355,0.2187870269204247,0.1884317673565235,0.1657567820787046,,,0.3731584252850088,,1.427807486631016,0.9037433155080212,,0.1917990660557781,smk_can_187,0,45.324,eea1cc34fd9d82b0c6d7267dcc1cac30b2234f9f9020f48754a66d120f25f54e
l1_logistic,frac,frac:1,1.0,19993,19993,logistic,none,717560919,0.679144385026738,0.7682703321878579,0.2484425629922252,0.2386118005277412,0.194305463241955,,,0.3331811316604725,,1.5240641711229947,0.9037433155080212,,0.2321107115488543,smk_can_187,1,52.8,eea1cc34fd9d82b0c6d7267dcc1cac30b2234f9f9020f48754a66d120f25f54e
l1_logistic,k,k:1,,1,19993,logistic,none,717560919,0.5614973262032086,0.6081901489117985,0.2451502377289529,0.0931223100730549,0.3602723511594751,,,0.3099773911815461,,1.700534759358289,0.9037433155080212,,0.1302349351582579,smk_can_187,1,52.8,eea1cc34fd9d82b0c6d7267dcc1cac30b2234f9f9020f48754a66d120f25f54e
l1_logistic,k,k:2,,2,19993,logistic,none,717560919,0.5561497326203209,0.5772050400916381,0.2730620880307316,0.1668991195187796,0.390861123526936,,,0.2962863899361164,,1.7272727272727273,0.9037433155080212,,0.1804684236670585,smk_can_187,1,52.8,eea1cc34fd9d82b0c6d7267dcc1cac30b2234f9f9020f48754a66d120f25f54e
l1_logistic,k,k:4,,4,19993,logistic,none,717560919,0.6470588235294118,0.6730813287514319,0.2469210604643457,0.1414349281510959,0.3064537682258498,,,0.3213907591723229,,1.6524064171122994,0.9037433155080212,,0.1635768399624285,smk_can_187,1,52.8,eea1cc34fd9d82b0c6d7267dcc1cac30b2234f9f9020f48754a66d120f25f54e
l1_logistic,k,k:8,,8,19993,logistic,none,717560919,0.679144385026738,0.7237113402061855,0.2393195020740899,0.1760267819982891,0.2518393152379904,,,0.3386393797338359,,1.6149732620320856,0.9037433155080212,,0.1791777251034531,smk_can_187,1,52.8,eea1cc34fd9d82b0c6d7267dcc1cac30b2234f9f9020f48754a66d120f25f54e
l1_logistic,k,k:16,,16,19993,logistic,none,717560919,0.7058823529411765,0.76815578465063,0.229656218461165,0.196593752974325,0.1886708298674807,,,0.3541045046513976,,1.4919786096256684,0.9037433155080212,,0.1952801318077197,smk_can_187,1,52.8,eea1cc34fd9d82b0c6d7267dcc1cac30b2234f9f9020f48754a66d120f25f54e
l1_logistic,k,k:32,,32,19993,logistic,none,717560919,0.6951871657754011,0.7695303550973654,0.2306305411052472,0.1994254740371502,0.1843578125682503,,,0.3484131258097819,,1.4438502673796791,0.9037433155080212,,0.2057859328491371,smk_can_187,1,52.8,eea1cc34fd9d82b0c6d7267dcc1cac30b2234f9f9020f48754a66d120f25f54e
l1_logistic,k,k:64,,64,19993,logistic,none,717560919,0.6844919786096256,0.7663230240549828,0.236714472493244,0.2139745103406133,0.1820958672795912,,,0.341857309114252,,1.4705882352941178,0.9037433155080212,,0.2081003485077071,smk_can_187,1,52.8,eea1cc34fd9d82b0c6d7267dcc1cac30b2234f9f9020f48754a66d120f25f54e
l1_logistic,k,k:128,,128,19993,logistic,none,717560919,0.7005347593582888,0.7737686139747995,0.2259562353932579,0.1958261401184349,0.1866292072841792,,,0.361555524275703,,1.4385026737967914,0.9037433155080212,,0.2045016235299176,smk_can_187,1,52.8,eea1cc34fd9d82b0c6d7267dcc1cac30b2234f9f9020f48754a66d120f25f54e
l1_logistic,k,k:256,,256,19993,logistic,none,717560919,0.7112299465240641,0.7695303550973654,0.2257829326032283,0.1996629233430107,0.1869872377491719,,,0.3621554654571663,,1.4545454545454546,0.9037433155080212,,0.204951290619593,smk_can_187,1,52.8,eea1cc34fd9d82b0c6d7267dcc1cac30b2234f9f9020f48754a66d120f25f54e
l1_logistic,frac,frac:1,1.0,19993,19993,logistic,none,3522961182,0.7593582887700535,0.8179839633447882,0.1947283753363508,0.1645093768312567,0.142952671753877,,,0.3810517750103084,,1.4331550802139037,0.9037433155080212,,0.181528724911881,smk_can_187,2,48.022,eea1cc34fd9d82b0c6d7267dcc1cac30b2234f9f9020f48754a66d120f25f54e
l1_logistic,k,k:1,,1,19993,logistic,none,3522961182,0.5454545454545454,0.5900916380297824,0.246325349074332,0.0934302716996185,0.3732314354902062,,,0.3104396124960241,,1.6898395721925137,0.9037433155080212,,0.1136916122913018,smk_can_187,2,48.022,eea1cc34fd9d82b0c6d7267dcc1cac30b2234f9f9020f48754a66d120f25f54e
l1_logistic,k,k:2,,2,19993,logistic,none,3522961182,0.6203208556149733,0.63631156930126,0.2473650742139451,0.1344660448122712,0.3633239758653986,,,0.3142061278259946,,1.7165775401069518,0.9037433155080212,,0.1635910381998551,smk_can_187,2,48.022,eea1cc34fd9d82b0c6d7267dcc1cac30b2234f9f9020f48754a66d120f25f54e
l1_logistic,k,k:4,,4,19993,logistic,none,3522961182,0.6310160427807486,0.6836197021764032,0.2364177183404432,0.116717047972521,0.3005814297223256,,,0.3381546202999951,,1.6577540106951871,0.9037433155080212,,0.123621962847357,smk_can_187,2,48.022,eea1cc34fd9d82b0c6d7267dcc1cac30b2234f9f9020f48754a66d120f25f54e
l1_logistic,k,k:8,,8,19993,logistic,none,3522961182,0.7005347593582888,0.7016036655211914,0.2442501443786792,0.1873195600947103,0.3126558660257391,,,0.3311993362912124,,1.6203208556149733,0.9037433155080212,,0.1982309287742457,smk_can_187,2,48.022,eea1cc34fd9d82b0c6d7267dcc1cac30b2234f9f9020f48754a66d120f25f54e
l1_logistic,k,k:16,,16,19993,logistic,none,3522961182,0.7058823529411765,0.7504009163802978,0.2287855735161134,0.1778747823977767,0.2516490385770496,,,0.3450169746864255,,1.5775401069518715,0.9037433155080212,,0.1900299561886576,smk_can_187,2,48.022,eea1cc34fd9d82b0c6d7267dcc1cac30b2234f9f9020f48754a66d120f25f54e
l1_logistic,k,k:32,,32,19993,logistic,none,3522961182,0.6951871657754011,0.7808705612829324,0.2235534909397323,0.1972056598887527,0.1879974707370716,,,0.3565213006723773,,1.4919786096256684,0.9037433155080212,,0.1868057151631254,smk_can_187,2,48.022,eea1cc34fd9d82b0c6d7267dcc1cac30b2234f9f9020f48754a66d120f25f54e
l1_logistic,k,k:64,,64,19993,logistic,none,3522961182,0.7219251336898396,0.8009163802978236,0.205609607361412,0.1697804081202577,0.1497753768003882,,,0.3686133396997082,,1.4759358288770053,0.9037433155080212,,0.1633660354439141,smk_can_187,2,48.022,eea1cc34fd9d82b0c6d7267dcc1cac30b2234f9f9020f48754a66d120f25f54e
l1_logistic,k,k:128,,128,19993,logistic,none,3522961182,0.7540106951871658,0.8115693012600229,0.1918834584999549,0.1555763310814593,0.1380570437985908,,,0.3782836693295109,,1.4224598930481285,0.9037433155080212,,0.1634264014012071,smk_can_187,2,48.022,eea1cc34fd9d82b0c6d7267dcc1cac30b2234f9f9020f48754a66d120f25f54e
l1_logistic,k,k:256,,256,19993,logistic,none,3522961182,0.7700534759358288,0.8097365406643757,0.1910756290133834,0.1503543645886566,0.1377473338839713,,,0.3806429970057444,,1.411764705882353,0.9037433155080212,,0.1468337312740503,smk_can_187,2,48.022,eea1cc34fd9d82b0c6d7267dcc1cac30b2234f9f9020f48754a66d120f25f54e
l1_logistic,frac,frac:1,1.0,19993,19993,logistic,none,1277437637,0.7165775401069518,0.7770904925544101,0.2328966492897844,0.2151602742409551,0.1905239675934463,,,0.3525117451787883,,1.4385026737967914,0.9037433155080212,,0.2100191139445219,smk_can_187,3,53.434,eea1cc34fd9d82b0c6d7267dcc1cac30b2234f9f9020f48754a66d120f25f54e
l1_logistic,k,k:1,,1,19993,logistic,none,1277437637,0.6310160427807486,0.6717640320733104,0.2284138199434477,0.054447787151701,0.3008990775248946,,,0.3317246630809649,,1.6737967914438503,0.9037433155080212,,0.0639884550565176,smk_can_187,3,53.434,eea1cc34fd9d82b0c6d7267dcc1cac30b2234f9f9020f48754a66d120f25f54e
l1_logistic,k,k:2,,2,19993,logistic,none,1277437637,0.6310160427807486,0.6951890034364261,0.2229997566703168,0.0691764467674687,0.2843608778295013,,,0.3400818107472574,,1.6363636363636365,0.9037433155080212,,0.0836234917869112,smk_can_187,3,53.434,eea1cc34fd9d82b0c6d7267dcc1cac30b2234f9f9020f48754a66d120f25f54e
l1_logistic,k,k:4,,4,19993,logistic,none,1277437637,0.679144385026738,0.7306987399770905,0.2131677745190121,0.1227579281029002,0.2450831560810195,,,0.3621378929947302,,1.572192513368984,0.9037433155080212,,0.1085530135004161,smk_can_187,3,53.434,eea1cc34fd9d82b0c6d7267dcc1cac30b2234f9f9020f48754a66d120f25f54e
l1_logistic,k,k:8,,8,19993,logistic,none,1277437637,0.732620320855615,0.7785796105383734,0.2018307141103346,0.1311875143617414,0.2073086252211689,,,0.363106672209197,,1.4759358288770053,0.9037433155080212,,0.1513027237996268,smk_can_187,3,53.434,eea1cc34fd9d82b0c6d7267dcc1cac30b2234f9f9020f48754a66d120f25f54e
l1_logistic,k,k:16,,16,19993,logistic,none,1277437637,0.7165775401069518,0.7946162657502864,0.2111379864911882,0.1746260159222622,0.1602249612054725,,,0.3638462873573551,,1.4064171122994653,0.9037433155080212,,0.1828582130778388,smk_can_187,3,53.434,eea1cc34fd9d82b0c6d7267dcc1cac30b2234f9f9020f48754a66d120f25f54e
l1_logistic,k,k:32,,32,19993,logistic,none,1277437637,0.7593582887700535,0.806872852233677,0.200696828190965,0.173505311449971,0.1346671835768945,,,0.386875393608489,,1.4331550802139037,0.9037433155080212,,0.1831283066497868,smk_can_187,3,53.434,eea1cc34fd9d82b0c6d7267dcc1cac30b2234f9f9020f48754a66d120f25f54e
l1_logistic,k,k:64,,64,19993,logistic,none,1277437637,0.7379679144385026,0.8003436426116839,0.2059195568332383,0.1756950054670298,0.1399542673314731,,,0.3835621065330792,,1.4385026737967914,0.9037433155080212,,0.1873106262039559,smk_can_187,3,53.434,eea1cc34fd9d82b0c6d7267dcc1cac30b2234f9f9020f48754a66d120f25f54e
l1_logistic,k,k:128,,128,19993,logistic,none,1277437637,0.7486631016042781,0.8104238258877434,0.1975680652069341,0.1618219621567904,0.1476970387048881,,,0.3763743315164425,,1.4064171122994653,0.9037433155080212,,0.168593684904063,smk_can_187,3,53.434,eea1cc34fd9d82b0c6d7267dcc1cac30b2234f9f9020f48754a66d120f25f54e
l1_logistic,k,k:256,,256,19993,logistic,none,1277437637,0.7486631016042781,0.8076746849942726,0.199989452590849,0.1623336503896689,0.1546798591470051,,,0.3731753073643513,,1.427807486631016,0.9037433155080212,,0.1679315263240998,smk_can_187,3,53.434,eea1cc34fd9d82b0c6d7267dcc1cac30b2234f9f9020f48754a66d120f25f54e
l1_logistic,frac,frac:1,1.0,19993,19993,logistic,none,4102875835,0.7486631016042781,0.7938144329896908,0.2088098281971753,0.1872353092482974,0.169894374690612,,,0.3681718161058331,,1.46524064171123,0.9037433155080212,,0.1943526121435913,smk_can_187,4,51.38,eea1cc34fd9d82b0c6d7267dcc1cac30b2234f9f9020f48754a66d120f25f54e
l1_logistic,k,k:1,,1,19993,logistic,none,4102875835,0.4759358288770053,0.4871706758304697,0.273715830972309,0.1628983051230512,0.4994275897977004,,,0.2804486433602571,,1.786096256684492,0.9037433155080212,,0.1926001340538514,smk_can_187,4,51.38,eea1cc34fd9d82b0c6d7267dcc1cac30b2234f9f9020f48754a66d120f25f54e
l1_logistic,k,k:2,,2,19993,logistic,none,4102875835,0.6149732620320856,0.6217640320733104,0.2467821844548206,0.1075820709487361,0.340130241720831,,,0.3055400507495176,,1.7058823529411764,0.9037433155080212,,0.1221827964229413,smk_can_187,4,51.38,eea1cc34fd9d82b0c6d7267dcc1cac30b2234f9f9020f48754a66d120f25f54e
l1_logistic,k,k:4,,4,19993,logistic,none,4102875835,0.6417112299465241,0.6776632302405499,0.2408350405482275,0.1129054549906867,0.2921220144298896,,,0.3194221432925364,,1.6737967914438503,0.9037433155080212,,0.1371914925008988,smk_can_187,4,51.38,eea1cc34fd9d82b0c6d7267dcc1cac30b2234f9f9020f48754a66d120f25f54e
l1_logistic,k,k:8,,8,19993,logistic,none,4102875835,0.7005347593582888,0.8038946162657503,0.1891305843460232,0.1282080132203902,0.1484400617987112,,,0.3582051112828368,,1.4064171122994653,0.9037433155080212,,0.1196690402927188,smk_can_187,4,51.38,eea1cc34fd9d82b0c6d7267dcc1cac30b2234f9f9020f48754a66d120f25f54e
l1_logistic,k,k:16,,16,19993,logistic,none,4102875835,0.732620320855615,0.7891179839633449,0.2088013077566078,0.1751260828360355,0.169967241543156,,,0.3693518436859951,,1.502673796791444,0.9037433155080212,,0.1800198340664729,smk_can_187,4,51.38,eea1cc34fd9d82b0c6d7267dcc1cac30b2234f9f9020f48754a66d120f25f54e
l1_logistic,k,k:32,,32,19993,logistic,none,4102875835,0.7486631016042781,0.7964490263459336,0.2102666761679968,0.2014975020628371,0.1494678305220654,,,0.3701833000094144,,1.4759358288770053,0.9037433155080212,,0.1802833797076409,smk_can_187,4,51.38,eea1cc34fd9d82b0c6d7267dcc1cac30b2234f9f9020f48754a66d120f25f54e
l1_logistic,k,k:64,,64,19993,logistic,none,4102875835,0.7967914438502673,0.8303550973654067,0.1824726181643832,0.1647748590094174,0.1322136198197246,,,0.3868216753040078,,1.4385026737967914,0.9037433155080212,,0.1679972889441168,smk_can_187,4,51.38,eea1cc34fd9d82b0c6d7267dcc1cac30b2234f9f9020f48754a66d120f25f54e
l1_logistic,k,k:128,,128,19993,logistic,none,4102875835,0.7754010695187166,0.8253150057273768,0.1824392459264785,0.1468576833867203,0.1440357054223083,,,0.3894778890235976,,1.39572192513369,0.9037433155080212,,0.1393989158305501,smk_can_187,4,51.38,eea1cc34fd9d82b0c6d7267dcc1cac30b2234f9f9020f48754a66d120f25f54e
l1_logistic,k,k:256,,256,19993,logistic,none,4102875835,0.7593582887700535,0.8185567010309278,0.1864539231668624,0.1587816497130827,0.1492575102439077,,,0.3853526329604118,,1.3796791443850267,0.9037433155080212,,0.145439423954252,smk_can_187,4,51.38,eea1cc34fd9d82b0c6d7267dcc1cac30b2234f9f9020f48754a66d120f25f54e
l1_logistic,frac,frac:1,1.0,19993,19993,logistic,none,3078153225,0.6844919786096256,0.7689576174112257,0.24402709030289,0.2359422230755293,0.1795896661220379,,,0.3430597080310133,,1.4598930481283423,0.9037433155080212,,0.2209800760122849,smk_can_187,5,46.154,eea1cc34fd9d82b0c6d7267dcc1cac30b2234f9f9020f48754a66d120f25f54e
l1_logistic,k,k:1,,1,19993,logistic,none,3078153225,0.5828877005347594,0.5990263459335624,0.249558188503037,0.1207942515829092,0.3867681358564043,,,0.3173032182330165,,1.7593582887700534,0.9037433155080212,,0.1204260225587279,smk_can_187,5,46.154,eea1cc34fd9d82b0c6d7267dcc1cac30b2234f9f9020f48754a66d120f25f54e
l1_logistic,k,k:2,,2,19993,logistic,none,3078153225,0.6470588235294118,0.6662084765177549,0.2383985907448895,0.1016578003317379,0.3433111391697677,,,0.33733103814215,,1.711229946524064,0.9037433155080212,,0.1007789469627579,smk_can_187,5,46.154,eea1cc34fd9d82b0c6d7267dcc1cac30b2234f9f9020f48754a66d120f25f54e
l1_logistic,k,k:4,,4,19993,logistic,none,3078153225,0.6737967914438503,0.7211912943871708,0.2267922813893585,0.1424454412128188,0.2376300332667804,,,0.3407674558897459,,1.5935828877005347,0.9037433155080212,,0.1508842895238941,smk_can_187,5,46.154,eea1cc34fd9d82b0c6d7267dcc1cac30b2234f9f9020f48754a66d120f25f54e
l1_logistic,k,k:8,,8,19993,logistic,none,3078153225,0.7165775401069518,0.7833906071019473,0.2011934180874197,0.1388625830045948,0.200283162389937,,,0.3634974974259846,,1.481283422459893,0.9037433155080212,,0.1456702540116534,smk_can_187,5,46.154,eea1cc34fd9d82b0c6d7267dcc1cac30b2234f9f9020f48754a66d120f25f54e
l1_logistic,k,k:16,,16,19993,logistic,none,3078153225,0.7272727272727273,0.7674684994272623,0.2207367287983281,0.1956806308589158,0.2241290077916568,,,0.3580018818986694,,1.502673796791444,0.9037433155080212,,0.2019341173250362,smk_can_187,5,46.154,eea1cc34fd9d82b0c6d7267dcc1cac30b2234f9f9020f48754a66d120f25f54e
l1_logistic,k,k:32,,32,19993,logistic,none,3078153225,0.7058823529411765,0.7699885452462772,0.2281958146679013,0.1940695619697065,0.203721965260206,,,0.3595197863724979,,1.4866310160427807,0.9037433155080212,,0.2039323584249955,smk_can_187,5,46.154,eea1cc34fd9d82b0c6d7267dcc1cac30b2234f9f9020f48754a66d120f25f54e
l1_logistic,k,k:64,,64,19993,logistic,none,3078153225,0.7272727272727273,0.7930126002290951,0.2108440401113197,0.1766762407446564,0.1671713934577802,,,0.3727522186602014,,1.4331550802139037,0.9037433155080212,,0.1821304600605828,smk_can_187,5,46.154,eea1cc34fd9d82b0c6d7267dcc1cac30b2234f9f9020f48754a66d120f25f54e
l1_logistic,k,k:128,,128,19993,logistic,none,3078153225,0.7219251336898396,0.7824742268041237,0.2295185280334737,0.1988159746363616,0.1726391779782471,,,0.3567676392580705,,1.427807486631016,0.9037433155080212,,0.2051446049832913,smk_can_187,5,46.154,eea1cc34fd9d82b0c6d7267dcc1cac30b2234f9f9020f48754a66d120f25f54e
l1_logistic,k,k:256,,256,19993,logistic,none,3078153225,0.7112299465240641,0.784192439862543,0.2267498929894149,0.2032540519717125,0.1740909543640602,,,0.3548204048547473,,1.4331550802139037,0.9037433155080212,,0.2082538305146578,smk_can_187,5,46.154,eea1cc34fd9d82b0c6d7267dcc1cac30b2234f9f9020f48754a66d120f25f54e
l1_logistic,frac,frac:1,1.0,19993,19993,logistic,none,3912410140,0.7272727272727273,0.7898052691867125,0.2172443026533093,0.1908840746172628,0.1664251871841521,,,0.3553420154543308,,1.4491978609625669,0.9037433155080212,,0.2006740733258788,smk_can_187,6,52.612,eea1cc34fd9d82b0c6d7267dcc1cac30b2234f9f9020f48754a66d120f25f54e
l1_logistic,k,k:1,,1,19993,logistic,none,3912410140,0.5240641711229946,0.5339060710194731,0.2715206299741006,0.1447842419767373,0.4610632644535082,,,0.2791588446666824,,1.7486631016042782,0.9037433155080212,,0.1574536128374009,smk_can_187,6,52.612,eea1cc34fd9d82b0c6d7267dcc1cac30b2234f9f9020f48754a66d120f25f54e
l1_logistic,k,k:2,,2,19993,logistic,none,3912410140,0.5347593582887701,0.5528064146620848,0.2826678232542415,0.1716925655331914,0.4412517755838165,,,0.2827816339501421,,1.8128342245989304,0.9037433155080212,,0.2073149262482577,smk_can_187,6,52.612,eea1cc34fd9d82b0c6d7267dcc1cac30b2234f9f9020f48754a66d120f25f54e
l1_logistic,k,k:4,,4,19993,logistic,none,3912410140,0.6737967914438503,0.6714776632302405,0.2471061010895567,0.1461230154086143,0.3241782431710076,,,0.3159387996387889,,1.7433155080213905,0.9037433155080212,,0.1540488211504926,smk_can_187,6,52.612,eea1cc34fd9d82b0c6d7267dcc1cac30b2234f9f9020f48754a66d120f25f54e
l1_logistic,k,k:8,,8,19993,logistic,none,3912410140,0.679144385026738,0.738602520045819,0.2401003272533084,0.1953399330744217,0.2277250707418403,,,0.3443868431739526,,1.5454545454545454,0.9037433155080212,,0.1981696221495945,smk_can_187,6,52.612,eea1cc34fd9d82b0c6d7267dcc1cac30b2234f9f9020f48754a66d120f25f54e
l1_logistic,k,k:16,,16,19993,logistic,none,3912410140,0.7058823529411765,0.7525773195876289,0.238110838541681,0.2071008824293463,0.2031889012486638,,,0.33552212024693,,1.572192513368984,0.9037433155080212,,0.2193919210033681,smk_can_187,6,52.612,eea1cc34fd9d82b0c6d7267dcc1cac30b2234f9f9020f48754a66d120f25f54e
l1_logistic,k,k:32,,32,19993,logistic,none,3912410140,0.7112299465240641,0.7876288659793814,0.2137220193924307,0.1777740364212614,0.1606958860642933,,,0.3640455993357815,,1.4705882352941178,0.9037433155080212,,0.1691911869628984,smk_can_187,6,52.612,eea1cc34fd9d82b0c6d7267dcc1cac30b2234f9f9020f48754a66d120f25f54e
l1_logistic,k,k:64,,64,19993,logistic,none,3912410140,0.7165775401069518,0.7817869415807561,0.2157189425732619,0.1926664963866477,0.1618797528287239,,,0.369849402867424,,1.4919786096256684,0.9037433155080212,,0.1814298456146418,smk_can_187,6,52.612,eea1cc34fd9d82b0c6d7267dcc1cac30b2234f9f9020f48754a66d120f25f54e
l1_logistic,k,k:128,,128,19993,logistic,none,3912410140,0.7433155080213903,0.7853379152348224,0.2114267160397367,0.1708739003008431,0.1592755668180225,,,0.375482200796529,,1.481283422459893,0.9037433155080212,,0.1834636543580954,smk_can_187,6,52.612,eea1cc34fd9d82b0c6d7267dcc1cac30b2234f9f9020f48754a66d120f25f54e
l1_logistic,k,k:256,,256,19993,logistic,none,3912410140,0.7433155080213903,0.7847651775486827,0.210070911200869,0.1601304878756368,0.1613905607860605,,,0.3740332461275605,,1.46524064171123,0.9037433155080212,,0.1755138086721872,smk_can_187,6,52.612,eea1cc34fd9d82b0c6d7267dcc1cac30b2234f9f9020f48754a66d120f25f54e
l1_logistic,frac,frac:1,1.0,19993,19993,logistic,none,1063661226,0.7165775401069518,0.7871706758304697,0.2256916872930875,0.1887390854803986,0.1607186404295658,,,0.3517580409993459,,1.46524064171123,0.9037433155080212,,0.2007901368790457,smk_can_187,7,53.606,eea1cc34fd9d82b0c6d7267dcc1cac30b2234f9f9020f48754a66d120f25f54e
l1_logistic,k,k:1,,1,19993,logistic,none,1063661226,0.5347593582887701,0.5730240549828178,0.2605207922484894,0.1354127256964237,0.4130717381729796,,,0.2964309827770541,,1.7379679144385027,0.9037433155080212,,0.1370650412660066,smk_can_187,7,53.606,eea1cc34fd9d82b0c6d7267dcc1cac30b2234f9f9020f48754a66d120f25f54e
l1_logistic,k,k:2,,2,19993,logistic,none,1063661226,0.6096256684491979,0.634020618556701,0.2495740628065563,0.1419435334174565,0.3474088377324502,,,0.3104134812625393,,1.679144385026738,0.9037433155080212,,0.1465300222369591,smk_can_187,7,53.606,eea1cc34fd9d82b0c6d7267dcc1cac30b2234f9f9020f48754a66d120f25f54e
l1_logistic,k,k:4,,4,19993,logistic,none,1063661226,0.6256684491978609,0.6624284077892325,0.2539171698895717,0.1821581918951579,0.3134157261336994,,,0.3138547496943811,,1.6203208556149733,0.9037433155080212,,0.2087017954613611,smk_can_187,7,53.606,eea1cc34fd9d82b0c6d7267dcc1cac30b2234f9f9020f48754a66d120f25f54e
l1_logistic,k,k:8,,8,19993,logistic,none,1063661226,0.6898395721925134,0.727262313860252,0.2279861318253662,0.1586759665836592,0.2621643713800971,,,0.327321059637383,,1.5561497326203209,0.9037433155080212,,0.1531765470869619,smk_can_187,7,53.606,eea1cc34fd9d82b0c6d7267dcc1cac30b2234f9f9020f48754a66d120f25f54e
l1_logistic,k,k:16,,16,19993,logistic,none,1063661226,0.679144385026738,0.7305841924398625,0.2421614539761862,0.2333875676006177,0.2390603546466573,,,0.3495157972101454,,1.5828877005347597,0.9037433155080212,,0.2292478315464325,smk_can_187,7,53.606,eea1cc34fd9d82b0c6d7267dcc1cac30b2234f9f9020f48754a66d120f25f54e
l1_logistic,k,k:32,,32,19993,logistic,none,1063661226,0.7005347593582888,0.774684994272623,0.2195638450067345,0.203473912972831,0.1980136504278314,,,0.3631592985467376,,1.4331550802139037,0.9037433155080212,,0.2006707219575181,smk_can_187,7,53.606,eea1cc34fd9d82b0c6d7267dcc1cac30b2234f9f9020f48754a66d120f25f54e
l1_logistic,k,k:64,,64,19993,logistic,none,1063661226,0.7112299465240641,0.7824742268041237,0.2230749544643579,0.2025819473508286,0.1768646702719719,,,0.359272380376582,,1.481283422459893,0.9037433155080212,,0.1976913771615622,smk_can_187,7,53.606,eea1cc34fd9d82b0c6d7267dcc1cac30b2234f9f9020f48754a66d120f25f54e
l1_logistic,k,k:128,,128,19993,logistic,none,1063661226,0.7486631016042781,0.8048109965635739,0.1959612788277988,0.172694948689991,0.1564893482496519,,,0.3782509422130498,,1.4385026737967914,0.9037433155080212,,0.1784801561848711,smk_can_187,7,53.606,eea1cc34fd9d82b0c6d7267dcc1cac30b2234f9f9020f48754a66d120f25f54e
l1_logistic,k,k:256,,256,19993,logistic,none,1063661226,0.7486631016042781,0.8048109965635739,0.1959577883032879,0.1596649858383779,0.1590233353433212,,,0.3792075147800122,,1.4331550802139037,0.9037433155080212,,0.1786775737659974,smk_can_187,7,53.606,eea1cc34fd9d82b0c6d7267dcc1cac30b2234f9f9020f48754a66d120f25f54e
l1_logistic,frac,frac:1,1.0,19993,19993,logistic,none,265889690,0.7058823529411765,0.7797250859106529,0.2258583788326967,0.2153814371678011,0.1812738674050892,,,0.3536852214093265,,1.4491978609625669,0.9037433155080212,,0.2068181262509889,smk_can_187,8,55.194,eea1cc34fd9d82b0c6d7267dcc1cac30b2234f9f9020f48754a66d120f25f54e
l1_logistic,k,k:1,,1,19993,logistic,none,265889690,0.5294117647058824,0.5694158075601375,0.2628450749188338,0.1295232271992075,0.4402973730009826,,,0.2853477113524125,,1.7914438502673795,0.9037433155080212,,0.1436179128557424,smk_can_187,8,55.194,eea1cc34fd9d82b0c6d7267dcc1cac30b2234f9f9020f48754a66d120f25f54e
l1_logistic,k,k:2,,2,19993,logistic,none,265889690,0.5882352941176471,0.6089347079037801,0.2531339581723957,0.1140315172116558,0.3669125953537492,,,0.2878060590243101,,1.7058823529411764,0.9037433155080212,,0.1390270520113756,smk_can_187,8,55.194,eea1cc34fd9d82b0c6d7267dcc1cac30b2234f9f9020f48754a66d120f25f54e
l1_logistic,k,k:4,,4,19993,logistic,none,265889690,0.6149732620320856,0.6865979381443299,0.2337682821039874,0.1360635529976595,0.2536081387237445,,,0.3177699593083918,,1.5989304812834224,0.9037433155080212,,0.1381719246025781,smk_can_187,8,55.194,eea1cc34fd9d82b0c6d7267dcc1cac30b2234f9f9020f48754a66d120f25f54e
l1_logistic,k,k:8,,8,19993,logistic,none,265889690,0.6363636363636364,0.7010309278350516,0.2561255543614131,0.2110908046693352,0.264508441020803,,,0.3071397049591855,,1.6149732620320856,0.9037433155080212,,0.2168323414505154,smk_can_187,8,55.194,eea1cc34fd9d82b0c6d7267dcc1cac30b2234f9f9020f48754a66d120f25f54e
l1_logistic,k,k:16,,16,19993,logistic,none,265889690,0.6577540106951871,0.7467353951890033,0.2518164841286147,0.2236003268277566,0.2085772614206097,,,0.326636394401476,,1.5294117647058822,0.9037433155080212,,0.2336089678648035,smk_can_187,8,55.194,eea1cc34fd9d82b0c6d7267dcc1cac30b2234f9f9020f48754a66d120f25f54e
l1_logistic,k,k:32,,32,19993,logistic,none,265889690,0.6951871657754011,0.7831615120274914,0.225705921742491,0.1877992296874759,0.1850536358102729,,,0.3353213153148753,,1.4224598930481285,0.9037433155080212,,0.1990372129359789,smk_can_187,8,55.194,eea1cc34fd9d82b0c6d7267dcc1cac30b2234f9f9020f48754a66d120f25f54e
l1_logistic,k,k:64,,64,19993,logistic,none,265889690,0.7593582887700535,0.8193585337915235,0.1901263288848436,0.1586976048725177,0.1597580699325354,,,0.3742206753111024,,1.4545454545454546,0.9037433155080212,,0.1463410115731585,smk_can_187,8,55.194,eea1cc34fd9d82b0c6d7267dcc1cac30b2234f9f9020f48754a66d120f25f54e
l1_logistic,k,k:128,,128,19993,logistic,none,265889690,0.7219251336898396,0.8132875143184422,0.1947004859158704,0.2069714732634172,0.1560366498888953,,,0.3750868377639034,,1.358288770053476,0.9037433155080212,,0.1819490535143836,smk_can_187,8,55.194,eea1cc34fd9d82b0c6d7267dcc1cac30b2234f9f9020f48754a66d120f25f54e
l1_logistic,k,k:256,,256,19993,logistic,none,265889690,0.732620320855615,0.8127147766323024,0.1908686931495371,0.1415741530706538,0.1558610763255758,,,0.3789668961825828,,1.3689839572192513,0.9037433155080212,,0.1456548456438994,smk_can_187,8,55.194,eea1cc34fd9d82b0c6d7267dcc1cac30b2234f9f9020f48754a66d120f25f54e
l1_logistic,frac,frac:1,1.0,19993,19993,logistic,none,5145640,0.7058823529411765,0.7977090492554411,0.2309730869000421,0.2113855257194459,0.1580147680300233,,,0.3499421427937735,,1.4064171122994653,0.9037433155080212,,0.2079311514836984,smk_can_187,9,54.037,eea1cc34fd9d82b0c6d7267dcc1cac30b2234f9f9020f48754a66d120f25f54e
l1_logistic,k,k:1,,1,19993,logistic,none,5145640,0.5668449197860963,0.609163802978236,0.2479485201007476,0.1236846950028995,0.3810264105898986,,,0.3034109445806935,,1.7379679144385027,0.9037433155080212,,0.1217375654679882,smk_can_187,9,54.037,eea1cc34fd9d82b0c6d7267dcc1cac30b2234f9f9020f48754a66d120f25f54e
l1_logistic,k,k:2,,2,19993,logistic,none,5145640,0.5989304812834224,0.6342497136311569,0.2504972680552013,0.1037140448166808,0.3397745966145915,,,0.3055509556925722,,1.700534759358289,0.9037433155080212,,0.1201510153293227,smk_can_187,9,54.037,eea1cc34fd9d82b0c6d7267dcc1cac30b2234f9f9020f48754a66d120f25f54e
l1_logistic,k,k:4,,4,19993,logistic,none,5145640,0.6310160427807486,0.6864833906071021,0.2390751077897104,0.1444608690274257,0.2857130057194992,,,0.326242742616229,,1.6149732620320856,0.9037433155080212,,0.149344987065122,smk_can_187,9,54.037,eea1cc34fd9d82b0c6d7267dcc1cac30b2234f9f9020f48754a66d120f25f54e
l1_logistic,k,k:8,,8,19993,logistic,none,5145640,0.6631016042780749,0.7509736540664376,0.2282823873765069,0.1806136245698591,0.2067282753000834,,,0.3369842542337781,,1.5240641711229947,0.9037433155080212,,0.1709451328416972,smk_can_187,9,54.037,eea1cc34fd9d82b0c6d7267dcc1cac30b2234f9f9020f48754a66d120f25f54e
l1_logistic,k,k:16,,16,19993,logistic,none,5145640,0.7433155080213903,0.7967926689576174,0.2118115105345607,0.1996698410231883,0.1719927795844867,,,0.3410769706352333,,1.4866310160427807,0.9037433155080212,,0.1958386371515848,smk_can_187,9,54.037,eea1cc34fd9d82b0c6d7267dcc1cac30b2234f9f9020f48754a66d120f25f54e
l1_logistic,k,k:32,,32,19993,logistic,none,5145640,0.7058823529411765,0.8056128293241696,0.2145687461387793,0.1927658295277083,0.1378555670159703,,,0.3568344003431548,,1.4331550802139037,0.9037433155080212,,0.1908204115192197,smk_can_187,9,54.037,eea1cc34fd9d82b0c6d7267dcc1cac30b2234f9f9020f48754a66d120f25f54e
l1_logistic,k,k:64,,64,19993,logistic,none,5145640,0.732620320855615,0.8075601374570447,0.2103943597153801,0.164637489048574,0.1422347368560573,,,0.357487150265531,,1.4171122994652403,0.9037433155080212,,0.1802168578669393,smk_can_187,9,54.037,eea1cc34fd9d82b0c6d7267dcc1cac30b2234f9f9020f48754a66d120f25f54e
l1_logistic,k,k:128,,128,19993,logistic,none,5145640,0.7272727272727273,0.7947308132875143,0.2110440360816337,0.1688378341632654,0.1532856835137274,,,0.359504285777665,,1.4331550802139037,0.9037433155080212,,0.1762374880202122,smk_can_187,9,54.037,eea1cc34fd9d82b0c6d7267dcc1cac30b2234f9f9020f48754a66d120f25f54e
l1_logistic,k,k:256,,256,19993,logistic,none,5145640,0.7165775401069518,0.7941580756013745,0.2109128306444994,0.1778410721084462,0.1541509650356977,,,0.360527696405116,,1.4224598930481285,0.9037433155080212,,0.1776579534333255,smk_can_187,9,54.037,eea1cc34fd9d82b0c6d7267dcc1cac30b2234f9f9020f48754a66d120f25f54e
l1_logistic,frac,frac:1,1.0,19993,19993,logistic,none,223903735,0.7379679144385026,0.7896907216494846,0.2183328586084051,0.1961010962657532,0.1597015363844432,,,0.3638359713600493,,1.5240641711229947,0.9037433155080212,,0.2058921622402963,smk_can_187,10,54.594,eea1cc34fd9d82b0c6d7267dcc1cac30b2234f9f9020f48754a66d120f25f54e
l1_logistic,k,k:1,,1,19993,logistic,none,223903735,0.5401069518716578,0.606872852233677,0.2473485187677854,0.1276317154124059,0.3675463210550614,,,0.3080909867172023,,1.679144385026738,0.9037433155080212,,0.1334835398899049,smk_can_187,10,54.594,eea1cc34fd9d82b0c6d7267dcc1cac30b2234f9f9020f48754a66d120f25f54e
l1_logistic,k,k:2,,2,19993,logistic,none,223903735,0.5561497326203209,0.5825887743413517,0.2667435734977086,0.1435025978630106,0.3822288762970699,,,0.302645364069211,,1.7433155080213905,0.9037433155080212,,0.1791967926969479,smk_can_187,10,54.594,eea1cc34fd9d82b0c6d7267dcc1cac30b2234f9f9020f48754a66d120f25f54e
l1_logistic,k,k:4,,4,19993,logistic,none,223903735,0.5614973262032086,0.5781214203894616,0.2997197394926499,0.2210947260472922,0.3943027883595884,,,0.2747097020536901,,1.7486631016042782,0.9037433155080212,,0.2476725799088619,smk_can_187,10,54.594,eea1cc34fd9d82b0c6d7267dcc1cac30b2234f9f9020f48754a66d120f25f54e
l1_logistic,k,k:8,,8,19993,logistic,none,223903735,0.6203208556149733,0.7022909507445589,0.2566017443616729,0.2212032824093165,0.2643359751941334,,,0.3116910915760245,,1.609625668449198,0.9037433155080212,,0.2151323423867757,smk_can_187,10,54.594,eea1cc34fd9d82b0c6d7267dcc1cac30b2234f9f9020f48754a66d120f25f54e
l1_logistic,k,k:16,,16,19993,logistic,none,223903735,0.7112299465240641,0.7525773195876289,0.2419753653982485,0.2086464790855086,0.2273701574841141,,,0.3287919072461345,,1.5080213903743316,0.9037433155080212,,0.2366631322707013,smk_can_187,10,54.594,eea1cc34fd9d82b0c6d7267dcc1cac30b2234f9f9020f48754a66d120f25f54e
l1_logistic,k,k:32,,32,19993,logistic,none,223903735,0.7165775401069518,0.7641466208476518,0.2337105042183427,0.1953493731312743,0.1933338741888987,,,0.3414547975102734,,1.5240641711229947,0.9037433155080212,,0.2061721976708422,smk_can_187,10,54.594,eea1cc34fd9d82b0c6d7267dcc1cac30b2234f9f9020f48754a66d120f25f54e
l1_logistic,k,k:64,,64,19993,logistic,none,223903735,0.679144385026738,0.7757159221076747,0.2381758297785415,0.2108410255098908,0.1572946709994338,,,0.3418275179518388,,1.481283422459893,0.9037433155080212,,0.2192468195436885,smk_can_187,10,54.594,eea1cc34fd9d82b0c6d7267dcc1cac30b2234f9f9020f48754a66d120f25f54e
l1_logistic,k,k:128,,128,19993,logistic,none,223903735,0.7112299465240641,0.7828178694158076,0.2319391846819987,0.2020138440019045,0.1533200029488055,,,0.3431650610021196,,1.4705882352941178,0.9037433155080212,,0.2110671302819866,smk_can_187,10,54.594,eea1cc34fd9d82b0c6d7267dcc1cac30b2234f9f9020f48754a66d120f25f54e
l1_logistic,k,k:256,,256,19993,logistic,none,223903735,0.7219251336898396,0.7812142038946163,0.2308572692236703,0.2034080998504085,0.1534671257960397,,,0.3460394007854293,,1.497326203208556,0.9037433155080212,,0.2178448929331413,smk_can_187,10,54.594,eea1cc34fd9d82b0c6d7267dcc1cac30b2234f9f9020f48754a66d120f25f54e
l1_logistic,frac,frac:1,1.0,19993,19993,logistic,none,4032451697,0.7058823529411765,0.7912943871706758,0.2227241335858956,0.205814895122282,0.1704898269369682,,,0.3566417001907231,,1.411764705882353,0.9037433155080212,,0.1931262096025821,smk_can_187,11,53.841,eea1cc34fd9d82b0c6d7267dcc1cac30b2234f9f9020f48754a66d120f25f54e
l1_logistic,k,k:1,,1,19993,logistic,none,4032451697,0.5454545454545454,0.5847651775486827,0.2562514872773521,0.0881318969661728,0.4152180738593179,,,0.3011951425307523,,1.7379679144385027,0.9037433155080212,,0.1050595183058666,smk_can_187,11,53.841,eea1cc34fd9d82b0c6d7267dcc1cac30b2234f9f9020f48754a66d120f25f54e
l1_logistic,k,k:2,,2,19993,logistic,none,4032451697,0.6256684491978609,0.6538373424971363,0.2429672430417107,0.1068803503426506,0.3487178939895223,,,0.3070042606794786,,1.6684491978609626,0.9037433155080212,,0.1150774479964836,smk_can_187,11,53.841,eea1cc34fd9d82b0c6d7267dcc1cac30b2234f9f9020f48754a66d120f25f54e
l1_logistic,k,k:4,,4,19993,logistic,none,4032451697,0.6417112299465241,0.6752577319587628,0.2448193961680299,0.1531009761477464,0.3241441377363195,,,0.3189230585092069,,1.6631016042780749,0.9037433155080212,,0.1594461372687222,smk_can_187,11,53.841,eea1cc34fd9d82b0c6d7267dcc1cac30b2234f9f9020f48754a66d120f25f54e
l1_logistic,k,k:8,,8,19993,logistic,none,4032451697,0.6737967914438503,0.7187857961053837,0.2339753279983058,0.1780159721412425,0.2580271296686894,,,0.3490966597359167,,1.5614973262032086,0.9037433155080212,,0.1704701684377708,smk_can_187,11,53.841,eea1cc34fd9d82b0c6d7267dcc1cac30b2234f9f9020f48754a66d120f25f54e
l1_logistic,k,k:16,,16,19993,logistic,none,4032451697,0.7272727272727273,0.8065292096219931,0.2010034635599546,0.171878096790413,0.1679108769739515,,,0.3795657365532269,,1.4171122994652403,0.9037433155080212,,0.1590960614429135,smk_can_187,11,53.841,eea1cc34fd9d82b0c6d7267dcc1cac30b2234f9f9020f48754a66d120f25f54e
l1_logistic,k,k:32,,32,19993,logistic,none,4032451697,0.7540106951871658,0.8200458190148912,0.1872912747190521,0.1527975154760445,0.1520063733676734,,,0.3847874459126665,,1.39572192513369,0.9037433155080212,,0.1310416758132901,smk_can_187,11,53.841,eea1cc34fd9d82b0c6d7267dcc1cac30b2234f9f9020f48754a66d120f25f54e
l1_logistic,k,k:64,,64,19993,logistic,none,4032451697,0.7540106951871658,0.791179839633448,0.2012560648946834,0.1754421646019241,0.1818405149328703,,,0.3842691157141988,,1.4705882352941178,0.9037433155080212,,0.1828546100715262,smk_can_187,11,53.841,eea1cc34fd9d82b0c6d7267dcc1cac30b2234f9f9020f48754a66d120f25f54e
l1_logistic,k,k:128,,128,19993,logistic,none,4032451697,0.7593582887700535,0.7927835051546391,0.1990744291519845,0.168893146322682,0.1736425033937317,,,0.3854962482109899,,1.4438502673796791,0.9037433155080212,,0.1676153076923908,smk_can_187,11,53.841,eea1cc34fd9d82b0c6d7267dcc1cac30b2234f9f9020f48754a66d120f25f54e
l1_logistic,k,k:256,,256,19993,logistic,none,4032451697,0.7486631016042781,0.7898052691867125,0.2012539881703378,0.1750301595659544,0.1768854607532659,,,0.3838053422824594,,1.4385026737967914,0.9037433155080212,,0.1654471658996884,smk_can_187,11,53.841,eea1cc34fd9d82b0c6d7267dcc1cac30b2234f9f9020f48754a66d120f25f54e
l1_logistic,frac,frac:1,1.0,19993,19993,logistic,none,1192149868,0.7165775401069518,0.7786941580756014,0.2250082087638006,0.1894052550823941,0.165164867070696,,,0.3564674821491873,,1.4331550802139037,0.9037433155080212,,0.2127995613069891,smk_can_187,12,49.197,eea1cc34fd9d82b0c6d7267dcc1cac30b2234f9f9020f48754a66d120f25f54e
l1_logistic,k,k:1,,1,19993,logistic,none,1192149868,0.5721925133689839,0.6172394043528064,0.2437390258221679,0.0886714411644544,0.3716167972749356,,,0.318248423973455,,1.7165775401069518,0.9037433155080212,,0.1067373513630051,smk_can_187,12,49.197,eea1cc34fd9d82b0c6d7267dcc1cac30b2234f9f9020f48754a66d120f25f54e
l1_logistic,k,k:2,,2,19993,logistic,none,1192149868,0.5668449197860963,0.5930126002290951,0.2576124154072736,0.1225702327862022,0.4024947120684408,,,0.3176656669525575,,1.6898395721925137,0.9037433155080212,,0.1468589341106748,smk_can_187,12,49.197,eea1cc34fd9d82b0c6d7267dcc1cac30b2234f9f9020f48754a66d120f25f54e
l1_logistic,k,k:4,,4,19993,logistic,none,1192149868,0.6524064171122995,0.7051546391752577,0.2263852827114447,0.1679970101727639,0.2754841657393124,,,0.3469292393761441,,1.609625668449198,0.9037433155080212,,0.1607936080777218,smk_can_187,12,49.197,eea1cc34fd9d82b0c6d7267dcc1cac30b2234f9f9020f48754a66d120f25f54e
l1_logistic,k,k:8,,8,19993,logistic,none,1192149868,0.6951871657754011,0.758991981672394,0.2112292169719316,0.1448698765897104,0.2043458097205715,,,0.3658786091546852,,1.4705882352941178,0.9037433155080212,,0.1393519259276243,smk_can_187,12,49.197,eea1cc34fd9d82b0c6d7267dcc1cac30b2234f9f9020f48754a66d120f25f54e
l1_logistic,k,k:16,,16,19993,logistic,none,1192149868,0.6898395721925134,0.7859106529209622,0.2180705550301629,0.1917603392715482,0.1566041815378622,,,0.358893034703631,,1.4385026737967914,0.9037433155080212,,0.1781744116760791,smk_can_187,12,49.197,eea1cc34fd9d82b0c6d7267dcc1cac30b2234f9f9020f48754a66d120f25f54e
l1_logistic,k,k:32,,32,19993,logistic,none,1192149868,0.732620320855615,0.7907216494845362,0.2080767475570713,0.1770867252668659,0.1557810318239643,,,0.3806111992698308,,1.4064171122994653,0.9037433155080212,,0.1783192939184019,smk_can_187,12,49.197,eea1cc34fd9d82b0c6d7267dcc1cac30b2234f9f9020f48754a66d120f25f54e
l1_logistic,k,k:64,,64,19993,logistic,none,1192149868,0.7272727272727273,0.8041237113402062,0.2046122818362472,0.1673690317552778,0.1400625569311997,,,0.3695724241818124,,1.390374331550802,0.9037433155080212,,0.1751642974977866,smk_can_187,12,49.197,eea1cc34fd9d82b0c6d7267dcc1cac30b2234f9f9020f48754a66d120f25f54e
l1_logistic,k,k:128,,128,19993,logistic,none,1192149868,0.732620320855615,0.7833906071019473,0.2125591392830574,0.1829064734675644,0.1605958324803461,,,0.3649632850593993,,1.46524064171123,0.9037433155080212,,0.1889082875802219,smk_can_187,12,49.197,eea1cc34fd9d82b0c6d7267dcc1cac30b2234f9f9020f48754a66d120f25f54e
l1_logistic,k,k:256,,256,19993,logistic,none,1192149868,0.732620320855615,0.7837342497136311,0.2099216354997723,0.1704031801972088,0.1638797703574003,,,0.370312870915035,,1.4759358288770053,0.9037433155080212,,0.1786019699658062,smk_can_187,12,49.197,eea1cc34fd9d82b0c6d7267dcc1cac30b2234f9f9020f48754a66d120f25f54e
l1_logistic,frac,frac:1,1.0,19993,19993,logistic,none,1483631202,0.7165775401069518,0.7949599083619703,0.2217787178831193,0.2115552623877241,0.1460940623907843,,,0.36959749664589,,1.4010695187165776,0.9037433155080212,,0.1953461618198898,smk_can_187,13,47.339,eea1cc34fd9d82b0c6d7267dcc1cac30b2234f9f9020f48754a66d120f25f54e
l1_logistic,k,k:1,,1,19993,logistic,none,1483631202,0.5401069518716578,0.5766895761741123,0.2517228229330359,0.1159737063300528,0.4081190295701952,,,0.3050163876751922,,1.7807486631016043,0.9037433155080212,,0.127172056909155,smk_can_187,13,47.339,eea1cc34fd9d82b0c6d7267dcc1cac30b2234f9f9020f48754a66d120f25f54e
l1_logistic,k,k:2,,2,19993,logistic,none,1483631202,0.5775401069518716,0.5920962199312715,0.264142722658422,0.1356146768594995,0.4115889772004398,,,0.2978244755665172,,1.7700534759358288,0.9037433155080212,,0.1567998735383965,smk_can_187,13,47.339,eea1cc34fd9d82b0c6d7267dcc1cac30b2234f9f9020f48754a66d120f25f54e
l1_logistic,k,k:4,,4,19993,logistic,none,1483631202,0.5882352941176471,0.6508591065292095,0.2545329592438027,0.1840467070175766,0.3420608257344907,,,0.3194425754951908,,1.732620320855615,0.9037433155080212,,0.2095401188936663,smk_can_187,13,47.339,eea1cc34fd9d82b0c6d7267dcc1cac30b2234f9f9020f48754a66d120f25f54e
l1_logistic,k,k:8,,8,19993,logistic,none,1483631202,0.679144385026738,0.7111111111111111,0.2346271646789018,0.1483027732415298,0.2639517601029924,,,0.3484366696109088,,1.5935828877005347,0.9037433155080212,,0.1655091172097894,smk_can_187,13,47.339,eea1cc34fd9d82b0c6d7267dcc1cac30b2234f9f9020f48754a66d120f25f54e
l1_logistic,k,k:16,,16,19993,logistic,none,1483631202,0.7219251336898396,0.7493699885452463,0.2336186475433945,0.2023615141651044,0.2105314649550212,,,0.3461955624107906,,1.5668449197860963,0.9037433155080212,,0.1970110207728721,smk_can_187,13,47.339,eea1cc34fd9d82b0c6d7267dcc1cac30b2234f9f9020f48754a66d120f25f54e
l1_logistic,k,k:32,,32,19993,logistic,none,1483631202,0.7219251336898396,0.7845360824742268,0.2197456333077221,0.2062659399004043,0.175069905533437,,,0.3642658412131404,,1.4705882352941178,0.9037433155080212,,0.2155865053386688,smk_can_187,13,47.339,eea1cc34fd9d82b0c6d7267dcc1cac30b2234f9f9020f48754a66d120f25f54e
l1_logistic,k,k:64,,64,19993,logistic,none,1483631202,0.7433155080213903,0.7935853379152349,0.1991087810725127,0.1771012236819436,0.1770678907988288,,,0.3885717683380585,,1.4331550802139037,0.9037433155080212,,0.1646990706092183,smk_can_187,13,47.339,eea1cc34fd9d82b0c6d7267dcc1cac30b2234f9f9020f48754a66d120f25f54e
l1_logistic,k,k:128,,128,19993,logistic,none,1483631202,0.7165775401069518,0.8003436426116839,0.2062321629243675,0.1726051736378204,0.1601001708765498,,,0.3765400529673836,,1.39572192513369,0.9037433155080212,,0.1723189496649874,smk_can_187,13,47.339,eea1cc34fd9d82b0c6d7267dcc1cac30b2234f9f9020f48754a66d120f25f54e
l1_logistic,k,k:256,,256,19993,logistic,none,1483631202,0.7272727272727273,0.7972508591065292,0.2030105865437453,0.1584330925993398,0.1597454773324977,,,0.3812808954920129,,1.4171122994652403,0.9037433155080212,,0.1618391289949304,smk_can_187,13,47.339,eea1cc34fd9d82b0c6d7267dcc1cac30b2234f9f9020f48754a66d120f25f54e
l1_logistic,frac,frac:1,1.0,19993,19993,logistic,none,3632753457,0.7005347593582888,0.7893470790378007,0.2277404158573201,0.2047274863795455,0.1549340478590423,,,0.3460483267493237,,1.4224598930481285,0.9037433155080212,,0.2028557578107866,smk_can_187,14,53.023,eea1cc34fd9d82b0c6d7267dcc1cac30b2234f9f9020f48754a66d120f25f54e
l1_logistic,k,k:1,,1,19993,logistic,none,3632753457,0.5668449197860963,0.6038373424971363,0.2534921654635087,0.1098948280521296,0.3851248917692876,,,0.320543869658419,,1.6684491978609626,0.9037433155080212,,0.1259220083308063,smk_can_187,14,53.023,eea1cc34fd9d82b0c6d7267dcc1cac30b2234f9f9020f48754a66d120f25f54e
l1_logistic,k,k:2,,2,19993,logistic,none,3632753457,0.6577540106951871,0.6570446735395189,0.2442557142169646,0.1111503847802953,0.3462905387452215,,,0.3344355091482829,,1.6844919786096255,0.9037433155080212,,0.1250845000657375,smk_can_187,14,53.023,eea1cc34fd9d82b0c6d7267dcc1cac30b2234f9f9020f48754a66d120f25f54e
l1_logistic,k,k:4,,4,19993,logistic,none,3632753457,0.5882352941176471,0.6528064146620848,0.2597179896106212,0.1812631833198755,0.3177292111598171,,,0.3180304538578313,,1.609625668449198,0.9037433155080212,,0.2217092894331762,smk_can_187,14,53.023,eea1cc34fd9d82b0c6d7267dcc1cac30b2234f9f9020f48754a66d120f25f54e
l1_logistic,k,k:8,,8,19993,logistic,none,3632753457,0.6577540106951871,0.7071019473081329,0.2455256606867281,0.1884718298328133,0.2696338679419803,,,0.3360767364428701,,1.53475935828877,0.9037433155080212,,0.2093097452106361,smk_can_187,14,53.023,eea1cc34fd9d82b0c6d7267dcc1cac30b2234f9f9020f48754a66d120f25f54e
l1_logistic,k,k:16,,16,19993,logistic,none,3632753457,0.7005347593582888,0.7406643757159221,0.2384488466167253,0.186970744680338,0.226027334396841,,,0.3484367560372672,,1.5454545454545454,0.9037433155080212,,0.2011992453257253,smk_can_187,14,53.023,eea1cc34fd9d82b0c6d7267dcc1cac30b2234f9f9020f48754a66d120f25f54e
l1_logistic,k,k:32,,32,19993,logistic,none,3632753457,0.732620320855615,0.7785796105383734,0.2181340938509529,0.2056408413277926,0.1727953462316922,,,0.3609669797202746,,1.481283422459893,0.9037433155080212,,0.2164759798122654,smk_can_187,14,53.023,eea1cc34fd9d82b0c6d7267dcc1cac30b2234f9f9020f48754a66d120f25f54e
l1_logistic,k,k:64,,64,19993,logistic,none,3632753457,0.7379679144385026,0.7870561282932417,0.2095572242132939,0.1782002279448123,0.1612392770154598,,,0.3742804138973082,,1.4705882352941178,0.9037433155080212,,0.1743266151622389,smk_can_187,14,53.023,eea1cc34fd9d82b0c6d7267dcc1cac30b2234f9f9020f48754a66d120f25f54e
l1_logistic,k,k:128,,128,19993,logistic,none,3632753457,0.7433155080213903,0.7878579610538373,0.2087655537430037,0.2120597601584722,0.1517570912534701,,,0.3703051804539212,,1.4759358288770053,0.9037433155080212,,0.198083210941167,smk_can_187,14,53.023,eea1cc34fd9d82b0c6d7267dcc1cac30b2234f9f9020f48754a66d120f25f54e
l1_logistic,k,k:256,,256,19993,logistic,none,3632753457,0.7486631016042781,0.7893470790378007,0.2109231577406087,0.1889657404052511,0.1500530593302827,,,0.3722354352523332,,1.4866310160427807,0.9037433155080212,,0.1975830930605172,smk_can_187,14,53.023,eea1cc34fd9d82b0c6d7267dcc1cac30b2234f9f9020f48754a66d120f25f54e
l1_logistic,frac,frac:1,1.0,19993,19993,logistic,none,979464246,0.7379679144385026,0.7959908361970218,0.2110209714689603,0.1906787589574562,0.1559025000414606,,,0.3670569394522872,,1.4545454545454546,0.9037433155080212,,0.1901976995959388,smk_can_187,15,45.39,eea1cc34fd9d82b0c6d7267dcc1cac30b2234f9f9020f48754a66d120f25f54e
l1_logistic,k,k:1,,1,19993,logistic,none,979464246,0.5347593582887701,0.5735967926689577,0.2586777055031196,0.1235652477401262,0.4177378090363227,,,0.294650183959049,,1.7058823529411764,0.9037433155080212,,0.1386674418749528,smk_can_187,15,45.39,eea1cc34fd9d82b0c6d7267dcc1cac30b2234f9f9020f48754a66d120f25f54e
l1_logistic,k,k:2,,2,19993,logistic,none,979464246,0.5935828877005348,0.6099656357388316,0.2588463143522238,0.1448534564369072,0.3562209564506206,,,0.3153570250770836,,1.7058823529411764,0.9037433155080212,,0.1610997612752936,smk_can_187,15,45.39,eea1cc34fd9d82b0c6d7267dcc1cac30b2234f9f9020f48754a66d120f25f54e
l1_logistic,k,k:4,,4,19993,logistic,none,979464246,0.6898395721925134,0.7199312714776632,0.2236922220471161,0.1221721434595129,0.2708763335366172,,,0.3465128339881258,,1.588235294117647,0.9037433155080212,,0.1267726013427279,smk_can_187,15,45.39,eea1cc34fd9d82b0c6d7267dcc1cac30b2234f9f9020f48754a66d120f25f54e
l1_logistic,k,k:8,,8,19993,logistic,none,979464246,0.6737967914438503,0.743298969072165,0.2317869599271444,0.1798197426403606,0.2081815871993481,,,0.3464279410900503,,1.5401069518716577,0.9037433155080212,,0.1727101641210432,smk_can_187,15,45.39,eea1cc34fd9d82b0c6d7267dcc1cac30b2234f9f9020f48754a66d120f25f54e
l1_logistic,k,k:16,,16,19993,logistic,none,979464246,0.6951871657754011,0.7731958762886597,0.2261060918128422,0.2099351248053471,0.1825522439753219,,,0.3594089046806292,,1.4705882352941178,0.9037433155080212,,0.1925014549023769,smk_can_187,15,45.39,eea1cc34fd9d82b0c6d7267dcc1cac30b2234f9f9020f48754a66d120f25f54e
l1_logistic,k,k:32,,32,19993,logistic,none,979464246,0.7058823529411765,0.7801832760595647,0.2418557028154677,0.2289837061166889,0.1706755626667134,,,0.3362144521307026,,1.4705882352941178,0.9037433155080212,,0.2190176138771281,smk_can_187,15,45.39,eea1cc34fd9d82b0c6d7267dcc1cac30b2234f9f9020f48754a66d120f25f54e
l1_logistic,k,k:64,,64,19993,logistic,none,979464246,0.7272727272727273,0.7903780068728522,0.2173450780642854,0.2004479002827542,0.1523065198967044,,,0.3667416178471999,,1.4705882352941178,0.9037433155080212,,0.2029212501711579,smk_can_187,15,45.39,eea1cc34fd9d82b0c6d7267dcc1cac30b2234f9f9020f48754a66d120f25f54e
l1_logistic,k,k:128,,128,19993,logistic,none,979464246,0.732620320855615,0.783963344788087,0.2157029048285132,0.1824913883869274,0.1598440942734856,,,0.3655042790908814,,1.46524064171123,0.9037433155080212,,0.1957161752596128,smk_can_187,15,45.39,eea1cc34fd9d82b0c6d7267dcc1cac30b2234f9f9020f48754a66d120f25f54e
l1_logistic,k,k:256,,256,19993,logistic,none,979464246,0.732620320855615,0.7804123711340206,0.2158802323877822,0.1728931558340976,0.1603345155315289,,,0.3675491824301498,,1.5133689839572193,0.9037433155080212,,0.1905117879756454,smk_can_187,15,45.39,eea1cc34fd9d82b0c6d7267dcc1cac30b2234f9f9020f48754a66d120f25f54e
l1_logistic,frac,frac:1,1.0,19993,19993,logistic,none,3681573079,0.7700534759358288,0.8037800687285224,0.1977312715904357,0.1740315269604219,0.1555075186345665,,,0.3823866791519217,,1.46524064171123,0.9037433155080212,,0.177777929280779,smk_can_187,16,49.098,eea1cc34fd9d82b0c6d7267dcc1cac30b2234f9f9020f48754a66d120f25f54e
l1_logistic,k,k:1,,1,19993,logistic,none,3681573079,0.6042780748663101,0.6154639175257732,0.2451454898084603,0.0779714150856646,0.3730159996070754,,,0.3151628625618701,,1.732620320855615,0.9037433155080212,,0.1005992522284871,smk_can_187,16,49.098,eea1cc34fd9d82b0c6d7267dcc1cac30b2234f9f9020f48754a66d120f25f54e
l1_logistic,k,k:2,,2,19993,logistic,none,3681573079,0.6256684491978609,0.6726231386025201,0.2312354944919861,0.1188724893886317,0.2859773839282662,,,0.3176825807396179,,1.6631016042780749,0.9037433155080212,,0.0936072281747521,smk_can_187,16,49.098,eea1cc34fd9d82b0c6d7267dcc1cac30b2234f9f9020f48754a66d120f25f54e
l1_logistic,k,k:4,,4,19993,logistic,none,3681573079,0.6203208556149733,0.6869415807560137,0.2340856211723788,0.1189800515072711,0.2677591218873375,,,0.331673961451665,,1.609625668449198,0.9037433155080212,,0.1255064888998015,smk_can_187,16,49.098,eea1cc34fd9d82b0c6d7267dcc1cac30b2234f9f9020f48754a66d120f25f54e
l1_logistic,k,k:8,,8,19993,logistic,none,3681573079,0.7005347593582888,0.7542955326460482,0.2225130480920357,0.1736456531046464,0.2041858641588618,,,0.3429759357388578,,1.609625668449198,0.9037433155080212,,0.1892501771324388,smk_can_187,16,49.098,eea1cc34fd9d82b0c6d7267dcc1cac30b2234f9f9020f48754a66d120f25f54e
l1_logistic,k,k:16,,16,19993,logistic,none,3681573079,0.679144385026738,0.7424971363115693,0.2473073456351577,0.2187854377750155,0.2291092136341061,,,0.3387977517269864,,1.5401069518716577,0.9037433155080212,,0.2196546881509464,smk_can_187,16,49.098,eea1cc34fd9d82b0c6d7267dcc1cac30b2234f9f9020f48754a66d120f25f54e
l1_logistic,k,k:32,,32,19993,logistic,none,3681573079,0.7112299465240641,0.7789232531500573,0.2187503348178224,0.1818623078089224,0.1786311863191191,,,0.3632841961728095,,1.4545454545454546,0.9037433155080212,,0.1824139440405889,smk_can_187,16,49.098,eea1cc34fd9d82b0c6d7267dcc1cac30b2234f9f9020f48754a66d120f25f54e
l1_logistic,k,k:64,,64,19993,logistic,none,3681573079,0.732620320855615,0.7892325315005727,0.2165264496196261,0.1832049047436214,0.1589426593614309,,,0.359258195353407,,1.4491978609625669,0.9037433155080212,,0.1868974704062904,smk_can_187,16,49.098,eea1cc34fd9d82b0c6d7267dcc1cac30b2234f9f9020f48754a66d120f25f54e
l1_logistic,k,k:128,,128,19993,logistic,none,3681573079,0.732620320855615,0.7977090492554411,0.2076515468801523,0.1872964517552821,0.1497026384648914,,,0.3741414910761477,,1.390374331550802,0.9037433155080212,,0.1773036768937331,smk_can_187,16,49.098,eea1cc34fd9d82b0c6d7267dcc1cac30b2234f9f9020f48754a66d120f25f54e
l1_logistic,k,k:256,,256,19993,logistic,none,3681573079,0.732620320855615,0.7936998854524628,0.2058307971428582,0.1721483724106154,0.1541414674774397,,,0.3799440832937674,,1.427807486631016,0.9037433155080212,,0.1717422570090312,smk_can_187,16,49.098,eea1cc34fd9d82b0c6d7267dcc1cac30b2234f9f9020f48754a66d120f25f54e
l1_logistic,frac,frac:1,1.0,19993,19993,logistic,none,3405355472,0.7379679144385026,0.8087056128293242,0.2126985882522771,0.2110711665064495,0.1473603788781498,,,0.3665890191913457,,1.427807486631016,0.9037433155080212,,0.1954868664374011,smk_can_187,17,47.387,eea1cc34fd9d82b0c6d7267dcc1cac30b2234f9f9020f48754a66d120f25f54e
l1_logistic,k,k:1,,1,19993,logistic,none,3405355472,0.5026737967914439,0.5211912943871707,0.2674541842598376,0.1151308428124107,0.4668189716349908,,,0.2944504391859946,,1.7754010695187166,0.9037433155080212,,0.1249591850192755,smk_can_187,17,47.387,eea1cc34fd9d82b0c6d7267dcc1cac30b2234f9f9020f48754a66d120f25f54e
l1_logistic,k,k:2,,2,19993,logistic,none,3405355472,0.5989304812834224,0.6513172966781214,0.2419279502627562,0.1107739173667908,0.3210781073870664,,,0.3235935474400234,,1.6149732620320856,0.9037433155080212,,0.1221818805348691,smk_can_187,17,47.387,eea1cc34fd9d82b0c6d7267dcc1cac30b2234f9f9020f48754a66d120f25f54e
l1_logistic,k,k:4,,4,19993,logistic,none,3405355472,0.6256684491978609,0.6907216494845361,0.2385530265916003,0.1399954938631453,0.2805172184597819,,,0.3225898492790005,,1.60427807486631,0.9037433155080212,,0.1390464235047249,smk_can_187,17,47.387,eea1cc34fd9d82b0c6d7267dcc1cac30b2234f9f9020f48754a66d120f25f54e
l1_logistic,k,k:8,,8,19993,logistic,none,3405355472,0.6631016042780749,0.7082474226804123,0.2430096604985027,0.184734636021881,0.2566282462434323,,,0.3315608848135953,,1.6470588235294117,0.9037433155080212,,0.2000164274315799,smk_can_187,17,47.387,eea1cc34fd9d82b0c6d7267dcc1cac30b2234f9f9020f48754a66d120f25f54e
l1_logistic,k,k:16,,16,19993,logistic,none,3405355472,0.679144385026738,0.7475372279495991,0.2472242782037092,0.2158236950718132,0.2293597397881233,,,0.3249397750910957,,1.5133689839572193,0.9037433155080212,,0.2207976417746004,smk_can_187,17,47.387,eea1cc34fd9d82b0c6d7267dcc1cac30b2234f9f9020f48754a66d120f25f54e
l1_logistic,k,k:32,,32,19993,logistic,none,3405355472,0.7219251336898396,0.7698739977090493,0.2363577012047744,0.2377210269544359,0.1985097839144864,,,0.3418785994808369,,1.4491978609625669,0.9037433155080212,,0.2281185800181042,smk_can_187,17,47.387,eea1cc34fd9d82b0c6d7267dcc1cac30b2234f9f9020f48754a66d120f25f54e
l1_logistic,k,k:64,,64,19993,logistic,none,3405355472,0.7379679144385026,0.802290950744559,0.2099843080714389,0.1824594693429991,0.1622860226061488,,,0.3565013605348049,,1.4491978609625669,0.9037433155080212,,0.1913051159197751,smk_can_187,17,47.387,eea1cc34fd9d82b0c6d7267dcc1cac30b2234f9f9020f48754a66d120f25f54e
l1_logistic,k,k:128,,128,19993,logistic,none,3405355472,0.732620320855615,0.8010309278350515,0.2102997711990524,0.1878633562460042,0.1641492647651461,,,0.3578036067227963,,1.4598930481283423,0.9037433155080212,,0.1777845852035193,smk_can_187,17,47.387,eea1cc34fd9d82b0c6d7267dcc1cac30b2234f9f9020f48754a66d120f25f54e
l1_logistic,k,k:256,,256,19993,logistic,none,3405355472,0.732620320855615,0.8079037800687285,0.2059371934653543,0.1669629040785106,0.1595372323983083,,,0.3635497461455665,,1.4064171122994653,0.9037433155080212,,0.1783323519402316,smk_can_187,17,47.387,eea1cc34fd9d82b0c6d7267dcc1cac30b2234f9f9020f48754a66d120f25f54e
l1_logistic,frac,frac:1,1.0,19993,19993,logistic,none,2478455067,0.7165775401069518,0.7836197021764032,0.2264553777489182,0.2098833998776713,0.1809193377149028,,,0.351879444299932,,1.427807486631016,0.9037433155080212,,0.213447670291929,smk_can_187,18,43.95,eea1cc34fd9d82b0c6d7267dcc1cac30b2234f9f9020f48754a66d120f25f54e
l1_logistic,k,k:1,,1,19993,logistic,none,2478455067,0.5294117647058824,0.559106529209622,0.2625393082302027,0.1297266044584827,0.4337741951557371,,,0.2897628605912516,,1.7379679144385027,0.9037433155080212,,0.1305283761017947,smk_can_187,18,43.95,eea1cc34fd9d82b0c6d7267dcc1cac30b2234f9f9020f48754a66d120f25f54e
l1_logistic,k,k:2,,2,19993,logistic,none,2478455067,0.5828877005347594,0.5867124856815579,0.2689802018010281,0.1363704474459517,0.4304259343625268,,,0.2967959301322004,,1.786096256684492,0.9037433155080212,,0.1627513376586261,smk_can_187,18,43.95,eea1cc34fd9d82b0c6d7267dcc1cac30b2234f9f9020f48754a66d120f25f54e
l1_logistic,k,k:4,,4,19993,logistic,none,2478455067,0.6577540106951871,0.6447880870561283,0.2609221203978084,0.1760781650784735,0.3829050693405793,,,0.3078331308016816,,1.7486631016042782,0.9037433155080212,,0.181784116408384,smk_can_187,18,43.95,eea1cc34fd9d82b0c6d7267dcc1cac30b2234f9f9020f48754a66d120f25f54e
l1_logistic,k,k:8,,8,19993,logistic,none,2478455067,0.6577540106951871,0.693127147766323,0.2573989066664103,0.2046540954463201,0.3172872448797477,,,0.3231306001651527,,1.6310160427807487,0.9037433155080212,,0.2093567859659838,smk_can_187,18,43.95,eea1cc34fd9d82b0c6d7267dcc1cac30b2234f9f9020f48754a66d120f25f54e
l1_logistic,k,k:16,,16,19993,logistic,none,2478455067,0.6844919786096256,0.7528064146620848,0.2464626584353437,0.2179898054262725,0.2036139844824758,,,0.3182515161731598,,1.5294117647058822,0.9037433155080212,,0.2199841392715859,smk_can_187,18,43.95,eea1cc34fd9d82b0c6d7267dcc1cac30b2234f9f9020f48754a66d120f25f54e
l1_logistic,k,k:32,,32,19993,logistic,none,2478455067,0.6951871657754011,0.7650630011454753,0.250289824507258,0.2316658306799408,0.1815626511229688,,,0.3227727317012452,,1.502673796791444,0.9037433155080212,,0.2255175486831797,smk_can_187,18,43.95,eea1cc34fd9d82b0c6d7267dcc1cac30b2234f9f9020f48754a66d120f25f54e
l1_logistic,k,k:64,,64,19993,logistic,none,2478455067,0.7379679144385026,0.7919816723940435,0.2172391637311971,0.1917162696454049,0.1638168520509055,,,0.3577823488237564,,1.4438502673796791,0.9037433155080212,,0.1833759856687652,smk_can_187,18,43.95,eea1cc34fd9d82b0c6d7267dcc1cac30b2234f9f9020f48754a66d120f25f54e
l1_logistic,k,k:128,,128,19993,logistic,none,2478455067,0.732620320855615,0.7970217640320734,0.2112958057087878,0.1848215632047203,0.1601300387193766,,,0.3608323187032017,,1.4010695187165776,0.9037433155080212,,0.1985063998422602,smk_can_187,18,43.95,eea1cc34fd9d82b0c6d7267dcc1cac30b2234f9f9020f48754a66d120f25f54e
l1_logistic,k,k:256,,256,19993,logistic,none,2478455067,0.732620320855615,0.7918671248568157,0.2173320641876574,0.1902457918863723,0.1681774711672035,,,0.3576396535556289,,1.4438502673796791,0.9037433155080212,,0.1938968075420186,smk_can_187,18,43.95,eea1cc34fd9d82b0c6d7267dcc1cac30b2234f9f9020f48754a66d120f25f54e
l1_logistic,frac,frac:1,1.0,19993,19993,logistic,none,1064223903,0.7379679144385026,0.8095074455899198,0.2052549642861407,0.1933390224652192,0.1519729192498518,,,0.3732392164766625,,1.411764705882353,0.9037433155080212,,0.1789204312714665,smk_can_187,19,50.728,eea1cc34fd9d82b0c6d7267dcc1cac30b2234f9f9020f48754a66d120f25f54e
l1_logistic,k,k:1,,1,19993,logistic,none,1064223903,0.5935828877005348,0.6245131729667812,0.2452816470869002,0.0826504237566293,0.3663965202771528,,,0.3173168045154388,,1.695187165775401,0.9037433155080212,,0.0944486413573653,smk_can_187,19,50.728,eea1cc34fd9d82b0c6d7267dcc1cac30b2234f9f9020f48754a66d120f25f54e
l1_logistic,k,k:2,,2,19993,logistic,none,1064223903,0.6149732620320856,0.6484536082474226,0.2456382678072953,0.1009276106614616,0.3615297067218037,,,0.3187281341119576,,1.695187165775401,0.9037433155080212,,0.1148263127884778,smk_can_187,19,50.728,eea1cc34fd9d82b0c6d7267dcc1cac30b2234f9f9020f48754a66d120f25f54e
l1_logistic,k,k:4,,4,19993,logistic,none,1064223903,0.6417112299465241,0.6849942726231386,0.2344025938516971,0.1615583615411227,0.2749042686609785,,,0.337331321088769,,1.6363636363636365,0.9037433155080212,,0.1787335697867206,smk_can_187,19,50.728,eea1cc34fd9d82b0c6d7267dcc1cac30b2234f9f9020f48754a66d120f25f54e
l1_logistic,k,k:8,,8,19993,logistic,none,1064223903,0.6844919786096256,0.7469644902634593,0.2258684611240901,0.1767496881212738,0.2006456134523997,,,0.3470728639867695,,1.518716577540107,0.9037433155080212,,0.1799471418429858,smk_can_187,19,50.728,eea1cc34fd9d82b0c6d7267dcc1cac30b2234f9f9020f48754a66d120f25f54e
l1_logistic,k,k:16,,16,19993,logistic,none,1064223903,0.7272727272727273,0.7972508591065292,0.2061805892964877,0.1682691288943507,0.1635755348154852,,,0.3574996094146582,,1.390374331550802,0.9037433155080212,,0.1579157262697332,smk_can_187,19,50.728,eea1cc34fd9d82b0c6d7267dcc1cac30b2234f9f9020f48754a66d120f25f54e
l1_logistic,k,k:32,,32,19993,logistic,none,1064223903,0.7647058823529411,0.831729667812142,0.1780306512265951,0.1270588021381398,0.1272414855635288,,,0.3896398601940481,,1.4064171122994653,0.9037433155080212,,0.1291007365139224,smk_can_187,19,50.728,eea1cc34fd9d82b0c6d7267dcc1cac30b2234f9f9020f48754a66d120f25f54e
l1_logistic,k,k:64,,64,19993,logistic,none,1064223903,0.7540106951871658,0.827262313860252,0.1878878903908716,0.1621681220326388,0.1396548414920322,,,0.3810240614287002,,1.39572192513369,0.9037433155080212,,0.1595219258639315,smk_can_187,19,50.728,eea1cc34fd9d82b0c6d7267dcc1cac30b2234f9f9020f48754a66d120f25f54e
l1_logistic,k,k:128,,128,19993,logistic,none,1064223903,0.7700534759358288,0.8276059564719358,0.1821213506549703,0.1642193819857005,0.1424432659970349,,,0.3908006506521591,,1.390374331550802,0.9037433155080212,,0.1568148101326578,smk_can_187,19,50.728,eea1cc34fd9d82b0c6d7267dcc1cac30b2234f9f9020f48754a66d120f25f54e
l1_logistic,k,k:256,,256,19993,logistic,none,1064223903,0.7700534759358288,0.8256586483390607,0.1839488961352071,0.1690035547433498,0.1454638023753178,,,0.3913061842563637,,1.39572192513369,0.9037433155080212,,0.1640964534816454,smk_can_187,19,50.728,eea1cc34fd9d82b0c6d7267dcc1cac30b2234f9f9020f48754a66d120f25f54e
l1_logistic,frac,frac:1,1.0,19993,19993,logistic,none,3831857720,0.7005347593582888,0.7720504009163803,0.2380285107680771,0.2035184361735897,0.1759287893324974,,,0.3515069584008342,,1.4491978609625669,0.9037433155080212,,0.2259008995804608,smk_can_187,20,45.488,eea1cc34fd9d82b0c6d7267dcc1cac30b2234f9f9020f48754a66d120f25f54e
l1_logistic,k,k:1,,1,19993,logistic,none,3831857720,0.5187165775401069,0.5541237113402062,0.2771448574663816,0.1503695298152962,0.4857646358309372,,,0.2935631573081295,,1.839572192513369,0.9037433155080212,,0.177135159228292,smk_can_187,20,45.488,eea1cc34fd9d82b0c6d7267dcc1cac30b2234f9f9020f48754a66d120f25f54e
l1_logistic,k,k:2,,2,19993,logistic,none,3831857720,0.5989304812834224,0.6077892325315006,0.2713929238395339,0.1679833590753179,0.4094508851539545,,,0.2942162696688928,,1.8128342245989304,0.9037433155080212,,0.2046855585425025,smk_can_187,20,45.488,eea1cc34fd9d82b0c6d7267dcc1cac30b2234f9f9020f48754a66d120f25f54e
l1_logistic,k,k:4,,4,19993,logistic,none,3831857720,0.5989304812834224,0.64971363115693,0.2595071354980286,0.1944267019656804,0.3238526118818281,,,0.3104930782805147,,1.6524064171122994,0.9037433155080212,,0.2020977309303522,smk_can_187,20,45.488,eea1cc34fd9d82b0c6d7267dcc1cac30b2234f9f9020f48754a66d120f25f54e
l1_logistic,k,k:8,,8,19993,logistic,none,3831857720,0.6203208556149733,0.6955326460481099,0.2519151388410381,0.2002815856147671,0.2380089921904388,,,0.3432308019855236,,1.5561497326203209,0.9037433155080212,,0.2067135054586454,smk_can_187,20,45.488,eea1cc34fd9d82b0c6d7267dcc1cac30b2234f9f9020f48754a66d120f25f54e
l1_logistic,k,k:16,,16,19993,logistic,none,3831857720,0.679144385026738,0.7359679266895762,0.2488391486301394,0.2208812104696284,0.2112710398106524,,,0.3366210646349537,,1.572192513368984,0.9037433155080212,,0.2250533097326324,smk_can_187,20,45.488,eea1cc34fd9d82b0c6d7267dcc1cac30b2234f9f9020f48754a66d120f25f54e
l1_logistic,k,k:32,,32,19993,logistic,none,3831857720,0.7112299465240641,0.7703321878579611,0.22732980444676,0.1928426860022183,0.1705490756867773,,,0.3562245367764294,,1.5080213903743316,0.9037433155080212,,0.1918059602686002,smk_can_187,20,45.488,eea1cc34fd9d82b0c6d7267dcc1cac30b2234f9f9020f48754a66d120f25f54e
l1_logistic,k,k:64,,64,19993,logistic,none,3831857720,0.7112299465240641,0.7888888888888889,0.2114309007520592,0.1826647482065266,0.1607463502930953,,,0.3772899162930859,,1.427807486631016,0.9037433155080212,,0.1673346971157441,smk_can_187,20,45.488,eea1cc34fd9d82b0c6d7267dcc1cac30b2234f9f9020f48754a66d120f25f54e
l1_logistic,k,k:128,,128,19993,logistic,none,3831857720,0.7219251336898396,0.7942726231386026,0.2066921746033111,0.1708013530172089,0.1603683760775301,,,0.3819450686773566,,1.4385026737967914,0.9037433155080212,,0.168731331358828,smk_can_187,20,45.488,eea1cc34fd9d82b0c6d7267dcc1cac30b2234f9f9020f48754a66d120f25f54e
l1_logistic,k,k:256,,256,19993,logistic,none,3831857720,0.7272727272727273,0.7926689576174113,0.2075737807204401,0.1748064310989315,0.1638642061044382,,,0.3792240974029205,,1.4438502673796791,0.9037433155080212,,0.1648815203811564,smk_can_187,20,45.488,eea1cc34fd9d82b0c6d7267dcc1cac30b2234f9f9020f48754a66d120f25f54e
l1_logistic,frac,frac:1,1.0,19993,19993,logistic,none,530023531,0.732620320855615,0.8057273768613975,0.211128951992324,0.2055539871578079,0.1656968437891081,,,0.3616070257189052,,1.411764705882353,0.9037433155080212,,0.1854852143612842,smk_can_187,21,48.708,eea1cc34fd9d82b0c6d7267dcc1cac30b2234f9f9020f48754a66d120f25f54e
l1_logistic,k,k:1,,1,19993,logistic,none,530023531,0.5080213903743316,0.527033218785796,0.2594619376954514,0.0921440508346203,0.4676631831455918,,,0.2997722653358654,,1.8128342245989304,0.9037433155080212,,0.1110929394665123,smk_can_187,21,48.708,eea1cc34fd9d82b0c6d7267dcc1cac30b2234f9f9020f48754a66d120f25f54e
l1_logistic,k,k:2,,2,19993,logistic,none,530023531,0.5668449197860963,0.5634593356242841,0.2617702012710988,0.1452328794608862,0.4440271628323473,,,0.3146609492811381,,1.7593582887700534,0.9037433155080212,,0.1730478296918597,smk_can_187,21,48.708,eea1cc34fd9d82b0c6d7267dcc1cac30b2234f9f9020f48754a66d120f25f54e
l1_logistic,k,k:4,,4,19993,logistic,none,530023531,0.679144385026738,0.6643757159221076,0.2417925428153523,0.1325439312110962,0.3334417001969959,,,0.3449036347819976,,1.695187165775401,0.9037433155080212,,0.1490808558425705,smk_can_187,21,48.708,eea1cc34fd9d82b0c6d7267dcc1cac30b2234f9f9020f48754a66d120f25f54e
l1_logistic,k,k:8,,8,19993,logistic,none,530023531,0.7005347593582888,0.7461626575028637,0.2157920565519715,0.1335145036175442,0.2586189696547524,,,0.3586327425233637,,1.518716577540107,0.9037433155080212,,0.1458022472426533,smk_can_187,21,48.708,eea1cc34fd9d82b0c6d7267dcc1cac30b2234f9f9020f48754a66d120f25f54e
l1_logistic,k,k:16,,16,19993,logistic,none,530023531,0.6951871657754011,0.736540664375716,0.2383845280693654,0.2139552522358045,0.2284283793835931,,,0.3492293495526994,,1.5828877005347597,0.9037433155080212,,0.2193908555115716,smk_can_187,21,48.708,eea1cc34fd9d82b0c6d7267dcc1cac30b2234f9f9020f48754a66d120f25f54e
l1_logistic,k,k:32,,32,19993,logistic,none,530023531,0.6898395721925134,0.7518900343642612,0.2330722451313275,0.1969706518676909,0.1966079640601368,,,0.3554275025706392,,1.4919786096256684,0.9037433155080212,,0.2018211166702979,smk_can_187,21,48.708,eea1cc34fd9d82b0c6d7267dcc1cac30b2234f9f9020f48754a66d120f25f54e
l1_logistic,k,k:64,,64,19993,logistic,none,530023531,0.7165775401069518,0.7747995418098511,0.2162085851584812,0.1760414591967914,0.1873176781484407,,,0.3667504202583817,,1.4866310160427807,0.9037433155080212,,0.1731589668912445,smk_can_187,21,48.708,eea1cc34fd9d82b0c6d7267dcc1cac30b2234f9f9020f48754a66d120f25f54e
l1_logistic,k,k:128,,128,19993,logistic,none,530023531,0.7219251336898396,0.790721649484536,0.2075533754207376,0.1692814433259172,0.1712264858963804,,,0.3782245623903564,,1.427807486631016,0.9037433155080212,,0.1797743545098856,smk_can_187,21,48.708,eea1cc34fd9d82b0c6d7267dcc1cac30b2234f9f9020f48754a66d120f25f54e
l1_logistic,k,k:256,,256,19993,logistic,none,530023531,0.7379679144385026,0.7965635738831615,0.2040024196644158,0.1686393534291033,0.1648234827484931,,,0.3783821086752827,,1.4598930481283423,0.9037433155080212,,0.1834968701854688,smk_can_187,21,48.708,eea1cc34fd9d82b0c6d7267dcc1cac30b2234f9f9020f48754a66d120f25f54e
l1_logistic,frac,frac:1,1.0,19993,19993,logistic,none,4104370786,0.7005347593582888,0.7868270332187859,0.2278086071816245,0.2234807000961036,0.1645511387346564,,,0.3561792472425127,,1.46524064171123,0.9037433155080212,,0.1950223927757681,smk_can_187,22,46.205,eea1cc34fd9d82b0c6d7267dcc1cac30b2234f9f9020f48754a66d120f25f54e
l1_logistic,k,k:1,,1,19993,logistic,none,4104370786,0.5454545454545454,0.5684421534936999,0.260764623672787,0.1144740104270432,0.4088993026871165,,,0.3001415798970226,,1.732620320855615,0.9037433155080212,,0.1418611107039819,smk_can_187,22,46.205,eea1cc34fd9d82b0c6d7267dcc1cac30b2234f9f9020f48754a66d120f25f54e
l1_logistic,k,k:2,,2,19993,logistic,none,4104370786,0.5775401069518716,0.6219931271477663,0.2526693562225505,0.1228443691980003,0.3332760564909838,,,0.2994159286585699,,1.711229946524064,0.9037433155080212,,0.1464217071954727,smk_can_187,22,46.205,eea1cc34fd9d82b0c6d7267dcc1cac30b2234f9f9020f48754a66d120f25f54e
l1_logistic,k,k:4,,4,19993,logistic,none,4104370786,0.6470588235294118,0.6806414662084765,0.2388425592192652,0.1355196695436188,0.2774431388376641,,,0.3244343562750072,,1.6524064171122994,0.9037433155080212,,0.1458019835343024,smk_can_187,22,46.205,eea1cc34fd9d82b0c6d7267dcc1cac30b2234f9f9020f48754a66d120f25f54e
l1_logistic,k,k:8,,8,19993,logistic,none,4104370786,0.6844919786096256,0.7404352806414662,0.2348316116790991,0.194312137191871,0.2288475272357767,,,0.338663458704403,,1.5401069518716577,0.9037433155080212,,0.189413430788724,smk_can_187,22,46.205,eea1cc34fd9d82b0c6d7267dcc1cac30b2234f9f9020f48754a66d120f25f54e
l1_logistic,k,k:16,,16,19993,logistic,none,4104370786,0.7219251336898396,0.7649484536082474,0.2314205507306733,0.1954542018704976,0.206819703366574,,,0.336479498806337,,1.5454545454545454,0.9037433155080212,,0.2021623483448876,smk_can_187,22,46.205,eea1cc34fd9d82b0c6d7267dcc1cac30b2234f9f9020f48754a66d120f25f54e
l1_logistic,k,k:32,,32,19993,logistic,none,4104370786,0.6951871657754011,0.7852233676975945,0.2322557429846639,0.2145856757397187,0.1717242210873433,,,0.3394305520261921,,1.46524064171123,0.9037433155080212,,0.2047990013244928,smk_can_187,22,46.205,eea1cc34fd9d82b0c6d7267dcc1cac30b2234f9f9020f48754a66d120f25f54e
l1_logistic,k,k:64,,64,19993,logistic,none,4104370786,0.7486631016042781,0.8081328751431844,0.1993211901305638,0.1742274621896362,0.1423579309429391,,,0.3687641707133103,,1.4331550802139037,0.9037433155080212,,0.1808036383113275,smk_can_187,22,46.205,eea1cc34fd9d82b0c6d7267dcc1cac30b2234f9f9020f48754a66d120f25f54e
l1_logistic,k,k:128,,128,19993,logistic,none,4104370786,0.7379679144385026,0.7851088201603665,0.2113598838447309,0.1846553108262159,0.1608425281349312,,,0.3652126121153611,,1.4491978609625669,0.9037433155080212,,0.1979167414628568,smk_can_187,22,46.205,eea1cc34fd9d82b0c6d7267dcc1cac30b2234f9f9020f48754a66d120f25f54e
l1_logistic,k,k:256,,256,19993,logistic,none,4104370786,0.7486631016042781,0.788774341351661,0.2070728012513324,0.1878063618803654,0.1647934949358664,,,0.3746318256962205,,1.4866310160427807,0.9037433155080212,,0.1731692215146655,smk_can_187,22,46.205,eea1cc34fd9d82b0c6d7267dcc1cac30b2234f9f9020f48754a66d120f25f54e
l1_logistic,frac,frac:1,1.0,19993,19993,logistic,none,3979824512,0.7433155080213903,0.783963344788087,0.2180598306720363,0.2158194292731362,0.1670387438016417,,,0.3744556053698811,,1.497326203208556,0.9037433155080212,,0.1988260994444129,smk_can_187,23,41.75,eea1cc34fd9d82b0c6d7267dcc1cac30b2234f9f9020f48754a66d120f25f54e
l1_logistic,k,k:1,,1,19993,logistic,none,3979824512,0.5882352941176471,0.6058419243986254,0.2533818226784012,0.115708567157511,0.3964406957288944,,,0.3020935929491851,,1.7647058823529411,0.9037433155080212,,0.120285391490353,smk_can_187,23,41.75,eea1cc34fd9d82b0c6d7267dcc1cac30b2234f9f9020f48754a66d120f25f54e
l1_logistic,k,k:2,,2,19993,logistic,none,3979824512,0.5989304812834224,0.6444444444444445,0.2474225948207518,0.1467143674672009,0.3360829849086464,,,0.3143647982344359,,1.711229946524064,0.9037433155080212,,0.1575783654666453,smk_can_187,23,41.75,eea1cc34fd9d82b0c6d7267dcc1cac30b2234f9f9020f48754a66d120f25f54e
l1_logistic,k,k:4,,4,19993,logistic,none,3979824512,0.6417112299465241,0.70446735395189,0.2351920857451771,0.1457940710667934,0.2301258420780427,,,0.3295956257083711,,1.5668449197860963,0.9037433155080212,,0.1681915377895712,smk_can_187,23,41.75,eea1cc34fd9d82b0c6d7267dcc1cac30b2234f9f9020f48754a66d120f25f54e
l1_logistic,k,k:8,,8,19993,logistic,none,3979824512,0.6737967914438503,0.7414662084765177,0.2231308427980398,0.1467395113317657,0.2175251555415785,,,0.3534649391335459,,1.5561497326203209,0.9037433155080212,,0.1442201835813801,smk_can_187,23,41.75,eea1cc34fd9d82b0c6d7267dcc1cac30b2234f9f9020f48754a66d120f25f54e
l1_logistic,k,k:16,,16,19993,logistic,none,3979824512,0.7379679144385026,0.7996563573883162,0.209758125090943,0.1727374428385729,0.155969173969831,,,0.3605148208642432,,1.4171122994652403,0.9037433155080212,,0.1788813111694163,smk_can_187,23,41.75,eea1cc34fd9d82b0c6d7267dcc1cac30b2234f9f9020f48754a66d120f25f54e
l1_logistic,k,k:32,,32,19993,logistic,none,3979824512,0.7647058823529411,0.8247422680412371,0.1928477261526062,0.1612711766291953,0.1394824923917792,,,0.3797991428708215,,1.3850267379679144,0.9037433155080212,,0.1595881350012889,smk_can_187,23,41.75,eea1cc34fd9d82b0c6d7267dcc1cac30b2234f9f9020f48754a66d120f25f54e
l1_logistic,k,k:64,,64,19993,logistic,none,3979824512,0.7593582887700535,0.8282932416953035,0.1857273929700642,0.1684808195263011,0.1273832364525725,,,0.3915318066550622,,1.358288770053476,0.9037433155080212,,0.1522425769104805,smk_can_187,23,41.75,eea1cc34fd9d82b0c6d7267dcc1cac30b2234f9f9020f48754a66d120f25f54e
l1_logistic,k,k:128,,128,19993,logistic,none,3979824512,0.7647058823529411,0.8258877434135167,0.1880251001610364,0.1474946583537033,0.1345382059916684,,,0.3872172097791379,,1.39572192513369,0.9037433155080212,,0.1613538848668219,smk_can_187,23,41.75,eea1cc34fd9d82b0c6d7267dcc1cac30b2234f9f9020f48754a66d120f25f54e
l1_logistic,k,k:256,,256,19993,logistic,none,3979824512,0.7593582887700535,0.8242840778923254,0.1893316118320198,0.1800976691713386,0.1366078293105445,,,0.3837523523840376,,1.3529411764705883,0.9037433155080212,,0.1569441762033485,smk_can_187,23,41.75,eea1cc34fd9d82b0c6d7267dcc1cac30b2234f9f9020f48754a66d120f25f54e
l1_logistic,frac,frac:1,1.0,19993,19993,logistic,none,982318591,0.7005347593582888,0.7918671248568155,0.2324819583901286,0.2182661077546812,0.1693075681845631,,,0.3528138624606023,,1.39572192513369,0.9037433155080212,,0.2040790419114841,smk_can_187,24,49.463,eea1cc34fd9d82b0c6d7267dcc1cac30b2234f9f9020f48754a66d120f25f54e
l1_logistic,k,k:1,,1,19993,logistic,none,982318591,0.5454545454545454,0.6262886597938144,0.2456466791309015,0.1458426009236977,0.3644083790378146,,,0.3046466982068125,,1.7219251336898396,0.9037433155080212,,0.1279964438951135,smk_can_187,24,49.463,eea1cc34fd9d82b0c6d7267dcc1cac30b2234f9f9020f48754a66d120f25f54e
l1_logistic,k,k:2,,2,19993,logistic,none,982318591,0.5989304812834224,0.6655211912943871,0.2389892228065435,0.0988237278690404,0.3130078986735057,,,0.3158218719102618,,1.6684491978609626,0.9037433155080212,,0.1222694322592651,smk_can_187,24,49.463,eea1cc34fd9d82b0c6d7267dcc1cac30b2234f9f9020f48754a66d120f25f54e
l1_logistic,k,k:4,,4,19993,logistic,none,982318591,0.6256684491978609,0.7140893470790378,0.2227361999204382,0.1185932342683832,0.2538714284045381,,,0.3429089060139265,,1.588235294117647,0.9037433155080212,,0.139671301627182,smk_can_187,24,49.463,eea1cc34fd9d82b0c6d7267dcc1cac30b2234f9f9020f48754a66d120f25f54e
l1_logistic,k,k:8,,8,19993,logistic,none,982318591,0.7112299465240641,0.7664375715922108,0.2123372303416215,0.1558699912553752,0.2130072335405697,,,0.3682325689914571,,1.497326203208556,0.9037433155080212,,0.1560116155870591,smk_can_187,24,49.463,eea1cc34fd9d82b0c6d7267dcc1cac30b2234f9f9020f48754a66d120f25f54e
l1_logistic,k,k:16,,16,19993,logistic,none,982318591,0.7112299465240641,0.7798396334478809,0.2234317327347543,0.208954575963711,0.1814921063441599,,,0.3602700382265588,,1.427807486631016,0.9037433155080212,,0.1889572424683417,smk_can_187,24,49.463,eea1cc34fd9d82b0c6d7267dcc1cac30b2234f9f9020f48754a66d120f25f54e
l1_logistic,k,k:32,,32,19993,logistic,none,982318591,0.7219251336898396,0.7702176403207331,0.2287476655265554,0.1954649619332152,0.1986333258843968,,,0.3602427240786979,,1.497326203208556,0.9037433155080212,,0.2153415623154139,smk_can_187,24,49.463,eea1cc34fd9d82b0c6d7267dcc1cac30b2234f9f9020f48754a66d120f25f54e
l1_logistic,k,k:64,,64,19993,logistic,none,982318591,0.7058823529411765,0.7910652920962199,0.2229177465704787,0.1873444419255219,0.1743325666623999,,,0.3512980514869328,,1.4759358288770053,0.9037433155080212,,0.1961039273177701,smk_can_187,24,49.463,eea1cc34fd9d82b0c6d7267dcc1cac30b2234f9f9020f48754a66d120f25f54e
l1_logistic,k,k:128,,128,19993,logistic,none,982318591,0.7433155080213903,0.813631156930126,0.2006357800453596,0.1794346727807949,0.1567988508671299,,,0.3715262799769511,,1.427807486631016,0.9037433155080212,,0.1625258538865295,smk_can_187,24,49.463,eea1cc34fd9d82b0c6d7267dcc1cac30b2234f9f9020f48754a66d120f25f54e
l1_logistic,k,k:256,,256,19993,logistic,none,982318591,0.7540106951871658,0.8128293241695304,0.1969063194765927,0.1609240107471064,0.1596873909772911,,,0.375057337926113,,1.4331550802139037,0.9037433155080212,,0.1636937294421885,smk_can_187,24,49.463,eea1cc34fd9d82b0c6d7267dcc1cac30b2234f9f9020f48754a66d120f25f54e
l1_logistic,frac,frac:1,1.0,19993,19993,logistic,none,3791368785,0.7433155080213903,0.7926689576174113,0.2151496360479912,0.1923517168773144,0.1579867609873854,,,0.3679542767036097,,1.4385026737967914,0.9037433155080212,,0.1966644983987046,smk_can_187,25,46.373,eea1cc34fd9d82b0c6d7267dcc1cac30b2234f9f9020f48754a66d120f25f54e
l1_logistic,k,k:1,,1,19993,logistic,none,3791368785,0.5775401069518716,0.6124856815578466,0.2472327230397068,0.104096803625748,0.3580728070525174,,,0.3067841997895448,,1.6844919786096255,0.9037433155080212,,0.1008143701474672,smk_can_187,25,46.373,eea1cc34fd9d82b0c6d7267dcc1cac30b2234f9f9020f48754a66d120f25f54e
l1_logistic,k,k:2,,2,19993,logistic,none,3791368785,0.6844919786096256,0.7239404352806414,0.2158647238997587,0.1083045401366821,0.2723768136684394,,,0.3476847566879425,,1.6631016042780749,0.9037433155080212,,0.1208962046567121,smk_can_187,25,46.373,eea1cc34fd9d82b0c6d7267dcc1cac30b2234f9f9020f48754a66d120f25f54e
l1_logistic,k,k:4,,4,19993,logistic,none,3791368785,0.6577540106951871,0.706987399770905,0.2332290210332855,0.1372088234363687,0.2557252374696087,,,0.3313913384738836,,1.609625668449198,0.9037433155080212,,0.1451823811610456,smk_can_187,25,46.373,eea1cc34fd9d82b0c6d7267dcc1cac30b2234f9f9020f48754a66d120f25f54e
l1_logistic,k,k:8,,8,19993,logistic,none,3791368785,0.6737967914438503,0.7223367697594502,0.2389872305585459,0.1849318060152811,0.2413158297205926,,,0.3452381399777536,,1.572192513368984,0.9037433155080212,,0.1957190008370354,smk_can_187,25,46.373,eea1cc34fd9d82b0c6d7267dcc1cac30b2234f9f9020f48754a66d120f25f54e
l1_logistic,k,k:16,,16,19993,logistic,none,3791368785,0.679144385026738,0.7381443298969073,0.2569006691847109,0.2366566343637458,0.2375602455160491,,,0.3284247295770884,,1.5668449197860963,0.9037433155080212,,0.2362038727363178,smk_can_187,25,46.373,eea1cc34fd9d82b0c6d7267dcc1cac30b2234f9f9020f48754a66d120f25f54e
l1_logistic,k,k:32,,32,19993,logistic,none,3791368785,0.7058823529411765,0.77262313860252,0.2316651487984013,0.2064997549044761,0.1989872562151666,,,0.3443464749159536,,1.4759358288770053,0.9037433155080212,,0.2027263424765261,smk_can_187,25,46.373,eea1cc34fd9d82b0c6d7267dcc1cac30b2234f9f9020f48754a66d120f25f54e
l1_logistic,k,k:64,,64,19993,logistic,none,3791368785,0.7219251336898396,0.7852233676975945,0.2163288811603838,0.2036790810136078,0.179724153077997,,,0.3633701118976133,,1.4866310160427807,0.9037433155080212,,0.1855444170796449,smk_can_187,25,46.373,eea1cc34fd9d82b0c6d7267dcc1cac30b2234f9f9020f48754a66d120f25f54e
l1_logistic,k,k:128,,128,19993,logistic,none,3791368785,0.7058823529411765,0.7854524627720504,0.2165815397782401,0.2077444473612147,0.1766355843555122,,,0.359266312185198,,1.4705882352941178,0.9037433155080212,,0.1955214958624288,smk_can_187,25,46.373,eea1cc34fd9d82b0c6d7267dcc1cac30b2234f9f9020f48754a66d120f25f54e
l1_logistic,k,k:256,,256,19993,logistic,none,3791368785,0.7165775401069518,0.7868270332187858,0.2112927662690178,0.1847037185164636,0.1742867722167856,,,0.3628943449412445,,1.4064171122994653,0.9037433155080212,,0.1764142531610682,smk_can_187,25,46.373,eea1cc34fd9d82b0c6d7267dcc1cac30b2234f9f9020f48754a66d120f25f54e
l1_logistic,frac,frac:1,1.0,19993,19993,logistic,none,902132615,0.7379679144385026,0.8028636884306988,0.2123146173126555,0.2098153783462136,0.1586277451401915,,,0.3757757730688934,,1.4224598930481285,0.9037433155080212,,0.2004786151378868,smk_can_187,26,53.972,eea1cc34fd9d82b0c6d7267dcc1cac30b2234f9f9020f48754a66d120f25f54e
l1_logistic,k,k:1,,1,19993,logistic,none,902132615,0.5935828877005348,0.6245131729667812,0.2416339777123025,0.0815849657341128,0.3426472601542422,,,0.3179282992977022,,1.700534759358289,0.9037433155080212,,0.0845519646521972,smk_can_187,26,53.972,eea1cc34fd9d82b0c6d7267dcc1cac30b2234f9f9020f48754a66d120f25f54e
l1_logistic,k,k:2,,2,19993,logistic,none,902132615,0.5935828877005348,0.6304696449026346,0.2467336348364643,0.1552442633002446,0.3425233881039924,,,0.3204971857877188,,1.695187165775401,0.9037433155080212,,0.1489413671526901,smk_can_187,26,53.972,eea1cc34fd9d82b0c6d7267dcc1cac30b2234f9f9020f48754a66d120f25f54e
l1_logistic,k,k:4,,4,19993,logistic,none,902132615,0.6310160427807486,0.6765177548682703,0.2434604178379585,0.1728559268281801,0.292005911289136,,,0.3181710584826605,,1.609625668449198,0.9037433155080212,,0.1879521732488094,smk_can_187,26,53.972,eea1cc34fd9d82b0c6d7267dcc1cac30b2234f9f9020f48754a66d120f25f54e
l1_logistic,k,k:8,,8,19993,logistic,none,902132615,0.6844919786096256,0.7284077892325315,0.2341127517223462,0.1748109367136376,0.2599982941201992,,,0.3386977665675679,,1.6149732620320856,0.9037433155080212,,0.1806086955236109,smk_can_187,26,53.972,eea1cc34fd9d82b0c6d7267dcc1cac30b2234f9f9020f48754a66d120f25f54e
l1_logistic,k,k:16,,16,19993,logistic,none,902132615,0.7433155080213903,0.7904925544100803,0.2021300317700572,0.1706865151079813,0.1887027114878131,,,0.3656115569812222,,1.53475935828877,0.9037433155080212,,0.1728802707593617,smk_can_187,26,53.972,eea1cc34fd9d82b0c6d7267dcc1cac30b2234f9f9020f48754a66d120f25f54e
l1_logistic,k,k:32,,32,19993,logistic,none,902132615,0.7272727272727273,0.7710194730813287,0.2229955769402726,0.208949739733929,0.1912374205556406,,,0.3626277675906691,,1.518716577540107,0.9037433155080212,,0.2217529075461647,smk_can_187,26,53.972,eea1cc34fd9d82b0c6d7267dcc1cac30b2234f9f9020f48754a66d120f25f54e
l1_logistic,k,k:64,,64,19993,logistic,none,902132615,0.7219251336898396,0.8026345933562429,0.2127928642445688,0.186066968074746,0.137517158036055,,,0.3672943717874466,,1.4224598930481285,0.9037433155080212,,0.1819538058620415,smk_can_187,26,53.972,eea1cc34fd9d82b0c6d7267dcc1cac30b2234f9f9020f48754a66d120f25f54e
l1_logistic,k,k:128,,128,19993,logistic,none,902132615,0.7112299465240641,0.7872852233676976,0.2210902966355711,0.2103215880445559,0.1530053425601537,,,0.3700169231416182,,1.4598930481283423,0.9037433155080212,,0.1977668537275302,smk_can_187,26,53.972,eea1cc34fd9d82b0c6d7267dcc1cac30b2234f9f9020f48754a66d120f25f54e
l1_logistic,k,k:256,,256,19993,logistic,none,902132615,0.7219251336898396,0.7871706758304696,0.2173280447725875,0.20019865345464,0.1520694237773863,,,0.3740499749860082,,1.4438502673796791,0.9037433155080212,,0.1932652853967273,smk_can_187,26,53.972,eea1cc34fd9d82b0c6d7267dcc1cac30b2234f9f9020f48754a66d120f25f54e
l1_logistic,frac,frac:1,1.0,19993,19993,logistic,none,493763982,0.7593582887700535,0.804696449026346,0.2128774816961678,0.2001586419100676,0.1513471645793608,,,0.3646129475597299,,1.411764705882353,0.9037433155080212,,0.2060910536213176,smk_can_187,27,41.435,eea1cc34fd9d82b0c6d7267dcc1cac30b2234f9f9020f48754a66d120f25f54e
l1_logistic,k,k:1,,1,19993,logistic,none,493763982,0.4919786096256685,0.53631156930126,0.2574588535169022,0.1343257985887477,0.424557527412539,,,0.3029548538669546,,1.7433155080213905,0.9037433155080212,,0.1448646055095746,smk_can_187,27,41.435,eea1cc34fd9d82b0c6d7267dcc1cac30b2234f9f9020f48754a66d120f25f54e
l1_logistic,k,k:2,,2,19993,logistic,none,493763982,0.6042780748663101,0.6458190148911799,0.2391515308095679,0.1379675561119724,0.3173266021901172,,,0.3196469679439677,,1.6898395721925137,0.9037433155080212,,0.1630049901090975,smk_can_187,27,41.435,eea1cc34fd9d82b0c6d7267dcc1cac30b2234f9f9020f48754a66d120f25f54e
l1_logistic,k,k:4,,4,19993,logistic,none,493763982,0.6631016042780749,0.6969072164948453,0.2282906078776752,0.1096773794926672,0.2743528292653437,,,0.3433480443045584,,1.609625668449198,0.9037433155080212,,0.1272102278190167,smk_can_187,27,41.435,eea1cc34fd9d82b0c6d7267dcc1cac30b2234f9f9020f48754a66d120f25f54e
l1_logistic,k,k:8,,8,19993,logistic,none,493763982,0.7112299465240641,0.7691867124856815,0.2058886359830883,0.1318023098583298,0.2137735977159887,,,0.3558291885366746,,1.4919786096256684,0.9037433155080212,,0.1575459382915274,smk_can_187,27,41.435,eea1cc34fd9d82b0c6d7267dcc1cac30b2234f9f9020f48754a66d120f25f54e
l1_logistic,k,k:16,,16,19993,logistic,none,493763982,0.7219251336898396,0.8073310423825888,0.2032298564687732,0.1669711349235565,0.1686489044234942,,,0.3607547229621393,,1.411764705882353,0.9037433155080212,,0.1742429137517227,smk_can_187,27,41.435,eea1cc34fd9d82b0c6d7267dcc1cac30b2234f9f9020f48754a66d120f25f54e
l1_logistic,k,k:32,,32,19993,logistic,none,493763982,0.7165775401069518,0.7888888888888889,0.2169127827205317,0.1814041940141468,0.1658275861283406,,,0.3578893552797627,,1.4598930481283423,0.9037433155080212,,0.1863590180129803,smk_can_187,27,41.435,eea1cc34fd9d82b0c6d7267dcc1cac30b2234f9f9020f48754a66d120f25f54e
l1_logistic,k,k:64,,64,19993,logistic,none,493763982,0.7486631016042781,0.7893470790378007,0.2131796309700758,0.1947528301879061,0.1771304899073438,,,0.3564110007754404,,1.46524064171123,0.9037433155080212,,0.1957163427692834,smk_can_187,27,41.435,eea1cc34fd9d82b0c6d7267dcc1cac30b2234f9f9020f48754a66d120f25f54e
l1_logistic,k,k:128,,128,19993,logistic,none,493763982,0.7700534759358288,0.8060710194730814,0.1987555558405039,0.1590596131308591,0.1566940317380803,,,0.3707021858206809,,1.427807486631016,0.9037433155080212,,0.1704564159323343,smk_can_187,27,41.435,eea1cc34fd9d82b0c6d7267dcc1cac30b2234f9f9020f48754a66d120f25f54e
l1_logistic,k,k:256,,256,19993,logistic,none,493763982,0.7540106951871658,0.8112256586483391,0.1946675716385021,0.1653925350599561,0.1548399988914325,,,0.3718551221480441,,1.4385026737967914,0.9037433155080212,,0.1589800095747664,smk_can_187,27,41.435,eea1cc34fd9d82b0c6d7267dcc1cac30b2234f9f9020f48754a66d120f25f54e
l1_logistic,frac,frac:1,1.0,19993,19993,logistic,none,2167051484,0.7219251336898396,0.7891179839633448,0.225788682652844,0.2065484099200853,0.1566427640274649,,,0.3599678970709697,,1.4705882352941178,0.9037433155080212,,0.2156054366048825,smk_can_187,28,36.437,eea1cc34fd9d82b0c6d7267dcc1cac30b2234f9f9020f48754a66d120f25f54e
l1_logistic,k,k:1,,1,19993,logistic,none,2167051484,0.5614973262032086,0.579495990836197,0.2521829104487166,0.0816182445471827,0.4012166035204897,,,0.3029824935561185,,1.7700534759358288,0.9037433155080212,,0.0900977149401819,smk_can_187,28,36.437,eea1cc34fd9d82b0c6d7267dcc1cac30b2234f9f9020f48754a66d120f25f54e
l1_logistic,k,k:2,,2,19993,logistic,none,2167051484,0.5775401069518716,0.622794959908362,0.2529010411499565,0.1499000021627674,0.3446051041564751,,,0.310212934200935,,1.7165775401069518,0.9037433155080212,,0.1641541628343998,smk_can_187,28,36.437,eea1cc34fd9d82b0c6d7267dcc1cac30b2234f9f9020f48754a66d120f25f54e
l1_logistic,k,k:4,,4,19993,logistic,none,2167051484,0.6417112299465241,0.6896907216494845,0.242848358016807,0.1480932441238618,0.2724386847609273,,,0.3174633877235675,,1.641711229946524,0.9037433155080212,,0.166485814872842,smk_can_187,28,36.437,eea1cc34fd9d82b0c6d7267dcc1cac30b2234f9f9020f48754a66d120f25f54e
l1_logistic,k,k:8,,8,19993,logistic,none,2167051484,0.6898395721925134,0.7221076746849943,0.2386651979893458,0.1559648597635483,0.2428261045429687,,,0.3292833417126293,,1.6149732620320856,0.9037433155080212,,0.1825149623224255,smk_can_187,28,36.437,eea1cc34fd9d82b0c6d7267dcc1cac30b2234f9f9020f48754a66d120f25f54e
l1_logistic,k,k:16,,16,19993,logistic,none,2167051484,0.6951871657754011,0.7544100801832759,0.2469595126355083,0.2151448576020121,0.2036910312135535,,,0.3238648545426121,,1.5828877005347597,0.9037433155080212,,0.2283629845857702,smk_can_187,28,36.437,eea1cc34fd9d82b0c6d7267dcc1cac30b2234f9f9020f48754a66d120f25f54e
l1_logistic,k,k:32,,32,19993,logistic,none,2167051484,0.6951871657754011,0.7512027491408935,0.2475556352366321,0.2232511868384324,0.200735693034669,,,0.3392795223743759,,1.53475935828877,0.9037433155080212,,0.2324353211869687,smk_can_187,28,36.437,eea1cc34fd9d82b0c6d7267dcc1cac30b2234f9f9020f48754a66d120f25f54e
l1_logistic,k,k:64,,64,19993,logistic,none,2167051484,0.7005347593582888,0.7599083619702176,0.236495367280258,0.1942561563943086,0.1823397556420645,,,0.3471436542013671,,1.518716577540107,0.9037433155080212,,0.2128110717380515,smk_can_187,28,36.437,eea1cc34fd9d82b0c6d7267dcc1cac30b2234f9f9020f48754a66d120f25f54e
l1_logistic,k,k:128,,128,19993,logistic,none,2167051484,0.7058823529411765,0.7788087056128293,0.2228442932284446,0.198293193478596,0.1628964112281923,,,0.3564173297109361,,1.4759358288770053,0.9037433155080212,,0.1913221536407284,smk_can_187,28,36.437,eea1cc34fd9d82b0c6d7267dcc1cac30b2234f9f9020f48754a66d120f25f54e
l1_logistic,k,k:256,,256,19993,logistic,none,2167051484,0.6951871657754011,0.7693012600229095,0.23005148457743,0.201431224971275,0.1748618067978365,,,0.3498251380257627,,1.4919786096256684,0.9037433155080212,,0.1896275999897523,smk_can_187,28,36.437,eea1cc34fd9d82b0c6d7267dcc1cac30b2234f9f9020f48754a66d120f25f54e
l1_logistic,frac,frac:1,1.0,19993,19993,logistic,none,105036212,0.7433155080213903,0.8034364261168384,0.2146969677782145,0.1941654268254012,0.1447334007455617,,,0.3689868155089325,,1.4064171122994653,0.9037433155080212,,0.2003996372338348,smk_can_187,29,41.179,eea1cc34fd9d82b0c6d7267dcc1cac30b2234f9f9020f48754a66d120f25f54e
l1_logistic,k,k:1,,1,19993,logistic,none,105036212,0.5454545454545454,0.6061282932416953,0.2440300952930655,0.1091639061900561,0.3517310657978001,,,0.3123234266831178,,1.6684491978609626,0.9037433155080212,,0.1244031234157954,smk_can_187,29,41.179,eea1cc34fd9d82b0c6d7267dcc1cac30b2234f9f9020f48754a66d120f25f54e
l1_logistic,k,k:2,,2,19993,logistic,none,105036212,0.5668449197860963,0.6148911798396334,0.2483297417369964,0.161282668184934,0.3500378063455459,,,0.3167495685342685,,1.6684491978609626,0.9037433155080212,,0.1644283363222801,smk_can_187,29,41.179,eea1cc34fd9d82b0c6d7267dcc1cac30b2234f9f9020f48754a66d120f25f54e
l1_logistic,k,k:4,,4,19993,logistic,none,105036212,0.6417112299465241,0.6769759450171822,0.2429663799008818,0.1433784010810727,0.2821848946244772,,,0.3304079090684127,,1.641711229946524,0.9037433155080212,,0.1718958293307945,smk_can_187,29,41.179,eea1cc34fd9d82b0c6d7267dcc1cac30b2234f9f9020f48754a66d120f25f54e
l1_logistic,k,k:8,,8,19993,logistic,none,105036212,0.6737967914438503,0.7268041237113402,0.2411263850747096,0.1896530965551023,0.2394107182411191,,,0.3377785402478106,,1.5508021390374331,0.9037433155080212,,0.1807503217117816,smk_can_187,29,41.179,eea1cc34fd9d82b0c6d7267dcc1cac30b2234f9f9020f48754a66d120f25f54e
l1_logistic,k,k:16,,16,19993,logistic,none,105036212,0.6898395721925134,0.7791523482245132,0.2330973218822716,0.2153244484058137,0.1633577843302264,,,0.3370865813542558,,1.4759358288770053,0.9037433155080212,,0.2071932977409298,smk_can_187,29,41.179,eea1cc34fd9d82b0c6d7267dcc1cac30b2234f9f9020f48754a66d120f25f54e
l1_logistic,k,k:32,,32,19993,logistic,none,105036212,0.7379679144385026,0.7807560137457045,0.2212794140331125,0.214608537093582,0.168977894410311,,,0.3654627811047627,,1.4331550802139037,0.9037433155080212,,0.2085287126619446,smk_can_187,29,41.179,eea1cc34fd9d82b0c6d7267dcc1cac30b2234f9f9020f48754a66d120f25f54e
l1_logistic,k,k:64,,64,19993,logistic,none,105036212,0.732620320855615,0.7893470790378007,0.2161210563584485,0.2008516157869259,0.1571166068905135,,,0.3684108194183198,,1.4438502673796791,0.9037433155080212,,0.2011643022901639,smk_can_187,29,41.179,eea1cc34fd9d82b0c6d7267dcc1cac30b2234f9f9020f48754a66d120f25f54e
l1_logistic,k,k:128,,128,19993,logistic,none,105036212,0.7647058823529411,0.7963344788087057,0.1989869891850235,0.1683040588017751,0.1475869285489804,,,0.3893745588535957,,1.5080213903743316,0.9037433155080212,,0.1765299934906923,smk_can_187,29,41.179,eea1cc34fd9d82b0c6d7267dcc1cac30b2234f9f9020f48754a66d120f25f54e
l1_logistic,k,k:256,,256,19993,logistic,none,105036212,0.7807486631016043,0.8008018327605956,0.1950180726789666,0.1812905278109635,0.1451373673606007,,,0.3931616982495771,,1.4491978609625669,0.9037433155080212,,0.1809202822726283,smk_can_187,29,41.179,eea1cc34fd9d82b0c6d7267dcc1cac30b2234f9f9020f48754a66d120f25f54e
l1_logistic,frac,frac:1,1.0,19993,19993,rf,none,3761767857,0.7058823529411765,0.7241695303550973,0.2064434937611408,0.1001426024955436,0.2304498460615543,,,0.3661709737972042,,1.609625668449198,0.9090909090909092,,0.114,smk_can_187,0,47.213,eea1cc34fd9d82b0c6d7267dcc1cac30b2234f9f9020f48754a66d120f25f54e
l1_logistic,k,k:1,,1,19993,rf,none,3761767857,0.4759358288770053,0.5213058419243987,0.3781398402323893,0.3691681521093285,0.4507174670130343,,,0.2222957002440392,,1.7754010695187166,0.9251336898395722,,0.3924755555555556,smk_can_187,0,47.213,eea1cc34fd9d82b0c6d7267dcc1cac30b2234f9f9020f48754a66d120f25f54e
l1_logistic,k,k:2,,2,19993,rf,none,3761767857,0.5561497326203209,0.6017754868270332,0.2868123588829471,0.1959714795008912,0.3744585498475028,,,0.2775905281154934,,1.7379679144385027,0.9037433155080212,,0.2458222222222222,smk_can_187,0,47.213,eea1cc34fd9d82b0c6d7267dcc1cac30b2234f9f9020f48754a66d120f25f54e
l1_logistic,k,k:4,,4,19993,rf,none,3761767857,0.6203208556149733,0.6453608247422681,0.2640190136660725,0.2042780748663101,0.3040029431020549,,,0.2844277891557871,,1.6203208556149733,0.9037433155080212,,0.2239555555555555,smk_can_187,0,47.213,eea1cc34fd9d82b0c6d7267dcc1cac30b2234f9f9020f48754a66d120f25f54e
l1_logistic,k,k:8,,8,19993,rf,none,3761767857,0.6363636363636364,0.7038946162657502,0.2218854426619132,0.1051336898395721,0.2385512980647728,,,0.3400314651734712,,1.5828877005347597,0.9037433155080212,,0.1211111111111111,smk_can_187,0,47.213,eea1cc34fd9d82b0c6d7267dcc1cac30b2234f9f9020f48754a66d120f25f54e
l1_logistic,k,k:16,,16,19993,rf,none,3761767857,0.6684491978609626,0.7297250859106529,0.2062994652406417,0.082602495543672,0.2066663025419637,,,0.3600795826295893,,1.5668449197860963,0.9037433155080212,,0.0836,smk_can_187,0,47.213,eea1cc34fd9d82b0c6d7267dcc1cac30b2234f9f9020f48754a66d120f25f54e
l1_logistic,k,k:32,,32,19993,rf,none,3761767857,0.6844919786096256,0.7636311569301261,0.1927964349376114,0.1141889483065954,0.1696025517704531,,,0.3712809860012644,,1.5080213903743316,0.9037433155080212,,0.0876444444444444,smk_can_187,0,47.213,eea1cc34fd9d82b0c6d7267dcc1cac30b2234f9f9020f48754a66d120f25f54e
l1_logistic,k,k:64,,64,19993,rf,none,3761767857,0.7005347593582888,0.7623711340206185,0.1908943553178847,0.1241354723707665,0.1637973613575086,,,0.3797880240835399,,1.481283422459893,0.9090909090909092,,0.1278222222222222,smk_can_187,0,47.213,eea1cc34fd9d82b0c6d7267dcc1cac30b2234f9f9020f48754a66d120f25f54e
l1_logistic,k,k:128,,128,19993,rf,none,3761767857,0.6898395721925134,0.7628865979381443,0.1934433749257278,0.0992156862745097,0.1745231010954168,,,0.3754756901961414,,1.4705882352941178,0.9037433155080212,,0.1087111111111111,smk_can_187,0,47.213,eea1cc34fd9d82b0c6d7267dcc1cac30b2234f9f9020f48754a66d120f25f54e
l1_logistic,k,k:256,,256,19993,rf,none,3761767857,0.7005347593582888,0.7768613974799542,0.1929145573380867,0.0915508021390374,0.1748718820616206,,,0.3734517695336659,,1.4331550802139037,0.9037433155080212,,0.1171555555555555,smk_can_187,0,47.213,eea1cc34fd9d82b0c6d7267dcc1cac30b2234f9f9020f48754a66d120f25f54e
l1_logistic,frac,frac:1,1.0,19993,19993,rf,none,1712214194,0.7219251336898396,0.7518900343642612,0.2006773618538324,0.082566844919786,0.2013659205316576,,,0.3677019364987521,,1.518716577540107,0.9037433155080212,,0.0988888888888889,smk_can_187,1,53.272,eea1cc34fd9d82b0c6d7267dcc1cac30b2234f9f9020f48754a66d120f25f54e
l1_logistic,k,k:1,,1,19993,rf,none,1712214194,0.4866310160427807,0.5361397479954181,0.3626518005828593,0.3467960275019099,0.4266492680009198,,,0.2364388901880516,,1.7700534759358288,0.9037433155080212,,0.3974139682539682,smk_can_187,1,53.272,eea1cc34fd9d82b0c6d7267dcc1cac30b2234f9f9020f48754a66d120f25f54e
l1_logistic,k,k:2,,2,19993,rf,none,1712214194,0.5668449197860963,0.6133447880870561,0.2834519310754605,0.2001426024955436,0.3835925710228574,,,0.3004808631637495,,1.7486631016042782,0.9090909090909092,,0.2362222222222222,smk_can_187,1,53.272,eea1cc34fd9d82b0c6d7267dcc1cac30b2234f9f9020f48754a66d120f25f54e
l1_logistic,k,k:4,,4,19993,rf,none,1712214194,0.6470588235294118,0.6654066437571593,0.2427672014260249,0.1506951871657753,0.3071464337239642,,,0.3284103039712746,,1.7219251336898396,0.9037433155080212,,0.1627111111111111,smk_can_187,1,53.272,eea1cc34fd9d82b0c6d7267dcc1cac30b2234f9f9020f48754a66d120f25f54e
l1_logistic,k,k:8,,8,19993,rf,none,1712214194,0.679144385026738,0.734192439862543,0.2105262032085561,0.1191800356506239,0.251111181352405,,,0.357318101850971,,1.5508021390374331,0.9037433155080212,,0.1035111111111111,smk_can_187,1,53.272,eea1cc34fd9d82b0c6d7267dcc1cac30b2234f9f9020f48754a66d120f25f54e
l1_logistic,k,k:16,,16,19993,rf,none,1712214194,0.7165775401069518,0.7876288659793815,0.1840152109328579,0.0915508021390374,0.156029251839424,,,0.381434265528213,,1.4491978609625669,0.9037433155080212,,0.1096888888888889,smk_can_187,1,53.272,eea1cc34fd9d82b0c6d7267dcc1cac30b2234f9f9020f48754a66d120f25f54e
l1_logistic,k,k:32,,32,19993,rf,none,1712214194,0.7540106951871658,0.7999427262313861,0.1780408793820558,0.100427807486631,0.1388480598798565,,,0.3911466548871372,,1.4438502673796791,0.9037433155080212,,0.1110222222222221,smk_can_187,1,53.272,eea1cc34fd9d82b0c6d7267dcc1cac30b2234f9f9020f48754a66d120f25f54e
l1_logistic,k,k:64,,64,19993,rf,none,1712214194,0.7058823529411765,0.7848224513172967,0.1872351752822341,0.1066666666666666,0.1567445193812344,,,0.3814671710129323,,1.4705882352941178,0.9090909090909092,,0.1070222222222222,smk_can_187,1,53.272,eea1cc34fd9d82b0c6d7267dcc1cac30b2234f9f9020f48754a66d120f25f54e
l1_logistic,k,k:128,,128,19993,rf,none,1712214194,0.7165775401069518,0.7441008018327606,0.19611146761735,0.0887344028520499,0.1771852213373219,,,0.3792309310435031,,1.518716577540107,0.9090909090909092,,0.0952,smk_can_187,1,53.272,eea1cc34fd9d82b0c6d7267dcc1cac30b2234f9f9020f48754a66d120f25f54e
l1_logistic,k,k:256,,256,19993,rf,none,1712214194,0.6951871657754011,0.7620274914089348,0.1952206773618538,0.0626381461675579,0.1775896530613417,,,0.3727617709837062,,1.502673796791444,0.9037433155080212,,0.087511111111111,smk_can_187,1,53.272,eea1cc34fd9d82b0c6d7267dcc1cac30b2234f9f9020f48754a66d120f25f54e
l1_logistic,frac,frac:1,1.0,19993,19993,rf,none,720510189,0.6898395721925134,0.7341351660939289,0.2053806298276886,0.1059893048128342,0.2156236524564528,,,0.3626227995585074,,1.5401069518716577,0.9090909090909092,,0.0992444444444444,smk_can_187,2,51.961,eea1cc34fd9d82b0c6d7267dcc1cac30b2234f9f9020f48754a66d120f25f54e
l1_logistic,k,k:1,,1,19993,rf,none,720510189,0.46524064171123,0.484192439862543,0.4017774744173764,0.3849762329174093,0.5058089541560878,,,0.1843682300547446,,1.8128342245989304,0.9037433155080212,,0.4351214814814814,smk_can_187,2,51.961,eea1cc34fd9d82b0c6d7267dcc1cac30b2234f9f9020f48754a66d120f25f54e
l1_logistic,k,k:2,,2,19993,rf,none,720510189,0.5454545454545454,0.5539518900343642,0.3130333927510398,0.2263101604278074,0.4343701271063453,,,0.2552002032646454,,1.7967914438502677,0.9090909090909092,,0.2579555555555556,smk_can_187,2,51.961,eea1cc34fd9d82b0c6d7267dcc1cac30b2234f9f9020f48754a66d120f25f54e
l1_logistic,k,k:4,,4,19993,rf,none,720510189,0.6363636363636364,0.6719931271477663,0.2424009506833036,0.1566488413547237,0.2834964801209592,,,0.3277627098861293,,1.679144385026738,0.9144385026737968,,0.1531111111111111,smk_can_187,2,51.961,eea1cc34fd9d82b0c6d7267dcc1cac30b2234f9f9020f48754a66d120f25f54e
l1_logistic,k,k:8,,8,19993,rf,none,720510189,0.6737967914438503,0.736540664375716,0.2082129530600119,0.0939750445632798,0.2267402484650486,,,0.3602457843795188,,1.572192513368984,0.9037433155080212,,0.0845333333333333,smk_can_187,2,51.961,eea1cc34fd9d82b0c6d7267dcc1cac30b2234f9f9020f48754a66d120f25f54e
l1_logistic,k,k:16,,16,19993,rf,none,720510189,0.7219251336898396,0.7710194730813288,0.1908898395721925,0.1203921568627451,0.1892818357272448,,,0.3786226553199472,,1.497326203208556,0.9037433155080212,,0.1364,smk_can_187,2,51.961,eea1cc34fd9d82b0c6d7267dcc1cac30b2234f9f9020f48754a66d120f25f54e
l1_logistic,k,k:32,,32,19993,rf,none,720510189,0.7379679144385026,0.8120847651775487,0.179802495543672,0.1111229946524064,0.1510359484452478,,,0.3834962226539109,,1.3315508021390374,0.9037433155080212,,0.1270222222222222,smk_can_187,2,51.961,eea1cc34fd9d82b0c6d7267dcc1cac30b2234f9f9020f48754a66d120f25f54e
l1_logistic,k,k:64,,64,19993,rf,none,720510189,0.732620320855615,0.8049255441008019,0.1832404040404041,0.0959001782531194,0.1462042161763515,,,0.3793097271411526,,1.3850267379679144,0.9037433155080212,,0.1096888888888888,smk_can_187,2,51.961,eea1cc34fd9d82b0c6d7267dcc1cac30b2234f9f9020f48754a66d120f25f54e
l1_logistic,k,k:128,,128,19993,rf,none,720510189,0.7058823529411765,0.7732531500572738,0.1924197266785501,0.0768627450980391,0.1720030795797307,,,0.3732085355721969,,1.4759358288770053,0.9037433155080212,,0.0792888888888889,smk_can_187,2,51.961,eea1cc34fd9d82b0c6d7267dcc1cac30b2234f9f9020f48754a66d120f25f54e
l1_logistic,k,k:256,,256,19993,rf,none,720510189,0.7058823529411765,0.7654639175257733,0.1954516934046346,0.1211051693404634,0.1845086631873818,,,0.3702821757307477,,1.481283422459893,0.9037433155080212,,0.1349777777777777,smk_can_187,2,51.961,eea1cc34fd9d82b0c6d7267dcc1cac30b2234f9f9020f48754a66d120f25f54e
l1_logistic,frac,frac:1,1.0,19993,19993,rf,none,3699446150,0.7058823529411765,0.7371706758304697,0.2019572192513369,0.1038502673796791,0.1996481806932319,,,0.3705621360704459,,1.5240641711229947,0.9037433155080212,,0.1069777777777778,smk_can_187,3,51.745,eea1cc34fd9d82b0c6d7267dcc1cac30b2234f9f9020f48754a66d120f25f54e
l1_logistic,k,k:1,,1,19993,rf,none,3699446150,0.6256684491978609,0.6583619702176403,0.2819881932759636,0.2302378405907817,0.3276266590738669,,,0.3070603045221594,,1.6524064171122994,0.9037433155080212,,0.2478500529100528,smk_can_187,3,51.745,eea1cc34fd9d82b0c6d7267dcc1cac30b2234f9f9020f48754a66d120f25f54e
l1_logistic,k,k:2,,2,19993,rf,none,3699446150,0.5668449197860963,0.5332187857961054,0.3130286393345217,0.2241711229946524,0.4465312846263398,,,0.281726758284369,,1.8021390374331552,0.9037433155080212,,0.2645333333333333,smk_can_187,3,51.745,eea1cc34fd9d82b0c6d7267dcc1cac30b2234f9f9020f48754a66d120f25f54e
l1_logistic,k,k:4,,4,19993,rf,none,3699446150,0.6096256684491979,0.6345360824742268,0.2610638146167558,0.1580748663101604,0.331125220986598,,,0.3203989833733929,,1.7058823529411764,0.9037433155080212,,0.1713333333333334,smk_can_187,3,51.745,eea1cc34fd9d82b0c6d7267dcc1cac30b2234f9f9020f48754a66d120f25f54e
l1_logistic,k,k:8,,8,19993,rf,none,3699446150,0.6470588235294118,0.7099656357388316,0.2194989898989899,0.0975401069518716,0.2497767762977435,,,0.3427203788833912,,1.5828877005347597,0.9037433155080212,,0.114711111111111,smk_can_187,3,51.745,eea1cc34fd9d82b0c6d7267dcc1cac30b2234f9f9020f48754a66d120f25f54e
l1_logistic,k,k:16,,16,19993,rf,none,3699446150,0.6844919786096256,0.7762313860252005,0.1909117052881759,0.0858110516934046,0.1706300356426969,,,0.3688654741379635,,1.4545454545454546,0.9037433155080212,,0.0939111111111111,smk_can_187,3,51.745,eea1cc34fd9d82b0c6d7267dcc1cac30b2234f9f9020f48754a66d120f25f54e
l1_logistic,k,k:32,,32,19993,rf,none,3699446150,0.7433155080213903,0.8092783505154639,0.1794764111705288,0.0978609625668449,0.1362847325883053,,,0.3837372760719704,,1.4385026737967914,0.9144385026737968,,0.1003555555555555,smk_can_187,3,51.745,eea1cc34fd9d82b0c6d7267dcc1cac30b2234f9f9020f48754a66d120f25f54e
l1_logistic,k,k:64,,64,19993,rf,none,3699446150,0.7165775401069518,0.7754868270332188,0.1896197266785502,0.0843850267379679,0.1606832838334666,,,0.3798368531458179,,1.4438502673796791,0.9037433155080212,,0.114,smk_can_187,3,51.745,eea1cc34fd9d82b0c6d7267dcc1cac30b2234f9f9020f48754a66d120f25f54e
l1_logistic,k,k:128,,128,19993,rf,none,3699446150,0.7058823529411765,0.7703321878579611,0.1908891265597148,0.0997504456327985,0.1615356137299922,,,0.3780687007883073,,1.46524064171123,0.9037433155080212,,0.1084444444444444,smk_can_187,3,51.745,eea1cc34fd9d82b0c6d7267dcc1cac30b2234f9f9020f48754a66d120f25f54e
l1_logistic,k,k:256,,256,19993,rf,none,3699446150,0.7165775401069518,0.7764604810996564,0.1900247177658942,0.0891622103386809,0.1599906812005471,,,0.3780363604061315,,1.53475935828877,0.9037433155080212,,0.1093333333333332,smk_can_187,3,51.745,eea1cc34fd9d82b0c6d7267dcc1cac30b2234f9f9020f48754a66d120f25f54e
l1_logistic,frac,frac:1,1.0,19993,19993,rf,none,3995848949,0.6844919786096256,0.7235967926689576,0.2081304812834224,0.0768270944741532,0.2351147379718542,,,0.3637477436354564,,1.5989304812834224,0.9037433155080212,,0.0812444444444444,smk_can_187,4,55.143,eea1cc34fd9d82b0c6d7267dcc1cac30b2234f9f9020f48754a66d120f25f54e
l1_logistic,k,k:1,,1,19993,rf,none,3995848949,0.5401069518716578,0.5797250859106529,0.3429537103636067,0.323043799337917,0.3876193498519344,,,0.2577261961413915,,1.695187165775401,0.9037433155080212,,0.3370724867724868,smk_can_187,4,55.143,eea1cc34fd9d82b0c6d7267dcc1cac30b2234f9f9020f48754a66d120f25f54e
l1_logistic,k,k:2,,2,19993,rf,none,3995848949,0.6096256684491979,0.6123711340206186,0.2802131907308378,0.1926916221033868,0.3848160772312293,,,0.29523025560984,,1.7700534759358288,0.9037433155080212,,0.2238666666666666,smk_can_187,4,55.143,eea1cc34fd9d82b0c6d7267dcc1cac30b2234f9f9020f48754a66d120f25f54e
l1_logistic,k,k:4,,4,19993,rf,none,3995848949,0.6363636363636364,0.7000572737686139,0.2311686274509803,0.1396078431372548,0.2535079381369754,,,0.3272646607267196,,1.6310160427807487,0.9037433155080212,,0.1243555555555555,smk_can_187,4,55.143,eea1cc34fd9d82b0c6d7267dcc1cac30b2234f9f9020f48754a66d120f25f54e
l1_logistic,k,k:8,,8,19993,rf,none,3995848949,0.6737967914438503,0.7031500572737687,0.2232805704099821,0.1054188948306595,0.2716573028931859,,,0.3501523425880219,,1.5989304812834224,0.9037433155080212,,0.1168444444444444,smk_can_187,4,55.143,eea1cc34fd9d82b0c6d7267dcc1cac30b2234f9f9020f48754a66d120f25f54e
l1_logistic,k,k:16,,16,19993,rf,none,3995848949,0.7005347593582888,0.7770332187857961,0.1905176470588235,0.090374331550802,0.1820928951402246,,,0.3752444332323437,,1.4759358288770053,0.9037433155080212,,0.0798666666666666,smk_can_187,4,55.143,eea1cc34fd9d82b0c6d7267dcc1cac30b2234f9f9020f48754a66d120f25f54e
l1_logistic,k,k:32,,32,19993,rf,none,3995848949,0.679144385026738,0.7768613974799542,0.1902997029114676,0.072156862745098,0.175839326996065,,,0.3709137514162905,,1.46524064171123,0.9090909090909092,,0.0738222222222222,smk_can_187,4,55.143,eea1cc34fd9d82b0c6d7267dcc1cac30b2234f9f9020f48754a66d120f25f54e
l1_logistic,k,k:64,,64,19993,rf,none,3995848949,0.7272727272727273,0.7814432989690722,0.1889509209744504,0.0990730837789661,0.1617048175314996,,,0.3814705244903755,,1.4759358288770053,0.9037433155080212,,0.0881333333333333,smk_can_187,4,55.143,eea1cc34fd9d82b0c6d7267dcc1cac30b2234f9f9020f48754a66d120f25f54e
l1_logistic,k,k:128,,128,19993,rf,none,3995848949,0.6684491978609626,0.7615120274914089,0.1943241830065359,0.0905169340463458,0.1782814742428207,,,0.3710849592746563,,1.4491978609625669,0.9037433155080212,,0.0839555555555555,smk_can_187,4,55.143,eea1cc34fd9d82b0c6d7267dcc1cac30b2234f9f9020f48754a66d120f25f54e
l1_logistic,k,k:256,,256,19993,rf,none,3995848949,0.7112299465240641,0.7789805269186713,0.1909304812834224,0.0889126559714795,0.1703239166008512,,,0.3749239462065843,,1.4759358288770053,0.9037433155080212,,0.1090222222222221,smk_can_187,4,55.143,eea1cc34fd9d82b0c6d7267dcc1cac30b2234f9f9020f48754a66d120f25f54e
l1_logistic,frac,frac:1,1.0,19993,19993,rf,none,468644090,0.6898395721925134,0.7411225658648339,0.2017863339275104,0.0724420677361853,0.1942231157842671,,,0.3650165058645432,,1.518716577540107,0.9037433155080212,,0.0667999999999999,smk_can_187,5,50.185,eea1cc34fd9d82b0c6d7267dcc1cac30b2234f9f9020f48754a66d120f25f54e
l1_logistic,k,k:1,,1,19993,rf,none,468644090,0.5508021390374331,0.5907216494845361,0.3402385270660453,0.312089466089466,0.3796467195797138,,,0.2398731678420975,,1.7272727272727273,0.9144385026737968,,0.3230769312169311,smk_can_187,5,50.185,eea1cc34fd9d82b0c6d7267dcc1cac30b2234f9f9020f48754a66d120f25f54e
l1_logistic,k,k:2,,2,19993,rf,none,468644090,0.5347593582887701,0.5665521191294387,0.3090928104575163,0.2496256684491978,0.4258658070215178,,,0.2601861299848316,,1.786096256684492,0.9037433155080212,,0.2738222222222223,smk_can_187,5,50.185,eea1cc34fd9d82b0c6d7267dcc1cac30b2234f9f9020f48754a66d120f25f54e
l1_logistic,k,k:4,,4,19993,rf,none,468644090,0.6149732620320856,0.6107101947308133,0.2699363042186571,0.2126559714795009,0.3397523209198912,,,0.3206193431759748,,1.711229946524064,0.9037433155080212,,0.2471111111111111,smk_can_187,5,50.185,eea1cc34fd9d82b0c6d7267dcc1cac30b2234f9f9020f48754a66d120f25f54e
l1_logistic,k,k:8,,8,19993,rf,none,468644090,0.6524064171122995,0.7025200458190148,0.2217098039215686,0.0810695187165775,0.2550515208875579,,,0.3467346939952611,,1.5775401069518715,0.9037433155080212,,0.0864,smk_can_187,5,50.185,eea1cc34fd9d82b0c6d7267dcc1cac30b2234f9f9020f48754a66d120f25f54e
l1_logistic,k,k:16,,16,19993,rf,none,468644090,0.7005347593582888,0.7570446735395189,0.197513725490196,0.1020677361853832,0.2040463291602247,,,0.3665437966387208,,1.4866310160427807,0.9037433155080212,,0.1263999999999999,smk_can_187,5,50.185,eea1cc34fd9d82b0c6d7267dcc1cac30b2234f9f9020f48754a66d120f25f54e
l1_logistic,k,k:32,,32,19993,rf,none,468644090,0.7219251336898396,0.8123711340206186,0.1789811051693405,0.082174688057041,0.1361754341914614,,,0.3813449252707948,,1.411764705882353,0.9037433155080212,,0.0980444444444444,smk_can_187,5,50.185,eea1cc34fd9d82b0c6d7267dcc1cac30b2234f9f9020f48754a66d120f25f54e
l1_logistic,k,k:64,,64,19993,rf,none,468644090,0.7272727272727273,0.7926689576174113,0.1847743315508021,0.0719429590017825,0.1542326601339043,,,0.3789842216234311,,1.4759358288770053,0.9037433155080212,,0.0734222222222222,smk_can_187,5,50.185,eea1cc34fd9d82b0c6d7267dcc1cac30b2234f9f9020f48754a66d120f25f54e
l1_logistic,k,k:128,,128,19993,rf,none,468644090,0.7112299465240641,0.7944444444444445,0.1829872846108139,0.1181105169340463,0.1393903439501969,,,0.3827707240894311,,1.4385026737967914,0.9037433155080212,,0.1121777777777777,smk_can_187,5,50.185,eea1cc34fd9d82b0c6d7267dcc1cac30b2234f9f9020f48754a66d120f25f54e
l1_logistic,k,k:256,,256,19993,rf,none,468644090,0.7112299465240641,0.7611683848797252,0.1951655377302436,0.1196078431372549,0.1814098995819594,,,0.3744622539030063,,1.4866310160427807,0.9037433155080212,,0.0915555555555556,smk_can_187,5,50.185,eea1cc34fd9d82b0c6d7267dcc1cac30b2234f9f9020f48754a66d120f25f54e
l1_logistic,frac,frac:1,1.0,19993,19993,rf,none,69897577,0.6898395721925134,0.7363115693012601,0.2023096850861556,0.1067379679144384,0.1984040709196631,,,0.3723254629103445,,1.53475935828877,0.9037433155080212,,0.1033777777777777,smk_can_187,6,58.319,eea1cc34fd9d82b0c6d7267dcc1cac30b2234f9f9020f48754a66d120f25f54e
l1_logistic,k,k:1,,1,19993,rf,none,69897577,0.5133689839572193,0.5580183276059565,0.3526271918693403,0.3330269926152279,0.415351953800259,,,0.2468670808669026,,1.7272727272727273,0.9037433155080212,,0.3569594708994709,smk_can_187,6,58.319,eea1cc34fd9d82b0c6d7267dcc1cac30b2234f9f9020f48754a66d120f25f54e
l1_logistic,k,k:2,,2,19993,rf,none,69897577,0.5614973262032086,0.6268613974799542,0.2640572786690434,0.1941889483065953,0.3214581367643813,,,0.2983121971645183,,1.6684491978609626,0.9037433155080212,,0.2159999999999999,smk_can_187,6,58.319,eea1cc34fd9d82b0c6d7267dcc1cac30b2234f9f9020f48754a66d120f25f54e
l1_logistic,k,k:4,,4,19993,rf,none,69897577,0.6737967914438503,0.7444444444444445,0.2104061794414736,0.1244919786096256,0.2298160180957531,,,0.350011877118543,,1.5294117647058822,0.9037433155080212,,0.0938222222222222,smk_can_187,6,58.319,eea1cc34fd9d82b0c6d7267dcc1cac30b2234f9f9020f48754a66d120f25f54e
l1_logistic,k,k:8,,8,19993,rf,none,69897577,0.7005347593582888,0.7743986254295533,0.1905019607843137,0.0907308377896613,0.1753153893146345,,,0.3693974225230731,,1.4598930481283423,0.9037433155080212,,0.0858666666666667,smk_can_187,6,58.319,eea1cc34fd9d82b0c6d7267dcc1cac30b2234f9f9020f48754a66d120f25f54e
l1_logistic,k,k:16,,16,19993,rf,none,69897577,0.732620320855615,0.7902634593356243,0.1843876411170529,0.1307308377896613,0.175147483518238,,,0.3792646293488928,,1.4598930481283423,0.9037433155080212,,0.1030222222222222,smk_can_187,6,58.319,eea1cc34fd9d82b0c6d7267dcc1cac30b2234f9f9020f48754a66d120f25f54e
l1_logistic,k,k:32,,32,19993,rf,none,69897577,0.7433155080213903,0.806872852233677,0.1769870469399881,0.1055614973262032,0.1351518806818611,,,0.3862382738279079,,1.427807486631016,0.9037433155080212,,0.1009333333333333,smk_can_187,6,58.319,eea1cc34fd9d82b0c6d7267dcc1cac30b2234f9f9020f48754a66d120f25f54e
l1_logistic,k,k:64,,64,19993,rf,none,69897577,0.7647058823529411,0.8145475372279496,0.1741383244206773,0.0987878787878787,0.135674178422895,,,0.3919545794115085,,1.3796791443850267,0.9090909090909092,,0.0905777777777777,smk_can_187,6,58.319,eea1cc34fd9d82b0c6d7267dcc1cac30b2234f9f9020f48754a66d120f25f54e
l1_logistic,k,k:128,,128,19993,rf,none,69897577,0.7058823529411765,0.7938144329896907,0.1820674985145573,0.122174688057041,0.1391423025046355,,,0.3833669825068242,,1.4064171122994653,0.9037433155080212,,0.1243555555555555,smk_can_187,6,58.319,eea1cc34fd9d82b0c6d7267dcc1cac30b2234f9f9020f48754a66d120f25f54e
l1_logistic,k,k:256,,256,19993,rf,none,69897577,0.7058823529411765,0.7922107674684995,0.1851890671420083,0.0952941176470588,0.1464948348103483,,,0.3765509899794784,,1.4598930481283423,0.9090909090909092,,0.1148888888888889,smk_can_187,6,58.319,eea1cc34fd9d82b0c6d7267dcc1cac30b2234f9f9020f48754a66d120f25f54e
l1_logistic,frac,frac:1,1.0,19993,19993,rf,none,1612411738,0.7272727272727273,0.7537227949599083,0.2012822341057635,0.0970766488413547,0.199811823757615,,,0.3632273878791567,,1.53475935828877,0.9037433155080212,,0.1085777777777777,smk_can_187,7,55.474,eea1cc34fd9d82b0c6d7267dcc1cac30b2234f9f9020f48754a66d120f25f54e
l1_logistic,k,k:1,,1,19993,rf,none,1612411738,0.5508021390374331,0.5776059564719359,0.3336965301251813,0.2860128172481114,0.3869742440922084,,,0.2440167892026801,,1.7647058823529411,0.9090909090909092,,0.3361862962962963,smk_can_187,7,55.474,eea1cc34fd9d82b0c6d7267dcc1cac30b2234f9f9020f48754a66d120f25f54e
l1_logistic,k,k:2,,2,19993,rf,none,1612411738,0.5668449197860963,0.5782932416953035,0.2906322043969103,0.2068805704099822,0.3969768637019009,,,0.2938901899086185,,1.7647058823529411,0.9037433155080212,,0.23,smk_can_187,7,55.474,eea1cc34fd9d82b0c6d7267dcc1cac30b2234f9f9020f48754a66d120f25f54e
l1_logistic,k,k:4,,4,19993,rf,none,1612411738,0.6203208556149733,0.6969072164948453,0.230754604872252,0.1498039215686274,0.2465146531577942,,,0.3342155071849357,,1.5828877005347597,0.9037433155080212,,0.1517777777777778,smk_can_187,7,55.474,eea1cc34fd9d82b0c6d7267dcc1cac30b2234f9f9020f48754a66d120f25f54e
l1_logistic,k,k:8,,8,19993,rf,none,1612411738,0.732620320855615,0.7734822451317297,0.190286155674391,0.0955793226381461,0.1904073819343951,,,0.3832900942492087,,1.4705882352941178,0.9090909090909092,,0.1064,smk_can_187,7,55.474,eea1cc34fd9d82b0c6d7267dcc1cac30b2234f9f9020f48754a66d120f25f54e
l1_logistic,k,k:16,,16,19993,rf,none,1612411738,0.6951871657754011,0.7714776632302406,0.1888004753416518,0.0827094474153297,0.1713973410702742,,,0.3808775613481395,,1.4545454545454546,0.9037433155080212,,0.0829333333333333,smk_can_187,7,55.474,eea1cc34fd9d82b0c6d7267dcc1cac30b2234f9f9020f48754a66d120f25f54e
l1_logistic,k,k:32,,32,19993,rf,none,1612411738,0.7058823529411765,0.7825315005727377,0.1853437908496732,0.0722994652406417,0.1563251754527007,,,0.3825450730701631,,1.481283422459893,0.9197860962566844,,0.0721777777777777,smk_can_187,7,55.474,eea1cc34fd9d82b0c6d7267dcc1cac30b2234f9f9020f48754a66d120f25f54e
l1_logistic,k,k:64,,64,19993,rf,none,1612411738,0.7272727272727273,0.7754295532646048,0.1855878787878787,0.1481996434937612,0.1495461974774426,,,0.3833920080175808,,1.4705882352941178,0.9037433155080212,,0.158,smk_can_187,7,55.474,eea1cc34fd9d82b0c6d7267dcc1cac30b2234f9f9020f48754a66d120f25f54e
l1_logistic,k,k:128,,128,19993,rf,none,1612411738,0.7005347593582888,0.786368843069874,0.1861815805109922,0.091301247771836,0.1485318029863036,,,0.3784135037398696,,1.4438502673796791,0.9090909090909092,,0.1048888888888888,smk_can_187,7,55.474,eea1cc34fd9d82b0c6d7267dcc1cac30b2234f9f9020f48754a66d120f25f54e
l1_logistic,k,k:256,,256,19993,rf,none,1612411738,0.6951871657754011,0.7640893470790379,0.1937725490196078,0.1014616755793226,0.1686892218096312,,,0.3727817313455975,,1.502673796791444,0.9090909090909092,,0.1110666666666667,smk_can_187,7,55.474,eea1cc34fd9d82b0c6d7267dcc1cac30b2234f9f9020f48754a66d120f25f54e
l1_logistic,frac,frac:1,1.0,19993,19993,rf,none,142893185,0.6577540106951871,0.7420962199312715,0.2033093285799168,0.1010338680926916,0.2117230158059112,,,0.3633577038909359,,1.4919786096256684,0.9037433155080212,,0.0998222222222222,smk_can_187,8,53.563,eea1cc34fd9d82b0c6d7267dcc1cac30b2234f9f9020f48754a66d120f25f54e
l1_logistic,k,k:1,,1,19993,rf,none,142893185,0.5614973262032086,0.5897479954180986,0.3154743811790709,0.2752795603089721,0.3865605079804631,,,0.2550309774074509,,1.695187165775401,0.9037433155080212,,0.3037259259259259,smk_can_187,8,53.563,eea1cc34fd9d82b0c6d7267dcc1cac30b2234f9f9020f48754a66d120f25f54e
l1_logistic,k,k:2,,2,19993,rf,none,142893185,0.6203208556149733,0.641008018327606,0.2705775401069518,0.2126559714795009,0.3490524146493589,,,0.3048069015647486,,1.7165775401069518,0.9037433155080212,,0.2315111111111111,smk_can_187,8,53.563,eea1cc34fd9d82b0c6d7267dcc1cac30b2234f9f9020f48754a66d120f25f54e
l1_logistic,k,k:4,,4,19993,rf,none,142893185,0.6417112299465241,0.6847079037800687,0.2431831253713606,0.1489839572192513,0.2691536599609931,,,0.3161491915392183,,1.6149732620320856,0.9037433155080212,,0.164311111111111,smk_can_187,8,53.563,eea1cc34fd9d82b0c6d7267dcc1cac30b2234f9f9020f48754a66d120f25f54e
l1_logistic,k,k:8,,8,19993,rf,none,142893185,0.6363636363636364,0.6853379152348225,0.2298680926916221,0.1155080213903743,0.2801508554434858,,,0.3367333886956766,,1.6310160427807487,0.9090909090909092,,0.1304444444444444,smk_can_187,8,53.563,eea1cc34fd9d82b0c6d7267dcc1cac30b2234f9f9020f48754a66d120f25f54e
l1_logistic,k,k:16,,16,19993,rf,none,142893185,0.6844919786096256,0.7506872852233677,0.2004463458110516,0.0674509803921568,0.211708317225067,,,0.3646276298310345,,1.5133689839572193,0.9037433155080212,,0.0781333333333333,smk_can_187,8,53.563,eea1cc34fd9d82b0c6d7267dcc1cac30b2234f9f9020f48754a66d120f25f54e
l1_logistic,k,k:32,,32,19993,rf,none,142893185,0.7112299465240641,0.7997136311569302,0.1829200237670825,0.1139393939393939,0.1506155279976736,,,0.3778780034818642,,1.4064171122994653,0.9037433155080212,,0.0940444444444444,smk_can_187,8,53.563,eea1cc34fd9d82b0c6d7267dcc1cac30b2234f9f9020f48754a66d120f25f54e
l1_logistic,k,k:64,,64,19993,rf,none,142893185,0.7112299465240641,0.7974226804123712,0.183584789067142,0.0861675579322638,0.1433455468500528,,,0.3780051544309802,,1.3850267379679144,0.9037433155080212,,0.1002222222222222,smk_can_187,8,53.563,eea1cc34fd9d82b0c6d7267dcc1cac30b2234f9f9020f48754a66d120f25f54e
l1_logistic,k,k:128,,128,19993,rf,none,142893185,0.7272727272727273,0.7769759450171821,0.190346761734997,0.0894117647058822,0.1660556153058003,,,0.3766345988217882,,1.53475935828877,0.9037433155080212,,0.0916,smk_can_187,8,53.563,eea1cc34fd9d82b0c6d7267dcc1cac30b2234f9f9020f48754a66d120f25f54e
l1_logistic,k,k:256,,256,19993,rf,none,142893185,0.7219251336898396,0.7598510882016036,0.1966462269756387,0.1097682709447415,0.1889205877474241,,,0.3704896528281642,,1.5454545454545454,0.9090909090909092,,0.1060444444444444,smk_can_187,8,53.563,eea1cc34fd9d82b0c6d7267dcc1cac30b2234f9f9020f48754a66d120f25f54e
l1_logistic,frac,frac:1,1.0,19993,19993,rf,none,973977292,0.6844919786096256,0.7241695303550975,0.2060587046939987,0.1126559714795008,0.2335047823586194,,,0.3706009217295268,,1.5561497326203209,0.9090909090909092,,0.1033777777777777,smk_can_187,9,60.179,eea1cc34fd9d82b0c6d7267dcc1cac30b2234f9f9020f48754a66d120f25f54e
l1_logistic,k,k:1,,1,19993,rf,none,973977292,0.4866310160427807,0.5103665521191294,0.3647017471419544,0.3244609116373822,0.4641258097872989,,,0.2333346990802818,,1.8021390374331552,0.9090909090909092,,0.3691217460317461,smk_can_187,9,60.179,eea1cc34fd9d82b0c6d7267dcc1cac30b2234f9f9020f48754a66d120f25f54e
l1_logistic,k,k:2,,2,19993,rf,none,973977292,0.5240641711229946,0.547823596792669,0.3061573380867499,0.2452406417112299,0.4057948592671019,,,0.2517082052864244,,1.7165775401069518,0.9037433155080212,,0.2716888888888888,smk_can_187,9,60.179,eea1cc34fd9d82b0c6d7267dcc1cac30b2234f9f9020f48754a66d120f25f54e
l1_logistic,k,k:4,,4,19993,rf,none,973977292,0.6524064171122995,0.6574455899198167,0.2493511586452763,0.1821390374331551,0.3222459443192167,,,0.3127769948502119,,1.6844919786096255,0.9037433155080212,,0.174,smk_can_187,9,60.179,eea1cc34fd9d82b0c6d7267dcc1cac30b2234f9f9020f48754a66d120f25f54e
l1_logistic,k,k:8,,8,19993,rf,none,973977292,0.6684491978609626,0.7298969072164949,0.2103016042780749,0.0845632798573975,0.23052979317031,,,0.3572033093510617,,1.5614973262032086,0.9037433155080212,,0.1007555555555555,smk_can_187,9,60.179,eea1cc34fd9d82b0c6d7267dcc1cac30b2234f9f9020f48754a66d120f25f54e
l1_logistic,k,k:16,,16,19993,rf,none,973977292,0.7219251336898396,0.7717640320733105,0.1960437314319667,0.0988235294117647,0.1969491463379694,,,0.3738850970187456,,1.518716577540107,0.9037433155080212,,0.0942222222222222,smk_can_187,9,60.179,eea1cc34fd9d82b0c6d7267dcc1cac30b2234f9f9020f48754a66d120f25f54e
l1_logistic,k,k:32,,32,19993,rf,none,973977292,0.7112299465240641,0.7906071019473081,0.1852301841948901,0.0959714795008912,0.150064320237264,,,0.3766061781131148,,1.46524064171123,0.9037433155080212,,0.0981333333333333,smk_can_187,9,60.179,eea1cc34fd9d82b0c6d7267dcc1cac30b2234f9f9020f48754a66d120f25f54e
l1_logistic,k,k:64,,64,19993,rf,none,973977292,0.7005347593582888,0.7644902634593356,0.1908109328579917,0.1094117647058823,0.1688598200185039,,,0.3788978859440341,,1.5401069518716577,0.9090909090909092,,0.1315111111111111,smk_can_187,9,60.179,eea1cc34fd9d82b0c6d7267dcc1cac30b2234f9f9020f48754a66d120f25f54e
l1_logistic,k,k:128,,128,19993,rf,none,973977292,0.7058823529411765,0.7782359679266895,0.1881428401663696,0.1149732620320855,0.1568765428897039,,,0.3834194494700031,,1.4598930481283423,0.9037433155080212,,0.1343555555555555,smk_can_187,9,60.179,eea1cc34fd9d82b0c6d7267dcc1cac30b2234f9f9020f48754a66d120f25f54e
l1_logistic,k,k:256,,256,19993,rf,none,973977292,0.6951871657754011,0.7606529209621994,0.1929737373737373,0.0946524064171122,0.1700249167793403,,,0.3778320835507358,,1.502673796791444,0.9037433155080212,,0.1061333333333333,smk_can_187,9,60.179,eea1cc34fd9d82b0c6d7267dcc1cac30b2234f9f9020f48754a66d120f25f54e
l1_logistic,frac,frac:1,1.0,19993,19993,rf,none,1144903836,0.6577540106951871,0.7345360824742269,0.2052415923945336,0.0569696969696969,0.2072826776246659,,,0.3597487192097515,,1.5240641711229947,0.9037433155080212,,0.0596,smk_can_187,10,60.302,eea1cc34fd9d82b0c6d7267dcc1cac30b2234f9f9020f48754a66d120f25f54e
l1_logistic,k,k:1,,1,19993,rf,none,1144903836,0.5026737967914439,0.5003436426116838,0.3765801976294071,0.3303616699204935,0.5174758264482668,,,0.2260473882625246,,1.8502673796791445,0.9144385026737968,,0.3673040917107584,smk_can_187,10,60.302,eea1cc34fd9d82b0c6d7267dcc1cac30b2234f9f9020f48754a66d120f25f54e
l1_logistic,k,k:2,,2,19993,rf,none,1144903836,0.4973262032085561,0.529438717067583,0.3152905525846702,0.2438146167557932,0.4815230054519912,,,0.2617353828913725,,1.7807486631016043,0.9037433155080212,,0.2999111111111111,smk_can_187,10,60.302,eea1cc34fd9d82b0c6d7267dcc1cac30b2234f9f9020f48754a66d120f25f54e
l1_logistic,k,k:4,,4,19993,rf,none,1144903836,0.6684491978609626,0.6928980526918671,0.230880808080808,0.1337967914438503,0.2725297728513396,,,0.3294308813962011,,1.6470588235294117,0.9144385026737968,,0.1409777777777778,smk_can_187,10,60.302,eea1cc34fd9d82b0c6d7267dcc1cac30b2234f9f9020f48754a66d120f25f54e
l1_logistic,k,k:8,,8,19993,rf,none,1144903836,0.679144385026738,0.725085910652921,0.212526678550208,0.1108021390374331,0.2315379491940471,,,0.3461506466508874,,1.6203208556149733,0.9037433155080212,,0.1057777777777777,smk_can_187,10,60.302,eea1cc34fd9d82b0c6d7267dcc1cac30b2234f9f9020f48754a66d120f25f54e
l1_logistic,k,k:16,,16,19993,rf,none,1144903836,0.6524064171122995,0.7609965635738831,0.1957537730243612,0.128698752228164,0.1781229355693966,,,0.3554421426067263,,1.5240641711229947,0.9090909090909092,,0.1123555555555555,smk_can_187,10,60.302,eea1cc34fd9d82b0c6d7267dcc1cac30b2234f9f9020f48754a66d120f25f54e
l1_logistic,k,k:32,,32,19993,rf,none,1144903836,0.6684491978609626,0.7783505154639175,0.1864919786096256,0.1245276292335115,0.1525209339602125,,,0.3739030391157232,,1.4385026737967914,0.9090909090909092,,0.1430222222222222,smk_can_187,10,60.302,eea1cc34fd9d82b0c6d7267dcc1cac30b2234f9f9020f48754a66d120f25f54e
l1_logistic,k,k:64,,64,19993,rf,none,1144903836,0.6898395721925134,0.7902061855670103,0.1837494949494949,0.1329055258467023,0.1375927035252973,,,0.3811417388318365,,1.427807486631016,0.9037433155080212,,0.1047555555555555,smk_can_187,10,60.302,eea1cc34fd9d82b0c6d7267dcc1cac30b2234f9f9020f48754a66d120f25f54e
l1_logistic,k,k:128,,128,19993,rf,none,1144903836,0.6898395721925134,0.7686139747995417,0.1903788472964943,0.1068449197860962,0.1569530651543335,,,0.3780213566209515,,1.481283422459893,0.9251336898395722,,0.1042222222222222,smk_can_187,10,60.302,eea1cc34fd9d82b0c6d7267dcc1cac30b2234f9f9020f48754a66d120f25f54e
l1_logistic,k,k:256,,256,19993,rf,none,1144903836,0.7005347593582888,0.7781214203894616,0.1891707664884135,0.0799286987522281,0.1544040753954441,,,0.3760516798825655,,1.502673796791444,0.9251336898395722,,0.1032888888888889,smk_can_187,10,60.302,eea1cc34fd9d82b0c6d7267dcc1cac30b2234f9f9020f48754a66d120f25f54e
l1_logistic,frac,frac:1,1.0,19993,19993,rf,none,72866005,0.679144385026738,0.7091638029782361,0.2100106951871658,0.1152941176470588,0.2326823863357347,,,0.3654341697787821,,1.641711229946524,0.9144385026737968,,0.0998222222222222,smk_can_187,11,47.575,eea1cc34fd9d82b0c6d7267dcc1cac30b2234f9f9020f48754a66d120f25f54e
l1_logistic,k,k:1,,1,19993,rf,none,72866005,0.4866310160427807,0.5241695303550974,0.3740588324397098,0.3526059332824039,0.4828557530019416,,,0.2200816216951762,,1.7967914438502677,0.9037433155080212,,0.3853890476190476,smk_can_187,11,47.575,eea1cc34fd9d82b0c6d7267dcc1cac30b2234f9f9020f48754a66d120f25f54e
l1_logistic,k,k:2,,2,19993,rf,none,72866005,0.6042780748663101,0.618041237113402,0.2815705288175876,0.1965775401069519,0.3578486763966902,,,0.3013967070096879,,1.7967914438502677,0.9144385026737968,,0.2292,smk_can_187,11,47.575,eea1cc34fd9d82b0c6d7267dcc1cac30b2234f9f9020f48754a66d120f25f54e
l1_logistic,k,k:4,,4,19993,rf,none,72866005,0.6577540106951871,0.6993127147766324,0.2370310160427807,0.2024242424242424,0.2755848682921706,,,0.3393499287695953,,1.5935828877005347,0.9037433155080212,,0.1943555555555555,smk_can_187,11,47.575,eea1cc34fd9d82b0c6d7267dcc1cac30b2234f9f9020f48754a66d120f25f54e
l1_logistic,k,k:8,,8,19993,rf,none,72866005,0.6898395721925134,0.7304696449026346,0.2100468211527035,0.1032442067736185,0.2284869793926038,,,0.3620799026720815,,1.588235294117647,0.9090909090909092,,0.1155555555555555,smk_can_187,11,47.575,eea1cc34fd9d82b0c6d7267dcc1cac30b2234f9f9020f48754a66d120f25f54e
l1_logistic,k,k:16,,16,19993,rf,none,72866005,0.7112299465240641,0.7620847651775488,0.1974160427807486,0.0510516934046346,0.2000194692407716,,,0.3624459051974888,,1.5240641711229947,0.9037433155080212,,0.0562222222222222,smk_can_187,11,47.575,eea1cc34fd9d82b0c6d7267dcc1cac30b2234f9f9020f48754a66d120f25f54e
l1_logistic,k,k:32,,32,19993,rf,none,72866005,0.7165775401069518,0.7950171821305843,0.1843945335710041,0.0950445632798574,0.1594435416030555,,,0.3771118604157401,,1.481283422459893,0.9197860962566844,,0.0893777777777777,smk_can_187,11,47.575,eea1cc34fd9d82b0c6d7267dcc1cac30b2234f9f9020f48754a66d120f25f54e
l1_logistic,k,k:64,,64,19993,rf,none,72866005,0.7058823529411765,0.7853379152348224,0.1864249554367201,0.054795008912656,0.1544965941345406,,,0.3773780471827626,,1.46524064171123,0.9037433155080212,,0.0553333333333333,smk_can_187,11,47.575,eea1cc34fd9d82b0c6d7267dcc1cac30b2234f9f9020f48754a66d120f25f54e
l1_logistic,k,k:128,,128,19993,rf,none,72866005,0.6844919786096256,0.7524054982817869,0.1964472964943553,0.1100891265597147,0.1851257528687948,,,0.374077084172536,,1.5508021390374331,0.9144385026737968,,0.1214666666666666,smk_can_187,11,47.575,eea1cc34fd9d82b0c6d7267dcc1cac30b2234f9f9020f48754a66d120f25f54e
l1_logistic,k,k:256,,256,19993,rf,none,72866005,0.7219251336898396,0.7517754868270332,0.1950395721925133,0.1149019607843137,0.1806119221498544,,,0.3794011892851662,,1.5294117647058822,0.9251336898395722,,0.0915111111111111,smk_can_187,11,47.575,eea1cc34fd9d82b0c6d7267dcc1cac30b2234f9f9020f48754a66d120f25f54e
l1_logistic,frac,frac:1,1.0,19993,19993,rf,none,1911163622,0.7005347593582888,0.7430698739977091,0.2042538324420677,0.0550445632798574,0.2153683398407395,,,0.3609413492439809,,1.5508021390374331,0.9090909090909092,,0.0588,smk_can_187,12,51.039,eea1cc34fd9d82b0c6d7267dcc1cac30b2234f9f9020f48754a66d120f25f54e
l1_logistic,k,k:1,,1,19993,rf,none,1911163622,0.5347593582887701,0.577319587628866,0.3427687078737219,0.3097130973601562,0.3727248065267725,,,0.2371714243389627,,1.7272727272727273,0.9090909090909092,,0.3526125925925926,smk_can_187,12,51.039,eea1cc34fd9d82b0c6d7267dcc1cac30b2234f9f9020f48754a66d120f25f54e
l1_logistic,k,k:2,,2,19993,rf,none,1911163622,0.6149732620320856,0.6408934707903781,0.2682060606060606,0.1924777183600713,0.3460262372734444,,,0.2996831841068473,,1.7486631016042782,0.9037433155080212,,0.2083555555555556,smk_can_187,12,51.039,eea1cc34fd9d82b0c6d7267dcc1cac30b2234f9f9020f48754a66d120f25f54e
l1_logistic,k,k:4,,4,19993,rf,none,1911163622,0.6524064171122995,0.6656930126002291,0.249197385620915,0.1403208556149733,0.3145421033155767,,,0.3183905105965389,,1.7379679144385027,0.9090909090909092,,0.1478222222222222,smk_can_187,12,51.039,eea1cc34fd9d82b0c6d7267dcc1cac30b2234f9f9020f48754a66d120f25f54e
l1_logistic,k,k:8,,8,19993,rf,none,1911163622,0.6898395721925134,0.756872852233677,0.2015006535947712,0.0786452762923351,0.2099034769189421,,,0.3567307604530988,,1.572192513368984,0.9037433155080212,,0.0805333333333333,smk_can_187,12,51.039,eea1cc34fd9d82b0c6d7267dcc1cac30b2234f9f9020f48754a66d120f25f54e
l1_logistic,k,k:16,,16,19993,rf,none,1911163622,0.7165775401069518,0.7793241695303551,0.1898595365418895,0.0754367201426025,0.1665531419592044,,,0.3721542242646964,,1.481283422459893,0.9037433155080212,,0.0596888888888889,smk_can_187,12,51.039,eea1cc34fd9d82b0c6d7267dcc1cac30b2234f9f9020f48754a66d120f25f54e
l1_logistic,k,k:32,,32,19993,rf,none,1911163622,0.7112299465240641,0.7786368843069874,0.1903144385026737,0.0842780748663101,0.1803138811660088,,,0.373501633172985,,1.4705882352941178,0.9037433155080212,,0.0946666666666667,smk_can_187,12,51.039,eea1cc34fd9d82b0c6d7267dcc1cac30b2234f9f9020f48754a66d120f25f54e
l1_logistic,k,k:64,,64,19993,rf,none,1911163622,0.7005347593582888,0.7671248568155785,0.1963603089720736,0.0979679144385026,0.1867963373825303,,,0.367982486118272,,1.5080213903743316,0.9037433155080212,,0.1150222222222222,smk_can_187,12,51.039,eea1cc34fd9d82b0c6d7267dcc1cac30b2234f9f9020f48754a66d120f25f54e
l1_logistic,k,k:128,,128,19993,rf,none,1911163622,0.7165775401069518,0.7611111111111111,0.196949257278669,0.1040998217468805,0.1918430028105958,,,0.3717652537861247,,1.5614973262032086,0.9197860962566844,,0.1232444444444444,smk_can_187,12,51.039,eea1cc34fd9d82b0c6d7267dcc1cac30b2234f9f9020f48754a66d120f25f54e
l1_logistic,k,k:256,,256,19993,rf,none,1911163622,0.7165775401069518,0.7587056128293241,0.1973606654783125,0.0903743315508021,0.1911936089583633,,,0.372720261571439,,1.4919786096256684,0.9090909090909092,,0.0786222222222221,smk_can_187,12,51.039,eea1cc34fd9d82b0c6d7267dcc1cac30b2234f9f9020f48754a66d120f25f54e
l1_logistic,frac,frac:1,1.0,19993,19993,rf,none,1893635793,0.6684491978609626,0.697995418098511,0.2159353535353535,0.0967557932263815,0.2565434860636336,,,0.3523093985435991,,1.5935828877005347,0.9037433155080212,,0.0953333333333332,smk_can_187,13,50.065,eea1cc34fd9d82b0c6d7267dcc1cac30b2234f9f9020f48754a66d120f25f54e
l1_logistic,k,k:1,,1,19993,rf,none,1893635793,0.5561497326203209,0.6257159221076747,0.3244395760311233,0.3065133548368842,0.3206502161494301,,,0.2536700486618476,,1.6684491978609626,0.9090909090909092,,0.3112096296296295,smk_can_187,13,50.065,eea1cc34fd9d82b0c6d7267dcc1cac30b2234f9f9020f48754a66d120f25f54e
l1_logistic,k,k:2,,2,19993,rf,none,1893635793,0.5668449197860963,0.6276632302405498,0.2703985739750445,0.2034224598930482,0.3456128732337549,,,0.2784284282984346,,1.679144385026738,0.9037433155080212,,0.1956,smk_can_187,13,50.065,eea1cc34fd9d82b0c6d7267dcc1cac30b2234f9f9020f48754a66d120f25f54e
l1_logistic,k,k:4,,4,19993,rf,none,1893635793,0.6096256684491979,0.7030355097365406,0.2306642899584076,0.1408912655971479,0.2317822457333835,,,0.3299795150852709,,1.572192513368984,0.9090909090909092,,0.1552444444444445,smk_can_187,13,50.065,eea1cc34fd9d82b0c6d7267dcc1cac30b2234f9f9020f48754a66d120f25f54e
l1_logistic,k,k:8,,8,19993,rf,none,1893635793,0.6737967914438503,0.7107101947308133,0.2177696969696969,0.0951158645276292,0.2354693599206019,,,0.3461031677271182,,1.6149732620320856,0.9037433155080212,,0.1074666666666666,smk_can_187,13,50.065,eea1cc34fd9d82b0c6d7267dcc1cac30b2234f9f9020f48754a66d120f25f54e
l1_logistic,k,k:16,,16,19993,rf,none,1893635793,0.6737967914438503,0.7608247422680412,0.1957960784313725,0.1219964349376113,0.1838226755295762,,,0.3769819120551785,,1.5454545454545454,0.9090909090909092,,0.1041333333333333,smk_can_187,13,50.065,eea1cc34fd9d82b0c6d7267dcc1cac30b2234f9f9020f48754a66d120f25f54e
l1_logistic,k,k:32,,32,19993,rf,none,1893635793,0.7112299465240641,0.7747422680412371,0.1880133095662507,0.089554367201426,0.1584552200651625,,,0.3781591647129058,,1.4759358288770053,0.9090909090909092,,0.0868,smk_can_187,13,50.065,eea1cc34fd9d82b0c6d7267dcc1cac30b2234f9f9020f48754a66d120f25f54e
l1_logistic,k,k:64,,64,19993,rf,none,1893635793,0.7272727272727273,0.7855097365406644,0.1849176470588235,0.1078431372549019,0.1509250163497432,,,0.3799832194338976,,1.481283422459893,0.9037433155080212,,0.0910222222222222,smk_can_187,13,50.065,eea1cc34fd9d82b0c6d7267dcc1cac30b2234f9f9020f48754a66d120f25f54e
l1_logistic,k,k:128,,128,19993,rf,none,1893635793,0.7219251336898396,0.7684994272623138,0.1925371360665478,0.0966131907308377,0.1702824566248156,,,0.3760806050986224,,1.502673796791444,0.9090909090909092,,0.0966666666666666,smk_can_187,13,50.065,eea1cc34fd9d82b0c6d7267dcc1cac30b2234f9f9020f48754a66d120f25f54e
l1_logistic,k,k:256,,256,19993,rf,none,1893635793,0.679144385026738,0.7502290950744559,0.1982612002376708,0.1090196078431372,0.1891630066843313,,,0.3665055697789643,,1.5401069518716577,0.9090909090909092,,0.1159999999999999,smk_can_187,13,50.065,eea1cc34fd9d82b0c6d7267dcc1cac30b2234f9f9020f48754a66d120f25f54e
l1_logistic,frac,frac:1,1.0,19993,19993,rf,none,3565021338,0.7165775401069518,0.7487399770904926,0.2009335710041592,0.089126559714795,0.2067561957991319,,,0.3692954083895401,,1.5508021390374331,0.9037433155080212,,0.0988,smk_can_187,14,48.674,eea1cc34fd9d82b0c6d7267dcc1cac30b2234f9f9020f48754a66d120f25f54e
l1_logistic,k,k:1,,1,19993,rf,none,3565021338,0.46524064171123,0.5081328751431844,0.3708336434943599,0.3605783323430382,0.4498978620831393,,,0.2323834451369126,,1.7647058823529411,0.9090909090909092,,0.376428888888889,smk_can_187,14,48.674,eea1cc34fd9d82b0c6d7267dcc1cac30b2234f9f9020f48754a66d120f25f54e
l1_logistic,k,k:2,,2,19993,rf,none,3565021338,0.5989304812834224,0.6489117983963344,0.260463220439691,0.1904812834224599,0.3376274923229115,,,0.3136130027781741,,1.6844919786096255,0.9037433155080212,,0.2029777777777777,smk_can_187,14,48.674,eea1cc34fd9d82b0c6d7267dcc1cac30b2234f9f9020f48754a66d120f25f54e
l1_logistic,k,k:4,,4,19993,rf,none,3565021338,0.6363636363636364,0.6944444444444445,0.2348558526440879,0.1371122994652406,0.268910777922811,,,0.3261070820440639,,1.641711229946524,0.9144385026737968,,0.1424444444444444,smk_can_187,14,48.674,eea1cc34fd9d82b0c6d7267dcc1cac30b2234f9f9020f48754a66d120f25f54e
l1_logistic,k,k:8,,8,19993,rf,none,3565021338,0.6631016042780749,0.7187285223367698,0.216863220439691,0.1488057040998217,0.25924052055848,,,0.3463112604325843,,1.5775401069518715,0.9090909090909092,,0.1748888888888888,smk_can_187,14,48.674,eea1cc34fd9d82b0c6d7267dcc1cac30b2234f9f9020f48754a66d120f25f54e
l1_logistic,k,k:16,,16,19993,rf,none,3565021338,0.6684491978609626,0.7422680412371134,0.2054588235294117,0.0742959001782531,0.2197137757123587,,,0.35896461363797,,1.5828877005347597,0.9090909090909092,,0.0847555555555554,smk_can_187,14,48.674,eea1cc34fd9d82b0c6d7267dcc1cac30b2234f9f9020f48754a66d120f25f54e
l1_logistic,k,k:32,,32,19993,rf,none,3565021338,0.6844919786096256,0.7558991981672394,0.197007486631016,0.1006417112299465,0.1826724221025637,,,0.3663755893151873,,1.518716577540107,0.9037433155080212,,0.1096888888888888,smk_can_187,14,48.674,eea1cc34fd9d82b0c6d7267dcc1cac30b2234f9f9020f48754a66d120f25f54e
l1_logistic,k,k:64,,64,19993,rf,none,3565021338,0.6898395721925134,0.7801260022909507,0.1896221033868092,0.079108734402852,0.1620283779105704,,,0.3780361104369449,,1.4491978609625669,0.9090909090909092,,0.0886666666666666,smk_can_187,14,48.674,eea1cc34fd9d82b0c6d7267dcc1cac30b2234f9f9020f48754a66d120f25f54e
l1_logistic,k,k:128,,128,19993,rf,none,3565021338,0.679144385026738,0.7591065292096221,0.1946928104575163,0.1083778966131907,0.180767665177906,,,0.3747655327542229,,1.4598930481283423,0.9037433155080212,,0.1150222222222222,smk_can_187,14,48.674,eea1cc34fd9d82b0c6d7267dcc1cac30b2234f9f9020f48754a66d120f25f54e
l1_logistic,k,k:256,,256,19993,rf,none,3565021338,0.6737967914438503,0.7709049255441008,0.1931957219251337,0.0906595365418894,0.1636986923642081,,,0.375327744782048,,1.497326203208556,0.9144385026737968,,0.0822666666666666,smk_can_187,14,48.674,eea1cc34fd9d82b0c6d7267dcc1cac30b2234f9f9020f48754a66d120f25f54e
l1_logistic,frac,frac:1,1.0,19993,19993,rf,none,3707192495,0.7005347593582888,0.7331615120274914,0.2026077243018419,0.0844206773618538,0.2030116933519239,,,0.3733215125656723,,1.5454545454545454,0.9037433155080212,,0.0639555555555555,smk_can_187,15,52.483,eea1cc34fd9d82b0c6d7267dcc1cac30b2234f9f9020f48754a66d120f25f54e
l1_logistic,k,k:1,,1,19993,rf,none,3707192495,0.5561497326203209,0.5633447880870561,0.3250801390064443,0.2512393684746626,0.3869676501887947,,,0.2588490714848233,,1.7700534759358288,0.9090909090909092,,0.3103391534391534,smk_can_187,15,52.483,eea1cc34fd9d82b0c6d7267dcc1cac30b2234f9f9020f48754a66d120f25f54e
l1_logistic,k,k:2,,2,19993,rf,none,3707192495,0.5561497326203209,0.6359679266895761,0.2739957219251337,0.2083778966131907,0.3250395193228263,,,0.291325713165312,,1.6844919786096255,0.9037433155080212,,0.2011111111111111,smk_can_187,15,52.483,eea1cc34fd9d82b0c6d7267dcc1cac30b2234f9f9020f48754a66d120f25f54e
l1_logistic,k,k:4,,4,19993,rf,none,3707192495,0.6203208556149733,0.6849369988545246,0.238903862150921,0.1505882352941176,0.2824907313444418,,,0.3132050118877754,,1.6898395721925137,0.9037433155080212,,0.1898222222222222,smk_can_187,15,52.483,eea1cc34fd9d82b0c6d7267dcc1cac30b2234f9f9020f48754a66d120f25f54e
l1_logistic,k,k:8,,8,19993,rf,none,3707192495,0.6256684491978609,0.7301260022909507,0.2146322043969102,0.1007843137254902,0.2145841603475737,,,0.3372919523273797,,1.5294117647058822,0.9037433155080212,,0.0989777777777777,smk_can_187,15,52.483,eea1cc34fd9d82b0c6d7267dcc1cac30b2234f9f9020f48754a66d120f25f54e
l1_logistic,k,k:16,,16,19993,rf,none,3707192495,0.6951871657754011,0.7665521191294388,0.194637908496732,0.0642067736185383,0.1829511487057405,,,0.3665278044714742,,1.4866310160427807,0.9037433155080212,,0.0805333333333333,smk_can_187,15,52.483,eea1cc34fd9d82b0c6d7267dcc1cac30b2234f9f9020f48754a66d120f25f54e
l1_logistic,k,k:32,,32,19993,rf,none,3707192495,0.7272727272727273,0.7823024054982818,0.187098514557338,0.0590730837789661,0.1609780276040843,,,0.3736363045195985,,1.46524064171123,0.9037433155080212,,0.0750666666666666,smk_can_187,15,52.483,eea1cc34fd9d82b0c6d7267dcc1cac30b2234f9f9020f48754a66d120f25f54e
l1_logistic,k,k:64,,64,19993,rf,none,3707192495,0.7112299465240641,0.7805841924398625,0.1868953060011883,0.0700891265597147,0.1574437142521764,,,0.3798058904733791,,1.4598930481283423,0.9037433155080212,,0.0585777777777778,smk_can_187,15,52.483,eea1cc34fd9d82b0c6d7267dcc1cac30b2234f9f9020f48754a66d120f25f54e
l1_logistic,k,k:128,,128,19993,rf,none,3707192495,0.7165775401069518,0.7717067583046965,0.1903700534759358,0.1214260249554366,0.1704039936726975,,,0.3785817813252129,,1.5080213903743316,0.9090909090909092,,0.1156888888888888,smk_can_187,15,52.483,eea1cc34fd9d82b0c6d7267dcc1cac30b2234f9f9020f48754a66d120f25f54e
l1_logistic,k,k:256,,256,19993,rf,none,3707192495,0.7005347593582888,0.7565864833906072,0.1943346405228758,0.0764705882352941,0.1775291629998751,,,0.3772238022266803,,1.46524064171123,0.9037433155080212,,0.0788888888888888,smk_can_187,15,52.483,eea1cc34fd9d82b0c6d7267dcc1cac30b2234f9f9020f48754a66d120f25f54e
l1_logistic,frac,frac:1,1.0,19993,19993,rf,none,3272798507,0.6470588235294118,0.7122565864833906,0.2094970885323827,0.064777183600713,0.225628302691907,,,0.359251327644403,,1.5614973262032086,0.9037433155080212,,0.0639999999999999,smk_can_187,16,49.192,eea1cc34fd9d82b0c6d7267dcc1cac30b2234f9f9020f48754a66d120f25f54e
l1_logistic,k,k:1,,1,19993,rf,none,3272798507,0.5026737967914439,0.5095074455899198,0.3639266744592337,0.3201568910392439,0.4807560235253362,,,0.2443573649141535,,1.7967914438502677,0.9037433155080212,,0.3371604585537918,smk_can_187,16,49.192,eea1cc34fd9d82b0c6d7267dcc1cac30b2234f9f9020f48754a66d120f25f54e
l1_logistic,k,k:2,,2,19993,rf,none,3272798507,0.5561497326203209,0.5717067583046964,0.3074626262626262,0.2637076648841355,0.3798915752484765,,,0.2634507190065465,,1.7219251336898396,0.9037433155080212,,0.2945333333333333,smk_can_187,16,49.192,eea1cc34fd9d82b0c6d7267dcc1cac30b2234f9f9020f48754a66d120f25f54e
l1_logistic,k,k:4,,4,19993,rf,none,3272798507,0.6256684491978609,0.6662657502863689,0.2501157456922163,0.1321212121212121,0.3031071291106186,,,0.3150460176113839,,1.6577540106951871,0.9037433155080212,,0.1611999999999999,smk_can_187,16,49.192,eea1cc34fd9d82b0c6d7267dcc1cac30b2234f9f9020f48754a66d120f25f54e
l1_logistic,k,k:8,,8,19993,rf,none,3272798507,0.6898395721925134,0.7143184421534937,0.213539156268568,0.0993226381461675,0.2518964075469603,,,0.3610795017234107,,1.6310160427807487,0.9090909090909092,,0.1055111111111111,smk_can_187,16,49.192,eea1cc34fd9d82b0c6d7267dcc1cac30b2234f9f9020f48754a66d120f25f54e
l1_logistic,k,k:16,,16,19993,rf,none,3272798507,0.6844919786096256,0.7473654066437572,0.1993219251336898,0.0793939393939393,0.1991753824350884,,,0.36958509065561,,1.518716577540107,0.9037433155080212,,0.0748444444444444,smk_can_187,16,49.192,eea1cc34fd9d82b0c6d7267dcc1cac30b2234f9f9020f48754a66d120f25f54e
l1_logistic,k,k:32,,32,19993,rf,none,3272798507,0.7058823529411765,0.7541809851088201,0.1959757575757575,0.1151515151515151,0.1972934493023784,,,0.3758438359614538,,1.5133689839572193,0.9090909090909092,,0.108711111111111,smk_can_187,16,49.192,eea1cc34fd9d82b0c6d7267dcc1cac30b2234f9f9020f48754a66d120f25f54e
l1_logistic,k,k:64,,64,19993,rf,none,3272798507,0.7165775401069518,0.7666666666666667,0.1902906714200832,0.085204991087344,0.1698588935934701,,,0.3812745336693209,,1.497326203208556,0.9037433155080212,,0.0576,smk_can_187,16,49.192,eea1cc34fd9d82b0c6d7267dcc1cac30b2234f9f9020f48754a66d120f25f54e
l1_logistic,k,k:128,,128,19993,rf,none,3272798507,0.7058823529411765,0.7430698739977091,0.1987374925727867,0.099108734402852,0.1938476152215861,,,0.373017742657286,,1.497326203208556,0.9037433155080212,,0.1074222222222222,smk_can_187,16,49.192,eea1cc34fd9d82b0c6d7267dcc1cac30b2234f9f9020f48754a66d120f25f54e
l1_logistic,k,k:256,,256,19993,rf,none,3272798507,0.7112299465240641,0.7387170675830469,0.2005958407605466,0.0895187165775401,0.1964481018492009,,,0.3718300200327724,,1.5508021390374331,0.9090909090909092,,0.0811111111111111,smk_can_187,16,49.192,eea1cc34fd9d82b0c6d7267dcc1cac30b2234f9f9020f48754a66d120f25f54e
l1_logistic,frac,frac:1,1.0,19993,19993,rf,none,3320673173,0.6577540106951871,0.7057273768613974,0.2116931669637552,0.1002852049910873,0.2301766437352307,,,0.360959396095045,,1.5401069518716577,0.9037433155080212,,0.0853777777777778,smk_can_187,17,51.054,eea1cc34fd9d82b0c6d7267dcc1cac30b2234f9f9020f48754a66d120f25f54e
l1_logistic,k,k:1,,1,19993,rf,none,3320673173,0.5026737967914439,0.5474226804123712,0.3597437563806667,0.3329502588914354,0.4041578793127927,,,0.2422503014398173,,1.732620320855615,0.9090909090909092,,0.3485703703703703,smk_can_187,17,51.054,eea1cc34fd9d82b0c6d7267dcc1cac30b2234f9f9020f48754a66d120f25f54e
l1_logistic,k,k:2,,2,19993,rf,none,3320673173,0.5187165775401069,0.5533218785796105,0.3067153891859774,0.2613547237076648,0.3907620799285706,,,0.2522763223633665,,1.7379679144385027,0.9037433155080212,,0.2669777777777777,smk_can_187,17,51.054,eea1cc34fd9d82b0c6d7267dcc1cac30b2234f9f9020f48754a66d120f25f54e
l1_logistic,k,k:4,,4,19993,rf,none,3320673173,0.5935828877005348,0.6483390607101948,0.259146761734997,0.1913012477718359,0.3061715865441233,,,0.3109019267332793,,1.6524064171122994,0.9037433155080212,,0.1856,smk_can_187,17,51.054,eea1cc34fd9d82b0c6d7267dcc1cac30b2234f9f9020f48754a66d120f25f54e
l1_logistic,k,k:8,,8,19993,rf,none,3320673173,0.6631016042780749,0.7100801832760595,0.2202257872846108,0.0896256684491978,0.2747161221641146,,,0.3405745901411744,,1.5828877005347597,0.9037433155080212,,0.1056444444444444,smk_can_187,17,51.054,eea1cc34fd9d82b0c6d7267dcc1cac30b2234f9f9020f48754a66d120f25f54e
l1_logistic,k,k:16,,16,19993,rf,none,3320673173,0.6951871657754011,0.7648339060710195,0.1942457516339869,0.1020677361853832,0.1842271965014282,,,0.3698569178529203,,1.4705882352941178,0.9037433155080212,,0.0893333333333333,smk_can_187,17,51.054,eea1cc34fd9d82b0c6d7267dcc1cac30b2234f9f9020f48754a66d120f25f54e
l1_logistic,k,k:32,,32,19993,rf,none,3320673173,0.7058823529411765,0.7553837342497136,0.1970184194890077,0.0679144385026738,0.1869935839798139,,,0.3670668912542039,,1.5133689839572193,0.9090909090909092,,0.0823555555555555,smk_can_187,17,51.054,eea1cc34fd9d82b0c6d7267dcc1cac30b2234f9f9020f48754a66d120f25f54e
l1_logistic,k,k:64,,64,19993,rf,none,3320673173,0.6951871657754011,0.7696449026345934,0.1918260249554367,0.0739393939393939,0.1713417174142492,,,0.3738632025822256,,1.4919786096256684,0.9037433155080212,,0.0856444444444444,smk_can_187,17,51.054,eea1cc34fd9d82b0c6d7267dcc1cac30b2234f9f9020f48754a66d120f25f54e
l1_logistic,k,k:128,,128,19993,rf,none,3320673173,0.7112299465240641,0.770561282932417,0.1909114676173499,0.0713012477718359,0.1660802628060154,,,0.3770272907839047,,1.5080213903743316,0.9037433155080212,,0.0789333333333333,smk_can_187,17,51.054,eea1cc34fd9d82b0c6d7267dcc1cac30b2234f9f9020f48754a66d120f25f54e
l1_logistic,k,k:256,,256,19993,rf,none,3320673173,0.6524064171122995,0.7463917525773196,0.1983824123588829,0.1103030303030303,0.1858653427084614,,,0.3722817305123069,,1.5080213903743316,0.9090909090909092,,0.0882666666666666,smk_can_187,17,51.054,eea1cc34fd9d82b0c6d7267dcc1cac30b2234f9f9020f48754a66d120f25f54e
l1_logistic,frac,frac:1,1.0,19993,19993,rf,none,4148552384,0.6844919786096256,0.7315005727376862,0.204556862745098,0.0674866310160427,0.2084594473300931,,,0.3657144228386561,,1.5561497326203209,0.9037433155080212,,0.0745333333333333,smk_can_187,18,51.173,eea1cc34fd9d82b0c6d7267dcc1cac30b2234f9f9020f48754a66d120f25f54e
l1_logistic,k,k:1,,1,19993,rf,none,4148552384,0.5775401069518716,0.6365979381443299,0.3109304399716115,0.286206476530006,0.3404951254826078,,,0.2748779105570578,,1.6203208556149733,0.9037433155080212,,0.3071099999999999,smk_can_187,18,51.173,eea1cc34fd9d82b0c6d7267dcc1cac30b2234f9f9020f48754a66d120f25f54e
l1_logistic,k,k:2,,2,19993,rf,none,4148552384,0.6203208556149733,0.6486254295532646,0.2650799762329174,0.1774688057040998,0.3261614999693137,,,0.3090750809732652,,1.6684491978609626,0.9037433155080212,,0.1873333333333333,smk_can_187,18,51.173,eea1cc34fd9d82b0c6d7267dcc1cac30b2234f9f9020f48754a66d120f25f54e
l1_logistic,k,k:4,,4,19993,rf,none,4148552384,0.6470588235294118,0.7196449026345934,0.2251184789067142,0.1316934046345811,0.2395770334806066,,,0.3377519868518707,,1.5561497326203209,0.9037433155080212,,0.1429777777777777,smk_can_187,18,51.173,eea1cc34fd9d82b0c6d7267dcc1cac30b2234f9f9020f48754a66d120f25f54e
l1_logistic,k,k:8,,8,19993,rf,none,4148552384,0.6684491978609626,0.7376861397479955,0.2062552584670231,0.084313725490196,0.2179415760852697,,,0.359547219889213,,1.5775401069518715,0.9037433155080212,,0.0870222222222222,smk_can_187,18,51.173,eea1cc34fd9d82b0c6d7267dcc1cac30b2234f9f9020f48754a66d120f25f54e
l1_logistic,k,k:16,,16,19993,rf,none,4148552384,0.7165775401069518,0.772680412371134,0.1921991681521092,0.0974688057040998,0.1807465680869179,,,0.3708991622758321,,1.518716577540107,0.9037433155080212,,0.0824,smk_can_187,18,51.173,eea1cc34fd9d82b0c6d7267dcc1cac30b2234f9f9020f48754a66d120f25f54e
l1_logistic,k,k:32,,32,19993,rf,none,4148552384,0.7058823529411765,0.7619702176403207,0.1931591206179441,0.0703386809269162,0.184874033932881,,,0.3781521183621141,,1.4598930481283423,0.9037433155080212,,0.0784444444444444,smk_can_187,18,51.173,eea1cc34fd9d82b0c6d7267dcc1cac30b2234f9f9020f48754a66d120f25f54e
l1_logistic,k,k:64,,64,19993,rf,none,4148552384,0.7112299465240641,0.7896907216494846,0.1829454545454545,0.1113368983957219,0.1468089341354408,,,0.3824221988363308,,1.4545454545454546,0.9090909090909092,,0.1168444444444444,smk_can_187,18,51.173,eea1cc34fd9d82b0c6d7267dcc1cac30b2234f9f9020f48754a66d120f25f54e
l1_logistic,k,k:128,,128,19993,rf,none,4148552384,0.7112299465240641,0.7896334478808705,0.1821506833036244,0.0745454545454545,0.1431374846988703,,,0.3854778017233357,,1.4064171122994653,0.9037433155080212,,0.0840444444444444,smk_can_187,18,51.173,eea1cc34fd9d82b0c6d7267dcc1cac30b2234f9f9020f48754a66d120f25f54e
l1_logistic,k,k:256,,256,19993,rf,none,4148552384,0.6631016042780749,0.7665521191294388,0.1927553178847296,0.1043850267379678,0.1654211464774075,,,0.3713031724162517,,1.4705882352941178,0.9037433155080212,,0.0824888888888888,smk_can_187,18,51.173,eea1cc34fd9d82b0c6d7267dcc1cac30b2234f9f9020f48754a66d120f25f54e
l1_logistic,frac,frac:1,1.0,19993,19993,rf,none,933877668,0.7005347593582888,0.7439862542955327,0.2016701128936423,0.0820320855614973,0.2056584390217456,,,0.3667738754291564,,1.5614973262032086,0.9037433155080212,,0.0965777777777777,smk_can_187,19,45.844,eea1cc34fd9d82b0c6d7267dcc1cac30b2234f9f9020f48754a66d120f25f54e
l1_logistic,k,k:1,,1,19993,rf,none,933877668,0.4866310160427807,0.5040091638029782,0.3675948466243586,0.3297855445208386,0.4463207393621405,,,0.2223384749138796,,1.7700534759358288,0.9090909090909092,,0.3715958024691358,smk_can_187,19,45.844,eea1cc34fd9d82b0c6d7267dcc1cac30b2234f9f9020f48754a66d120f25f54e
l1_logistic,k,k:2,,2,19993,rf,none,933877668,0.5935828877005348,0.6225085910652921,0.2655717171717172,0.1897682709447415,0.3488172056494146,,,0.3065375839982017,,1.6737967914438503,0.9144385026737968,,0.2138666666666666,smk_can_187,19,45.844,eea1cc34fd9d82b0c6d7267dcc1cac30b2234f9f9020f48754a66d120f25f54e
l1_logistic,k,k:4,,4,19993,rf,none,933877668,0.6310160427807486,0.6711340206185566,0.2424206773618538,0.1414973262032085,0.2724419665680541,,,0.3287396835540532,,1.6684491978609626,0.9090909090909092,,0.1574666666666667,smk_can_187,19,45.844,eea1cc34fd9d82b0c6d7267dcc1cac30b2234f9f9020f48754a66d120f25f54e
l1_logistic,k,k:8,,8,19993,rf,none,933877668,0.7219251336898396,0.7843069873997709,0.1900406417112299,0.1214973262032085,0.1887009830159524,,,0.3690334569912999,,1.4385026737967914,0.9037433155080212,,0.1283111111111111,smk_can_187,19,45.844,eea1cc34fd9d82b0c6d7267dcc1cac30b2234f9f9020f48754a66d120f25f54e
l1_logistic,k,k:16,,16,19993,rf,none,933877668,0.6844919786096256,0.7766323024054983,0.1896437314319667,0.0772905525846702,0.1649421469701095,,,0.3691257661920111,,1.4759358288770053,0.9037433155080212,,0.0967111111111111,smk_can_187,19,45.844,eea1cc34fd9d82b0c6d7267dcc1cac30b2234f9f9020f48754a66d120f25f54e
l1_logistic,k,k:32,,32,19993,rf,none,933877668,0.6898395721925134,0.7703894616265751,0.1908071301247772,0.1255258467023172,0.1608149844580423,,,0.3736787034702724,,1.518716577540107,0.9197860962566844,,0.1540444444444444,smk_can_187,19,45.844,eea1cc34fd9d82b0c6d7267dcc1cac30b2234f9f9020f48754a66d120f25f54e
l1_logistic,k,k:64,,64,19993,rf,none,933877668,0.6844919786096256,0.806987399770905,0.1807142008318479,0.0880926916221033,0.1315529360186796,,,0.3747443446110482,,1.4171122994652403,0.9090909090909092,,0.1092444444444444,smk_can_187,19,45.844,eea1cc34fd9d82b0c6d7267dcc1cac30b2234f9f9020f48754a66d120f25f54e
l1_logistic,k,k:128,,128,19993,rf,none,933877668,0.7112299465240641,0.7982817869415808,0.183934165181224,0.0664171122994652,0.1384173425528956,,,0.3764279489474539,,1.4438502673796791,0.9090909090909092,,0.0846222222222222,smk_can_187,19,45.844,eea1cc34fd9d82b0c6d7267dcc1cac30b2234f9f9020f48754a66d120f25f54e
l1_logistic,k,k:256,,256,19993,rf,none,933877668,0.7112299465240641,0.7768613974799541,0.1900513368983956,0.0841711229946524,0.1521126309879563,,,0.3754325929003543,,1.4331550802139037,0.9037433155080212,,0.0931555555555555,smk_can_187,19,45.844,eea1cc34fd9d82b0c6d7267dcc1cac30b2234f9f9020f48754a66d120f25f54e
l1_logistic,frac,frac:1,1.0,19993,19993,rf,none,1955424399,0.6737967914438503,0.729438717067583,0.2054312537136066,0.1157219251336898,0.2173685258256657,,,0.3690618690861271,,1.5614973262032086,0.9037433155080212,,0.1101777777777777,smk_can_187,20,47.362,eea1cc34fd9d82b0c6d7267dcc1cac30b2234f9f9020f48754a66d120f25f54e
l1_logistic,k,k:1,,1,19993,rf,none,1955424399,0.4866310160427807,0.4965635738831615,0.3854881383640998,0.3569783974195739,0.4993050585479993,,,0.2102652281445638,,1.8502673796791445,0.9251336898395722,,0.3863864550264551,smk_can_187,20,47.362,eea1cc34fd9d82b0c6d7267dcc1cac30b2234f9f9020f48754a66d120f25f54e
l1_logistic,k,k:2,,2,19993,rf,none,1955424399,0.5508021390374331,0.5573310423825887,0.297382055852644,0.2144385026737968,0.4150923486749051,,,0.2897294549506677,,1.7807486631016043,0.9090909090909092,,0.2363555555555555,smk_can_187,20,47.362,eea1cc34fd9d82b0c6d7267dcc1cac30b2234f9f9020f48754a66d120f25f54e
l1_logistic,k,k:4,,4,19993,rf,none,1955424399,0.6256684491978609,0.6665521191294387,0.2429435531788473,0.1298752228163993,0.315805695405455,,,0.3287381188599194,,1.6524064171122994,0.9037433155080212,,0.1642666666666667,smk_can_187,20,47.362,eea1cc34fd9d82b0c6d7267dcc1cac30b2234f9f9020f48754a66d120f25f54e
l1_logistic,k,k:8,,8,19993,rf,none,1955424399,0.6844919786096256,0.7343069873997708,0.2064765300059418,0.1089483065953654,0.2010653185809841,,,0.3655395624523533,,1.518716577540107,0.9144385026737968,,0.1245777777777777,smk_can_187,20,47.362,eea1cc34fd9d82b0c6d7267dcc1cac30b2234f9f9020f48754a66d120f25f54e
l1_logistic,k,k:16,,16,19993,rf,none,1955424399,0.7433155080213903,0.775372279495991,0.1896663101604278,0.09650623885918,0.1775160663442134,,,0.3805110013810215,,1.4759358288770053,0.9037433155080212,,0.0996888888888888,smk_can_187,20,47.362,eea1cc34fd9d82b0c6d7267dcc1cac30b2234f9f9020f48754a66d120f25f54e
l1_logistic,k,k:32,,32,19993,rf,none,1955424399,0.7593582887700535,0.7849942726231386,0.18421247771836,0.144313725490196,0.157653704557774,,,0.3915937332404955,,1.4598930481283423,0.9037433155080212,,0.1415555555555555,smk_can_187,20,47.362,eea1cc34fd9d82b0c6d7267dcc1cac30b2234f9f9020f48754a66d120f25f54e
l1_logistic,k,k:64,,64,19993,rf,none,1955424399,0.7219251336898396,0.7891752577319587,0.184751752822341,0.086951871657754,0.1505754071872431,,,0.383752346892257,,1.4438502673796791,0.9037433155080212,,0.1095111111111111,smk_can_187,20,47.362,eea1cc34fd9d82b0c6d7267dcc1cac30b2234f9f9020f48754a66d120f25f54e
l1_logistic,k,k:128,,128,19993,rf,none,1955424399,0.6898395721925134,0.7643757159221077,0.1920767676767676,0.109126559714795,0.1618857403901498,,,0.3791145689049533,,1.4545454545454546,0.9037433155080212,,0.1069777777777777,smk_can_187,20,47.362,eea1cc34fd9d82b0c6d7267dcc1cac30b2234f9f9020f48754a66d120f25f54e
l1_logistic,k,k:256,,256,19993,rf,none,1955424399,0.6737967914438503,0.7517754868270332,0.1979458110516934,0.0985739750445633,0.1820488955814106,,,0.3712088055972386,,1.5240641711229947,0.9037433155080212,,0.1131555555555555,smk_can_187,20,47.362,eea1cc34fd9d82b0c6d7267dcc1cac30b2234f9f9020f48754a66d120f25f54e
l1_logistic,frac,frac:1,1.0,19993,19993,rf,none,4224484560,0.6844919786096256,0.7644329896907217,0.1954409982174688,0.1011764705882353,0.1928018656998938,,,0.3743283509078176,,1.4545454545454546,0.9037433155080212,,0.1175555555555555,smk_can_187,21,47.268,eea1cc34fd9d82b0c6d7267dcc1cac30b2234f9f9020f48754a66d120f25f54e
l1_logistic,k,k:1,,1,19993,rf,none,4224484560,0.5294117647058824,0.5973081328751432,0.318895516271342,0.2943662535721359,0.3532105044070051,,,0.253718240138716,,1.6898395721925137,0.9197860962566844,,0.2923088888888889,smk_can_187,21,47.268,eea1cc34fd9d82b0c6d7267dcc1cac30b2234f9f9020f48754a66d120f25f54e
l1_logistic,k,k:2,,2,19993,rf,none,4224484560,0.6096256684491979,0.6768613974799541,0.2409437908496732,0.1430659536541889,0.2801425810211011,,,0.3097286706933624,,1.60427807486631,0.9037433155080212,,0.1490222222222222,smk_can_187,21,47.268,eea1cc34fd9d82b0c6d7267dcc1cac30b2234f9f9020f48754a66d120f25f54e
l1_logistic,k,k:4,,4,19993,rf,none,4224484560,0.6684491978609626,0.7282359679266895,0.222086036838978,0.1258823529411764,0.2155339323972874,,,0.3420330858279094,,1.572192513368984,0.9037433155080212,,0.1335111111111111,smk_can_187,21,47.268,eea1cc34fd9d82b0c6d7267dcc1cac30b2234f9f9020f48754a66d120f25f54e
l1_logistic,k,k:8,,8,19993,rf,none,4224484560,0.7219251336898396,0.7780641466208477,0.1884805704099822,0.0888413547237076,0.1771977905698386,,,0.3734564274671753,,1.497326203208556,0.9037433155080212,,0.1088444444444444,smk_can_187,21,47.268,eea1cc34fd9d82b0c6d7267dcc1cac30b2234f9f9020f48754a66d120f25f54e
l1_logistic,k,k:16,,16,19993,rf,none,4224484560,0.7486631016042781,0.8103665521191294,0.1759196672608437,0.0973975044563279,0.1371225632268716,,,0.3890504960818612,,1.390374331550802,0.9037433155080212,,0.1123111111111111,smk_can_187,21,47.268,eea1cc34fd9d82b0c6d7267dcc1cac30b2234f9f9020f48754a66d120f25f54e
l1_logistic,k,k:32,,32,19993,rf,none,4224484560,0.7005347593582888,0.7917525773195877,0.1837307189542483,0.1037076648841354,0.1513139177033447,,,0.3775060957276555,,1.4438502673796791,0.9090909090909092,,0.1016444444444444,smk_can_187,21,47.268,eea1cc34fd9d82b0c6d7267dcc1cac30b2234f9f9020f48754a66d120f25f54e
l1_logistic,k,k:64,,64,19993,rf,none,4224484560,0.786096256684492,0.8154066437571593,0.1783586452762923,0.1215686274509804,0.1477649348460436,,,0.3915229863393361,,1.4171122994652403,0.9090909090909092,,0.1248444444444444,smk_can_187,21,47.268,eea1cc34fd9d82b0c6d7267dcc1cac30b2234f9f9020f48754a66d120f25f54e
l1_logistic,k,k:128,,128,19993,rf,none,4224484560,0.7486631016042781,0.8124856815578465,0.1816634581105169,0.0958645276292335,0.1428356410700767,,,0.3818522461336757,,1.3850267379679144,0.9037433155080212,,0.1148444444444444,smk_can_187,21,47.268,eea1cc34fd9d82b0c6d7267dcc1cac30b2234f9f9020f48754a66d120f25f54e
l1_logistic,k,k:256,,256,19993,rf,none,4224484560,0.7112299465240641,0.7891179839633448,0.1858925727866904,0.1079857397504456,0.1534064949636586,,,0.3790604861493188,,1.4491978609625669,0.9090909090909092,,0.087111111111111,smk_can_187,21,47.268,eea1cc34fd9d82b0c6d7267dcc1cac30b2234f9f9020f48754a66d120f25f54e
l1_logistic,frac,frac:1,1.0,19993,19993,rf,none,1850286954,0.6631016042780749,0.7420962199312715,0.1998386215092097,0.0863101604278074,0.1974565723499386,,,0.3721533166087547,,1.502673796791444,0.9037433155080212,,0.1063111111111111,smk_can_187,22,49.083,eea1cc34fd9d82b0c6d7267dcc1cac30b2234f9f9020f48754a66d120f25f54e
l1_logistic,k,k:1,,1,19993,rf,none,1850286954,0.5454545454545454,0.6165521191294387,0.3197529987564049,0.2917356760886173,0.3366613167906255,,,0.2690639534070758,,1.6363636363636365,0.9037433155080212,,0.3065044444444444,smk_can_187,22,49.083,eea1cc34fd9d82b0c6d7267dcc1cac30b2234f9f9020f48754a66d120f25f54e
l1_logistic,k,k:2,,2,19993,rf,none,1850286954,0.5935828877005348,0.6699312714776633,0.2483462863933452,0.1755080213903743,0.2904997688452045,,,0.3203497695611878,,1.60427807486631,0.9037433155080212,,0.1910666666666666,smk_can_187,22,49.083,eea1cc34fd9d82b0c6d7267dcc1cac30b2234f9f9020f48754a66d120f25f54e
l1_logistic,k,k:4,,4,19993,rf,none,1850286954,0.6951871657754011,0.7310996563573883,0.2228670231729055,0.1215329768270944,0.2385284017715608,,,0.3376284757361674,,1.5240641711229947,0.9037433155080212,,0.1398222222222222,smk_can_187,22,49.083,eea1cc34fd9d82b0c6d7267dcc1cac30b2234f9f9020f48754a66d120f25f54e
l1_logistic,k,k:8,,8,19993,rf,none,1850286954,0.6631016042780749,0.73659793814433,0.2103158645276292,0.1152941176470588,0.238928646458722,,,0.3528067707930523,,1.5668449197860963,0.9037433155080212,,0.1262666666666667,smk_can_187,22,49.083,eea1cc34fd9d82b0c6d7267dcc1cac30b2234f9f9020f48754a66d120f25f54e
l1_logistic,k,k:16,,16,19993,rf,none,1850286954,0.7005347593582888,0.7685567010309278,0.1934557338086749,0.0800356506238859,0.1954975147728965,,,0.3728086683736917,,1.5294117647058822,0.9037433155080212,,0.0682666666666667,smk_can_187,22,49.083,eea1cc34fd9d82b0c6d7267dcc1cac30b2234f9f9020f48754a66d120f25f54e
l1_logistic,k,k:32,,32,19993,rf,none,1850286954,0.7486631016042781,0.8036082474226804,0.1801951277480689,0.1109803921568627,0.1403309007835793,,,0.3880999452477693,,1.427807486631016,0.9037433155080212,,0.1298666666666666,smk_can_187,22,49.083,eea1cc34fd9d82b0c6d7267dcc1cac30b2234f9f9020f48754a66d120f25f54e
l1_logistic,k,k:64,,64,19993,rf,none,1850286954,0.7379679144385026,0.7678694158075602,0.1930312537136067,0.1,0.1727809671493682,,,0.3812688160194332,,1.502673796791444,0.9090909090909092,,0.0906222222222222,smk_can_187,22,49.083,eea1cc34fd9d82b0c6d7267dcc1cac30b2234f9f9020f48754a66d120f25f54e
l1_logistic,k,k:128,,128,19993,rf,none,1850286954,0.6898395721925134,0.767983963344788,0.1919679144385026,0.0863101604278074,0.1709651449406854,,,0.3775477413162524,,1.4705882352941178,0.9090909090909092,,0.0995111111111111,smk_can_187,22,49.083,eea1cc34fd9d82b0c6d7267dcc1cac30b2234f9f9020f48754a66d120f25f54e
l1_logistic,k,k:256,,256,19993,rf,none,1850286954,0.6951871657754011,0.7634593356242841,0.1936919786096256,0.113048128342246,0.1787119783120422,,,0.3786560629674957,,1.4598930481283423,0.9037433155080212,,0.1468444444444444,smk_can_187,22,49.083,eea1cc34fd9d82b0c6d7267dcc1cac30b2234f9f9020f48754a66d120f25f54e
l1_logistic,frac,frac:1,1.0,19993,19993,rf,none,1832224082,0.6951871657754011,0.738831615120275,0.2032054664289958,0.1110516934046345,0.2189283318026458,,,0.3679204881613108,,1.5080213903743316,0.9037433155080212,,0.1126666666666666,smk_can_187,23,50.784,eea1cc34fd9d82b0c6d7267dcc1cac30b2234f9f9020f48754a66d120f25f54e
l1_logistic,k,k:1,,1,19993,rf,none,1832224082,0.5401069518716578,0.6086483390607101,0.3324885894388058,0.3162035056446821,0.348466186708538,,,0.2615920360305588,,1.6577540106951871,0.9037433155080212,,0.329314708994709,smk_can_187,23,50.784,eea1cc34fd9d82b0c6d7267dcc1cac30b2234f9f9020f48754a66d120f25f54e
l1_logistic,k,k:2,,2,19993,rf,none,1832224082,0.6042780748663101,0.6284650630011455,0.2739952465834818,0.1937611408199643,0.3407273320047976,,,0.2975313043861083,,1.7058823529411764,0.9037433155080212,,0.2255111111111111,smk_can_187,23,50.784,eea1cc34fd9d82b0c6d7267dcc1cac30b2234f9f9020f48754a66d120f25f54e
l1_logistic,k,k:4,,4,19993,rf,none,1832224082,0.6149732620320856,0.7008018327605956,0.2383225193107545,0.1503030303030302,0.2603989292371135,,,0.3215888142909991,,1.5935828877005347,0.9090909090909092,,0.1551555555555555,smk_can_187,23,50.784,eea1cc34fd9d82b0c6d7267dcc1cac30b2234f9f9020f48754a66d120f25f54e
l1_logistic,k,k:8,,8,19993,rf,none,1832224082,0.6256684491978609,0.702119129438717,0.2226975638740344,0.1850267379679144,0.2368898729148039,,,0.3535647856004195,,1.5454545454545454,0.9037433155080212,,0.1740444444444444,smk_can_187,23,50.784,eea1cc34fd9d82b0c6d7267dcc1cac30b2234f9f9020f48754a66d120f25f54e
l1_logistic,k,k:16,,16,19993,rf,none,1832224082,0.6951871657754011,0.7514891179839633,0.1993884729649435,0.117825311942959,0.1947090629278539,,,0.3731840919379296,,1.5240641711229947,0.9090909090909092,,0.1331111111111111,smk_can_187,23,50.784,eea1cc34fd9d82b0c6d7267dcc1cac30b2234f9f9020f48754a66d120f25f54e
l1_logistic,k,k:32,,32,19993,rf,none,1832224082,0.7272727272727273,0.7779495990836197,0.1880508615567439,0.1401069518716577,0.1631154703826091,,,0.3837710748421296,,1.5080213903743316,0.9197860962566844,,0.1566666666666667,smk_can_187,23,50.784,eea1cc34fd9d82b0c6d7267dcc1cac30b2234f9f9020f48754a66d120f25f54e
l1_logistic,k,k:64,,64,19993,rf,none,1832224082,0.7219251336898396,0.7796678121420391,0.1895869281045751,0.0986452762923351,0.1587717111908952,,,0.3744113041798373,,1.4759358288770053,0.9037433155080212,,0.1198222222222221,smk_can_187,23,50.784,eea1cc34fd9d82b0c6d7267dcc1cac30b2234f9f9020f48754a66d120f25f54e
l1_logistic,k,k:128,,128,19993,rf,none,1832224082,0.7112299465240641,0.7859679266895762,0.18876458704694,0.0766131907308377,0.1563696266426218,,,0.3780114536830199,,1.4598930481283423,0.9037433155080212,,0.0855999999999999,smk_can_187,23,50.784,eea1cc34fd9d82b0c6d7267dcc1cac30b2234f9f9020f48754a66d120f25f54e
l1_logistic,k,k:256,,256,19993,rf,none,1832224082,0.7058823529411765,0.7831042382588774,0.1900014260249554,0.091729055258467,0.1561473428949782,,,0.3749159007436223,,1.4705882352941178,0.9037433155080212,,0.0960888888888889,smk_can_187,23,50.784,eea1cc34fd9d82b0c6d7267dcc1cac30b2234f9f9020f48754a66d120f25f54e
l1_logistic,frac,frac:1,1.0,19993,19993,rf,none,2276064664,0.7005347593582888,0.7367697594501718,0.2029616161616161,0.0961497326203208,0.207726952376911,,,0.3678426969483296,,1.5614973262032086,0.9037433155080212,,0.1066222222222222,smk_can_187,24,47.917,eea1cc34fd9d82b0c6d7267dcc1cac30b2234f9f9020f48754a66d120f25f54e
l1_logistic,k,k:1,,1,19993,rf,none,2276064664,0.5240641711229946,0.570274914089347,0.34179937754361,0.3108621509209743,0.4178232319267992,,,0.2491941616877086,,1.7272727272727273,0.9090909090909092,,0.3344515343915344,smk_can_187,24,47.917,eea1cc34fd9d82b0c6d7267dcc1cac30b2234f9f9020f48754a66d120f25f54e
l1_logistic,k,k:2,,2,19993,rf,none,2276064664,0.5721925133689839,0.6100801832760595,0.2763355912061794,0.1852406417112299,0.3639621581719648,,,0.2832295542071197,,1.7433155080213905,0.9037433155080212,,0.1989333333333333,smk_can_187,24,47.917,eea1cc34fd9d82b0c6d7267dcc1cac30b2234f9f9020f48754a66d120f25f54e
l1_logistic,k,k:4,,4,19993,rf,none,2276064664,0.6417112299465241,0.6814432989690722,0.2402956625074272,0.1331194295900177,0.2823306877302866,,,0.3130614593392756,,1.641711229946524,0.9037433155080212,,0.1461333333333333,smk_can_187,24,47.917,eea1cc34fd9d82b0c6d7267dcc1cac30b2234f9f9020f48754a66d120f25f54e
l1_logistic,k,k:8,,8,19993,rf,none,2276064664,0.6631016042780749,0.7175257731958763,0.219209982174688,0.138680926916221,0.2554823624432257,,,0.3503836055248164,,1.5775401069518715,0.9037433155080212,,0.1338666666666666,smk_can_187,24,47.917,eea1cc34fd9d82b0c6d7267dcc1cac30b2234f9f9020f48754a66d120f25f54e
l1_logistic,k,k:16,,16,19993,rf,none,2276064664,0.6951871657754011,0.7873997709049255,0.1862878193701723,0.0757219251336898,0.1602413538547957,,,0.3705984292747998,,1.4224598930481285,0.9090909090909092,,0.0808444444444444,smk_can_187,24,47.917,eea1cc34fd9d82b0c6d7267dcc1cac30b2234f9f9020f48754a66d120f25f54e
l1_logistic,k,k:32,,32,19993,rf,none,2276064664,0.7379679144385026,0.7931844215349371,0.1828774806892454,0.0878787878787878,0.1484896620206249,,,0.3827345069024008,,1.4491978609625669,0.9037433155080212,,0.0877333333333332,smk_can_187,24,47.917,eea1cc34fd9d82b0c6d7267dcc1cac30b2234f9f9020f48754a66d120f25f54e
l1_logistic,k,k:64,,64,19993,rf,none,2276064664,0.7005347593582888,0.788831615120275,0.1842371954842543,0.0991800356506238,0.1499901823711975,,,0.3815887566047607,,1.4491978609625669,0.9090909090909092,,0.1065777777777778,smk_can_187,24,47.917,eea1cc34fd9d82b0c6d7267dcc1cac30b2234f9f9020f48754a66d120f25f54e
l1_logistic,k,k:128,,128,19993,rf,none,2276064664,0.7433155080213903,0.7918098510882016,0.1846493166963755,0.0747237076648841,0.1492072037256196,,,0.3820421568125243,,1.46524064171123,0.9090909090909092,,0.0772,smk_can_187,24,47.917,eea1cc34fd9d82b0c6d7267dcc1cac30b2234f9f9020f48754a66d120f25f54e
l1_logistic,k,k:256,,256,19993,rf,none,2276064664,0.7647058823529411,0.7912371134020618,0.1874177064765299,0.1286274509803921,0.1559235924156261,,,0.3806730529377511,,1.5133689839572193,0.9037433155080212,,0.1148444444444443,smk_can_187,24,47.917,eea1cc34fd9d82b0c6d7267dcc1cac30b2234f9f9020f48754a66d120f25f54e
l1_logistic,frac,frac:1,1.0,19993,19993,rf,none,2758225902,0.679144385026738,0.7235395189003436,0.2057996434937611,0.0958288770053475,0.2121079214070411,,,0.365669356134037,,1.518716577540107,0.9037433155080212,,0.107511111111111,smk_can_187,25,53.064,eea1cc34fd9d82b0c6d7267dcc1cac30b2234f9f9020f48754a66d120f25f54e
l1_logistic,k,k:1,,1,19993,rf,none,2758225902,0.5668449197860963,0.5981099656357388,0.3224240971701811,0.2752117816823698,0.373369710596442,,,0.2494275015304138,,1.732620320855615,0.9090909090909092,,0.3050642328042328,smk_can_187,25,53.064,eea1cc34fd9d82b0c6d7267dcc1cac30b2234f9f9020f48754a66d120f25f54e
l1_logistic,k,k:2,,2,19993,rf,none,2758225902,0.5828877005347594,0.6188430698739977,0.2804765300059417,0.203458110516934,0.33457920429751,,,0.2829755968203363,,1.679144385026738,0.9037433155080212,,0.2386222222222222,smk_can_187,25,53.064,eea1cc34fd9d82b0c6d7267dcc1cac30b2234f9f9020f48754a66d120f25f54e
l1_logistic,k,k:4,,4,19993,rf,none,2758225902,0.6470588235294118,0.6688430698739978,0.2510207961972668,0.1775401069518716,0.288550957348877,,,0.3147862516028565,,1.679144385026738,0.9037433155080212,,0.1880888888888888,smk_can_187,25,53.064,eea1cc34fd9d82b0c6d7267dcc1cac30b2234f9f9020f48754a66d120f25f54e
l1_logistic,k,k:8,,8,19993,rf,none,2758225902,0.6363636363636364,0.7118556701030927,0.219643018419489,0.1320499108734403,0.2241547666304455,,,0.3398379961569882,,1.572192513368984,0.9037433155080212,,0.1344444444444444,smk_can_187,25,53.064,eea1cc34fd9d82b0c6d7267dcc1cac30b2234f9f9020f48754a66d120f25f54e
l1_logistic,k,k:16,,16,19993,rf,none,2758225902,0.679144385026738,0.7407789232531502,0.2024280451574569,0.093475935828877,0.2059438681282888,,,0.3660987610820969,,1.5080213903743316,0.9037433155080212,,0.0926222222222223,smk_can_187,25,53.064,eea1cc34fd9d82b0c6d7267dcc1cac30b2234f9f9020f48754a66d120f25f54e
l1_logistic,k,k:32,,32,19993,rf,none,2758225902,0.6951871657754011,0.7769759450171821,0.1873620915032679,0.0696613190730838,0.1597269976546516,,,0.3799088154972357,,1.4598930481283423,0.9037433155080212,,0.0602222222222222,smk_can_187,25,53.064,eea1cc34fd9d82b0c6d7267dcc1cac30b2234f9f9020f48754a66d120f25f54e
l1_logistic,k,k:64,,64,19993,rf,none,2758225902,0.7219251336898396,0.7804123711340206,0.1860456327985739,0.1016399286987522,0.1604958081588774,,,0.3846820414047434,,1.502673796791444,0.9037433155080212,,0.1059111111111111,smk_can_187,25,53.064,eea1cc34fd9d82b0c6d7267dcc1cac30b2234f9f9020f48754a66d120f25f54e
l1_logistic,k,k:128,,128,19993,rf,none,2758225902,0.6951871657754011,0.756758304696449,0.192139037433155,0.0567914438502673,0.1699900387497645,,,0.3741564282950631,,1.4866310160427807,0.9037433155080212,,0.0829333333333333,smk_can_187,25,53.064,eea1cc34fd9d82b0c6d7267dcc1cac30b2234f9f9020f48754a66d120f25f54e
l1_logistic,k,k:256,,256,19993,rf,none,2758225902,0.679144385026738,0.7509163802978236,0.1934939988116458,0.1163636363636363,0.1703970005861631,,,0.3781959252867783,,1.4385026737967914,0.9037433155080212,,0.1102222222222221,smk_can_187,25,53.064,eea1cc34fd9d82b0c6d7267dcc1cac30b2234f9f9020f48754a66d120f25f54e
l1_logistic,frac,frac:1,1.0,19993,19993,rf,none,2255515110,0.7112299465240641,0.729610538373425,0.2046602495543672,0.1064527629233511,0.2125044658758274,,,0.3668584644740862,,1.5133689839572193,0.9037433155080212,,0.0947111111111111,smk_can_187,26,43.712,eea1cc34fd9d82b0c6d7267dcc1cac30b2234f9f9020f48754a66d120f25f54e
l1_logistic,k,k:1,,1,19993,rf,none,2255515110,0.5668449197860963,0.6012027491408934,0.321933632149156,0.2817064765300059,0.3686187764143785,,,0.2445623815574558,,1.7272727272727273,0.9037433155080212,,0.3077424338624338,smk_can_187,26,43.712,eea1cc34fd9d82b0c6d7267dcc1cac30b2234f9f9020f48754a66d120f25f54e
l1_logistic,k,k:2,,2,19993,rf,none,2255515110,0.5828877005347594,0.6360824742268041,0.2659251336898395,0.1672014260249554,0.32332902557781,,,0.2934836709420861,,1.6684491978609626,0.9037433155080212,,0.2084,smk_can_187,26,43.712,eea1cc34fd9d82b0c6d7267dcc1cac30b2234f9f9020f48754a66d120f25f54e
l1_logistic,k,k:4,,4,19993,rf,none,2255515110,0.6470588235294118,0.7094501718213059,0.2336565656565656,0.1664884135472371,0.2268577612490849,,,0.3161001151632419,,1.60427807486631,0.9090909090909092,,0.1808444444444445,smk_can_187,26,43.712,eea1cc34fd9d82b0c6d7267dcc1cac30b2234f9f9020f48754a66d120f25f54e
l1_logistic,k,k:8,,8,19993,rf,none,2255515110,0.6577540106951871,0.729725085910653,0.2118284016636958,0.1003208556149732,0.2040014824948024,,,0.3420163197827511,,1.5401069518716577,0.9037433155080212,,0.1305333333333333,smk_can_187,26,43.712,eea1cc34fd9d82b0c6d7267dcc1cac30b2234f9f9020f48754a66d120f25f54e
l1_logistic,k,k:16,,16,19993,rf,none,2255515110,0.7219251336898396,0.7780068728522337,0.1895481877599524,0.0977540106951871,0.1683592052063372,,,0.3717256627890895,,1.518716577540107,0.9037433155080212,,0.112,smk_can_187,26,43.712,eea1cc34fd9d82b0c6d7267dcc1cac30b2234f9f9020f48754a66d120f25f54e
l1_logistic,k,k:32,,32,19993,rf,none,2255515110,0.7058823529411765,0.7667239404352806,0.1932090314913844,0.0645632798573974,0.1785656629296947,,,0.3711061049319122,,1.5454545454545454,0.9037433155080212,,0.0695111111111111,smk_can_187,26,43.712,eea1cc34fd9d82b0c6d7267dcc1cac30b2234f9f9020f48754a66d120f25f54e
l1_logistic,k,k:64,,64,19993,rf,none,2255515110,0.7058823529411765,0.7837342497136311,0.1887757575757576,0.0762210338680926,0.1591816539236695,,,0.3705998529545525,,1.4385026737967914,0.9037433155080212,,0.0666222222222222,smk_can_187,26,43.712,eea1cc34fd9d82b0c6d7267dcc1cac30b2234f9f9020f48754a66d120f25f54e
l1_logistic,k,k:128,,128,19993,rf,none,2255515110,0.6898395721925134,0.7643757159221076,0.1956651218062983,0.0665597147950089,0.1827078706301146,,,0.3667975387495599,,1.502673796791444,0.9037433155080212,,0.0911555555555554,smk_can_187,26,43.712,eea1cc34fd9d82b0c6d7267dcc1cac30b2234f9f9020f48754a66d120f25f54e
l1_logistic,k,k:256,,256,19993,rf,none,2255515110,0.7112299465240641,0.7392325315005727,0.201149138443256,0.0857397504456328,0.1937118346155865,,,0.3695494214429051,,1.5508021390374331,0.9090909090909092,,0.0961333333333333,smk_can_187,26,43.712,eea1cc34fd9d82b0c6d7267dcc1cac30b2234f9f9020f48754a66d120f25f54e
l1_logistic,frac,frac:1,1.0,19993,19993,rf,none,2247393111,0.7058823529411765,0.743356242840779,0.2021226381461675,0.1219607843137254,0.2217724038197129,,,0.3714041365650585,,1.53475935828877,0.9037433155080212,,0.1435111111111111,smk_can_187,27,37.662,eea1cc34fd9d82b0c6d7267dcc1cac30b2234f9f9020f48754a66d120f25f54e
l1_logistic,k,k:1,,1,19993,rf,none,2247393111,0.6256684491978609,0.6877434135166095,0.2720920566246701,0.2293269671504965,0.2558857004815998,,,0.3050877288887924,,1.5935828877005347,0.9037433155080212,,0.2705029629629629,smk_can_187,27,37.662,eea1cc34fd9d82b0c6d7267dcc1cac30b2234f9f9020f48754a66d120f25f54e
l1_logistic,k,k:2,,2,19993,rf,none,2247393111,0.6631016042780749,0.7199885452462772,0.2275206179441473,0.1253119429590017,0.2239525122793713,,,0.3210606127287833,,1.5775401069518715,0.9037433155080212,,0.1331111111111111,smk_can_187,27,37.662,eea1cc34fd9d82b0c6d7267dcc1cac30b2234f9f9020f48754a66d120f25f54e
l1_logistic,k,k:4,,4,19993,rf,none,2247393111,0.6737967914438503,0.741008018327606,0.2106158051099227,0.1244206773618538,0.205326122901302,,,0.3428455201696053,,1.5668449197860963,0.9090909090909092,,0.1146666666666666,smk_can_187,27,37.662,eea1cc34fd9d82b0c6d7267dcc1cac30b2234f9f9020f48754a66d120f25f54e
l1_logistic,k,k:8,,8,19993,rf,none,2247393111,0.732620320855615,0.7801260022909507,0.1886345811051693,0.0963992869875222,0.173875965945201,,,0.3767710113200732,,1.5614973262032086,0.9037433155080212,,0.1250222222222222,smk_can_187,27,37.662,eea1cc34fd9d82b0c6d7267dcc1cac30b2234f9f9020f48754a66d120f25f54e
l1_logistic,k,k:16,,16,19993,rf,none,2247393111,0.7272727272727273,0.77290950744559,0.1892218657159833,0.0778966131907308,0.1857941994095151,,,0.3815421687313678,,1.502673796791444,0.9037433155080212,,0.0774666666666665,smk_can_187,27,37.662,eea1cc34fd9d82b0c6d7267dcc1cac30b2234f9f9020f48754a66d120f25f54e
l1_logistic,k,k:32,,32,19993,rf,none,2247393111,0.7219251336898396,0.7713058419243987,0.1890469399881165,0.0963636363636363,0.1763715256469726,,,0.3825519341874735,,1.53475935828877,0.9144385026737968,,0.0879111111111111,smk_can_187,27,37.662,eea1cc34fd9d82b0c6d7267dcc1cac30b2234f9f9020f48754a66d120f25f54e
l1_logistic,k,k:64,,64,19993,rf,none,2247393111,0.732620320855615,0.7737113402061855,0.1920701128936423,0.0741176470588235,0.1807814659619036,,,0.3767346524037822,,1.4491978609625669,0.9037433155080212,,0.0839555555555555,smk_can_187,27,37.662,eea1cc34fd9d82b0c6d7267dcc1cac30b2234f9f9020f48754a66d120f25f54e
l1_logistic,k,k:128,,128,19993,rf,none,2247393111,0.7272727272727273,0.7712485681557847,0.1929841948900772,0.0870944741532976,0.186985797717944,,,0.3759967657931775,,1.4866310160427807,0.9037433155080212,,0.0894222222222222,smk_can_187,27,37.662,eea1cc34fd9d82b0c6d7267dcc1cac30b2234f9f9020f48754a66d120f25f54e
l1_logistic,k,k:256,,256,19993,rf,none,2247393111,0.6951871657754011,0.7638602520045819,0.1954348187759952,0.0892691622103386,0.1825979598863089,,,0.3682025090385014,,1.4919786096256684,0.9037433155080212,,0.1029333333333333,smk_can_187,27,37.662,eea1cc34fd9d82b0c6d7267dcc1cac30b2234f9f9020f48754a66d120f25f54e
l1_logistic,frac,frac:1,1.0,19993,19993,rf,none,881182765,0.6844919786096256,0.7250859106529209,0.2073787284610814,0.0834937611408199,0.2228323181591162,,,0.3625413465137668,,1.5508021390374331,0.9037433155080212,,0.0844,smk_can_187,28,41.716,eea1cc34fd9d82b0c6d7267dcc1cac30b2234f9f9020f48754a66d120f25f54e
l1_logistic,k,k:1,,1,19993,rf,none,881182765,0.5401069518716578,0.5800114547537227,0.3263854073831553,0.285213649096002,0.3784702937766768,,,0.2535923157619988,,1.7058823529411764,0.9037433155080212,,0.3082340740740741,smk_can_187,28,41.716,eea1cc34fd9d82b0c6d7267dcc1cac30b2234f9f9020f48754a66d120f25f54e
l1_logistic,k,k:2,,2,19993,rf,none,881182765,0.5347593582887701,0.5443298969072164,0.3123044563279857,0.2378966131907308,0.4306745566272416,,,0.2589750819448113,,1.7540106951871657,0.9037433155080212,,0.2763111111111111,smk_can_187,28,41.716,eea1cc34fd9d82b0c6d7267dcc1cac30b2234f9f9020f48754a66d120f25f54e
l1_logistic,k,k:4,,4,19993,rf,none,881182765,0.6684491978609626,0.7336197021764032,0.2206716577540106,0.1409625668449197,0.2224160901529326,,,0.3188549268193846,,1.5989304812834224,0.9037433155080212,,0.1493777777777777,smk_can_187,28,41.716,eea1cc34fd9d82b0c6d7267dcc1cac30b2234f9f9020f48754a66d120f25f54e
l1_logistic,k,k:8,,8,19993,rf,none,881182765,0.6684491978609626,0.7309278350515465,0.2103752822341058,0.0545454545454545,0.2364272915100561,,,0.3514200276761399,,1.5401069518716577,0.9037433155080212,,0.0693777777777777,smk_can_187,28,41.716,eea1cc34fd9d82b0c6d7267dcc1cac30b2234f9f9020f48754a66d120f25f54e
l1_logistic,k,k:16,,16,19993,rf,none,881182765,0.7433155080213903,0.8033791523482245,0.1783622103386809,0.1148306595365418,0.1469290291944331,,,0.3857849621235254,,1.411764705882353,0.9037433155080212,,0.1117777777777777,smk_can_187,28,41.716,eea1cc34fd9d82b0c6d7267dcc1cac30b2234f9f9020f48754a66d120f25f54e
l1_logistic,k,k:32,,32,19993,rf,none,881182765,0.7005347593582888,0.7811569301260023,0.1864038027332145,0.0770053475935828,0.1739390940022714,,,0.3831136901549083,,1.4385026737967914,0.9037433155080212,,0.0845333333333333,smk_can_187,28,41.716,eea1cc34fd9d82b0c6d7267dcc1cac30b2234f9f9020f48754a66d120f25f54e
l1_logistic,k,k:64,,64,19993,rf,none,881182765,0.7112299465240641,0.7888316151202748,0.1838550207961972,0.1073083778966132,0.1523755923561394,,,0.3822159509325528,,1.4064171122994653,0.9037433155080212,,0.1248888888888888,smk_can_187,28,41.716,eea1cc34fd9d82b0c6d7267dcc1cac30b2234f9f9020f48754a66d120f25f54e
l1_logistic,k,k:128,,128,19993,rf,none,881182765,0.7272727272727273,0.7776632302405498,0.185784670231729,0.1280926916221034,0.1491171443283946,,,0.3860434949337635,,1.4491978609625669,0.9037433155080212,,0.1364888888888888,smk_can_187,28,41.716,eea1cc34fd9d82b0c6d7267dcc1cac30b2234f9f9020f48754a66d120f25f54e
l1_logistic,k,k:256,,256,19993,rf,none,881182765,0.7272727272727273,0.7867697594501718,0.1878507427213309,0.077361853832442,0.1567684675471121,,,0.3777653062977049,,1.5080213903743316,0.9197860962566844,,0.0836888888888888,smk_can_187,28,41.716,eea1cc34fd9d82b0c6d7267dcc1cac30b2234f9f9020f48754a66d120f25f54e
l1_logistic,frac,frac:1,1.0,19993,19993,rf,none,3576137163,0.6951871657754011,0.7347079037800688,0.2029487819370172,0.1227450980392157,0.2136712384750874,,,0.3686907792991196,,1.5561497326203209,0.9090909090909092,,0.1253333333333333,smk_can_187,29,31.04,eea1cc34fd9d82b0c6d7267dcc1cac30b2234f9f9020f48754a66d120f25f54e
l1_logistic,k,k:1,,1,19993,rf,none,3576137163,0.5508021390374331,0.5788659793814434,0.3383597521678705,0.2933190306425601,0.3790553658311297,,,0.2329268583062421,,1.7379679144385027,0.9090909090909092,,0.3347184656084657,smk_can_187,29,31.04,eea1cc34fd9d82b0c6d7267dcc1cac30b2234f9f9020f48754a66d120f25f54e
l1_logistic,k,k:2,,2,19993,rf,none,3576137163,0.5721925133689839,0.6242268041237113,0.2831928698752228,0.2151158645276292,0.3401423129222928,,,0.2751123961750543,,1.7272727272727273,0.9090909090909092,,0.2353777777777778,smk_can_187,29,31.04,eea1cc34fd9d82b0c6d7267dcc1cac30b2234f9f9020f48754a66d120f25f54e
l1_logistic,k,k:4,,4,19993,rf,none,3576137163,0.6203208556149733,0.6520045819014891,0.2626951871657754,0.1709090909090909,0.2957581899631714,,,0.3090900540283046,,1.679144385026738,0.9090909090909092,,0.1954666666666666,smk_can_187,29,31.04,eea1cc34fd9d82b0c6d7267dcc1cac30b2234f9f9020f48754a66d120f25f54e
l1_logistic,k,k:8,,8,19993,rf,none,3576137163,0.6844919786096256,0.7289232531500572,0.2123156268568033,0.0755080213903743,0.2208558715920276,,,0.3458679868109302,,1.5989304812834224,0.9037433155080212,,0.0958222222222222,smk_can_187,29,31.04,eea1cc34fd9d82b0c6d7267dcc1cac30b2234f9f9020f48754a66d120f25f54e
l1_logistic,k,k:16,,16,19993,rf,none,3576137163,0.6844919786096256,0.7525773195876289,0.2004701128936423,0.0935472370766488,0.2077584984502019,,,0.3642141322390996,,1.5080213903743316,0.9090909090909092,,0.0945777777777777,smk_can_187,29,31.04,eea1cc34fd9d82b0c6d7267dcc1cac30b2234f9f9020f48754a66d120f25f54e
l1_logistic,k,k:32,,32,19993,rf,none,3576137163,0.7005347593582888,0.7918671248568155,0.1857364230540701,0.1052406417112299,0.152526433365599,,,0.3696848081207047,,1.4438502673796791,0.9090909090909092,,0.1085777777777778,smk_can_187,29,31.04,eea1cc34fd9d82b0c6d7267dcc1cac30b2234f9f9020f48754a66d120f25f54e
l1_logistic,k,k:64,,64,19993,rf,none,3576137163,0.7540106951871658,0.8089347079037802,0.1834916221033868,0.0831729055258467,0.1441699124998014,,,0.3776555347966251,,1.4331550802139037,0.9037433155080212,,0.1144444444444444,smk_can_187,29,31.04,eea1cc34fd9d82b0c6d7267dcc1cac30b2234f9f9020f48754a66d120f25f54e
l1_logistic,k,k:128,,128,19993,rf,none,3576137163,0.7219251336898396,0.7912943871706758,0.1876370766488413,0.0763279857397503,0.1641287603321524,,,0.3734289856180048,,1.502673796791444,0.9144385026737968,,0.0813333333333333,smk_can_187,29,31.04,eea1cc34fd9d82b0c6d7267dcc1cac30b2234f9f9020f48754a66d120f25f54e
l1_logistic,k,k:256,,256,19993,rf,none,3576137163,0.679144385026738,0.7565292096219931,0.197321449792038,0.1116577540106951,0.1862417084019479,,,0.3707247526629881,,1.5133689839572193,0.9037433155080212,,0.1151111111111111,smk_can_187,29,31.04,eea1cc34fd9d82b0c6d7267dcc1cac30b2234f9f9020f48754a66d120f25f54e
mutual_info,frac,frac:1,1.0,19993,19993,gb,none,1995362077,0.6844919786096256,0.7675830469644903,0.2258236503195189,0.1980601954879791,0.1667003489873755,,,0.36289532472628,,1.46524064171123,0.9037433155080212,,0.1843569709416909,smk_can_187,0,82.571,eea1cc34fd9d82b0c6d7267dcc1cac30b2234f9f9020f48754a66d120f25f54e
mutual_info,k,k:1,,1,19993,gb,none,1995362077,0.5668449197860963,0.5454180985108821,0.2922552308839602,0.1961988162593312,0.4613037321312576,,,0.2876167410127854,,1.818181818181818,0.9090909090909092,,0.2151757403582391,smk_can_187,0,82.571,eea1cc34fd9d82b0c6d7267dcc1cac30b2234f9f9020f48754a66d120f25f54e
mutual_info,k,k:2,,2,19993,gb,none,1995362077,0.5668449197860963,0.5955899198167239,0.2755945820834999,0.1892344068003273,0.372035984275589,,,0.3029564575635155,,1.7165775401069518,0.9037433155080212,,0.2083030585456486,smk_can_187,0,82.571,eea1cc34fd9d82b0c6d7267dcc1cac30b2234f9f9020f48754a66d120f25f54e
mutual_info,k,k:4,,4,19993,gb,none,1995362077,0.6524064171122995,0.6723940435280642,0.2527367195898727,0.1818812045401862,0.3209769847792523,,,0.3297855092061625,,1.679144385026738,0.9037433155080212,,0.1849035675767428,smk_can_187,0,82.571,eea1cc34fd9d82b0c6d7267dcc1cac30b2234f9f9020f48754a66d120f25f54e
mutual_info,k,k:8,,8,19993,gb,none,1995362077,0.6203208556149733,0.6412371134020619,0.287313250756681,0.2260602694503433,0.3422593663678582,,,0.2892075476938957,,1.711229946524064,0.9037433155080212,,0.2484245050585124,smk_can_187,0,82.571,eea1cc34fd9d82b0c6d7267dcc1cac30b2234f9f9020f48754a66d120f25f54e
mutual_info,k,k:16,,16,19993,gb,none,1995362077,0.6096256684491979,0.6549828178694158,0.2804537965264632,0.2283593497323549,0.3192340074641195,,,0.3042235967409211,,1.6631016042780749,0.9037433155080212,,0.2503414540289509,smk_can_187,0,82.571,eea1cc34fd9d82b0c6d7267dcc1cac30b2234f9f9020f48754a66d120f25f54e
mutual_info,k,k:32,,32,19993,gb,none,1995362077,0.6363636363636364,0.6829324169530354,0.2737998964399843,0.2244202123387439,0.2736615161777829,,,0.3074498916160069,,1.609625668449198,0.9037433155080212,,0.2548945262728236,smk_can_187,0,82.571,eea1cc34fd9d82b0c6d7267dcc1cac30b2234f9f9020f48754a66d120f25f54e
mutual_info,k,k:64,,64,19993,gb,none,1995362077,0.6310160427807486,0.6914089347079038,0.268437746411571,0.2434408178350149,0.2648841491142836,,,0.3275442544212597,,1.60427807486631,0.9037433155080212,,0.2397603743731085,smk_can_187,0,82.571,eea1cc34fd9d82b0c6d7267dcc1cac30b2234f9f9020f48754a66d120f25f54e
mutual_info,k,k:128,,128,19993,gb,none,1995362077,0.6524064171122995,0.6951890034364261,0.2696159304508411,0.2422104788631183,0.2508405074409969,,,0.3387879119119152,,1.6149732620320856,0.9037433155080212,,0.2451682193418286,smk_can_187,0,82.571,eea1cc34fd9d82b0c6d7267dcc1cac30b2234f9f9020f48754a66d120f25f54e
mutual_info,k,k:256,,256,19993,gb,none,1995362077,0.6684491978609626,0.7200458190148912,0.2500371038951534,0.2046116469810169,0.2190684253025727,,,0.3474740364273426,,1.5935828877005347,0.9037433155080212,,0.2224309737526283,smk_can_187,0,82.571,eea1cc34fd9d82b0c6d7267dcc1cac30b2234f9f9020f48754a66d120f25f54e
mutual_info,frac,frac:1,1.0,19993,19993,gb,none,1839628309,0.6256684491978609,0.7166093928980527,0.276955627224873,0.2545711931205493,0.2113526999644804,,,0.3180864476337575,,1.5080213903743316,0.9037433155080212,,0.2733498073749167,smk_can_187,1,79.207,eea1cc34fd9d82b0c6d7267dcc1cac30b2234f9f9020f48754a66d120f25f54e
mutual_info,k,k:1,,1,19993,gb,none,1839628309,0.4919786096256685,0.49524627720504,0.3211893008172713,0.2619465829967702,0.5027714120277138,,,0.2562269039599775,,1.807486631016043,0.9090909090909092,,0.2741892853588153,smk_can_187,1,79.207,eea1cc34fd9d82b0c6d7267dcc1cac30b2234f9f9020f48754a66d120f25f54e
mutual_info,k,k:2,,2,19993,gb,none,1839628309,0.5187165775401069,0.4921534936998854,0.3412904881699085,0.287546043798168,0.512581075615395,,,0.2689150487638728,,1.8235294117647056,0.9197860962566844,,0.3205566205539676,smk_can_187,1,79.207,eea1cc34fd9d82b0c6d7267dcc1cac30b2234f9f9020f48754a66d120f25f54e
mutual_info,k,k:4,,4,19993,gb,none,1839628309,0.5721925133689839,0.6240549828178694,0.3075379070226133,0.2602270579375374,0.3561304702546568,,,0.2850455222460151,,1.6898395721925137,0.9037433155080212,,0.2901114423365198,smk_can_187,1,79.207,eea1cc34fd9d82b0c6d7267dcc1cac30b2234f9f9020f48754a66d120f25f54e
mutual_info,k,k:8,,8,19993,gb,none,1839628309,0.5989304812834224,0.6100229095074456,0.3190985466934647,0.2980230683440113,0.3697587858972546,,,0.2867596488452279,,1.7593582887700534,0.9037433155080212,,0.3028293728248182,smk_can_187,1,79.207,eea1cc34fd9d82b0c6d7267dcc1cac30b2234f9f9020f48754a66d120f25f54e
mutual_info,k,k:16,,16,19993,gb,none,1839628309,0.5775401069518716,0.6474226804123712,0.3077076691456943,0.28116948309455,0.3107533070557434,,,0.2807675371065767,,1.6898395721925137,0.9037433155080212,,0.2890440990096133,smk_can_187,1,79.207,eea1cc34fd9d82b0c6d7267dcc1cac30b2234f9f9020f48754a66d120f25f54e
mutual_info,k,k:32,,32,19993,gb,none,1839628309,0.6310160427807486,0.6450171821305842,0.2982496347528288,0.2670159572641115,0.3278001333084409,,,0.30016199890303,,1.695187165775401,0.9037433155080212,,0.2817533899417475,smk_can_187,1,79.207,eea1cc34fd9d82b0c6d7267dcc1cac30b2234f9f9020f48754a66d120f25f54e
mutual_info,k,k:64,,64,19993,gb,none,1839628309,0.6417112299465241,0.6759450171821305,0.2819189811989169,0.2576842087994626,0.2788711359263314,,,0.3064510898046352,,1.6577540106951871,0.9037433155080212,,0.2641477713523286,smk_can_187,1,79.207,eea1cc34fd9d82b0c6d7267dcc1cac30b2234f9f9020f48754a66d120f25f54e
mutual_info,k,k:128,,128,19993,gb,none,1839628309,0.6363636363636364,0.6924398625429553,0.2880569877975012,0.2610782499959911,0.2562417536992183,,,0.300070254970791,,1.588235294117647,0.9037433155080212,,0.2669596638989613,smk_can_187,1,79.207,eea1cc34fd9d82b0c6d7267dcc1cac30b2234f9f9020f48754a66d120f25f54e
mutual_info,k,k:256,,256,19993,gb,none,1839628309,0.6470588235294118,0.7214203894616266,0.268439712690912,0.2436987204585571,0.2206269868587374,,,0.324509207690507,,1.5454545454545454,0.9037433155080212,,0.2530852901600673,smk_can_187,1,79.207,eea1cc34fd9d82b0c6d7267dcc1cac30b2234f9f9020f48754a66d120f25f54e
mutual_info,frac,frac:1,1.0,19993,19993,gb,none,3065693512,0.6417112299465241,0.7174112256586483,0.2551357635125713,0.2201460482761237,0.2182943812417999,,,0.338845871585171,,1.53475935828877,0.9037433155080212,,0.2291606975715401,smk_can_187,2,86.063,eea1cc34fd9d82b0c6d7267dcc1cac30b2234f9f9020f48754a66d120f25f54e
mutual_info,k,k:1,,1,19993,gb,none,3065693512,0.4866310160427807,0.4916380297823596,0.2883292711177939,0.1633240334166851,0.4777326690677971,,,0.2892113697858325,,1.8235294117647056,0.9090909090909092,,0.1958650416839098,smk_can_187,2,86.063,eea1cc34fd9d82b0c6d7267dcc1cac30b2234f9f9020f48754a66d120f25f54e
mutual_info,k,k:2,,2,19993,gb,none,3065693512,0.4759358288770053,0.4882016036655212,0.322545725673779,0.2477131098440637,0.4777884918719545,,,0.2486148348363604,,1.7540106951871657,0.9037433155080212,,0.2971199046120434,smk_can_187,2,86.063,eea1cc34fd9d82b0c6d7267dcc1cac30b2234f9f9020f48754a66d120f25f54e
mutual_info,k,k:4,,4,19993,gb,none,3065693512,0.6256684491978609,0.6399198167239404,0.2741393894141963,0.2017737331573619,0.3392921189665475,,,0.3111245806192229,,1.7272727272727273,0.9037433155080212,,0.2142986911941423,smk_can_187,2,86.063,eea1cc34fd9d82b0c6d7267dcc1cac30b2234f9f9020f48754a66d120f25f54e
mutual_info,k,k:8,,8,19993,gb,none,3065693512,0.6577540106951871,0.6843069873997709,0.2608381462785434,0.1810619910634066,0.2748090024618096,,,0.3174832625166626,,1.6524064171122994,0.9037433155080212,,0.2246261178243414,smk_can_187,2,86.063,eea1cc34fd9d82b0c6d7267dcc1cac30b2234f9f9020f48754a66d120f25f54e
mutual_info,k,k:16,,16,19993,gb,none,3065693512,0.6042780748663101,0.6641466208476517,0.2867879938298816,0.2474032714120215,0.3077830628602863,,,0.2927288061158121,,1.6898395721925137,0.9037433155080212,,0.2736462628469098,smk_can_187,2,86.063,eea1cc34fd9d82b0c6d7267dcc1cac30b2234f9f9020f48754a66d120f25f54e
mutual_info,k,k:32,,32,19993,gb,none,3065693512,0.6684491978609626,0.6915234822451317,0.2672481972697371,0.2387846131436702,0.2622037534964028,,,0.3207196101707422,,1.6310160427807487,0.9037433155080212,,0.2512026879639398,smk_can_187,2,86.063,eea1cc34fd9d82b0c6d7267dcc1cac30b2234f9f9020f48754a66d120f25f54e
mutual_info,k,k:64,,64,19993,gb,none,3065693512,0.6684491978609626,0.7186712485681557,0.2492355254804943,0.1984010104576828,0.2468457646432844,,,0.3243770355351381,,1.609625668449198,0.9037433155080212,,0.2169099926672114,smk_can_187,2,86.063,eea1cc34fd9d82b0c6d7267dcc1cac30b2234f9f9020f48754a66d120f25f54e
mutual_info,k,k:128,,128,19993,gb,none,3065693512,0.6684491978609626,0.7278350515463917,0.2429745282199405,0.1901635290810641,0.2251589453626588,,,0.336078057051786,,1.5775401069518715,0.9037433155080212,,0.1922494806767702,smk_can_187,2,86.063,eea1cc34fd9d82b0c6d7267dcc1cac30b2234f9f9020f48754a66d120f25f54e
mutual_info,k,k:256,,256,19993,gb,none,3065693512,0.679144385026738,0.7296678121420389,0.2525834218003824,0.2285223803273724,0.2124385178369269,,,0.3305315207604949,,1.5614973262032086,0.9037433155080212,,0.2415682922455865,smk_can_187,2,86.063,eea1cc34fd9d82b0c6d7267dcc1cac30b2234f9f9020f48754a66d120f25f54e
mutual_info,frac,frac:1,1.0,19993,19993,gb,none,720553444,0.679144385026738,0.7495990836197022,0.2335281133409668,0.2088558243891101,0.196857667435521,,,0.3573864321082015,,1.5401069518716577,0.9037433155080212,,0.1936839971059403,smk_can_187,3,79.775,eea1cc34fd9d82b0c6d7267dcc1cac30b2234f9f9020f48754a66d120f25f54e
mutual_info,k,k:1,,1,19993,gb,none,720553444,0.6310160427807486,0.6309278350515465,0.2549127772276711,0.1599601778971345,0.3700585237390774,,,0.3147655566974887,,1.7593582887700534,0.9037433155080212,,0.1725229189895838,smk_can_187,3,79.775,eea1cc34fd9d82b0c6d7267dcc1cac30b2234f9f9020f48754a66d120f25f54e
mutual_info,k,k:2,,2,19993,gb,none,720553444,0.5668449197860963,0.5947308132875144,0.2885745237062546,0.2027071700811984,0.4007177884397755,,,0.2877700176428832,,1.700534759358289,0.9037433155080212,,0.2225548471375824,smk_can_187,3,79.775,eea1cc34fd9d82b0c6d7267dcc1cac30b2234f9f9020f48754a66d120f25f54e
mutual_info,k,k:4,,4,19993,gb,none,720553444,0.5454545454545454,0.5873997709049255,0.3075994927113165,0.2490281947353909,0.3874921535487495,,,0.2768345321512666,,1.6898395721925137,0.9037433155080212,,0.282448359843652,smk_can_187,3,79.775,eea1cc34fd9d82b0c6d7267dcc1cac30b2234f9f9020f48754a66d120f25f54e
mutual_info,k,k:8,,8,19993,gb,none,720553444,0.6256684491978609,0.6479954180985109,0.2848633424997531,0.2224881436719865,0.337785831686172,,,0.3010681411085664,,1.6737967914438503,0.9037433155080212,,0.2485967991132658,smk_can_187,3,79.775,eea1cc34fd9d82b0c6d7267dcc1cac30b2234f9f9020f48754a66d120f25f54e
mutual_info,k,k:16,,16,19993,gb,none,720553444,0.6203208556149733,0.6862542955326459,0.2747340389247415,0.2437189587683261,0.2778270554853647,,,0.3163593272386862,,1.5935828877005347,0.9037433155080212,,0.2473910690505917,smk_can_187,3,79.775,eea1cc34fd9d82b0c6d7267dcc1cac30b2234f9f9020f48754a66d120f25f54e
mutual_info,k,k:32,,32,19993,gb,none,720553444,0.6203208556149733,0.7002290950744559,0.2677805010507047,0.2375522864439728,0.2554223922268235,,,0.3131963233904541,,1.5935828877005347,0.9037433155080212,,0.2587233112103764,smk_can_187,3,79.775,eea1cc34fd9d82b0c6d7267dcc1cac30b2234f9f9020f48754a66d120f25f54e
mutual_info,k,k:64,,64,19993,gb,none,720553444,0.6737967914438503,0.7397479954180985,0.2429233397387641,0.2077801347709708,0.2196499432166377,,,0.3376197261537282,,1.5240641711229947,0.9037433155080212,,0.2121896074035054,smk_can_187,3,79.775,eea1cc34fd9d82b0c6d7267dcc1cac30b2234f9f9020f48754a66d120f25f54e
mutual_info,k,k:128,,128,19993,gb,none,720553444,0.6898395721925134,0.7145475372279497,0.2458684913336176,0.2059605431487255,0.2596312652759398,,,0.3458957008568982,,1.6470588235294117,0.9037433155080212,,0.2186617431737695,smk_can_187,3,79.775,eea1cc34fd9d82b0c6d7267dcc1cac30b2234f9f9020f48754a66d120f25f54e
mutual_info,k,k:256,,256,19993,gb,none,720553444,0.6898395721925134,0.7546391752577319,0.2313789156167335,0.2169231024738651,0.2100651296259476,,,0.3471473942213484,,1.5294117647058822,0.9037433155080212,,0.2091514523556376,smk_can_187,3,79.775,eea1cc34fd9d82b0c6d7267dcc1cac30b2234f9f9020f48754a66d120f25f54e
mutual_info,frac,frac:1,1.0,19993,19993,gb,none,4182070339,0.6951871657754011,0.7529209621993127,0.2274481207291555,0.1857935097077213,0.2041553981796949,,,0.355902480979301,,1.5294117647058822,0.9037433155080212,,0.1888992484465091,smk_can_187,4,86.933,eea1cc34fd9d82b0c6d7267dcc1cac30b2234f9f9020f48754a66d120f25f54e
mutual_info,k,k:1,,1,19993,gb,none,4182070339,0.5614973262032086,0.5323596792668958,0.2923153190951487,0.1896856908402652,0.4824428163199221,,,0.2811828219598263,,1.7914438502673795,0.9090909090909092,,0.2134694139275793,smk_can_187,4,86.933,eea1cc34fd9d82b0c6d7267dcc1cac30b2234f9f9020f48754a66d120f25f54e
mutual_info,k,k:2,,2,19993,gb,none,4182070339,0.5240641711229946,0.5630584192439863,0.2968948666016955,0.2150642493217948,0.4235622744271058,,,0.2778689357342038,,1.7486631016042782,0.9037433155080212,,0.2426268493262037,smk_can_187,4,86.933,eea1cc34fd9d82b0c6d7267dcc1cac30b2234f9f9020f48754a66d120f25f54e
mutual_info,k,k:4,,4,19993,gb,none,4182070339,0.5828877005347594,0.5835624284077893,0.295154199396294,0.2132014918011739,0.4115152149967154,,,0.299432207817027,,1.7647058823529411,0.9037433155080212,,0.2313791691336623,smk_can_187,4,86.933,eea1cc34fd9d82b0c6d7267dcc1cac30b2234f9f9020f48754a66d120f25f54e
mutual_info,k,k:8,,8,19993,gb,none,4182070339,0.5614973262032086,0.6093356242840778,0.3021367473075087,0.2391426322399238,0.3552671267985141,,,0.2888618541635204,,1.732620320855615,0.9037433155080212,,0.2746453839276433,smk_can_187,4,86.933,eea1cc34fd9d82b0c6d7267dcc1cac30b2234f9f9020f48754a66d120f25f54e
mutual_info,k,k:16,,16,19993,gb,none,4182070339,0.6096256684491979,0.6667812142038946,0.2871444389747767,0.2533112287375616,0.3127822209992504,,,0.3024496021381586,,1.609625668449198,0.9037433155080212,,0.2697203618176161,smk_can_187,4,86.933,eea1cc34fd9d82b0c6d7267dcc1cac30b2234f9f9020f48754a66d120f25f54e
mutual_info,k,k:32,,32,19993,gb,none,4182070339,0.6256684491978609,0.6662084765177548,0.2806526941482954,0.2423743028033536,0.3090908358195446,,,0.2983431016095514,,1.7165775401069518,0.9037433155080212,,0.2645245181185485,smk_can_187,4,86.933,eea1cc34fd9d82b0c6d7267dcc1cac30b2234f9f9020f48754a66d120f25f54e
mutual_info,k,k:64,,64,19993,gb,none,4182070339,0.6631016042780749,0.7089347079037801,0.2528940256279907,0.2115152690862451,0.2957548993952539,,,0.3392033219578701,,1.609625668449198,0.9037433155080212,,0.2067356517394916,smk_can_187,4,86.933,eea1cc34fd9d82b0c6d7267dcc1cac30b2234f9f9020f48754a66d120f25f54e
mutual_info,k,k:128,,128,19993,gb,none,4182070339,0.6631016042780749,0.7209621993127149,0.2567059003601356,0.229790643438989,0.2549519235700457,,,0.329865698926317,,1.588235294117647,0.9037433155080212,,0.2233288044780372,smk_can_187,4,86.933,eea1cc34fd9d82b0c6d7267dcc1cac30b2234f9f9020f48754a66d120f25f54e
mutual_info,k,k:256,,256,19993,gb,none,4182070339,0.6951871657754011,0.7320733104238258,0.2420828622390045,0.2006449814534191,0.2293832434580179,,,0.3445762877121395,,1.5989304812834224,0.9037433155080212,,0.2060837385021131,smk_can_187,4,86.933,eea1cc34fd9d82b0c6d7267dcc1cac30b2234f9f9020f48754a66d120f25f54e
mutual_info,frac,frac:1,1.0,19993,19993,gb,none,950533344,0.6684491978609626,0.7489117983963345,0.2323360727139941,0.1940519950261903,0.2009484691358352,,,0.3461735597358186,,1.518716577540107,0.9037433155080212,,0.2019062562536233,smk_can_187,5,87.506,eea1cc34fd9d82b0c6d7267dcc1cac30b2234f9f9020f48754a66d120f25f54e
mutual_info,k,k:1,,1,19993,gb,none,950533344,0.4919786096256685,0.5058419243986254,0.3198577041381351,0.2578368135428543,0.473737543101584,,,0.2623656564579553,,1.7914438502673795,0.9037433155080212,,0.3019705204131898,smk_can_187,5,87.506,eea1cc34fd9d82b0c6d7267dcc1cac30b2234f9f9020f48754a66d120f25f54e
mutual_info,k,k:2,,2,19993,gb,none,950533344,0.5240641711229946,0.5451317296678121,0.3096570922250574,0.2477929623134468,0.4732310602751424,,,0.2706604773010785,,1.807486631016043,0.9037433155080212,,0.2574468168909713,smk_can_187,5,87.506,eea1cc34fd9d82b0c6d7267dcc1cac30b2234f9f9020f48754a66d120f25f54e
mutual_info,k,k:4,,4,19993,gb,none,950533344,0.5294117647058824,0.5746849942726232,0.2949013910857442,0.2281988936601218,0.3984944669411631,,,0.2881938989738614,,1.7647058823529411,0.9037433155080212,,0.2353951138403655,smk_can_187,5,87.506,eea1cc34fd9d82b0c6d7267dcc1cac30b2234f9f9020f48754a66d120f25f54e
mutual_info,k,k:8,,8,19993,gb,none,950533344,0.6363636363636364,0.6915234822451317,0.2531058182763454,0.1740656797004144,0.2682647505222581,,,0.3119541055433193,,1.6631016042780749,0.9037433155080212,,0.1998704225922236,smk_can_187,5,87.506,eea1cc34fd9d82b0c6d7267dcc1cac30b2234f9f9020f48754a66d120f25f54e
mutual_info,k,k:16,,16,19993,gb,none,950533344,0.6577540106951871,0.6958762886597938,0.2589119753787103,0.202639402334553,0.2804062136800834,,,0.3237832143954264,,1.588235294117647,0.9037433155080212,,0.2340515811111273,smk_can_187,5,87.506,eea1cc34fd9d82b0c6d7267dcc1cac30b2234f9f9020f48754a66d120f25f54e
mutual_info,k,k:32,,32,19993,gb,none,950533344,0.6898395721925134,0.7111111111111111,0.2521261965836737,0.1867788492133636,0.2528313697131579,,,0.3245421965826,,1.6203208556149733,0.9037433155080212,,0.2166608382034697,smk_can_187,5,87.506,eea1cc34fd9d82b0c6d7267dcc1cac30b2234f9f9020f48754a66d120f25f54e
mutual_info,k,k:64,,64,19993,gb,none,950533344,0.679144385026738,0.7313860252004583,0.2365279929400475,0.184318945211401,0.234336832959039,,,0.3421014528863489,,1.60427807486631,0.9037433155080212,,0.2025931230525539,smk_can_187,5,87.506,eea1cc34fd9d82b0c6d7267dcc1cac30b2234f9f9020f48754a66d120f25f54e
mutual_info,k,k:128,,128,19993,gb,none,950533344,0.7219251336898396,0.7625429553264604,0.2280255189931856,0.1841413035706747,0.1971730233637629,,,0.3492681613141984,,1.518716577540107,0.9037433155080212,,0.2113602596641031,smk_can_187,5,87.506,eea1cc34fd9d82b0c6d7267dcc1cac30b2234f9f9020f48754a66d120f25f54e
mutual_info,k,k:256,,256,19993,gb,none,950533344,0.6737967914438503,0.7352806414662085,0.2491032034273877,0.2196031848234756,0.2054125616381628,,,0.3402866515485216,,1.572192513368984,0.9037433155080212,,0.2288352343222384,smk_can_187,5,87.506,eea1cc34fd9d82b0c6d7267dcc1cac30b2234f9f9020f48754a66d120f25f54e
mutual_info,frac,frac:1,1.0,19993,19993,gb,none,13941562,0.7058823529411765,0.7552119129438717,0.2251923756154818,0.1722380377058756,0.188704733678962,,,0.3543857294488522,,1.4759358288770053,0.9037433155080212,,0.1898069687961485,smk_can_187,6,90.773,eea1cc34fd9d82b0c6d7267dcc1cac30b2234f9f9020f48754a66d120f25f54e
mutual_info,k,k:1,,1,19993,gb,none,13941562,0.6042780748663101,0.6059564719358534,0.2717867393410243,0.2002842950215484,0.4138221478622947,,,0.315932319381141,,1.7647058823529411,0.9037433155080212,,0.2135444370023292,smk_can_187,6,90.773,eea1cc34fd9d82b0c6d7267dcc1cac30b2234f9f9020f48754a66d120f25f54e
mutual_info,k,k:2,,2,19993,gb,none,13941562,0.5935828877005348,0.6030927835051547,0.2757342479600858,0.2230065195932797,0.4112923494329665,,,0.3038819251152222,,1.7433155080213905,0.9037433155080212,,0.2413472507781743,smk_can_187,6,90.773,eea1cc34fd9d82b0c6d7267dcc1cac30b2234f9f9020f48754a66d120f25f54e
mutual_info,k,k:4,,4,19993,gb,none,13941562,0.5828877005347594,0.6189003436426117,0.2877938458644095,0.2190537762297843,0.3314803537845305,,,0.2908187099133372,,1.700534759358289,0.9037433155080212,,0.260039937104064,smk_can_187,6,90.773,eea1cc34fd9d82b0c6d7267dcc1cac30b2234f9f9020f48754a66d120f25f54e
mutual_info,k,k:8,,8,19993,gb,none,13941562,0.5454545454545454,0.5843069873997709,0.3318314214544473,0.3077641619690872,0.3671859829940745,,,0.2540993394778068,,1.7165775401069518,0.9037433155080212,,0.3346747019579064,smk_can_187,6,90.773,eea1cc34fd9d82b0c6d7267dcc1cac30b2234f9f9020f48754a66d120f25f54e
mutual_info,k,k:16,,16,19993,gb,none,13941562,0.6256684491978609,0.6563573883161512,0.2828437416840417,0.2304485114689164,0.3144863687767973,,,0.2984696433711492,,1.6310160427807487,0.9037433155080212,,0.2467961521161497,smk_can_187,6,90.773,eea1cc34fd9d82b0c6d7267dcc1cac30b2234f9f9020f48754a66d120f25f54e
mutual_info,k,k:32,,32,19993,gb,none,13941562,0.6310160427807486,0.6934707903780069,0.267570390627012,0.2175569842954648,0.2830855860893308,,,0.3100533096627714,,1.6524064171122994,0.9037433155080212,,0.2222574802137437,smk_can_187,6,90.773,eea1cc34fd9d82b0c6d7267dcc1cac30b2234f9f9020f48754a66d120f25f54e
mutual_info,k,k:64,,64,19993,gb,none,13941562,0.6951871657754011,0.7261168384879725,0.240256220668622,0.2223317181692981,0.2376922820262476,,,0.3490274911188513,,1.6524064171122994,0.9037433155080212,,0.2109124936366786,smk_can_187,6,90.773,eea1cc34fd9d82b0c6d7267dcc1cac30b2234f9f9020f48754a66d120f25f54e
mutual_info,k,k:128,,128,19993,gb,none,13941562,0.679144385026738,0.7428407789232532,0.2453234535735588,0.2002595557214069,0.2044060423805936,,,0.3261024836527439,,1.572192513368984,0.9037433155080212,,0.2130464271874351,smk_can_187,6,90.773,eea1cc34fd9d82b0c6d7267dcc1cac30b2234f9f9020f48754a66d120f25f54e
mutual_info,k,k:256,,256,19993,gb,none,13941562,0.6898395721925134,0.747766323024055,0.2329770024100358,0.1811941324329478,0.2213484183348123,,,0.34608204654335,,1.5294117647058822,0.9037433155080212,,0.1876966276275921,smk_can_187,6,90.773,eea1cc34fd9d82b0c6d7267dcc1cac30b2234f9f9020f48754a66d120f25f54e
mutual_info,frac,frac:1,1.0,19993,19993,gb,none,648495508,0.6951871657754011,0.7391752577319588,0.2447216689806209,0.2066014334860158,0.1964944540140689,,,0.3481413471499578,,1.5508021390374331,0.9037433155080212,,0.2187029870664606,smk_can_187,7,78.876,eea1cc34fd9d82b0c6d7267dcc1cac30b2234f9f9020f48754a66d120f25f54e
mutual_info,k,k:1,,1,19993,gb,none,648495508,0.5401069518716578,0.5676403207331042,0.3007797264547288,0.2223441399933473,0.4102389631804479,,,0.2664820259347172,,1.7700534759358288,0.9037433155080212,,0.2374018592579553,smk_can_187,7,78.876,eea1cc34fd9d82b0c6d7267dcc1cac30b2234f9f9020f48754a66d120f25f54e
mutual_info,k,k:2,,2,19993,gb,none,648495508,0.5775401069518716,0.6001718213058419,0.2874716688834321,0.1902532737568408,0.4088621228125179,,,0.2753366248623998,,1.7647058823529411,0.9037433155080212,,0.2254732965682403,smk_can_187,7,78.876,eea1cc34fd9d82b0c6d7267dcc1cac30b2234f9f9020f48754a66d120f25f54e
mutual_info,k,k:4,,4,19993,gb,none,648495508,0.5828877005347594,0.6214203894616266,0.3032193527670893,0.2581140209920345,0.3313646977129362,,,0.2663988592881475,,1.695187165775401,0.9037433155080212,,0.2962227476551972,smk_can_187,7,78.876,eea1cc34fd9d82b0c6d7267dcc1cac30b2234f9f9020f48754a66d120f25f54e
mutual_info,k,k:8,,8,19993,gb,none,648495508,0.5882352941176471,0.6351660939289805,0.3082511694058767,0.2708614095129755,0.3391960641030478,,,0.2665614585667938,,1.679144385026738,0.9037433155080212,,0.2899179553706686,smk_can_187,7,78.876,eea1cc34fd9d82b0c6d7267dcc1cac30b2234f9f9020f48754a66d120f25f54e
mutual_info,k,k:16,,16,19993,gb,none,648495508,0.6042780748663101,0.6638029782359679,0.2965251376570038,0.266621034450213,0.2778523881880382,,,0.2872643678055374,,1.625668449197861,0.9037433155080212,,0.2960189225557689,smk_can_187,7,78.876,eea1cc34fd9d82b0c6d7267dcc1cac30b2234f9f9020f48754a66d120f25f54e
mutual_info,k,k:32,,32,19993,gb,none,648495508,0.6524064171122995,0.7093928980526918,0.2644047195148326,0.2309110996519355,0.2538191508811793,,,0.3132076724768455,,1.5454545454545454,0.9037433155080212,,0.2405032706759043,smk_can_187,7,78.876,eea1cc34fd9d82b0c6d7267dcc1cac30b2234f9f9020f48754a66d120f25f54e
mutual_info,k,k:64,,64,19993,gb,none,648495508,0.6524064171122995,0.7304696449026346,0.2527323745260271,0.2270776624382181,0.2245574241712825,,,0.3381342572728486,,1.5668449197860963,0.9037433155080212,,0.2218494561967423,smk_can_187,7,78.876,eea1cc34fd9d82b0c6d7267dcc1cac30b2234f9f9020f48754a66d120f25f54e
mutual_info,k,k:128,,128,19993,gb,none,648495508,0.679144385026738,0.7142038946162658,0.2624726359056443,0.2355544035552416,0.2271630575550502,,,0.3242707982523467,,1.609625668449198,0.9037433155080212,,0.2480085449593248,smk_can_187,7,78.876,eea1cc34fd9d82b0c6d7267dcc1cac30b2234f9f9020f48754a66d120f25f54e
mutual_info,k,k:256,,256,19993,gb,none,648495508,0.7112299465240641,0.7329896907216495,0.2394705392430889,0.2019420440313519,0.2295865963099961,,,0.3479028954930069,,1.625668449197861,0.9037433155080212,,0.2087939254544113,smk_can_187,7,78.876,eea1cc34fd9d82b0c6d7267dcc1cac30b2234f9f9020f48754a66d120f25f54e
mutual_info,frac,frac:1,1.0,19993,19993,gb,none,2912054613,0.7005347593582888,0.7536082474226804,0.2324898424097488,0.1820968720638638,0.1920594222636567,,,0.3515646872858788,,1.5080213903743316,0.9037433155080212,,0.201544057256676,smk_can_187,8,82.346,eea1cc34fd9d82b0c6d7267dcc1cac30b2234f9f9020f48754a66d120f25f54e
mutual_info,k,k:1,,1,19993,gb,none,2912054613,0.5508021390374331,0.5544673539518901,0.2771220347389764,0.1540405170177715,0.4418650653399533,,,0.2903936007766288,,1.7486631016042782,0.9037433155080212,,0.1793944090118598,smk_can_187,8,82.346,eea1cc34fd9d82b0c6d7267dcc1cac30b2234f9f9020f48754a66d120f25f54e
mutual_info,k,k:2,,2,19993,gb,none,2912054613,0.5614973262032086,0.5709049255441008,0.297047585268515,0.2209442916067297,0.3915127509358688,,,0.2909305719302557,,1.7058823529411764,0.9037433155080212,,0.2581454581703958,smk_can_187,8,82.346,eea1cc34fd9d82b0c6d7267dcc1cac30b2234f9f9020f48754a66d120f25f54e
mutual_info,k,k:4,,4,19993,gb,none,2912054613,0.5935828877005348,0.6038946162657503,0.2948987472226827,0.2152679193478375,0.3677706401553456,,,0.2941202650191896,,1.7486631016042782,0.9037433155080212,,0.2529088025865003,smk_can_187,8,82.346,eea1cc34fd9d82b0c6d7267dcc1cac30b2234f9f9020f48754a66d120f25f54e
mutual_info,k,k:8,,8,19993,gb,none,2912054613,0.6524064171122995,0.6631156930126002,0.2747190269042732,0.2258783716411272,0.3126664727502467,,,0.3165861405181831,,1.6737967914438503,0.9037433155080212,,0.2539107588631281,smk_can_187,8,82.346,eea1cc34fd9d82b0c6d7267dcc1cac30b2234f9f9020f48754a66d120f25f54e
mutual_info,k,k:16,,16,19993,gb,none,2912054613,0.6631016042780749,0.6784650630011455,0.2647252744492223,0.2235114105233248,0.29066497729779,,,0.3320900995367934,,1.6844919786096255,0.9037433155080212,,0.2504876770867512,smk_can_187,8,82.346,eea1cc34fd9d82b0c6d7267dcc1cac30b2234f9f9020f48754a66d120f25f54e
mutual_info,k,k:32,,32,19993,gb,none,2912054613,0.7005347593582888,0.7293241695303552,0.232660831908428,0.19645003083882,0.2576415362564372,,,0.3449756635588626,,1.6631016042780749,0.9037433155080212,,0.2057036414506859,smk_can_187,8,82.346,eea1cc34fd9d82b0c6d7267dcc1cac30b2234f9f9020f48754a66d120f25f54e
mutual_info,k,k:64,,64,19993,gb,none,2912054613,0.7272727272727273,0.7560137457044673,0.2222792772873643,0.1715037453543004,0.2096264883417207,,,0.3648691693503856,,1.5133689839572193,0.9037433155080212,,0.183514122360061,smk_can_187,8,82.346,eea1cc34fd9d82b0c6d7267dcc1cac30b2234f9f9020f48754a66d120f25f54e
mutual_info,k,k:128,,128,19993,gb,none,2912054613,0.7272727272727273,0.7742268041237114,0.2062889159163909,0.143605823777273,0.1849159638555952,,,0.3755682038454807,,1.502673796791444,0.9037433155080212,,0.1489246244482896,smk_can_187,8,82.346,eea1cc34fd9d82b0c6d7267dcc1cac30b2234f9f9020f48754a66d120f25f54e
mutual_info,k,k:256,,256,19993,gb,none,2912054613,0.7005347593582888,0.7579610538373425,0.2258494407589292,0.1808556544861156,0.2219875088059621,,,0.346888724247847,,1.518716577540107,0.9037433155080212,,0.172090088486373,smk_can_187,8,82.346,eea1cc34fd9d82b0c6d7267dcc1cac30b2234f9f9020f48754a66d120f25f54e
mutual_info,frac,frac:1,1.0,19993,19993,gb,none,4047505353,0.6684491978609626,0.7284077892325315,0.2449970194949722,0.1977380179268291,0.2037905839873781,,,0.3488425557614781,,1.5401069518716577,0.9037433155080212,,0.2053000632254783,smk_can_187,9,83.773,eea1cc34fd9d82b0c6d7267dcc1cac30b2234f9f9020f48754a66d120f25f54e
mutual_info,k,k:1,,1,19993,gb,none,4047505353,0.5775401069518716,0.5761741122565864,0.2727599119929211,0.1838196199399941,0.4128513055275046,,,0.3008005752421782,,1.7593582887700534,0.9037433155080212,,0.1693181666631381,smk_can_187,9,83.773,eea1cc34fd9d82b0c6d7267dcc1cac30b2234f9f9020f48754a66d120f25f54e
mutual_info,k,k:2,,2,19993,gb,none,4047505353,0.5882352941176471,0.588316151202749,0.2830721433554158,0.1989478379913785,0.3994822852358448,,,0.3076623268920566,,1.7540106951871657,0.9037433155080212,,0.2168027699288276,smk_can_187,9,83.773,eea1cc34fd9d82b0c6d7267dcc1cac30b2234f9f9020f48754a66d120f25f54e
mutual_info,k,k:4,,4,19993,gb,none,4047505353,0.6417112299465241,0.6458190148911798,0.2651097304003806,0.2073012316668798,0.3148448915779841,,,0.3294567232263493,,1.6631016042780749,0.9037433155080212,,0.2081757683800309,smk_can_187,9,83.773,eea1cc34fd9d82b0c6d7267dcc1cac30b2234f9f9020f48754a66d120f25f54e
mutual_info,k,k:8,,8,19993,gb,none,4047505353,0.6363636363636364,0.6376861397479955,0.2753418538271414,0.2204588965403958,0.3205763256688295,,,0.3284101390173966,,1.7058823529411764,0.9037433155080212,,0.2421335958605627,smk_can_187,9,83.773,eea1cc34fd9d82b0c6d7267dcc1cac30b2234f9f9020f48754a66d120f25f54e
mutual_info,k,k:16,,16,19993,gb,none,4047505353,0.6417112299465241,0.6202749140893471,0.2841670501727042,0.222074490337181,0.3671862209888971,,,0.3219609706109749,,1.7647058823529411,0.9037433155080212,,0.2451889464494327,smk_can_187,9,83.773,eea1cc34fd9d82b0c6d7267dcc1cac30b2234f9f9020f48754a66d120f25f54e
mutual_info,k,k:32,,32,19993,gb,none,4047505353,0.6203208556149733,0.6665521191294387,0.2778394887476813,0.2281307137911359,0.3043460881904202,,,0.3018284570231661,,1.695187165775401,0.9037433155080212,,0.2531204865854646,smk_can_187,9,83.773,eea1cc34fd9d82b0c6d7267dcc1cac30b2234f9f9020f48754a66d120f25f54e
mutual_info,k,k:64,,64,19993,gb,none,4047505353,0.6684491978609626,0.7135166093928981,0.2491017639916502,0.2055175341972631,0.2492359749014175,,,0.3412249840041292,,1.6737967914438503,0.9037433155080212,,0.2061734873950022,smk_can_187,9,83.773,eea1cc34fd9d82b0c6d7267dcc1cac30b2234f9f9020f48754a66d120f25f54e
mutual_info,k,k:128,,128,19993,gb,none,4047505353,0.6898395721925134,0.7367697594501719,0.242063234590631,0.20738723469531,0.2221617011453123,,,0.3455113081191328,,1.5294117647058822,0.9037433155080212,,0.2221193526763505,smk_can_187,9,83.773,eea1cc34fd9d82b0c6d7267dcc1cac30b2234f9f9020f48754a66d120f25f54e
mutual_info,k,k:256,,256,19993,gb,none,4047505353,0.7005347593582888,0.7467353951890034,0.2428361659260588,0.2142381705260187,0.2024895700362743,,,0.3518084134413764,,1.53475935828877,0.9037433155080212,,0.2158192709538204,smk_can_187,9,83.773,eea1cc34fd9d82b0c6d7267dcc1cac30b2234f9f9020f48754a66d120f25f54e
mutual_info,frac,frac:1,1.0,19993,19993,gb,none,3509890165,0.6631016042780749,0.7508591065292096,0.2437668774675725,0.2124345386696517,0.1866484082362116,,,0.3389723842975394,,1.481283422459893,0.9037433155080212,,0.2157458204291297,smk_can_187,10,76.755,eea1cc34fd9d82b0c6d7267dcc1cac30b2234f9f9020f48754a66d120f25f54e
mutual_info,k,k:1,,1,19993,gb,none,3509890165,0.6363636363636364,0.6223367697594502,0.2579458718256007,0.1522121269200763,0.3754449914953561,,,0.3193475309128082,,1.786096256684492,0.9037433155080212,,0.1426874011478177,smk_can_187,10,76.755,eea1cc34fd9d82b0c6d7267dcc1cac30b2234f9f9020f48754a66d120f25f54e
mutual_info,k,k:2,,2,19993,gb,none,3509890165,0.5561497326203209,0.5871134020618557,0.2955812990048773,0.2286164659262075,0.4268992450884377,,,0.2827120508679848,,1.7700534759358288,0.9090909090909092,,0.2412947903048959,smk_can_187,10,76.755,eea1cc34fd9d82b0c6d7267dcc1cac30b2234f9f9020f48754a66d120f25f54e
mutual_info,k,k:4,,4,19993,gb,none,3509890165,0.6096256684491979,0.638430698739977,0.2832824474528324,0.2232780219917449,0.3295958762753542,,,0.300832956195099,,1.7165775401069518,0.9037433155080212,,0.2423303585318482,smk_can_187,10,76.755,eea1cc34fd9d82b0c6d7267dcc1cac30b2234f9f9020f48754a66d120f25f54e
mutual_info,k,k:8,,8,19993,gb,none,3509890165,0.6577540106951871,0.7148339060710195,0.247620291862864,0.185507531137974,0.2554823233115588,,,0.3341950959846669,,1.5614973262032086,0.9037433155080212,,0.2066430332637318,smk_can_187,10,76.755,eea1cc34fd9d82b0c6d7267dcc1cac30b2234f9f9020f48754a66d120f25f54e
mutual_info,k,k:16,,16,19993,gb,none,3509890165,0.6310160427807486,0.6807560137457045,0.2726934134042573,0.2263192272837596,0.2643151177949703,,,0.3103538663007221,,1.6310160427807487,0.9037433155080212,,0.2490086481746009,smk_can_187,10,76.755,eea1cc34fd9d82b0c6d7267dcc1cac30b2234f9f9020f48754a66d120f25f54e
mutual_info,k,k:32,,32,19993,gb,none,3509890165,0.6577540106951871,0.7350515463917525,0.233483942813504,0.1750419804765696,0.213823793283451,,,0.3340853682298108,,1.572192513368984,0.9037433155080212,,0.1796427148020078,smk_can_187,10,76.755,eea1cc34fd9d82b0c6d7267dcc1cac30b2234f9f9020f48754a66d120f25f54e
mutual_info,k,k:64,,64,19993,gb,none,3509890165,0.6577540106951871,0.7429553264604811,0.2515105950868189,0.2125093339264763,0.1951424610805365,,,0.3152307865653909,,1.5294117647058822,0.9037433155080212,,0.2242519608108639,smk_can_187,10,76.755,eea1cc34fd9d82b0c6d7267dcc1cac30b2234f9f9020f48754a66d120f25f54e
mutual_info,k,k:128,,128,19993,gb,none,3509890165,0.6951871657754011,0.7717067583046965,0.2243213158433997,0.1909445611046561,0.1774917310344087,,,0.3370816220783801,,1.497326203208556,0.9037433155080212,,0.1978685898355697,smk_can_187,10,76.755,eea1cc34fd9d82b0c6d7267dcc1cac30b2234f9f9020f48754a66d120f25f54e
mutual_info,k,k:256,,256,19993,gb,none,3509890165,0.7005347593582888,0.7546391752577319,0.2335966398238396,0.2048440731809843,0.1963853780277345,,,0.350504702012339,,1.5454545454545454,0.9037433155080212,,0.1942647756087591,smk_can_187,10,76.755,eea1cc34fd9d82b0c6d7267dcc1cac30b2234f9f9020f48754a66d120f25f54e
mutual_info,frac,frac:1,1.0,19993,19993,gb,none,3918261707,0.6577540106951871,0.7190148911798396,0.25162058807876,0.2372761048034329,0.2080999689225445,,,0.3414359484097979,,1.5614973262032086,0.9037433155080212,,0.2212180111629418,smk_can_187,11,78.634,eea1cc34fd9d82b0c6d7267dcc1cac30b2234f9f9020f48754a66d120f25f54e
mutual_info,k,k:1,,1,19993,gb,none,3918261707,0.6310160427807486,0.6333906071019474,0.2543096242159997,0.1220581479995983,0.3574192324468386,,,0.3140427573263866,,1.7165775401069518,0.9037433155080212,,0.1451665872399184,smk_can_187,11,78.634,eea1cc34fd9d82b0c6d7267dcc1cac30b2234f9f9020f48754a66d120f25f54e
mutual_info,k,k:2,,2,19993,gb,none,3918261707,0.6470588235294118,0.6556128293241695,0.2474526037891169,0.1415357095782711,0.3509932889816289,,,0.3284740755977957,,1.7540106951871657,0.9037433155080212,,0.1554305251625613,smk_can_187,11,78.634,eea1cc34fd9d82b0c6d7267dcc1cac30b2234f9f9020f48754a66d120f25f54e
mutual_info,k,k:4,,4,19993,gb,none,3918261707,0.6096256684491979,0.6417525773195876,0.2759089327511071,0.2132307329645782,0.3347555876147878,,,0.2995094951117221,,1.679144385026738,0.9037433155080212,,0.2394549894865821,smk_can_187,11,78.634,eea1cc34fd9d82b0c6d7267dcc1cac30b2234f9f9020f48754a66d120f25f54e
mutual_info,k,k:8,,8,19993,gb,none,3918261707,0.6310160427807486,0.6619702176403207,0.2783348553361447,0.2325697980349055,0.292834183801354,,,0.3111877393550357,,1.695187165775401,0.9037433155080212,,0.2625573918968263,smk_can_187,11,78.634,eea1cc34fd9d82b0c6d7267dcc1cac30b2234f9f9020f48754a66d120f25f54e
mutual_info,k,k:16,,16,19993,gb,none,3918261707,0.6149732620320856,0.670332187857961,0.2799724412349365,0.2379010430129929,0.2787296687151857,,,0.309436963751714,,1.609625668449198,0.9037433155080212,,0.2549517216729852,smk_can_187,11,78.634,eea1cc34fd9d82b0c6d7267dcc1cac30b2234f9f9020f48754a66d120f25f54e
mutual_info,k,k:32,,32,19993,gb,none,3918261707,0.6310160427807486,0.6822451317296678,0.2747098737132993,0.2199455369766245,0.2591905794947274,,,0.3104123206092615,,1.641711229946524,0.9037433155080212,,0.2415393626605636,smk_can_187,11,78.634,eea1cc34fd9d82b0c6d7267dcc1cac30b2234f9f9020f48754a66d120f25f54e
mutual_info,k,k:64,,64,19993,gb,none,3918261707,0.6951871657754011,0.7357388316151202,0.2394088863597742,0.1951826168465363,0.2184102945882476,,,0.3311158825686434,,1.5133689839572193,0.9037433155080212,,0.2001128986625776,smk_can_187,11,78.634,eea1cc34fd9d82b0c6d7267dcc1cac30b2234f9f9020f48754a66d120f25f54e
mutual_info,k,k:128,,128,19993,gb,none,3918261707,0.6737967914438503,0.736426116838488,0.2514240417595642,0.2084153825242751,0.219348486347835,,,0.3307922200854096,,1.5133689839572193,0.9037433155080212,,0.2261120443723778,smk_can_187,11,78.634,eea1cc34fd9d82b0c6d7267dcc1cac30b2234f9f9020f48754a66d120f25f54e
mutual_info,k,k:256,,256,19993,gb,none,3918261707,0.7005347593582888,0.7542955326460481,0.2309591646609892,0.1908688236909028,0.1863491199194193,,,0.3546717030296644,,1.5294117647058822,0.9037433155080212,,0.1921403615965409,smk_can_187,11,78.634,eea1cc34fd9d82b0c6d7267dcc1cac30b2234f9f9020f48754a66d120f25f54e
mutual_info,frac,frac:1,1.0,19993,19993,gb,none,1576458353,0.6844919786096256,0.745475372279496,0.2394887938084455,0.1964472538859432,0.2114011837830087,,,0.34472882687488,,1.5454545454545454,0.9037433155080212,,0.2059901409409626,smk_can_187,12,76.814,eea1cc34fd9d82b0c6d7267dcc1cac30b2234f9f9020f48754a66d120f25f54e
mutual_info,k,k:1,,1,19993,gb,none,1576458353,0.5454545454545454,0.5361397479954181,0.3029992789008939,0.2283685301630678,0.4610180894943951,,,0.2771285630854104,,1.807486631016043,0.9090909090909092,,0.2537587467478929,smk_can_187,12,76.814,eea1cc34fd9d82b0c6d7267dcc1cac30b2234f9f9020f48754a66d120f25f54e
mutual_info,k,k:2,,2,19993,gb,none,1576458353,0.5668449197860963,0.5780641466208477,0.2943527026327225,0.2182249274001519,0.4307319367733065,,,0.2823985882150611,,1.8342245989304813,0.9037433155080212,,0.2307864853658908,smk_can_187,12,76.814,eea1cc34fd9d82b0c6d7267dcc1cac30b2234f9f9020f48754a66d120f25f54e
mutual_info,k,k:4,,4,19993,gb,none,1576458353,0.5721925133689839,0.5809851088201604,0.3217996425801909,0.263935897326098,0.388583219626084,,,0.270768765532081,,1.7379679144385027,0.9037433155080212,,0.307921974384431,smk_can_187,12,76.814,eea1cc34fd9d82b0c6d7267dcc1cac30b2234f9f9020f48754a66d120f25f54e
mutual_info,k,k:8,,8,19993,gb,none,1576458353,0.6310160427807486,0.6348224513172966,0.292231495144422,0.2686166167639769,0.3700281940799736,,,0.3092906187540912,,1.711229946524064,0.9037433155080212,,0.2864845130705024,smk_can_187,12,76.814,eea1cc34fd9d82b0c6d7267dcc1cac30b2234f9f9020f48754a66d120f25f54e
mutual_info,k,k:16,,16,19993,gb,none,1576458353,0.6256684491978609,0.661397479954181,0.2887687600061511,0.2262766841124914,0.3106826128607935,,,0.2951158323152611,,1.679144385026738,0.9037433155080212,,0.2646661221616002,smk_can_187,12,76.814,eea1cc34fd9d82b0c6d7267dcc1cac30b2234f9f9020f48754a66d120f25f54e
mutual_info,k,k:32,,32,19993,gb,none,1576458353,0.6363636363636364,0.6793814432989691,0.2762281524345136,0.2507478371886462,0.2887773994465835,,,0.311148101288502,,1.6631016042780749,0.9037433155080212,,0.2571299771594704,smk_can_187,12,76.814,eea1cc34fd9d82b0c6d7267dcc1cac30b2234f9f9020f48754a66d120f25f54e
mutual_info,k,k:64,,64,19993,gb,none,1576458353,0.6844919786096256,0.704581901489118,0.2590941441283546,0.2109504936511769,0.2626634873902435,,,0.3280033750838407,,1.6363636363636365,0.9037433155080212,,0.2356590427924903,smk_can_187,12,76.814,eea1cc34fd9d82b0c6d7267dcc1cac30b2234f9f9020f48754a66d120f25f54e
mutual_info,k,k:128,,128,19993,gb,none,1576458353,0.6524064171122995,0.7223367697594502,0.2655094806462484,0.2480656075151098,0.2305332569613341,,,0.3190761995028953,,1.5561497326203209,0.9037433155080212,,0.2515822414956575,smk_can_187,12,76.814,eea1cc34fd9d82b0c6d7267dcc1cac30b2234f9f9020f48754a66d120f25f54e
mutual_info,k,k:256,,256,19993,gb,none,1576458353,0.7112299465240641,0.7639175257731958,0.2223101465372298,0.1715329354005212,0.1928906638494174,,,0.3539814629374042,,1.5080213903743316,0.9037433155080212,,0.1922418767648986,smk_can_187,12,76.814,eea1cc34fd9d82b0c6d7267dcc1cac30b2234f9f9020f48754a66d120f25f54e
mutual_info,frac,frac:1,1.0,19993,19993,gb,none,1755863064,0.6524064171122995,0.7053837342497136,0.2643392847886988,0.2434700063899065,0.2464069721313507,,,0.3272608629500735,,1.572192513368984,0.9037433155080212,,0.2387424708129537,smk_can_187,13,74.737,eea1cc34fd9d82b0c6d7267dcc1cac30b2234f9f9020f48754a66d120f25f54e
mutual_info,k,k:1,,1,19993,gb,none,1755863064,0.5401069518716578,0.5562428407789233,0.3042504809514944,0.2258073780479478,0.4435876315102505,,,0.252786935243564,,1.818181818181818,0.9144385026737968,,0.2591826259003673,smk_can_187,13,74.737,eea1cc34fd9d82b0c6d7267dcc1cac30b2234f9f9020f48754a66d120f25f54e
mutual_info,k,k:2,,2,19993,gb,none,1755863064,0.5401069518716578,0.6024054982817869,0.3188828618399634,0.2864456022392997,0.3547915780192582,,,0.2571054585339585,,1.6684491978609626,0.9037433155080212,,0.3130541905695435,smk_can_187,13,74.737,eea1cc34fd9d82b0c6d7267dcc1cac30b2234f9f9020f48754a66d120f25f54e
mutual_info,k,k:4,,4,19993,gb,none,1755863064,0.5775401069518716,0.6176975945017182,0.3043358453891697,0.2496419975939832,0.3597157367429451,,,0.2665732788729944,,1.6844919786096255,0.9037433155080212,,0.2671515609455341,smk_can_187,13,74.737,eea1cc34fd9d82b0c6d7267dcc1cac30b2234f9f9020f48754a66d120f25f54e
mutual_info,k,k:8,,8,19993,gb,none,1755863064,0.5401069518716578,0.5698739977090492,0.336992467777063,0.2907033296776423,0.4043781900165032,,,0.248628334411715,,1.7593582887700534,0.9037433155080212,,0.3227568123714058,smk_can_187,13,74.737,eea1cc34fd9d82b0c6d7267dcc1cac30b2234f9f9020f48754a66d120f25f54e
mutual_info,k,k:16,,16,19993,gb,none,1755863064,0.5828877005347594,0.627262313860252,0.3253670979547117,0.2828213912693242,0.3435509484601942,,,0.2622868945340738,,1.6737967914438503,0.9037433155080212,,0.3193558430834172,smk_can_187,13,74.737,eea1cc34fd9d82b0c6d7267dcc1cac30b2234f9f9020f48754a66d120f25f54e
mutual_info,k,k:32,,32,19993,gb,none,1755863064,0.5935828877005348,0.6413516609392897,0.3174149298185608,0.2973639209454996,0.3182566808312762,,,0.2783377849523507,,1.6470588235294117,0.9037433155080212,,0.3340410398550915,smk_can_187,13,74.737,eea1cc34fd9d82b0c6d7267dcc1cac30b2234f9f9020f48754a66d120f25f54e
mutual_info,k,k:64,,64,19993,gb,none,1755863064,0.6149732620320856,0.67262313860252,0.2929859512086832,0.2552791101677924,0.277007521104906,,,0.2940963160848551,,1.6470588235294117,0.9037433155080212,,0.2799122454635288,smk_can_187,13,74.737,eea1cc34fd9d82b0c6d7267dcc1cac30b2234f9f9020f48754a66d120f25f54e
mutual_info,k,k:128,,128,19993,gb,none,1755863064,0.6363636363636364,0.7098510882016036,0.268594776116729,0.2390133005479844,0.2495343632471074,,,0.316475259564713,,1.5401069518716577,0.9037433155080212,,0.2618478580317854,smk_can_187,13,74.737,eea1cc34fd9d82b0c6d7267dcc1cac30b2234f9f9020f48754a66d120f25f54e
mutual_info,k,k:256,,256,19993,gb,none,1755863064,0.6203208556149733,0.7013745704467353,0.277665015028472,0.2652554073611192,0.2352504075078061,,,0.3038610958891247,,1.572192513368984,0.9037433155080212,,0.2629998032080473,smk_can_187,13,74.737,eea1cc34fd9d82b0c6d7267dcc1cac30b2234f9f9020f48754a66d120f25f54e
mutual_info,frac,frac:1,1.0,19993,19993,gb,none,1195562601,0.6898395721925134,0.7578465063001145,0.2239736336731638,0.1808207949256201,0.1934392873260529,,,0.3601010299428741,,1.46524064171123,0.9037433155080212,,0.1928839030569485,smk_can_187,14,82.261,eea1cc34fd9d82b0c6d7267dcc1cac30b2234f9f9020f48754a66d120f25f54e
mutual_info,k,k:1,,1,19993,gb,none,1195562601,0.6042780748663101,0.6237113402061856,0.2548998965276058,0.1664748353684155,0.3540612067428261,,,0.313993799865244,,1.7433155080213905,0.9037433155080212,,0.1621381163623504,smk_can_187,14,82.261,eea1cc34fd9d82b0c6d7267dcc1cac30b2234f9f9020f48754a66d120f25f54e
mutual_info,k,k:2,,2,19993,gb,none,1195562601,0.6256684491978609,0.6310423825887743,0.2624960530782487,0.1732978304112787,0.3659493577269995,,,0.3111903308064077,,1.6898395721925137,0.9037433155080212,,0.2061257106460665,smk_can_187,14,82.261,eea1cc34fd9d82b0c6d7267dcc1cac30b2234f9f9020f48754a66d120f25f54e
mutual_info,k,k:4,,4,19993,gb,none,1195562601,0.6363636363636364,0.6746849942726232,0.2474635523064862,0.1723601140745214,0.2853929787415714,,,0.3325682876725822,,1.6363636363636365,0.9037433155080212,,0.1864590730785359,smk_can_187,14,82.261,eea1cc34fd9d82b0c6d7267dcc1cac30b2234f9f9020f48754a66d120f25f54e
mutual_info,k,k:8,,8,19993,gb,none,1195562601,0.6203208556149733,0.6870561282932416,0.253866261648023,0.1890811589786609,0.2772835025315133,,,0.3225197708857453,,1.6363636363636365,0.9037433155080212,,0.1994667663936236,smk_can_187,14,82.261,eea1cc34fd9d82b0c6d7267dcc1cac30b2234f9f9020f48754a66d120f25f54e
mutual_info,k,k:16,,16,19993,gb,none,1195562601,0.679144385026738,0.7183276059564719,0.2413815722495103,0.1737495142544228,0.247739702938341,,,0.3382814377027708,,1.60427807486631,0.9037433155080212,,0.1972237823744186,smk_can_187,14,82.261,eea1cc34fd9d82b0c6d7267dcc1cac30b2234f9f9020f48754a66d120f25f54e
mutual_info,k,k:32,,32,19993,gb,none,1195562601,0.6363636363636364,0.6851088201603666,0.2715701734473192,0.2285344400384186,0.2607368293048432,,,0.3235762499812187,,1.6577540106951871,0.9037433155080212,,0.238227094036156,smk_can_187,14,82.261,eea1cc34fd9d82b0c6d7267dcc1cac30b2234f9f9020f48754a66d120f25f54e
mutual_info,k,k:64,,64,19993,gb,none,1195562601,0.7005347593582888,0.736426116838488,0.2394323044050967,0.1972742574954754,0.2237783578062947,,,0.3427847811418693,,1.5561497326203209,0.9037433155080212,,0.2133339072220859,smk_can_187,14,82.261,eea1cc34fd9d82b0c6d7267dcc1cac30b2234f9f9020f48754a66d120f25f54e
mutual_info,k,k:128,,128,19993,gb,none,1195562601,0.7272727272727273,0.772737686139748,0.2118411450631026,0.1558127678081021,0.1820065668102419,,,0.3736146173015809,,1.4491978609625669,0.9037433155080212,,0.1707886942639243,smk_can_187,14,82.261,eea1cc34fd9d82b0c6d7267dcc1cac30b2234f9f9020f48754a66d120f25f54e
mutual_info,k,k:256,,256,19993,gb,none,1195562601,0.7112299465240641,0.7660939289805269,0.2230134312462826,0.1812632576170202,0.1835206121093333,,,0.358852258317006,,1.5240641711229947,0.9037433155080212,,0.1798763684951203,smk_can_187,14,82.261,eea1cc34fd9d82b0c6d7267dcc1cac30b2234f9f9020f48754a66d120f25f54e
mutual_info,frac,frac:1,1.0,19993,19993,gb,none,3427184044,0.6898395721925134,0.7360824742268042,0.2363699786944328,0.190350130357999,0.2066258200907679,,,0.3552360490335323,,1.5401069518716577,0.9037433155080212,,0.2030202192401123,smk_can_187,15,76.417,eea1cc34fd9d82b0c6d7267dcc1cac30b2234f9f9020f48754a66d120f25f54e
mutual_info,k,k:1,,1,19993,gb,none,3427184044,0.5347593582887701,0.5333333333333333,0.2992000868950566,0.2291511146585792,0.4367378788812686,,,0.284759178923913,,1.7647058823529411,0.9037433155080212,,0.2417392715777681,smk_can_187,15,76.417,eea1cc34fd9d82b0c6d7267dcc1cac30b2234f9f9020f48754a66d120f25f54e
mutual_info,k,k:2,,2,19993,gb,none,3427184044,0.5187165775401069,0.5768613974799542,0.2983255433997273,0.2418834272529031,0.399460101197044,,,0.2754551575469814,,1.7540106951871657,0.9037433155080212,,0.2460554984634202,smk_can_187,15,76.417,eea1cc34fd9d82b0c6d7267dcc1cac30b2234f9f9020f48754a66d120f25f54e
mutual_info,k,k:4,,4,19993,gb,none,3427184044,0.5401069518716578,0.5737686139747995,0.3123076758413747,0.260156873327341,0.4167889116255692,,,0.2727100763401424,,1.7379679144385027,0.9037433155080212,,0.2826014347118037,smk_can_187,15,76.417,eea1cc34fd9d82b0c6d7267dcc1cac30b2234f9f9020f48754a66d120f25f54e
mutual_info,k,k:8,,8,19993,gb,none,3427184044,0.5454545454545454,0.5957617411225659,0.3119258181563558,0.2722850107659395,0.3748888439686041,,,0.2749052975365485,,1.6844919786096255,0.9037433155080212,,0.2930248838011577,smk_can_187,15,76.417,eea1cc34fd9d82b0c6d7267dcc1cac30b2234f9f9020f48754a66d120f25f54e
mutual_info,k,k:16,,16,19993,gb,none,3427184044,0.6203208556149733,0.6583046964490263,0.2729808589319986,0.219265217130387,0.3301429309630653,,,0.3027015447197757,,1.6737967914438503,0.9037433155080212,,0.2179300640871063,smk_can_187,15,76.417,eea1cc34fd9d82b0c6d7267dcc1cac30b2234f9f9020f48754a66d120f25f54e
mutual_info,k,k:32,,32,19993,gb,none,3427184044,0.6042780748663101,0.645360824742268,0.2940290750386184,0.2440870637346079,0.3462704790654438,,,0.2938245215243372,,1.6898395721925137,0.9037433155080212,,0.2675722878316506,smk_can_187,15,76.417,eea1cc34fd9d82b0c6d7267dcc1cac30b2234f9f9020f48754a66d120f25f54e
mutual_info,k,k:64,,64,19993,gb,none,3427184044,0.6363636363636364,0.6904925544100803,0.2692667577283235,0.2184862667760739,0.2773026931821077,,,0.3108285042629523,,1.625668449197861,0.9037433155080212,,0.2399942605322149,smk_can_187,15,76.417,eea1cc34fd9d82b0c6d7267dcc1cac30b2234f9f9020f48754a66d120f25f54e
mutual_info,k,k:128,,128,19993,gb,none,3427184044,0.6577540106951871,0.688659793814433,0.2726570331932241,0.2316625061142439,0.2713755495294312,,,0.3145088444029957,,1.6363636363636365,0.9037433155080212,,0.244147260380511,smk_can_187,15,76.417,eea1cc34fd9d82b0c6d7267dcc1cac30b2234f9f9020f48754a66d120f25f54e
mutual_info,k,k:256,,256,19993,gb,none,3427184044,0.7112299465240641,0.7539518900343642,0.234103923137427,0.2026681203591659,0.2130677683398711,,,0.3342272225560279,,1.5508021390374331,0.9037433155080212,,0.2140066505066585,smk_can_187,15,76.417,eea1cc34fd9d82b0c6d7267dcc1cac30b2234f9f9020f48754a66d120f25f54e
mutual_info,frac,frac:1,1.0,19993,19993,gb,none,1246171090,0.6684491978609626,0.7407789232531501,0.2398306273912369,0.2076549341758617,0.2123807704493956,,,0.3393637865209611,,1.5401069518716577,0.9037433155080212,,0.2121111948084889,smk_can_187,16,77.269,eea1cc34fd9d82b0c6d7267dcc1cac30b2234f9f9020f48754a66d120f25f54e
mutual_info,k,k:1,,1,19993,gb,none,1246171090,0.5721925133689839,0.5974226804123711,0.2641498403700132,0.13342953095134,0.3856116531262476,,,0.2986739975222255,,1.7486631016042782,0.9037433155080212,,0.1717909895736917,smk_can_187,16,77.269,eea1cc34fd9d82b0c6d7267dcc1cac30b2234f9f9020f48754a66d120f25f54e
mutual_info,k,k:2,,2,19993,gb,none,1246171090,0.6256684491978609,0.6365979381443299,0.2709426759204383,0.1929298538289383,0.34110019029383,,,0.2961169603530065,,1.6898395721925137,0.9037433155080212,,0.225630445500435,smk_can_187,16,77.269,eea1cc34fd9d82b0c6d7267dcc1cac30b2234f9f9020f48754a66d120f25f54e
mutual_info,k,k:4,,4,19993,gb,none,1246171090,0.6042780748663101,0.656872852233677,0.2724373140411591,0.2128031189863007,0.3250546792055327,,,0.2935482219777523,,1.6844919786096255,0.9037433155080212,,0.2411847678754162,smk_can_187,16,77.269,eea1cc34fd9d82b0c6d7267dcc1cac30b2234f9f9020f48754a66d120f25f54e
mutual_info,k,k:8,,8,19993,gb,none,1246171090,0.6631016042780749,0.706643757159221,0.2495662241775266,0.1854085718908402,0.2727942911909724,,,0.3202791963754619,,1.60427807486631,0.9037433155080212,,0.2008743523220437,smk_can_187,16,77.269,eea1cc34fd9d82b0c6d7267dcc1cac30b2234f9f9020f48754a66d120f25f54e
mutual_info,k,k:16,,16,19993,gb,none,1246171090,0.6149732620320856,0.693012600229095,0.2759541967254662,0.2617926706647447,0.2596559625683949,,,0.3105237736977623,,1.5989304812834224,0.9037433155080212,,0.2575439981045793,smk_can_187,16,77.269,eea1cc34fd9d82b0c6d7267dcc1cac30b2234f9f9020f48754a66d120f25f54e
mutual_info,k,k:32,,32,19993,gb,none,1246171090,0.6631016042780749,0.7256586483390607,0.2564763069066735,0.2272250662903827,0.2354308983366318,,,0.3164468602455161,,1.53475935828877,0.9037433155080212,,0.221049900013411,smk_can_187,16,77.269,eea1cc34fd9d82b0c6d7267dcc1cac30b2234f9f9020f48754a66d120f25f54e
mutual_info,k,k:64,,64,19993,gb,none,1246171090,0.6737967914438503,0.7233676975945017,0.2525675406580027,0.197637849540838,0.2576713781237603,,,0.3191401842736317,,1.5989304812834224,0.9037433155080212,,0.2168169308765702,smk_can_187,16,77.269,eea1cc34fd9d82b0c6d7267dcc1cac30b2234f9f9020f48754a66d120f25f54e
mutual_info,k,k:128,,128,19993,gb,none,1246171090,0.6951871657754011,0.7621993127147767,0.228681691758008,0.1939276281843508,0.1990454288509395,,,0.349510364949599,,1.5080213903743316,0.9037433155080212,,0.1915213908227854,smk_can_187,16,77.269,eea1cc34fd9d82b0c6d7267dcc1cac30b2234f9f9020f48754a66d120f25f54e
mutual_info,k,k:256,,256,19993,gb,none,1246171090,0.7272727272727273,0.7753722794959907,0.2156249313725987,0.184260209389274,0.1973667933501209,,,0.348762599522642,,1.4705882352941178,0.9037433155080212,,0.1878785477933042,smk_can_187,16,77.269,eea1cc34fd9d82b0c6d7267dcc1cac30b2234f9f9020f48754a66d120f25f54e
mutual_info,frac,frac:1,1.0,19993,19993,gb,none,2369604880,0.6844919786096256,0.7337915234822451,0.2400387578406266,0.1956053938464655,0.2025427904411919,,,0.3519645838276131,,1.5401069518716577,0.9037433155080212,,0.2178618259109764,smk_can_187,17,69.961,eea1cc34fd9d82b0c6d7267dcc1cac30b2234f9f9020f48754a66d120f25f54e
mutual_info,k,k:1,,1,19993,gb,none,2369604880,0.5882352941176471,0.6023482245131729,0.2743545316391898,0.1839223901276997,0.3939479059316328,,,0.2895015981760903,,1.7379679144385027,0.9037433155080212,,0.1981160363514938,smk_can_187,17,69.961,eea1cc34fd9d82b0c6d7267dcc1cac30b2234f9f9020f48754a66d120f25f54e
mutual_info,k,k:2,,2,19993,gb,none,2369604880,0.5775401069518716,0.6156357388316152,0.2733880311663894,0.1656059972855547,0.3811285481526482,,,0.2878360405768435,,1.732620320855615,0.9037433155080212,,0.1920056027800215,smk_can_187,17,69.961,eea1cc34fd9d82b0c6d7267dcc1cac30b2234f9f9020f48754a66d120f25f54e
mutual_info,k,k:4,,4,19993,gb,none,2369604880,0.6310160427807486,0.6646048109965637,0.2567058419368409,0.1605628295357758,0.3294610750430241,,,0.3137396016774383,,1.679144385026738,0.9037433155080212,,0.182978164147066,smk_can_187,17,69.961,eea1cc34fd9d82b0c6d7267dcc1cac30b2234f9f9020f48754a66d120f25f54e
mutual_info,k,k:8,,8,19993,gb,none,2369604880,0.6577540106951871,0.733906071019473,0.2368496412362012,0.2022550039315219,0.2368270374395049,,,0.3272933785838755,,1.5828877005347597,0.9037433155080212,,0.1833494678094391,smk_can_187,17,69.961,eea1cc34fd9d82b0c6d7267dcc1cac30b2234f9f9020f48754a66d120f25f54e
mutual_info,k,k:16,,16,19993,gb,none,2369604880,0.6363636363636364,0.6807560137457045,0.2711672385525965,0.2325847888429821,0.2764895582011277,,,0.3178190654557907,,1.609625668449198,0.9037433155080212,,0.2591350279307819,smk_can_187,17,69.961,eea1cc34fd9d82b0c6d7267dcc1cac30b2234f9f9020f48754a66d120f25f54e
mutual_info,k,k:32,,32,19993,gb,none,2369604880,0.6310160427807486,0.6749140893470791,0.285255795810869,0.2331162424814897,0.2852318285300541,,,0.300507578767586,,1.641711229946524,0.9037433155080212,,0.2607950186533275,smk_can_187,17,69.961,eea1cc34fd9d82b0c6d7267dcc1cac30b2234f9f9020f48754a66d120f25f54e
mutual_info,k,k:64,,64,19993,gb,none,2369604880,0.6310160427807486,0.6802978235967927,0.2723444753214604,0.2462807019677274,0.2833386411020168,,,0.313644814608234,,1.6524064171122994,0.9037433155080212,,0.2533730719497912,smk_can_187,17,69.961,eea1cc34fd9d82b0c6d7267dcc1cac30b2234f9f9020f48754a66d120f25f54e
mutual_info,k,k:128,,128,19993,gb,none,2369604880,0.6363636363636364,0.6996563573883162,0.2645277609128793,0.2257684295796088,0.2551451378080592,,,0.3242119442169777,,1.625668449197861,0.9037433155080212,,0.2414067771232276,smk_can_187,17,69.961,eea1cc34fd9d82b0c6d7267dcc1cac30b2234f9f9020f48754a66d120f25f54e
mutual_info,k,k:256,,256,19993,gb,none,2369604880,0.6737967914438503,0.7128293241695304,0.2605163318073727,0.237676585362933,0.243623705617419,,,0.3277730322081449,,1.5614973262032086,0.9037433155080212,,0.253042595301202,smk_can_187,17,69.961,eea1cc34fd9d82b0c6d7267dcc1cac30b2234f9f9020f48754a66d120f25f54e
mutual_info,frac,frac:1,1.0,19993,19993,gb,none,2634070691,0.6631016042780749,0.7317296678121421,0.256642298564832,0.2256845500527379,0.2034890288583953,,,0.3350800156493507,,1.5294117647058822,0.9037433155080212,,0.2445362622734508,smk_can_187,18,57.327,eea1cc34fd9d82b0c6d7267dcc1cac30b2234f9f9020f48754a66d120f25f54e
mutual_info,k,k:1,,1,19993,gb,none,2634070691,0.5294117647058824,0.5427835051546392,0.2985827167632798,0.2350441196180498,0.4532785680617488,,,0.265883274854812,,1.7914438502673795,0.9090909090909092,,0.248092785922174,smk_can_187,18,57.327,eea1cc34fd9d82b0c6d7267dcc1cac30b2234f9f9020f48754a66d120f25f54e
mutual_info,k,k:2,,2,19993,gb,none,2634070691,0.5935828877005348,0.5593928980526919,0.3058280877199881,0.24391204765239,0.465180055014053,,,0.2660728852850952,,1.7914438502673795,0.9037433155080212,,0.2728358840102479,smk_can_187,18,57.327,eea1cc34fd9d82b0c6d7267dcc1cac30b2234f9f9020f48754a66d120f25f54e
mutual_info,k,k:4,,4,19993,gb,none,2634070691,0.5828877005347594,0.6041809851088201,0.2979051392558184,0.2281386213108327,0.374925095797197,,,0.2936659128715874,,1.7433155080213905,0.9037433155080212,,0.2524957445156177,smk_can_187,18,57.327,eea1cc34fd9d82b0c6d7267dcc1cac30b2234f9f9020f48754a66d120f25f54e
mutual_info,k,k:8,,8,19993,gb,none,2634070691,0.6203208556149733,0.6465063001145476,0.2893582393020526,0.2276085466229096,0.3155488366858978,,,0.2987927748122669,,1.6577540106951871,0.9037433155080212,,0.2567762467352499,smk_can_187,18,57.327,eea1cc34fd9d82b0c6d7267dcc1cac30b2234f9f9020f48754a66d120f25f54e
mutual_info,k,k:16,,16,19993,gb,none,2634070691,0.6310160427807486,0.683963344788087,0.2870556838010387,0.2549921370008998,0.2844976901890965,,,0.3057481843626076,,1.5668449197860963,0.9037433155080212,,0.2952456762359713,smk_can_187,18,57.327,eea1cc34fd9d82b0c6d7267dcc1cac30b2234f9f9020f48754a66d120f25f54e
mutual_info,k,k:32,,32,19993,gb,none,2634070691,0.6256684491978609,0.6872852233676976,0.2761715599176865,0.2336149065340624,0.2769089747655729,,,0.3086828468075533,,1.625668449197861,0.9037433155080212,,0.2690600468157698,smk_can_187,18,57.327,eea1cc34fd9d82b0c6d7267dcc1cac30b2234f9f9020f48754a66d120f25f54e
mutual_info,k,k:64,,64,19993,gb,none,2634070691,0.7058823529411765,0.7396334478808706,0.2278968920436732,0.1950123564310009,0.2321448346935094,,,0.3536055250865907,,1.5828877005347597,0.9037433155080212,,0.1950301674788409,smk_can_187,18,57.327,eea1cc34fd9d82b0c6d7267dcc1cac30b2234f9f9020f48754a66d120f25f54e
mutual_info,k,k:128,,128,19993,gb,none,2634070691,0.6898395721925134,0.7224513172966781,0.2461824358361158,0.2178344045596237,0.2537384518717213,,,0.3445742537848446,,1.5935828877005347,0.9037433155080212,,0.2290881694430876,smk_can_187,18,57.327,eea1cc34fd9d82b0c6d7267dcc1cac30b2234f9f9020f48754a66d120f25f54e
mutual_info,k,k:256,,256,19993,gb,none,2634070691,0.6684491978609626,0.7358533791523483,0.247562627862677,0.2087767780461787,0.210536380903191,,,0.3396139493221288,,1.5561497326203209,0.9037433155080212,,0.2161564024934461,smk_can_187,18,57.327,eea1cc34fd9d82b0c6d7267dcc1cac30b2234f9f9020f48754a66d120f25f54e
mutual_info,frac,frac:1,1.0,19993,19993,gb,none,2950395460,0.6631016042780749,0.7344788087056129,0.2509462323451656,0.2130974820149051,0.1990908758080135,,,0.3370602814716903,,1.497326203208556,0.9037433155080212,,0.233344245180536,smk_can_187,19,53.644,eea1cc34fd9d82b0c6d7267dcc1cac30b2234f9f9020f48754a66d120f25f54e
mutual_info,k,k:1,,1,19993,gb,none,2950395460,0.5668449197860963,0.5470217640320733,0.2872117622165771,0.1977624868119473,0.4516728871745634,,,0.297595650834858,,1.786096256684492,0.9090909090909092,,0.2111885972056544,smk_can_187,19,53.644,eea1cc34fd9d82b0c6d7267dcc1cac30b2234f9f9020f48754a66d120f25f54e
mutual_info,k,k:2,,2,19993,gb,none,2950395460,0.5935828877005348,0.6048682703321878,0.2770142228765087,0.1957003463275724,0.4135449228367327,,,0.3193332917207099,,1.732620320855615,0.9037433155080212,,0.2096843102915918,smk_can_187,19,53.644,eea1cc34fd9d82b0c6d7267dcc1cac30b2234f9f9020f48754a66d120f25f54e
mutual_info,k,k:4,,4,19993,gb,none,2950395460,0.5668449197860963,0.552405498281787,0.325857026108257,0.284107012603574,0.429084982767185,,,0.2700029677964438,,1.7540106951871657,0.9037433155080212,,0.3170019173337837,smk_can_187,19,53.644,eea1cc34fd9d82b0c6d7267dcc1cac30b2234f9f9020f48754a66d120f25f54e
mutual_info,k,k:8,,8,19993,gb,none,2950395460,0.6256684491978609,0.636368843069874,0.2819158282169142,0.1997612172868884,0.3288604876204742,,,0.2990424093743062,,1.7165775401069518,0.9037433155080212,,0.2371915883067437,smk_can_187,19,53.644,eea1cc34fd9d82b0c6d7267dcc1cac30b2234f9f9020f48754a66d120f25f54e
mutual_info,k,k:16,,16,19993,gb,none,2950395460,0.6844919786096256,0.6583046964490263,0.271908314991206,0.2418374718891882,0.3440757018655758,,,0.3174823179059374,,1.732620320855615,0.9037433155080212,,0.2588650003909545,smk_can_187,19,53.644,eea1cc34fd9d82b0c6d7267dcc1cac30b2234f9f9020f48754a66d120f25f54e
mutual_info,k,k:32,,32,19993,gb,none,2950395460,0.6631016042780749,0.7059564719358534,0.2688114825623572,0.2363339830826693,0.2453164600064715,,,0.3121582710803424,,1.6149732620320856,0.9037433155080212,,0.2549548096750503,smk_can_187,19,53.644,eea1cc34fd9d82b0c6d7267dcc1cac30b2234f9f9020f48754a66d120f25f54e
mutual_info,k,k:64,,64,19993,gb,none,2950395460,0.6684491978609626,0.7272623138602521,0.2501915201702729,0.2081632866360184,0.2203163229395763,,,0.3309661398634703,,1.588235294117647,0.9037433155080212,,0.1993653404940199,smk_can_187,19,53.644,eea1cc34fd9d82b0c6d7267dcc1cac30b2234f9f9020f48754a66d120f25f54e
mutual_info,k,k:128,,128,19993,gb,none,2950395460,0.6631016042780749,0.7557846506300114,0.2334677104208904,0.2128281195224995,0.2056834860946213,,,0.3297844547738209,,1.481283422459893,0.9037433155080212,,0.2221373442844713,smk_can_187,19,53.644,eea1cc34fd9d82b0c6d7267dcc1cac30b2234f9f9020f48754a66d120f25f54e
mutual_info,k,k:256,,256,19993,gb,none,2950395460,0.7005347593582888,0.7592210767468499,0.2306112203355352,0.1936931667136534,0.1931750855420901,,,0.3460161366195771,,1.4705882352941178,0.9037433155080212,,0.2006981638372909,smk_can_187,19,53.644,eea1cc34fd9d82b0c6d7267dcc1cac30b2234f9f9020f48754a66d120f25f54e
mutual_info,frac,frac:1,1.0,19993,19993,gb,none,2285153235,0.6577540106951871,0.7505154639175258,0.2469510129705502,0.2445187926390286,0.1997793482743814,,,0.3410204592293138,,1.46524064171123,0.9037433155080212,,0.2146935828875336,smk_can_187,20,52.126,eea1cc34fd9d82b0c6d7267dcc1cac30b2234f9f9020f48754a66d120f25f54e
mutual_info,k,k:1,,1,19993,gb,none,2285153235,0.5508021390374331,0.5329324169530355,0.3114360957973625,0.2470919298966371,0.4671814344695497,,,0.2605191127794491,,1.7754010695187166,0.9037433155080212,,0.2699527162343111,smk_can_187,20,52.126,eea1cc34fd9d82b0c6d7267dcc1cac30b2234f9f9020f48754a66d120f25f54e
mutual_info,k,k:2,,2,19993,gb,none,2285153235,0.5508021390374331,0.5601947308132875,0.3077377618695265,0.2500157780443018,0.442568217975814,,,0.2745543951783828,,1.7700534759358288,0.9037433155080212,,0.2681065198998276,smk_can_187,20,52.126,eea1cc34fd9d82b0c6d7267dcc1cac30b2234f9f9020f48754a66d120f25f54e
mutual_info,k,k:4,,4,19993,gb,none,2285153235,0.6363636363636364,0.6624856815578465,0.2639071755352264,0.2211388258169879,0.3185414344335014,,,0.3035000097935146,,1.6844919786096255,0.9037433155080212,,0.226874248812209,smk_can_187,20,52.126,eea1cc34fd9d82b0c6d7267dcc1cac30b2234f9f9020f48754a66d120f25f54e
mutual_info,k,k:8,,8,19993,gb,none,2285153235,0.6684491978609626,0.7298969072164949,0.2356921777002567,0.181355111369759,0.2470007226249257,,,0.3224789375205167,,1.5454545454545454,0.9037433155080212,,0.1904363778719202,smk_can_187,20,52.126,eea1cc34fd9d82b0c6d7267dcc1cac30b2234f9f9020f48754a66d120f25f54e
mutual_info,k,k:16,,16,19993,gb,none,2285153235,0.6310160427807486,0.6907216494845361,0.2568814209941387,0.1837584502714088,0.2982854134541945,,,0.3069569357485548,,1.5828877005347597,0.9037433155080212,,0.2085822511346406,smk_can_187,20,52.126,eea1cc34fd9d82b0c6d7267dcc1cac30b2234f9f9020f48754a66d120f25f54e
mutual_info,k,k:32,,32,19993,gb,none,2285153235,0.679144385026738,0.7344788087056129,0.2462150051460988,0.2017152753001481,0.2215799507891898,,,0.3375282692190214,,1.5828877005347597,0.9037433155080212,,0.1959843954668182,smk_can_187,20,52.126,eea1cc34fd9d82b0c6d7267dcc1cac30b2234f9f9020f48754a66d120f25f54e
mutual_info,k,k:64,,64,19993,gb,none,2285153235,0.6898395721925134,0.7054982817869415,0.2661794065941847,0.2482733121673227,0.2425891042122954,,,0.3357931853231384,,1.6363636363636365,0.9037433155080212,,0.2425312251451503,smk_can_187,20,52.126,eea1cc34fd9d82b0c6d7267dcc1cac30b2234f9f9020f48754a66d120f25f54e
mutual_info,k,k:128,,128,19993,gb,none,2285153235,0.6737967914438503,0.7239404352806414,0.2489429039634334,0.2264024747371315,0.247799685803011,,,0.3485152615102312,,1.5508021390374331,0.9037433155080212,,0.2054417309153736,smk_can_187,20,52.126,eea1cc34fd9d82b0c6d7267dcc1cac30b2234f9f9020f48754a66d120f25f54e
mutual_info,k,k:256,,256,19993,gb,none,2285153235,0.6737967914438503,0.731615120274914,0.2511270489138981,0.2140064600831362,0.2163611975279161,,,0.3346375699318707,,1.5294117647058822,0.9037433155080212,,0.2280524720973824,smk_can_187,20,52.126,eea1cc34fd9d82b0c6d7267dcc1cac30b2234f9f9020f48754a66d120f25f54e
mutual_info,frac,frac:1,1.0,19993,19993,gb,none,1897762423,0.7058823529411765,0.7648339060710195,0.2193913340831265,0.1671683235004138,0.1772074684558435,,,0.3649391121153583,,1.4759358288770053,0.9037433155080212,,0.1814912042320765,smk_can_187,21,46.878,eea1cc34fd9d82b0c6d7267dcc1cac30b2234f9f9020f48754a66d120f25f54e
mutual_info,k,k:1,,1,19993,gb,none,1897762423,0.5614973262032086,0.5415234822451317,0.2929908836112183,0.1713905727976842,0.4641104264583665,,,0.2798334821866298,,1.7967914438502677,0.9037433155080212,,0.2058380914309767,smk_can_187,21,46.878,eea1cc34fd9d82b0c6d7267dcc1cac30b2234f9f9020f48754a66d120f25f54e
mutual_info,k,k:2,,2,19993,gb,none,1897762423,0.5561497326203209,0.5688430698739977,0.2903544859850639,0.1912299148240832,0.3946595748645165,,,0.2769583962073225,,1.7807486631016043,0.9037433155080212,,0.2274659559922444,smk_can_187,21,46.878,eea1cc34fd9d82b0c6d7267dcc1cac30b2234f9f9020f48754a66d120f25f54e
mutual_info,k,k:4,,4,19993,gb,none,1897762423,0.6149732620320856,0.6332760595647193,0.2724175190739126,0.2094952911683057,0.3588443082281319,,,0.3144045768693712,,1.711229946524064,0.9037433155080212,,0.2159264961604704,smk_can_187,21,46.878,eea1cc34fd9d82b0c6d7267dcc1cac30b2234f9f9020f48754a66d120f25f54e
mutual_info,k,k:8,,8,19993,gb,none,1897762423,0.6844919786096256,0.7041237113402062,0.2342836245248559,0.1950201107904048,0.2990801967853076,,,0.3539584866965112,,1.6470588235294117,0.9037433155080212,,0.1919228210483407,smk_can_187,21,46.878,eea1cc34fd9d82b0c6d7267dcc1cac30b2234f9f9020f48754a66d120f25f54e
mutual_info,k,k:16,,16,19993,gb,none,1897762423,0.7112299465240641,0.7313860252004581,0.2369730324033715,0.1942291821869886,0.2477116772972795,,,0.3236521126126905,,1.5775401069518715,0.9037433155080212,,0.1887723290204804,smk_can_187,21,46.878,eea1cc34fd9d82b0c6d7267dcc1cac30b2234f9f9020f48754a66d120f25f54e
mutual_info,k,k:32,,32,19993,gb,none,1897762423,0.6844919786096256,0.7489117983963345,0.231317524769716,0.1935496777611099,0.2101240757631359,,,0.3557852885857506,,1.5294117647058822,0.9037433155080212,,0.1938666297263682,smk_can_187,21,46.878,eea1cc34fd9d82b0c6d7267dcc1cac30b2234f9f9020f48754a66d120f25f54e
mutual_info,k,k:64,,64,19993,gb,none,1897762423,0.6684491978609626,0.7375715922107675,0.2432509106365319,0.2147012578381676,0.2087224414658451,,,0.3338744911552918,,1.53475935828877,0.9037433155080212,,0.2297821368123966,smk_can_187,21,46.878,eea1cc34fd9d82b0c6d7267dcc1cac30b2234f9f9020f48754a66d120f25f54e
mutual_info,k,k:128,,128,19993,gb,none,1897762423,0.7005347593582888,0.7524627720504009,0.2397965280798405,0.228138513527064,0.1988686464116538,,,0.3516666300708649,,1.502673796791444,0.9037433155080212,,0.2320805254169707,smk_can_187,21,46.878,eea1cc34fd9d82b0c6d7267dcc1cac30b2234f9f9020f48754a66d120f25f54e
mutual_info,k,k:256,,256,19993,gb,none,1897762423,0.6737967914438503,0.7725085910652921,0.2230777286644588,0.1988143273708384,0.1823697564004478,,,0.3530609239978219,,1.4545454545454546,0.9037433155080212,,0.1896318504456122,smk_can_187,21,46.878,eea1cc34fd9d82b0c6d7267dcc1cac30b2234f9f9020f48754a66d120f25f54e
mutual_info,frac,frac:1,1.0,19993,19993,gb,none,362010018,0.679144385026738,0.7517754868270332,0.2385102232297047,0.2065853279881456,0.1939447661975644,,,0.3410297272391535,,1.427807486631016,0.9037433155080212,,0.2292318326613248,smk_can_187,22,45.118,eea1cc34fd9d82b0c6d7267dcc1cac30b2234f9f9020f48754a66d120f25f54e
mutual_info,k,k:1,,1,19993,gb,none,362010018,0.5454545454545454,0.5922107674684994,0.2853669040856459,0.2152735804002748,0.3972846173487349,,,0.2728549569514245,,1.6898395721925137,0.9037433155080212,,0.2400250501421187,smk_can_187,22,45.118,eea1cc34fd9d82b0c6d7267dcc1cac30b2234f9f9020f48754a66d120f25f54e
mutual_info,k,k:2,,2,19993,gb,none,362010018,0.5508021390374331,0.5888888888888889,0.2889304562869353,0.2120122796282566,0.3709656343164365,,,0.2793576092795802,,1.7486631016042782,0.9037433155080212,,0.2411561518485469,smk_can_187,22,45.118,eea1cc34fd9d82b0c6d7267dcc1cac30b2234f9f9020f48754a66d120f25f54e
mutual_info,k,k:4,,4,19993,gb,none,362010018,0.5347593582887701,0.5794959908361971,0.303773542828306,0.2414375914872823,0.3726379151516919,,,0.276273776949641,,1.7540106951871657,0.9037433155080212,,0.2692105084319016,smk_can_187,22,45.118,eea1cc34fd9d82b0c6d7267dcc1cac30b2234f9f9020f48754a66d120f25f54e
mutual_info,k,k:8,,8,19993,gb,none,362010018,0.5989304812834224,0.6246277205040092,0.2911059247679783,0.2422685779771772,0.3523846630597143,,,0.2936329137805271,,1.6684491978609626,0.9037433155080212,,0.2658017076832723,smk_can_187,22,45.118,eea1cc34fd9d82b0c6d7267dcc1cac30b2234f9f9020f48754a66d120f25f54e
mutual_info,k,k:16,,16,19993,gb,none,362010018,0.6203208556149733,0.6469644902634594,0.2911501208150852,0.2363800745876947,0.3280996118544388,,,0.2961862491420792,,1.6844919786096255,0.9037433155080212,,0.2612936450517728,smk_can_187,22,45.118,eea1cc34fd9d82b0c6d7267dcc1cac30b2234f9f9020f48754a66d120f25f54e
mutual_info,k,k:32,,32,19993,gb,none,362010018,0.6470588235294118,0.6854524627720504,0.2714763563410975,0.2279273297549611,0.2856791170668894,,,0.314217872784949,,1.6524064171122994,0.9037433155080212,,0.2578069035964689,smk_can_187,22,45.118,eea1cc34fd9d82b0c6d7267dcc1cac30b2234f9f9020f48754a66d120f25f54e
mutual_info,k,k:64,,64,19993,gb,none,362010018,0.6577540106951871,0.7183276059564719,0.2519572324865789,0.2070181191659771,0.2426352740253031,,,0.3344402273591291,,1.609625668449198,0.9037433155080212,,0.2171717214528047,smk_can_187,22,45.118,eea1cc34fd9d82b0c6d7267dcc1cac30b2234f9f9020f48754a66d120f25f54e
mutual_info,k,k:128,,128,19993,gb,none,362010018,0.6631016042780749,0.7483390607101947,0.2332859781390432,0.2001782935973421,0.2108340523999573,,,0.3516485910036883,,1.5240641711229947,0.9037433155080212,,0.1815304770714411,smk_can_187,22,45.118,eea1cc34fd9d82b0c6d7267dcc1cac30b2234f9f9020f48754a66d120f25f54e
mutual_info,k,k:256,,256,19993,gb,none,362010018,0.7112299465240641,0.7970217640320734,0.2041962762132015,0.1829433538960558,0.1705738780652111,,,0.3630560333520456,,1.4545454545454546,0.9037433155080212,,0.1598885220676853,smk_can_187,22,45.118,eea1cc34fd9d82b0c6d7267dcc1cac30b2234f9f9020f48754a66d120f25f54e
mutual_info,frac,frac:1,1.0,19993,19993,gb,none,3496608134,0.6951871657754011,0.7497136311569301,0.2285715385445197,0.1823751732823892,0.1944540909545368,,,0.3537033717147069,,1.5133689839572193,0.9037433155080212,,0.1916154216018711,smk_can_187,23,49.002,eea1cc34fd9d82b0c6d7267dcc1cac30b2234f9f9020f48754a66d120f25f54e
mutual_info,k,k:1,,1,19993,gb,none,3496608134,0.5775401069518716,0.5513172966781215,0.2917407688439294,0.1893221809108165,0.4278818954336419,,,0.2783928601329268,,1.7540106951871657,0.9037433155080212,,0.2271836456990824,smk_can_187,23,49.002,eea1cc34fd9d82b0c6d7267dcc1cac30b2234f9f9020f48754a66d120f25f54e
mutual_info,k,k:2,,2,19993,gb,none,3496608134,0.5882352941176471,0.5832187857961054,0.2836266999989046,0.2002982555025588,0.3901098381463455,,,0.2961939159316682,,1.7486631016042782,0.9037433155080212,,0.2257031701828161,smk_can_187,23,49.002,eea1cc34fd9d82b0c6d7267dcc1cac30b2234f9f9020f48754a66d120f25f54e
mutual_info,k,k:4,,4,19993,gb,none,3496608134,0.5614973262032086,0.6077892325315005,0.2926163532032618,0.2449504119139519,0.3656381573606067,,,0.2958817252064373,,1.6844919786096255,0.9037433155080212,,0.2662112311153501,smk_can_187,23,49.002,eea1cc34fd9d82b0c6d7267dcc1cac30b2234f9f9020f48754a66d120f25f54e
mutual_info,k,k:8,,8,19993,gb,none,3496608134,0.5989304812834224,0.6479954180985108,0.287924848214062,0.2534456881501584,0.322005879521979,,,0.2898475025357093,,1.6524064171122994,0.9037433155080212,,0.2691581934801983,smk_can_187,23,49.002,eea1cc34fd9d82b0c6d7267dcc1cac30b2234f9f9020f48754a66d120f25f54e
mutual_info,k,k:16,,16,19993,gb,none,3496608134,0.6310160427807486,0.6852233676975945,0.2623072955170024,0.2067074272538757,0.2831489342775988,,,0.3131207724110053,,1.6631016042780749,0.9037433155080212,,0.2217240797627422,smk_can_187,23,49.002,eea1cc34fd9d82b0c6d7267dcc1cac30b2234f9f9020f48754a66d120f25f54e
mutual_info,k,k:32,,32,19993,gb,none,3496608134,0.6417112299465241,0.7145475372279496,0.2497752124877808,0.208129216229861,0.2379657116942926,,,0.3242612445182562,,1.60427807486631,0.9037433155080212,,0.2089346054642998,smk_can_187,23,49.002,eea1cc34fd9d82b0c6d7267dcc1cac30b2234f9f9020f48754a66d120f25f54e
mutual_info,k,k:64,,64,19993,gb,none,3496608134,0.7058823529411765,0.754524627720504,0.2220122583675801,0.1787798962184278,0.2127079851294127,,,0.3469294532135612,,1.5561497326203209,0.9037433155080212,,0.1841357466366038,smk_can_187,23,49.002,eea1cc34fd9d82b0c6d7267dcc1cac30b2234f9f9020f48754a66d120f25f54e
mutual_info,k,k:128,,128,19993,gb,none,3496608134,0.7647058823529411,0.7631156930126002,0.2083227125860421,0.1816221421344452,0.1998715277548397,,,0.3761588702585338,,1.588235294117647,0.9037433155080212,,0.1678696196601344,smk_can_187,23,49.002,eea1cc34fd9d82b0c6d7267dcc1cac30b2234f9f9020f48754a66d120f25f54e
mutual_info,k,k:256,,256,19993,gb,none,3496608134,0.7219251336898396,0.7466208476517755,0.2185192633979035,0.1961779138048481,0.214587653479899,,,0.3596774556309252,,1.60427807486631,0.9037433155080212,,0.2208047212830159,smk_can_187,23,49.002,eea1cc34fd9d82b0c6d7267dcc1cac30b2234f9f9020f48754a66d120f25f54e
mutual_info,frac,frac:1,1.0,19993,19993,gb,none,2364255197,0.6577540106951871,0.7452462772050401,0.258652283533385,0.2417380858070129,0.1837193915422244,,,0.3371248082456755,,1.5080213903743316,0.9037433155080212,,0.2413106264166208,smk_can_187,24,48.623,eea1cc34fd9d82b0c6d7267dcc1cac30b2234f9f9020f48754a66d120f25f54e
mutual_info,k,k:1,,1,19993,gb,none,2364255197,0.5775401069518716,0.5745704467353951,0.2758170383038613,0.1864901463688724,0.3974492829105998,,,0.2928351030650644,,1.7433155080213905,0.9090909090909092,,0.2263461142336986,smk_can_187,24,48.623,eea1cc34fd9d82b0c6d7267dcc1cac30b2234f9f9020f48754a66d120f25f54e
mutual_info,k,k:2,,2,19993,gb,none,2364255197,0.5828877005347594,0.6054410080183276,0.279079232218793,0.186657771970274,0.3501280184625865,,,0.3064253246556689,,1.700534759358289,0.9037433155080212,,0.2144633583933848,smk_can_187,24,48.623,eea1cc34fd9d82b0c6d7267dcc1cac30b2234f9f9020f48754a66d120f25f54e
mutual_info,k,k:4,,4,19993,gb,none,2364255197,0.5935828877005348,0.6628865979381443,0.2733564889791323,0.2241836140899575,0.2777698681318832,,,0.2993819973911155,,1.6577540106951871,0.9037433155080212,,0.2248455681450107,smk_can_187,24,48.623,eea1cc34fd9d82b0c6d7267dcc1cac30b2234f9f9020f48754a66d120f25f54e
mutual_info,k,k:8,,8,19993,gb,none,2364255197,0.6203208556149733,0.6582474226804124,0.2760625039869835,0.2116733037147447,0.2952062999308203,,,0.2968447290943299,,1.6898395721925137,0.9037433155080212,,0.2474958342419532,smk_can_187,24,48.623,eea1cc34fd9d82b0c6d7267dcc1cac30b2234f9f9020f48754a66d120f25f54e
mutual_info,k,k:16,,16,19993,gb,none,2364255197,0.6844919786096256,0.7246277205040091,0.2519324434600726,0.219814154256361,0.2428522465680296,,,0.3191434616589269,,1.5401069518716577,0.9037433155080212,,0.2364011166118232,smk_can_187,24,48.623,eea1cc34fd9d82b0c6d7267dcc1cac30b2234f9f9020f48754a66d120f25f54e
mutual_info,k,k:32,,32,19993,gb,none,2364255197,0.6898395721925134,0.756701030927835,0.2287719081837909,0.1886667242019232,0.2179808581686989,,,0.3445149732612361,,1.502673796791444,0.9037433155080212,,0.1887754207358601,smk_can_187,24,48.623,eea1cc34fd9d82b0c6d7267dcc1cac30b2234f9f9020f48754a66d120f25f54e
mutual_info,k,k:64,,64,19993,gb,none,2364255197,0.6737967914438503,0.7357388316151203,0.2424083534170935,0.1826214614997628,0.2237311943354581,,,0.3278358828901252,,1.5508021390374331,0.9037433155080212,,0.2003451237628007,smk_can_187,24,48.623,eea1cc34fd9d82b0c6d7267dcc1cac30b2234f9f9020f48754a66d120f25f54e
mutual_info,k,k:128,,128,19993,gb,none,2364255197,0.6737967914438503,0.7510882016036655,0.2446822979197727,0.2117113408833722,0.2011830806785184,,,0.3217788130675368,,1.502673796791444,0.9037433155080212,,0.2221155419503478,smk_can_187,24,48.623,eea1cc34fd9d82b0c6d7267dcc1cac30b2234f9f9020f48754a66d120f25f54e
mutual_info,k,k:256,,256,19993,gb,none,2364255197,0.7058823529411765,0.777205040091638,0.2208124620787107,0.182779254709323,0.1665467431801222,,,0.3532847804401258,,1.5133689839572193,0.9037433155080212,,0.1928350423945353,smk_can_187,24,48.623,eea1cc34fd9d82b0c6d7267dcc1cac30b2234f9f9020f48754a66d120f25f54e
mutual_info,frac,frac:1,1.0,19993,19993,gb,none,2740837889,0.6737967914438503,0.7504009163802978,0.2300068907152027,0.1828736203994828,0.1911715910376081,,,0.3539774766609907,,1.502673796791444,0.9037433155080212,,0.1794743966787417,smk_can_187,25,45.967,eea1cc34fd9d82b0c6d7267dcc1cac30b2234f9f9020f48754a66d120f25f54e
mutual_info,k,k:1,,1,19993,gb,none,2740837889,0.5828877005347594,0.5987972508591065,0.2681948551338891,0.154707755823792,0.3978270797501818,,,0.3103746324762775,,1.7540106951871657,0.9037433155080212,,0.1756943742844547,smk_can_187,25,45.967,eea1cc34fd9d82b0c6d7267dcc1cac30b2234f9f9020f48754a66d120f25f54e
mutual_info,k,k:2,,2,19993,gb,none,2740837889,0.5882352941176471,0.593298969072165,0.2817607424824631,0.2165609786876326,0.3914685489575057,,,0.2940147992616999,,1.7379679144385027,0.9090909090909092,,0.2373937780379233,smk_can_187,25,45.967,eea1cc34fd9d82b0c6d7267dcc1cac30b2234f9f9020f48754a66d120f25f54e
mutual_info,k,k:4,,4,19993,gb,none,2740837889,0.6203208556149733,0.615922107674685,0.28034104156507,0.2095450001812454,0.3487767652133956,,,0.3003535169047888,,1.7379679144385027,0.9037433155080212,,0.2399448927423765,smk_can_187,25,45.967,eea1cc34fd9d82b0c6d7267dcc1cac30b2234f9f9020f48754a66d120f25f54e
mutual_info,k,k:8,,8,19993,gb,none,2740837889,0.6149732620320856,0.6377434135166093,0.2904965099290402,0.2506129972682459,0.3081850905048677,,,0.3044469332212598,,1.695187165775401,0.9037433155080212,,0.2577130684037357,smk_can_187,25,45.967,eea1cc34fd9d82b0c6d7267dcc1cac30b2234f9f9020f48754a66d120f25f54e
mutual_info,k,k:16,,16,19993,gb,none,2740837889,0.6684491978609626,0.6735395189003436,0.2663873002202666,0.2206452289034565,0.3072538805978401,,,0.3319925697616989,,1.6898395721925137,0.9037433155080212,,0.2516877100810867,smk_can_187,25,45.967,eea1cc34fd9d82b0c6d7267dcc1cac30b2234f9f9020f48754a66d120f25f54e
mutual_info,k,k:32,,32,19993,gb,none,2740837889,0.6951871657754011,0.7099656357388316,0.2526924114073748,0.2373566356180658,0.2408053488402841,,,0.3446798244175439,,1.625668449197861,0.9037433155080212,,0.2349315015091651,smk_can_187,25,45.967,eea1cc34fd9d82b0c6d7267dcc1cac30b2234f9f9020f48754a66d120f25f54e
mutual_info,k,k:64,,64,19993,gb,none,2740837889,0.6470588235294118,0.7052691867124856,0.2669035582694483,0.2420410791336662,0.236929034523504,,,0.3228298346246236,,1.588235294117647,0.9037433155080212,,0.2440212162487813,smk_can_187,25,45.967,eea1cc34fd9d82b0c6d7267dcc1cac30b2234f9f9020f48754a66d120f25f54e
mutual_info,k,k:128,,128,19993,gb,none,2740837889,0.6684491978609626,0.7351660939289805,0.2470632282046489,0.2235965876152996,0.2060563333122823,,,0.3426838792459441,,1.5294117647058822,0.9037433155080212,,0.2282666974335266,smk_can_187,25,45.967,eea1cc34fd9d82b0c6d7267dcc1cac30b2234f9f9020f48754a66d120f25f54e
mutual_info,k,k:256,,256,19993,gb,none,2740837889,0.6844919786096256,0.7325315005727377,0.2415608524823479,0.2102132204663386,0.2237317811689423,,,0.347659938344214,,1.5614973262032086,0.9037433155080212,,0.2062125862500886,smk_can_187,25,45.967,eea1cc34fd9d82b0c6d7267dcc1cac30b2234f9f9020f48754a66d120f25f54e
mutual_info,frac,frac:1,1.0,19993,19993,gb,none,1536864441,0.6684491978609626,0.7083619702176402,0.2607385266601167,0.2241131319725079,0.2203531665534009,,,0.3370607662753548,,1.5828877005347597,0.9037433155080212,,0.2431517602892795,smk_can_187,26,37.353,eea1cc34fd9d82b0c6d7267dcc1cac30b2234f9f9020f48754a66d120f25f54e
mutual_info,k,k:1,,1,19993,gb,none,1536864441,0.5080213903743316,0.5647766323024055,0.2849359558551009,0.1940656698698585,0.4077477408840011,,,0.2729216272442925,,1.7379679144385027,0.9037433155080212,,0.215307813044372,smk_can_187,26,37.353,eea1cc34fd9d82b0c6d7267dcc1cac30b2234f9f9020f48754a66d120f25f54e
mutual_info,k,k:2,,2,19993,gb,none,1536864441,0.5561497326203209,0.6470217640320733,0.2602849404034219,0.190481172924285,0.3026505582274568,,,0.2943251456571718,,1.6363636363636365,0.9037433155080212,,0.1819799046986366,smk_can_187,26,37.353,eea1cc34fd9d82b0c6d7267dcc1cac30b2234f9f9020f48754a66d120f25f54e
mutual_info,k,k:4,,4,19993,gb,none,1536864441,0.6149732620320856,0.6569873997709049,0.2669871002744352,0.1857279228938414,0.2981546134040309,,,0.3031099560474754,,1.6203208556149733,0.9037433155080212,,0.2165368307570778,smk_can_187,26,37.353,eea1cc34fd9d82b0c6d7267dcc1cac30b2234f9f9020f48754a66d120f25f54e
mutual_info,k,k:8,,8,19993,gb,none,1536864441,0.6898395721925134,0.6867124856815578,0.2561817772125576,0.203280535428721,0.3034000372923061,,,0.3093733335142207,,1.700534759358289,0.9037433155080212,,0.2210004872980555,smk_can_187,26,37.353,eea1cc34fd9d82b0c6d7267dcc1cac30b2234f9f9020f48754a66d120f25f54e
mutual_info,k,k:16,,16,19993,gb,none,1536864441,0.6417112299465241,0.6965635738831615,0.2650243087706179,0.2481242148574261,0.3012477759000647,,,0.3079794710553306,,1.6310160427807487,0.9037433155080212,,0.2381767755141303,smk_can_187,26,37.353,eea1cc34fd9d82b0c6d7267dcc1cac30b2234f9f9020f48754a66d120f25f54e
mutual_info,k,k:32,,32,19993,gb,none,1536864441,0.6417112299465241,0.7142038946162658,0.2546964637292438,0.227688304957617,0.2449638743369609,,,0.3355498364551628,,1.588235294117647,0.9037433155080212,,0.2284409287506218,smk_can_187,26,37.353,eea1cc34fd9d82b0c6d7267dcc1cac30b2234f9f9020f48754a66d120f25f54e
mutual_info,k,k:64,,64,19993,gb,none,1536864441,0.6524064171122995,0.6994272623138602,0.2652844951770191,0.2097251167740433,0.273890145112474,,,0.3134201862433115,,1.6577540106951871,0.9037433155080212,,0.2345855643782769,smk_can_187,26,37.353,eea1cc34fd9d82b0c6d7267dcc1cac30b2234f9f9020f48754a66d120f25f54e
mutual_info,k,k:128,,128,19993,gb,none,1536864441,0.6577540106951871,0.7156930126002291,0.2633574830631878,0.2477565213586902,0.2446131702560301,,,0.3242684156704626,,1.5668449197860963,0.9037433155080212,,0.2459861996373897,smk_can_187,26,37.353,eea1cc34fd9d82b0c6d7267dcc1cac30b2234f9f9020f48754a66d120f25f54e
mutual_info,k,k:256,,256,19993,gb,none,1536864441,0.6737967914438503,0.7130584192439863,0.2601217012611626,0.2198096960778429,0.2544597450062817,,,0.3254076762120032,,1.6149732620320856,0.9037433155080212,,0.2377001218992251,smk_can_187,26,37.353,eea1cc34fd9d82b0c6d7267dcc1cac30b2234f9f9020f48754a66d120f25f54e
mutual_info,frac,frac:1,1.0,19993,19993,gb,none,846961987,0.679144385026738,0.7350515463917525,0.2408555074084823,0.1910771009394723,0.2160037721804492,,,0.3443737170234948,,1.5454545454545454,0.9037433155080212,,0.2127880295659766,smk_can_187,27,37.118,eea1cc34fd9d82b0c6d7267dcc1cac30b2234f9f9020f48754a66d120f25f54e
mutual_info,k,k:1,,1,19993,gb,none,846961987,0.5133689839572193,0.5179839633447881,0.3098211259380399,0.2397665085858302,0.4355804751839813,,,0.2745238412555302,,1.8128342245989304,0.9197860962566844,,0.2581980648755005,smk_can_187,27,37.118,eea1cc34fd9d82b0c6d7267dcc1cac30b2234f9f9020f48754a66d120f25f54e
mutual_info,k,k:2,,2,19993,gb,none,846961987,0.5561497326203209,0.5670675830469645,0.2987334413086925,0.2246182868379611,0.4258740278135536,,,0.2970611962504435,,1.7647058823529411,0.9037433155080212,,0.2360394367228832,smk_can_187,27,37.118,eea1cc34fd9d82b0c6d7267dcc1cac30b2234f9f9020f48754a66d120f25f54e
mutual_info,k,k:4,,4,19993,gb,none,846961987,0.5721925133689839,0.599942726231386,0.3026725602306283,0.274525141600945,0.4016439533044115,,,0.3046868455811198,,1.732620320855615,0.9037433155080212,,0.2833577707433896,smk_can_187,27,37.118,eea1cc34fd9d82b0c6d7267dcc1cac30b2234f9f9020f48754a66d120f25f54e
mutual_info,k,k:8,,8,19993,gb,none,846961987,0.6042780748663101,0.6242840778923253,0.3021098655954612,0.2649361983643472,0.3621013148134869,,,0.3071520233097823,,1.679144385026738,0.9037433155080212,,0.2755255664168397,smk_can_187,27,37.118,eea1cc34fd9d82b0c6d7267dcc1cac30b2234f9f9020f48754a66d120f25f54e
mutual_info,k,k:16,,16,19993,gb,none,846961987,0.6417112299465241,0.6457044673539519,0.2839494353839313,0.2497001853318329,0.3063631626916711,,,0.3312787042743373,,1.6524064171122994,0.9037433155080212,,0.2671350373011573,smk_can_187,27,37.118,eea1cc34fd9d82b0c6d7267dcc1cac30b2234f9f9020f48754a66d120f25f54e
mutual_info,k,k:32,,32,19993,gb,none,846961987,0.6684491978609626,0.6996563573883161,0.2643318383890137,0.2411008383730417,0.2486123802452072,,,0.3366834953918491,,1.60427807486631,0.9037433155080212,,0.244740324581625,smk_can_187,27,37.118,eea1cc34fd9d82b0c6d7267dcc1cac30b2234f9f9020f48754a66d120f25f54e
mutual_info,k,k:64,,64,19993,gb,none,846961987,0.6577540106951871,0.7142038946162657,0.2548078086485127,0.2172017444054741,0.2216380682709499,,,0.3369520914313236,,1.5989304812834224,0.9037433155080212,,0.2324708570657213,smk_can_187,27,37.118,eea1cc34fd9d82b0c6d7267dcc1cac30b2234f9f9020f48754a66d120f25f54e
mutual_info,k,k:128,,128,19993,gb,none,846961987,0.7005347593582888,0.7326460481099657,0.2350246894292382,0.2097606615144961,0.2293163449376921,,,0.3620182638093864,,1.5989304812834224,0.9037433155080212,,0.2023099585766078,smk_can_187,27,37.118,eea1cc34fd9d82b0c6d7267dcc1cac30b2234f9f9020f48754a66d120f25f54e
mutual_info,k,k:256,,256,19993,gb,none,846961987,0.6684491978609626,0.7297823596792669,0.2453405622104256,0.2061738750234843,0.2101962346975174,,,0.3498615346799805,,1.518716577540107,0.9037433155080212,,0.2247849625024422,smk_can_187,27,37.118,eea1cc34fd9d82b0c6d7267dcc1cac30b2234f9f9020f48754a66d120f25f54e
mutual_info,frac,frac:1,1.0,19993,19993,gb,none,3810172954,0.6631016042780749,0.7649484536082475,0.2293913443623357,0.2047268787836193,0.1670954687879602,,,0.3549330219067036,,1.4438502673796791,0.9037433155080212,,0.185678329159152,smk_can_187,28,37.535,eea1cc34fd9d82b0c6d7267dcc1cac30b2234f9f9020f48754a66d120f25f54e
mutual_info,k,k:1,,1,19993,gb,none,3810172954,0.5080213903743316,0.5355097365406644,0.2920190044744447,0.2013144236776104,0.4234767248810731,,,0.2753897617131967,,1.7647058823529411,0.9037433155080212,,0.2273681770954828,smk_can_187,28,37.535,eea1cc34fd9d82b0c6d7267dcc1cac30b2234f9f9020f48754a66d120f25f54e
mutual_info,k,k:2,,2,19993,gb,none,3810172954,0.5935828877005348,0.6251431844215349,0.2656528857962529,0.1761449072744041,0.3398717559297121,,,0.3095527195933538,,1.695187165775401,0.9037433155080212,,0.1950247833474553,smk_can_187,28,37.535,eea1cc34fd9d82b0c6d7267dcc1cac30b2234f9f9020f48754a66d120f25f54e
mutual_info,k,k:4,,4,19993,gb,none,3810172954,0.5614973262032086,0.5983963344788087,0.299148197019437,0.2618074597167051,0.3615208593371812,,,0.2650830643827244,,1.679144385026738,0.9037433155080212,,0.2802199816201283,smk_can_187,28,37.535,eea1cc34fd9d82b0c6d7267dcc1cac30b2234f9f9020f48754a66d120f25f54e
mutual_info,k,k:8,,8,19993,gb,none,3810172954,0.6256684491978609,0.6643757159221076,0.2701150021320622,0.2302066091378368,0.3200004982477881,,,0.3051546541922601,,1.711229946524064,0.9037433155080212,,0.2301514537293718,smk_can_187,28,37.535,eea1cc34fd9d82b0c6d7267dcc1cac30b2234f9f9020f48754a66d120f25f54e
mutual_info,k,k:16,,16,19993,gb,none,3810172954,0.6631016042780749,0.6863688430698741,0.2546844888190853,0.2205857669449163,0.3157478605406187,,,0.323305104731835,,1.7647058823529411,0.9037433155080212,,0.2255646607869494,smk_can_187,28,37.535,eea1cc34fd9d82b0c6d7267dcc1cac30b2234f9f9020f48754a66d120f25f54e
mutual_info,k,k:32,,32,19993,gb,none,3810172954,0.6684491978609626,0.7051546391752578,0.2540405993161689,0.1899236241024647,0.2704811486548353,,,0.3201881261045524,,1.588235294117647,0.9037433155080212,,0.2202333278978236,smk_can_187,28,37.535,eea1cc34fd9d82b0c6d7267dcc1cac30b2234f9f9020f48754a66d120f25f54e
mutual_info,k,k:64,,64,19993,gb,none,3810172954,0.6684491978609626,0.7216494845360825,0.2442009716494977,0.1909102123305047,0.2443653297691666,,,0.3316719687312813,,1.5668449197860963,0.9037433155080212,,0.2041284411659441,smk_can_187,28,37.535,eea1cc34fd9d82b0c6d7267dcc1cac30b2234f9f9020f48754a66d120f25f54e
mutual_info,k,k:128,,128,19993,gb,none,3810172954,0.6951871657754011,0.7279495990836197,0.2471415746348278,0.2083289260240502,0.216931423091209,,,0.3445248477417771,,1.572192513368984,0.9037433155080212,,0.2256142259158539,smk_can_187,28,37.535,eea1cc34fd9d82b0c6d7267dcc1cac30b2234f9f9020f48754a66d120f25f54e
mutual_info,k,k:256,,256,19993,gb,none,3810172954,0.6737967914438503,0.7479954180985109,0.2420345452350642,0.2059466144276349,0.2038841551141293,,,0.3419747079659351,,1.518716577540107,0.9037433155080212,,0.2182620830490879,smk_can_187,28,37.535,eea1cc34fd9d82b0c6d7267dcc1cac30b2234f9f9020f48754a66d120f25f54e
mutual_info,frac,frac:1,1.0,19993,19993,gb,none,2000877835,0.7165775401069518,0.7536082474226804,0.2330031623778997,0.2021118910226109,0.2136253666229347,,,0.3452310779355119,,1.5401069518716577,0.9037433155080212,,0.2055404375449026,smk_can_187,29,37.43,eea1cc34fd9d82b0c6d7267dcc1cac30b2234f9f9020f48754a66d120f25f54e
mutual_info,k,k:1,,1,19993,gb,none,2000877835,0.5347593582887701,0.5744558991981672,0.2802873205630909,0.1952660798675568,0.428680011754205,,,0.2872189819621292,,1.7486631016042782,0.9037433155080212,,0.2121735665314629,smk_can_187,29,37.43,eea1cc34fd9d82b0c6d7267dcc1cac30b2234f9f9020f48754a66d120f25f54e
mutual_info,k,k:2,,2,19993,gb,none,2000877835,0.5721925133689839,0.5994845360824742,0.2827930174202839,0.1936539499392836,0.380704186072196,,,0.2887563171813522,,1.7540106951871657,0.9037433155080212,,0.2104550540458633,smk_can_187,29,37.43,eea1cc34fd9d82b0c6d7267dcc1cac30b2234f9f9020f48754a66d120f25f54e
mutual_info,k,k:4,,4,19993,gb,none,2000877835,0.6577540106951871,0.6781786941580756,0.249031799477946,0.1377002452991457,0.3062151103793779,,,0.3256780523330831,,1.7165775401069518,0.9037433155080212,,0.1565211960517128,smk_can_187,29,37.43,eea1cc34fd9d82b0c6d7267dcc1cac30b2234f9f9020f48754a66d120f25f54e
mutual_info,k,k:8,,8,19993,gb,none,2000877835,0.6737967914438503,0.7012600229095074,0.2472382156075719,0.193558542912299,0.273482240510235,,,0.3362341285347344,,1.6149732620320856,0.9037433155080212,,0.1992617890085844,smk_can_187,29,37.43,eea1cc34fd9d82b0c6d7267dcc1cac30b2234f9f9020f48754a66d120f25f54e
mutual_info,k,k:16,,16,19993,gb,none,2000877835,0.6524064171122995,0.7035509736540665,0.251149515054218,0.1944402583286479,0.2668699340191633,,,0.3176211961704032,,1.6470588235294117,0.9037433155080212,,0.1908627741744258,smk_can_187,29,37.43,eea1cc34fd9d82b0c6d7267dcc1cac30b2234f9f9020f48754a66d120f25f54e
mutual_info,k,k:32,,32,19993,gb,none,2000877835,0.6417112299465241,0.6884306987399771,0.2720908386717647,0.2432746637509325,0.2573854509857649,,,0.318193272393777,,1.609625668449198,0.9037433155080212,,0.2420061786654395,smk_can_187,29,37.43,eea1cc34fd9d82b0c6d7267dcc1cac30b2234f9f9020f48754a66d120f25f54e
mutual_info,k,k:64,,64,19993,gb,none,2000877835,0.6737967914438503,0.709278350515464,0.2598173292774885,0.2235820982674731,0.262952952528466,,,0.3231746712580072,,1.5775401069518715,0.9037433155080212,,0.2288673242184787,smk_can_187,29,37.43,eea1cc34fd9d82b0c6d7267dcc1cac30b2234f9f9020f48754a66d120f25f54e
mutual_info,k,k:128,,128,19993,gb,none,2000877835,0.6737967914438503,0.7164948453608246,0.2579842879859756,0.2155377805785195,0.2359259854370448,,,0.3327708128864251,,1.5508021390374331,0.9037433155080212,,0.2309014386487407,smk_can_187,29,37.43,eea1cc34fd9d82b0c6d7267dcc1cac30b2234f9f9020f48754a66d120f25f54e
mutual_info,k,k:256,,256,19993,gb,none,2000877835,0.6631016042780749,0.7334478808705613,0.2563901117425372,0.219548696676992,0.2174328041009859,,,0.3170060464389049,,1.5454545454545454,0.9037433155080212,,0.2357172934620252,smk_can_187,29,37.43,eea1cc34fd9d82b0c6d7267dcc1cac30b2234f9f9020f48754a66d120f25f54e
mutual_info,frac,frac:1,1.0,19993,19993,logistic,none,2893817424,0.7165775401069518,0.7914089347079039,0.2179378252491826,0.1966120527445179,0.172006821867214,,,0.3578154703890661,,1.4331550802139037,0.9037433155080212,,0.1995337817062953,smk_can_187,0,69.472,eea1cc34fd9d82b0c6d7267dcc1cac30b2234f9f9020f48754a66d120f25f54e
mutual_info,k,k:1,,1,19993,logistic,none,2893817424,0.5721925133689839,0.6030927835051546,0.2451462819080401,0.1247537302947887,0.3831928019856247,,,0.3167564630987208,,1.7272727272727273,0.9037433155080212,,0.1308869826354352,smk_can_187,0,69.472,eea1cc34fd9d82b0c6d7267dcc1cac30b2234f9f9020f48754a66d120f25f54e
mutual_info,k,k:2,,2,19993,logistic,none,2893817424,0.6042780748663101,0.6550973654066437,0.231433132885214,0.064434683463435,0.3116914880650488,,,0.3244561006607464,,1.6470588235294117,0.9037433155080212,,0.0775039940953507,smk_can_187,0,69.472,eea1cc34fd9d82b0c6d7267dcc1cac30b2234f9f9020f48754a66d120f25f54e
mutual_info,k,k:4,,4,19993,logistic,none,2893817424,0.6577540106951871,0.6878579610538373,0.226372301588766,0.0998151361781646,0.2876269982678119,,,0.3353078387064023,,1.6898395721925137,0.9037433155080212,,0.1279614264965074,smk_can_187,0,69.472,eea1cc34fd9d82b0c6d7267dcc1cac30b2234f9f9020f48754a66d120f25f54e
mutual_info,k,k:8,,8,19993,logistic,none,2893817424,0.6470588235294118,0.6946162657502865,0.2246662932861145,0.1193571449315518,0.2815777974131846,,,0.3391231975426408,,1.6737967914438503,0.9037433155080212,,0.1180897024040078,smk_can_187,0,69.472,eea1cc34fd9d82b0c6d7267dcc1cac30b2234f9f9020f48754a66d120f25f54e
mutual_info,k,k:16,,16,19993,logistic,none,2893817424,0.6684491978609626,0.7045819014891179,0.2285069699866529,0.1257799953634253,0.2506250578686734,,,0.342709010234567,,1.625668449197861,0.9037433155080212,,0.1517373046858884,smk_can_187,0,69.472,eea1cc34fd9d82b0c6d7267dcc1cac30b2234f9f9020f48754a66d120f25f54e
mutual_info,k,k:32,,32,19993,logistic,none,2893817424,0.6363636363636364,0.700114547537228,0.2386083076306988,0.1856655504125144,0.2541538422443834,,,0.3450045348745399,,1.588235294117647,0.9037433155080212,,0.2002327468694411,smk_can_187,0,69.472,eea1cc34fd9d82b0c6d7267dcc1cac30b2234f9f9020f48754a66d120f25f54e
mutual_info,k,k:64,,64,19993,logistic,none,2893817424,0.6577540106951871,0.7033218785796105,0.2653395724743221,0.2284624465670365,0.2340616197146551,,,0.3252790030530085,,1.588235294117647,0.9037433155080212,,0.2546683175608342,smk_can_187,0,69.472,eea1cc34fd9d82b0c6d7267dcc1cac30b2234f9f9020f48754a66d120f25f54e
mutual_info,k,k:128,,128,19993,logistic,none,2893817424,0.7058823529411765,0.7256586483390607,0.2427300568749167,0.2076116846405445,0.2416083925280822,,,0.3472363770219071,,1.641711229946524,0.9037433155080212,,0.2156054671195093,smk_can_187,0,69.472,eea1cc34fd9d82b0c6d7267dcc1cac30b2234f9f9020f48754a66d120f25f54e
mutual_info,k,k:256,,256,19993,logistic,none,2893817424,0.6951871657754011,0.7633447880870562,0.2258015962444414,0.1829193331127022,0.2130633911689631,,,0.3479788044999115,,1.4759358288770053,0.9037433155080212,,0.1966085448777637,smk_can_187,0,69.472,eea1cc34fd9d82b0c6d7267dcc1cac30b2234f9f9020f48754a66d120f25f54e
mutual_info,frac,frac:1,1.0,19993,19993,logistic,none,2446840951,0.732620320855615,0.7983963344788086,0.2125995703343178,0.1855343548985391,0.1712538448704887,,,0.3641376961483281,,1.4010695187165776,0.9037433155080212,,0.2010629425378648,smk_can_187,1,68.027,eea1cc34fd9d82b0c6d7267dcc1cac30b2234f9f9020f48754a66d120f25f54e
mutual_info,k,k:1,,1,19993,logistic,none,2446840951,0.5401069518716578,0.5640893470790378,0.2536216313074545,0.0660590792998428,0.4829428979093393,,,0.3011394525055355,,1.8021390374331552,0.9037433155080212,,0.0784983389145295,smk_can_187,1,68.027,eea1cc34fd9d82b0c6d7267dcc1cac30b2234f9f9020f48754a66d120f25f54e
mutual_info,k,k:2,,2,19993,logistic,none,2446840951,0.5721925133689839,0.5807560137457044,0.2474877222222911,0.0559694279300878,0.4262181081678187,,,0.3077249804558244,,1.7700534759358288,0.9037433155080212,,0.066017926124454,smk_can_187,1,68.027,eea1cc34fd9d82b0c6d7267dcc1cac30b2234f9f9020f48754a66d120f25f54e
mutual_info,k,k:4,,4,19993,logistic,none,2446840951,0.6363636363636364,0.659106529209622,0.2399666547669456,0.0859513999713189,0.3427433806343205,,,0.3325918145516923,,1.6898395721925137,0.9037433155080212,,0.0896579074318227,smk_can_187,1,68.027,eea1cc34fd9d82b0c6d7267dcc1cac30b2234f9f9020f48754a66d120f25f54e
mutual_info,k,k:8,,8,19993,logistic,none,2446840951,0.6684491978609626,0.6981672394043528,0.2282778928508621,0.1110326035763484,0.3074174944196765,,,0.3460468950203848,,1.6310160427807487,0.9037433155080212,,0.110151380523295,smk_can_187,1,68.027,eea1cc34fd9d82b0c6d7267dcc1cac30b2234f9f9020f48754a66d120f25f54e
mutual_info,k,k:16,,16,19993,logistic,none,2446840951,0.6844919786096256,0.7135166093928981,0.2250352606732468,0.1476628170643825,0.2916878585992033,,,0.3638970806784137,,1.6203208556149733,0.9037433155080212,,0.1428621675943356,smk_can_187,1,68.027,eea1cc34fd9d82b0c6d7267dcc1cac30b2234f9f9020f48754a66d120f25f54e
mutual_info,k,k:32,,32,19993,logistic,none,2446840951,0.6577540106951871,0.731615120274914,0.2236227221984121,0.1340829900911606,0.2663923031069186,,,0.3531174076803283,,1.518716577540107,0.9037433155080212,,0.1423581911368024,smk_can_187,1,68.027,eea1cc34fd9d82b0c6d7267dcc1cac30b2234f9f9020f48754a66d120f25f54e
mutual_info,k,k:64,,64,19993,logistic,none,2446840951,0.6844919786096256,0.722794959908362,0.2437863700919336,0.1991048272623693,0.2510841043214703,,,0.3495001212418263,,1.5561497326203209,0.9037433155080212,,0.2102671697290157,smk_can_187,1,68.027,eea1cc34fd9d82b0c6d7267dcc1cac30b2234f9f9020f48754a66d120f25f54e
mutual_info,k,k:128,,128,19993,logistic,none,2446840951,0.7165775401069518,0.7547537227949599,0.2315620805994756,0.1970627256829527,0.2025678822859645,,,0.3532267876719413,,1.5401069518716577,0.9037433155080212,,0.2006989946881783,smk_can_187,1,68.027,eea1cc34fd9d82b0c6d7267dcc1cac30b2234f9f9020f48754a66d120f25f54e
mutual_info,k,k:256,,256,19993,logistic,none,2446840951,0.7486631016042781,0.7909507445589921,0.2048751507423314,0.1747640748913747,0.1807283433647247,,,0.3811988048230697,,1.4385026737967914,0.9037433155080212,,0.1736611139388567,smk_can_187,1,68.027,eea1cc34fd9d82b0c6d7267dcc1cac30b2234f9f9020f48754a66d120f25f54e
mutual_info,frac,frac:1,1.0,19993,19993,logistic,none,446324301,0.6951871657754011,0.7749140893470791,0.2414819829667389,0.2367968346495986,0.1699098278902318,,,0.3395499869889507,,1.4598930481283423,0.9037433155080212,,0.2113541830659978,smk_can_187,2,67.859,eea1cc34fd9d82b0c6d7267dcc1cac30b2234f9f9020f48754a66d120f25f54e
mutual_info,k,k:1,,1,19993,logistic,none,446324301,0.5775401069518716,0.6247995418098511,0.2374521279681633,0.0407773357625246,0.3494218407403785,,,0.320216570457973,,1.6631016042780749,0.9037433155080212,,0.0627881328362608,smk_can_187,2,67.859,eea1cc34fd9d82b0c6d7267dcc1cac30b2234f9f9020f48754a66d120f25f54e
mutual_info,k,k:2,,2,19993,logistic,none,446324301,0.5454545454545454,0.5924398625429553,0.2484381000209764,0.087156748658657,0.3792823685004674,,,0.3123010565457143,,1.700534759358289,0.9037433155080212,,0.100075166136921,smk_can_187,2,67.859,eea1cc34fd9d82b0c6d7267dcc1cac30b2234f9f9020f48754a66d120f25f54e
mutual_info,k,k:4,,4,19993,logistic,none,446324301,0.5721925133689839,0.6046964490263459,0.2562414170745762,0.1336683090508177,0.405049697286044,,,0.3175068051791213,,1.7379679144385027,0.9037433155080212,,0.155539310480712,smk_can_187,2,67.859,eea1cc34fd9d82b0c6d7267dcc1cac30b2234f9f9020f48754a66d120f25f54e
mutual_info,k,k:8,,8,19993,logistic,none,446324301,0.6310160427807486,0.6678121420389461,0.2375672479654028,0.1591332835376923,0.3170770699619654,,,0.3446177208012414,,1.679144385026738,0.9037433155080212,,0.1597877811430221,smk_can_187,2,67.859,eea1cc34fd9d82b0c6d7267dcc1cac30b2234f9f9020f48754a66d120f25f54e
mutual_info,k,k:16,,16,19993,logistic,none,446324301,0.6524064171122995,0.7088201603665522,0.2325034879514741,0.1439013292598896,0.2550744040544884,,,0.342495921639412,,1.5775401069518715,0.9037433155080212,,0.1567264935128972,smk_can_187,2,67.859,eea1cc34fd9d82b0c6d7267dcc1cac30b2234f9f9020f48754a66d120f25f54e
mutual_info,k,k:32,,32,19993,logistic,none,446324301,0.6524064171122995,0.7016036655211912,0.2524884660845325,0.183817520453669,0.2678949506184052,,,0.3180874377255059,,1.609625668449198,0.9037433155080212,,0.2178144463714767,smk_can_187,2,67.859,eea1cc34fd9d82b0c6d7267dcc1cac30b2234f9f9020f48754a66d120f25f54e
mutual_info,k,k:64,,64,19993,logistic,none,446324301,0.6631016042780749,0.724971363115693,0.2582306746831322,0.2145624560184932,0.2420647452199722,,,0.3142470371468956,,1.5454545454545454,0.9037433155080212,,0.2364304598893794,smk_can_187,2,67.859,eea1cc34fd9d82b0c6d7267dcc1cac30b2234f9f9020f48754a66d120f25f54e
mutual_info,k,k:128,,128,19993,logistic,none,446324301,0.6737967914438503,0.7008018327605956,0.2834821463476445,0.2687426255106189,0.2570118431533316,,,0.3124541941021028,,1.588235294117647,0.9037433155080212,,0.3005166923914018,smk_can_187,2,67.859,eea1cc34fd9d82b0c6d7267dcc1cac30b2234f9f9020f48754a66d120f25f54e
mutual_info,k,k:256,,256,19993,logistic,none,446324301,0.6631016042780749,0.7286368843069875,0.2694244335994031,0.2735957418184758,0.2216095534201877,,,0.3219928101461511,,1.572192513368984,0.9037433155080212,,0.2666273608414718,smk_can_187,2,67.859,eea1cc34fd9d82b0c6d7267dcc1cac30b2234f9f9020f48754a66d120f25f54e
mutual_info,frac,frac:1,1.0,19993,19993,logistic,none,1322042847,0.6951871657754011,0.7570446735395189,0.2499973501897458,0.2301563000838242,0.1938351450941037,,,0.3400773935643335,,1.4866310160427807,0.9037433155080212,,0.2364939108611186,smk_can_187,3,70.163,eea1cc34fd9d82b0c6d7267dcc1cac30b2234f9f9020f48754a66d120f25f54e
mutual_info,k,k:1,,1,19993,logistic,none,1322042847,0.5721925133689839,0.6252577319587629,0.2405448939099425,0.0864579665347404,0.3590123405927646,,,0.3267832085888502,,1.7433155080213905,0.9037433155080212,,0.1028508745273449,smk_can_187,3,70.163,eea1cc34fd9d82b0c6d7267dcc1cac30b2234f9f9020f48754a66d120f25f54e
mutual_info,k,k:2,,2,19993,logistic,none,1322042847,0.6042780748663101,0.6465063001145475,0.2359105940915515,0.1200192591563299,0.3446407983655228,,,0.3307201356014473,,1.7219251336898396,0.9037433155080212,,0.1095710099964771,smk_can_187,3,70.163,eea1cc34fd9d82b0c6d7267dcc1cac30b2234f9f9020f48754a66d120f25f54e
mutual_info,k,k:4,,4,19993,logistic,none,1322042847,0.6042780748663101,0.6435280641466208,0.237198591244609,0.0792338929224862,0.333161971798084,,,0.3255032475056882,,1.6684491978609626,0.9037433155080212,,0.0870599505170146,smk_can_187,3,70.163,eea1cc34fd9d82b0c6d7267dcc1cac30b2234f9f9020f48754a66d120f25f54e
mutual_info,k,k:8,,8,19993,logistic,none,1322042847,0.6363636363636364,0.6830469644902635,0.2299697504096862,0.0984607382550929,0.2856121204774009,,,0.3298201507921652,,1.60427807486631,0.9037433155080212,,0.1064575984804066,smk_can_187,3,70.163,eea1cc34fd9d82b0c6d7267dcc1cac30b2234f9f9020f48754a66d120f25f54e
mutual_info,k,k:16,,16,19993,logistic,none,1322042847,0.679144385026738,0.7289805269186713,0.2178510141685924,0.1350218372552419,0.254398436097633,,,0.3442461512308426,,1.5775401069518715,0.9037433155080212,,0.1479999551864212,smk_can_187,3,70.163,eea1cc34fd9d82b0c6d7267dcc1cac30b2234f9f9020f48754a66d120f25f54e
mutual_info,k,k:32,,32,19993,logistic,none,1322042847,0.6684491978609626,0.7123711340206186,0.2347697991658043,0.1652007589676245,0.2825616205526254,,,0.339736483213466,,1.6363636363636365,0.9037433155080212,,0.1615745217227586,smk_can_187,3,70.163,eea1cc34fd9d82b0c6d7267dcc1cac30b2234f9f9020f48754a66d120f25f54e
mutual_info,k,k:64,,64,19993,logistic,none,1322042847,0.6524064171122995,0.6845360824742268,0.2632915327723496,0.2113657918961279,0.3341253641271593,,,0.3139798518407874,,1.6737967914438503,0.9037433155080212,,0.2331606214085606,smk_can_187,3,70.163,eea1cc34fd9d82b0c6d7267dcc1cac30b2234f9f9020f48754a66d120f25f54e
mutual_info,k,k:128,,128,19993,logistic,none,1322042847,0.6256684491978609,0.6760595647193586,0.2864444077904324,0.2594471832346283,0.329656046629645,,,0.2975463372462468,,1.695187165775401,0.9037433155080212,,0.2621262534297607,smk_can_187,3,70.163,eea1cc34fd9d82b0c6d7267dcc1cac30b2234f9f9020f48754a66d120f25f54e
mutual_info,k,k:256,,256,19993,logistic,none,1322042847,0.6470588235294118,0.6854524627720504,0.2864669581846958,0.2555233368256785,0.3020280345691203,,,0.2975430770019791,,1.6310160427807487,0.9037433155080212,,0.2743127617407127,smk_can_187,3,70.163,eea1cc34fd9d82b0c6d7267dcc1cac30b2234f9f9020f48754a66d120f25f54e
mutual_info,frac,frac:1,1.0,19993,19993,logistic,none,3685672755,0.7272727272727273,0.7717067583046965,0.2396744872263622,0.2262605382028037,0.1688614654075061,,,0.3572150887237089,,1.497326203208556,0.9037433155080212,,0.2349049171870209,smk_can_187,4,72.169,eea1cc34fd9d82b0c6d7267dcc1cac30b2234f9f9020f48754a66d120f25f54e
mutual_info,k,k:1,,1,19993,logistic,none,3685672755,0.5721925133689839,0.5707903780068729,0.2598492684888949,0.1377233094245813,0.4224455789266149,,,0.3028126508166873,,1.7914438502673795,0.9037433155080212,,0.1686736442983686,smk_can_187,4,72.169,eea1cc34fd9d82b0c6d7267dcc1cac30b2234f9f9020f48754a66d120f25f54e
mutual_info,k,k:2,,2,19993,logistic,none,3685672755,0.5614973262032086,0.5823596792668957,0.2599201080061657,0.1521550611667845,0.398775741827448,,,0.3067928014539625,,1.7754010695187166,0.9037433155080212,,0.1731645244421787,smk_can_187,4,72.169,eea1cc34fd9d82b0c6d7267dcc1cac30b2234f9f9020f48754a66d120f25f54e
mutual_info,k,k:4,,4,19993,logistic,none,3685672755,0.6096256684491979,0.6009163802978236,0.2558136393841432,0.1212619647718063,0.378217376125567,,,0.3156326444603204,,1.7379679144385027,0.9037433155080212,,0.1495931379324508,smk_can_187,4,72.169,eea1cc34fd9d82b0c6d7267dcc1cac30b2234f9f9020f48754a66d120f25f54e
mutual_info,k,k:8,,8,19993,logistic,none,3685672755,0.6577540106951871,0.6947308132875143,0.2216764060075033,0.1007447363873157,0.2530722630852259,,,0.35404047415274,,1.6203208556149733,0.9037433155080212,,0.1001522078913282,smk_can_187,4,72.169,eea1cc34fd9d82b0c6d7267dcc1cac30b2234f9f9020f48754a66d120f25f54e
mutual_info,k,k:16,,16,19993,logistic,none,3685672755,0.6898395721925134,0.7119129438717068,0.2213103171248054,0.1359028957804647,0.2554812102651233,,,0.3585769606517991,,1.6844919786096255,0.9037433155080212,,0.1342252715282358,smk_can_187,4,72.169,eea1cc34fd9d82b0c6d7267dcc1cac30b2234f9f9020f48754a66d120f25f54e
mutual_info,k,k:32,,32,19993,logistic,none,3685672755,0.6577540106951871,0.7340206185567011,0.2220525776455207,0.1667670429456098,0.211573329884277,,,0.3609673991307296,,1.53475935828877,0.9037433155080212,,0.1430686103852887,smk_can_187,4,72.169,eea1cc34fd9d82b0c6d7267dcc1cac30b2234f9f9020f48754a66d120f25f54e
mutual_info,k,k:64,,64,19993,logistic,none,3685672755,0.6417112299465241,0.7063001145475373,0.2654302502476004,0.249147896167368,0.2579329116251831,,,0.3242943924328567,,1.625668449197861,0.9037433155080212,,0.2429619004177199,smk_can_187,4,72.169,eea1cc34fd9d82b0c6d7267dcc1cac30b2234f9f9020f48754a66d120f25f54e
mutual_info,k,k:128,,128,19993,logistic,none,3685672755,0.679144385026738,0.7186712485681559,0.2537048269520312,0.2049609724514044,0.2645702963463635,,,0.3300798673627103,,1.6149732620320856,0.9037433155080212,,0.223167831088364,smk_can_187,4,72.169,eea1cc34fd9d82b0c6d7267dcc1cac30b2234f9f9020f48754a66d120f25f54e
mutual_info,k,k:256,,256,19993,logistic,none,3685672755,0.6417112299465241,0.7280641466208477,0.2583924979600658,0.2525084633594963,0.2249298204124949,,,0.3326460575824971,,1.5508021390374331,0.9037433155080212,,0.2365562369944491,smk_can_187,4,72.169,eea1cc34fd9d82b0c6d7267dcc1cac30b2234f9f9020f48754a66d120f25f54e
mutual_info,frac,frac:1,1.0,19993,19993,logistic,none,4234952882,0.7272727272727273,0.8059564719358534,0.2078429888749495,0.1817365011832504,0.150188180141597,,,0.3645833572565637,,1.4064171122994653,0.9037433155080212,,0.1871678273500005,smk_can_187,5,76.398,eea1cc34fd9d82b0c6d7267dcc1cac30b2234f9f9020f48754a66d120f25f54e
mutual_info,k,k:1,,1,19993,logistic,none,4234952882,0.5882352941176471,0.624971363115693,0.2405854041447142,0.0548325635696756,0.3541623638823213,,,0.3246769370742833,,1.700534759358289,0.9037433155080212,,0.0647626837509215,smk_can_187,5,76.398,eea1cc34fd9d82b0c6d7267dcc1cac30b2234f9f9020f48754a66d120f25f54e
mutual_info,k,k:2,,2,19993,logistic,none,4234952882,0.5828877005347594,0.6214203894616266,0.2415653915105219,0.1176878071004352,0.3577100213761588,,,0.3207736641166457,,1.6737967914438503,0.9037433155080212,,0.1222811282962243,smk_can_187,5,76.398,eea1cc34fd9d82b0c6d7267dcc1cac30b2234f9f9020f48754a66d120f25f54e
mutual_info,k,k:4,,4,19993,logistic,none,4234952882,0.6417112299465241,0.6552119129438717,0.2374654681865452,0.1064136149362336,0.343801690628321,,,0.3291513410689369,,1.6470588235294117,0.9037433155080212,,0.0971528665421247,smk_can_187,5,76.398,eea1cc34fd9d82b0c6d7267dcc1cac30b2234f9f9020f48754a66d120f25f54e
mutual_info,k,k:8,,8,19993,logistic,none,4234952882,0.6737967914438503,0.7064146620847651,0.2224576283668597,0.128058757930903,0.2859925016824018,,,0.3476666603527342,,1.6577540106951871,0.9037433155080212,,0.1493412921268098,smk_can_187,5,76.398,eea1cc34fd9d82b0c6d7267dcc1cac30b2234f9f9020f48754a66d120f25f54e
mutual_info,k,k:16,,16,19993,logistic,none,4234952882,0.6844919786096256,0.7256586483390607,0.2204432772048388,0.1413763521192846,0.2576610883860551,,,0.3477276107697843,,1.5989304812834224,0.9037433155080212,,0.1379272515969657,smk_can_187,5,76.398,eea1cc34fd9d82b0c6d7267dcc1cac30b2234f9f9020f48754a66d120f25f54e
mutual_info,k,k:32,,32,19993,logistic,none,4234952882,0.6363636363636364,0.7040091638029782,0.2452193376644733,0.1627194459958505,0.2850088359356796,,,0.3190869045300214,,1.6684491978609626,0.9037433155080212,,0.1785329957091798,smk_can_187,5,76.398,eea1cc34fd9d82b0c6d7267dcc1cac30b2234f9f9020f48754a66d120f25f54e
mutual_info,k,k:64,,64,19993,logistic,none,4234952882,0.6737967914438503,0.7279495990836197,0.2487811962729137,0.2261064027710433,0.2477547624326309,,,0.3309968075054419,,1.518716577540107,0.9037433155080212,,0.2042630164668804,smk_can_187,5,76.398,eea1cc34fd9d82b0c6d7267dcc1cac30b2234f9f9020f48754a66d120f25f54e
mutual_info,k,k:128,,128,19993,logistic,none,4234952882,0.679144385026738,0.7199312714776632,0.2649341414841744,0.2522360279944077,0.2411674845132326,,,0.3270285880502327,,1.5828877005347597,0.9037433155080212,,0.2625117952377476,smk_can_187,5,76.398,eea1cc34fd9d82b0c6d7267dcc1cac30b2234f9f9020f48754a66d120f25f54e
mutual_info,k,k:256,,256,19993,logistic,none,4234952882,0.7058823529411765,0.7618556701030927,0.2349244810373038,0.2275643434721928,0.1793017162934402,,,0.3564114050877454,,1.518716577540107,0.9037433155080212,,0.2261851812090183,smk_can_187,5,76.398,eea1cc34fd9d82b0c6d7267dcc1cac30b2234f9f9020f48754a66d120f25f54e
mutual_info,frac,frac:1,1.0,19993,19993,logistic,none,2686807086,0.7486631016042781,0.8274914089347079,0.1944436506778449,0.1665408735659972,0.1337277482226938,,,0.3729166542965748,,1.3796791443850267,0.9037433155080212,,0.1666538771749432,smk_can_187,6,79.454,eea1cc34fd9d82b0c6d7267dcc1cac30b2234f9f9020f48754a66d120f25f54e
mutual_info,k,k:1,,1,19993,logistic,none,2686807086,0.5882352941176471,0.6061282932416953,0.2490707206619165,0.0990750201482935,0.3784581300890774,,,0.3127379969735717,,1.7165775401069518,0.9037433155080212,,0.1089157673630018,smk_can_187,6,79.454,eea1cc34fd9d82b0c6d7267dcc1cac30b2234f9f9020f48754a66d120f25f54e
mutual_info,k,k:2,,2,19993,logistic,none,2686807086,0.5882352941176471,0.6155784650630012,0.2484312272716747,0.1408612097242747,0.3748180458455691,,,0.3178358867225935,,1.7058823529411764,0.9037433155080212,,0.1478162627618497,smk_can_187,6,79.454,eea1cc34fd9d82b0c6d7267dcc1cac30b2234f9f9020f48754a66d120f25f54e
mutual_info,k,k:4,,4,19993,logistic,none,2686807086,0.6096256684491979,0.6326460481099656,0.2442146813820969,0.107334292579392,0.3453611345544967,,,0.3284330305171193,,1.6737967914438503,0.9037433155080212,,0.1048380335086138,smk_can_187,6,79.454,eea1cc34fd9d82b0c6d7267dcc1cac30b2234f9f9020f48754a66d120f25f54e
mutual_info,k,k:8,,8,19993,logistic,none,2686807086,0.6684491978609626,0.6970217640320733,0.2264923930552233,0.115727270219651,0.2864863616901822,,,0.3478718750372546,,1.6149732620320856,0.9037433155080212,,0.1251694002858059,smk_can_187,6,79.454,eea1cc34fd9d82b0c6d7267dcc1cac30b2234f9f9020f48754a66d120f25f54e
mutual_info,k,k:16,,16,19993,logistic,none,2686807086,0.6310160427807486,0.6701030927835051,0.2476260300312237,0.1522333614389958,0.3102165055602112,,,0.327734198089958,,1.679144385026738,0.9037433155080212,,0.1671377686822387,smk_can_187,6,79.454,eea1cc34fd9d82b0c6d7267dcc1cac30b2234f9f9020f48754a66d120f25f54e
mutual_info,k,k:32,,32,19993,logistic,none,2686807086,0.6577540106951871,0.6898052691867125,0.2492687349966904,0.1791618040400404,0.3145196696363554,,,0.3314027159256502,,1.6149732620320856,0.9037433155080212,,0.1841848953362934,smk_can_187,6,79.454,eea1cc34fd9d82b0c6d7267dcc1cac30b2234f9f9020f48754a66d120f25f54e
mutual_info,k,k:64,,64,19993,logistic,none,2686807086,0.6470588235294118,0.720389461626575,0.2564659131023795,0.2125795751599309,0.2591530336718731,,,0.3191142888609786,,1.5935828877005347,0.9037433155080212,,0.2344749994695482,smk_can_187,6,79.454,eea1cc34fd9d82b0c6d7267dcc1cac30b2234f9f9020f48754a66d120f25f54e
mutual_info,k,k:128,,128,19993,logistic,none,2686807086,0.7165775401069518,0.756701030927835,0.2251363800612694,0.1799384391522906,0.2437117152883517,,,0.3526243187940601,,1.518716577540107,0.9037433155080212,,0.1870462164298978,smk_can_187,6,79.454,eea1cc34fd9d82b0c6d7267dcc1cac30b2234f9f9020f48754a66d120f25f54e
mutual_info,k,k:256,,256,19993,logistic,none,2686807086,0.7112299465240641,0.797594501718213,0.2155842845171492,0.1829293624243952,0.1678001013996825,,,0.350333792688507,,1.4545454545454546,0.9037433155080212,,0.1632985310762625,smk_can_187,6,79.454,eea1cc34fd9d82b0c6d7267dcc1cac30b2234f9f9020f48754a66d120f25f54e
mutual_info,frac,frac:1,1.0,19993,19993,logistic,none,1971530912,0.6844919786096256,0.7694158075601375,0.2425928942087043,0.222132849915034,0.1677223031059911,,,0.3506543031314859,,1.4598930481283423,0.9037433155080212,,0.2197387121301894,smk_can_187,7,75.619,eea1cc34fd9d82b0c6d7267dcc1cac30b2234f9f9020f48754a66d120f25f54e
mutual_info,k,k:1,,1,19993,logistic,none,1971530912,0.5668449197860963,0.6040664375715922,0.2469458002102684,0.0860295506138862,0.3972649472098508,,,0.3086027012348386,,1.700534759358289,0.9037433155080212,,0.091725049462542,smk_can_187,7,75.619,eea1cc34fd9d82b0c6d7267dcc1cac30b2234f9f9020f48754a66d120f25f54e
mutual_info,k,k:2,,2,19993,logistic,none,1971530912,0.5721925133689839,0.5983963344788088,0.2509831275803976,0.1222617643392778,0.4034872151367027,,,0.3102327641352915,,1.6844919786096255,0.9037433155080212,,0.1426974810257078,smk_can_187,7,75.619,eea1cc34fd9d82b0c6d7267dcc1cac30b2234f9f9020f48754a66d120f25f54e
mutual_info,k,k:4,,4,19993,logistic,none,1971530912,0.6149732620320856,0.5917525773195876,0.2617140383938294,0.1749640425828433,0.4271602325740721,,,0.3175818547634216,,1.7967914438502677,0.9037433155080212,,0.1925680170006906,smk_can_187,7,75.619,eea1cc34fd9d82b0c6d7267dcc1cac30b2234f9f9020f48754a66d120f25f54e
mutual_info,k,k:8,,8,19993,logistic,none,1971530912,0.6149732620320856,0.6096219931271478,0.2584344578736456,0.1662674389701718,0.3933837145970887,,,0.3204742836733995,,1.7647058823529411,0.9037433155080212,,0.1964239231031556,smk_can_187,7,75.619,eea1cc34fd9d82b0c6d7267dcc1cac30b2234f9f9020f48754a66d120f25f54e
mutual_info,k,k:16,,16,19993,logistic,none,1971530912,0.5935828877005348,0.6358533791523482,0.2615118042394802,0.1740864436323697,0.3415403521255565,,,0.3277887523756647,,1.695187165775401,0.9037433155080212,,0.1914333984009748,smk_can_187,7,75.619,eea1cc34fd9d82b0c6d7267dcc1cac30b2234f9f9020f48754a66d120f25f54e
mutual_info,k,k:32,,32,19993,logistic,none,1971530912,0.6042780748663101,0.6556701030927835,0.2653085754465573,0.195822699762534,0.2890313011886018,,,0.3219948375076285,,1.60427807486631,0.9037433155080212,,0.2159462504799938,smk_can_187,7,75.619,eea1cc34fd9d82b0c6d7267dcc1cac30b2234f9f9020f48754a66d120f25f54e
mutual_info,k,k:64,,64,19993,logistic,none,1971530912,0.6149732620320856,0.658991981672394,0.2862053348509182,0.251057559846893,0.3073435275096062,,,0.3070281840862627,,1.6470588235294117,0.9037433155080212,,0.2775020144646202,smk_can_187,7,75.619,eea1cc34fd9d82b0c6d7267dcc1cac30b2234f9f9020f48754a66d120f25f54e
mutual_info,k,k:128,,128,19993,logistic,none,1971530912,0.6524064171122995,0.66815578465063,0.2857411563541848,0.2635793517778999,0.3062988302505576,,,0.3139151799004544,,1.6684491978609626,0.9037433155080212,,0.2720899381274388,smk_can_187,7,75.619,eea1cc34fd9d82b0c6d7267dcc1cac30b2234f9f9020f48754a66d120f25f54e
mutual_info,k,k:256,,256,19993,logistic,none,1971530912,0.6470588235294118,0.6948453608247422,0.2805682927750585,0.2454688081408125,0.2731961539595857,,,0.3066935964085497,,1.5561497326203209,0.9037433155080212,,0.2760320450673724,smk_can_187,7,75.619,eea1cc34fd9d82b0c6d7267dcc1cac30b2234f9f9020f48754a66d120f25f54e
mutual_info,frac,frac:1,1.0,19993,19993,logistic,none,70705360,0.7005347593582888,0.7579610538373425,0.2441996921465273,0.2455382720923987,0.2009338397468426,,,0.3369002099809776,,1.5561497326203209,0.9037433155080212,,0.2299623642279348,smk_can_187,8,70.841,eea1cc34fd9d82b0c6d7267dcc1cac30b2234f9f9020f48754a66d120f25f54e
mutual_info,k,k:1,,1,19993,logistic,none,70705360,0.5668449197860963,0.5923825887743414,0.2534434846582687,0.0941697882380321,0.4298370901398533,,,0.3125643210017558,,1.7433155080213905,0.9037433155080212,,0.0925049737104894,smk_can_187,8,70.841,eea1cc34fd9d82b0c6d7267dcc1cac30b2234f9f9020f48754a66d120f25f54e
mutual_info,k,k:2,,2,19993,logistic,none,70705360,0.5721925133689839,0.5901489117983963,0.2530470352716158,0.1077243590036787,0.3960279038365023,,,0.3241131481888448,,1.7272727272727273,0.9037433155080212,,0.1084612643355146,smk_can_187,8,70.841,eea1cc34fd9d82b0c6d7267dcc1cac30b2234f9f9020f48754a66d120f25f54e
mutual_info,k,k:4,,4,19993,logistic,none,70705360,0.5935828877005348,0.5990836197021764,0.253873354738445,0.1557777579627251,0.3866913889107959,,,0.3273128440797128,,1.7165775401069518,0.9037433155080212,,0.1825428877699952,smk_can_187,8,70.841,eea1cc34fd9d82b0c6d7267dcc1cac30b2234f9f9020f48754a66d120f25f54e
mutual_info,k,k:8,,8,19993,logistic,none,70705360,0.6417112299465241,0.6319587628865979,0.2446969361155958,0.1813181107363403,0.3515483675307657,,,0.348900090282338,,1.7219251336898396,0.9037433155080212,,0.1762792926264423,smk_can_187,8,70.841,eea1cc34fd9d82b0c6d7267dcc1cac30b2234f9f9020f48754a66d120f25f54e
mutual_info,k,k:16,,16,19993,logistic,none,70705360,0.6256684491978609,0.6518900343642612,0.2471827404242143,0.1567992283436634,0.310897236007093,,,0.3396031231426342,,1.6470588235294117,0.9037433155080212,,0.1673928801727049,smk_can_187,8,70.841,eea1cc34fd9d82b0c6d7267dcc1cac30b2234f9f9020f48754a66d120f25f54e
mutual_info,k,k:32,,32,19993,logistic,none,70705360,0.5775401069518716,0.6399770904925545,0.2631500777538958,0.2005553702306771,0.3140701488311971,,,0.3148700735094829,,1.6898395721925137,0.9037433155080212,,0.2219983160307387,smk_can_187,8,70.841,eea1cc34fd9d82b0c6d7267dcc1cac30b2234f9f9020f48754a66d120f25f54e
mutual_info,k,k:64,,64,19993,logistic,none,70705360,0.6203208556149733,0.6851088201603666,0.2688643771745843,0.2133148622947376,0.281984404802461,,,0.3141340614900825,,1.60427807486631,0.9037433155080212,,0.2507359124359103,smk_can_187,8,70.841,eea1cc34fd9d82b0c6d7267dcc1cac30b2234f9f9020f48754a66d120f25f54e
mutual_info,k,k:128,,128,19993,logistic,none,70705360,0.6363636363636364,0.6893470790378007,0.2862311424896204,0.2740406312249114,0.2638365061920605,,,0.2985621405693669,,1.588235294117647,0.9037433155080212,,0.2907989583665759,smk_can_187,8,70.841,eea1cc34fd9d82b0c6d7267dcc1cac30b2234f9f9020f48754a66d120f25f54e
mutual_info,k,k:256,,256,19993,logistic,none,70705360,0.6631016042780749,0.7131729667812141,0.2674265838025617,0.2371610348265597,0.2496730733711909,,,0.3166349797388908,,1.5935828877005347,0.9037433155080212,,0.2515194788803793,smk_can_187,8,70.841,eea1cc34fd9d82b0c6d7267dcc1cac30b2234f9f9020f48754a66d120f25f54e
mutual_info,frac,frac:1,1.0,19993,19993,logistic,none,2763360647,0.7379679144385026,0.8092783505154639,0.2007616271690289,0.189873706043047,0.157576913659875,,,0.3647399615328542,,1.3636363636363635,0.9037433155080212,,0.1743357595614514,smk_can_187,9,67.251,eea1cc34fd9d82b0c6d7267dcc1cac30b2234f9f9020f48754a66d120f25f54e
mutual_info,k,k:1,,1,19993,logistic,none,2763360647,0.5508021390374331,0.5928980526918671,0.2421723427238572,0.0447963567737832,0.3638235603039801,,,0.3178048942402675,,1.7219251336898396,0.9037433155080212,,0.0603346003129608,smk_can_187,9,67.251,eea1cc34fd9d82b0c6d7267dcc1cac30b2234f9f9020f48754a66d120f25f54e
mutual_info,k,k:2,,2,19993,logistic,none,2763360647,0.5935828877005348,0.6297823596792669,0.2389507442762382,0.0563683993231459,0.35850293839576,,,0.3247834629450566,,1.7272727272727273,0.9037433155080212,,0.0854257115489464,smk_can_187,9,67.251,eea1cc34fd9d82b0c6d7267dcc1cac30b2234f9f9020f48754a66d120f25f54e
mutual_info,k,k:4,,4,19993,logistic,none,2763360647,0.5721925133689839,0.6268041237113402,0.2438527769495004,0.1122141557658154,0.3703034637575033,,,0.3226859002719184,,1.6684491978609626,0.9037433155080212,,0.1105499749851995,smk_can_187,9,67.251,eea1cc34fd9d82b0c6d7267dcc1cac30b2234f9f9020f48754a66d120f25f54e
mutual_info,k,k:8,,8,19993,logistic,none,2763360647,0.6417112299465241,0.6789232531500573,0.2307512362680994,0.0994775282141163,0.3058009363209559,,,0.3373390677774247,,1.641711229946524,0.9037433155080212,,0.1125940810906838,smk_can_187,9,67.251,eea1cc34fd9d82b0c6d7267dcc1cac30b2234f9f9020f48754a66d120f25f54e
mutual_info,k,k:16,,16,19993,logistic,none,2763360647,0.6524064171122995,0.702176403207331,0.2262229369958622,0.1203914342599167,0.2805898141086087,,,0.337029999891297,,1.5828877005347597,0.9037433155080212,,0.1230580259787954,smk_can_187,9,67.251,eea1cc34fd9d82b0c6d7267dcc1cac30b2234f9f9020f48754a66d120f25f54e
mutual_info,k,k:32,,32,19993,logistic,none,2763360647,0.7112299465240641,0.7588774341351661,0.204504303836379,0.1212202151150509,0.2344306304029691,,,0.3515085879261739,,1.572192513368984,0.9037433155080212,,0.1297550953066709,smk_can_187,9,67.251,eea1cc34fd9d82b0c6d7267dcc1cac30b2234f9f9020f48754a66d120f25f54e
mutual_info,k,k:64,,64,19993,logistic,none,2763360647,0.7058823529411765,0.7395189003436426,0.2293115654702938,0.1560288798717418,0.2446833692977558,,,0.3389465611022812,,1.5989304812834224,0.9037433155080212,,0.1697102041603258,smk_can_187,9,67.251,eea1cc34fd9d82b0c6d7267dcc1cac30b2234f9f9020f48754a66d120f25f54e
mutual_info,k,k:128,,128,19993,logistic,none,2763360647,0.6898395721925134,0.759335624284078,0.2306539461851586,0.1853013523706811,0.2125775070426712,,,0.3410802966763255,,1.5080213903743316,0.9037433155080212,,0.1875639384343773,smk_can_187,9,67.251,eea1cc34fd9d82b0c6d7267dcc1cac30b2234f9f9020f48754a66d120f25f54e
mutual_info,k,k:256,,256,19993,logistic,none,2763360647,0.6951871657754011,0.763802978235968,0.2316439191176507,0.203955381669054,0.2150990631245897,,,0.3477834471570437,,1.5133689839572193,0.9037433155080212,,0.2026857923359145,smk_can_187,9,67.251,eea1cc34fd9d82b0c6d7267dcc1cac30b2234f9f9020f48754a66d120f25f54e
mutual_info,frac,frac:1,1.0,19993,19993,logistic,none,2290735657,0.7219251336898396,0.7781214203894616,0.2287545845429748,0.2047658878635425,0.1698896450068714,,,0.3589769632081681,,1.4705882352941178,0.9037433155080212,,0.2140849757853143,smk_can_187,10,69.946,eea1cc34fd9d82b0c6d7267dcc1cac30b2234f9f9020f48754a66d120f25f54e
mutual_info,k,k:1,,1,19993,logistic,none,2290735657,0.5294117647058824,0.5846506300114548,0.2473052313830751,0.0793703817117533,0.4219053121765445,,,0.30744576575891,,1.7219251336898396,0.9037433155080212,,0.0747990564828232,smk_can_187,10,69.946,eea1cc34fd9d82b0c6d7267dcc1cac30b2234f9f9020f48754a66d120f25f54e
mutual_info,k,k:2,,2,19993,logistic,none,2290735657,0.5454545454545454,0.6087056128293241,0.2417354597072265,0.0970459164040972,0.3647371088866519,,,0.308674870816355,,1.7219251336898396,0.9037433155080212,,0.1034051354883492,smk_can_187,10,69.946,eea1cc34fd9d82b0c6d7267dcc1cac30b2234f9f9020f48754a66d120f25f54e
mutual_info,k,k:4,,4,19993,logistic,none,2290735657,0.6310160427807486,0.6753722794959908,0.2308837512239822,0.087676296490204,0.2992670785774875,,,0.3321383211425683,,1.6898395721925137,0.9037433155080212,,0.1047190919884796,smk_can_187,10,69.946,eea1cc34fd9d82b0c6d7267dcc1cac30b2234f9f9020f48754a66d120f25f54e
mutual_info,k,k:8,,8,19993,logistic,none,2290735657,0.6363636363636364,0.6731958762886597,0.236322015116186,0.1535348580034523,0.2768067117116867,,,0.3389624963663273,,1.6310160427807487,0.9037433155080212,,0.1300920419008666,smk_can_187,10,69.946,eea1cc34fd9d82b0c6d7267dcc1cac30b2234f9f9020f48754a66d120f25f54e
mutual_info,k,k:16,,16,19993,logistic,none,2290735657,0.6310160427807486,0.6955326460481099,0.2356957743931775,0.1548328157004103,0.2642589181571771,,,0.3440077125943834,,1.5935828877005347,0.9037433155080212,,0.1596430650232439,smk_can_187,10,69.946,eea1cc34fd9d82b0c6d7267dcc1cac30b2234f9f9020f48754a66d120f25f54e
mutual_info,k,k:32,,32,19993,logistic,none,2290735657,0.6470588235294118,0.6846506300114547,0.2558188216066779,0.1910532646304886,0.291525559467154,,,0.3236184268559194,,1.6577540106951871,0.9037433155080212,,0.2125016819819472,smk_can_187,10,69.946,eea1cc34fd9d82b0c6d7267dcc1cac30b2234f9f9020f48754a66d120f25f54e
mutual_info,k,k:64,,64,19993,logistic,none,2290735657,0.6524064171122995,0.6851088201603666,0.2728637489961552,0.2498717266836069,0.2606708260726362,,,0.3080402499076597,,1.641711229946524,0.9037433155080212,,0.2681674320415252,smk_can_187,10,69.946,eea1cc34fd9d82b0c6d7267dcc1cac30b2234f9f9020f48754a66d120f25f54e
mutual_info,k,k:128,,128,19993,logistic,none,2290735657,0.6684491978609626,0.7223367697594502,0.2543870120761521,0.2310613822282861,0.2332681290272811,,,0.3385288444881226,,1.572192513368984,0.9037433155080212,,0.2231287806663262,smk_can_187,10,69.946,eea1cc34fd9d82b0c6d7267dcc1cac30b2234f9f9020f48754a66d120f25f54e
mutual_info,k,k:256,,256,19993,logistic,none,2290735657,0.6844919786096256,0.7446735395189003,0.2450633705551433,0.220057687569988,0.2120633891411426,,,0.3342557793675288,,1.53475935828877,0.9037433155080212,,0.2210661555389901,smk_can_187,10,69.946,eea1cc34fd9d82b0c6d7267dcc1cac30b2234f9f9020f48754a66d120f25f54e
mutual_info,frac,frac:1,1.0,19993,19993,logistic,none,1604373156,0.7379679144385026,0.7970217640320734,0.2137139841258054,0.2067225943509469,0.1602715320174859,,,0.3618911560411233,,1.4438502673796791,0.9037433155080212,,0.2018715177102522,smk_can_187,11,68.908,eea1cc34fd9d82b0c6d7267dcc1cac30b2234f9f9020f48754a66d120f25f54e
mutual_info,k,k:1,,1,19993,logistic,none,1604373156,0.5561497326203209,0.6053837342497137,0.24455576845304,0.0944257147200148,0.374106844259686,,,0.3187837009016154,,1.7272727272727273,0.9037433155080212,,0.1168016861037382,smk_can_187,11,68.908,eea1cc34fd9d82b0c6d7267dcc1cac30b2234f9f9020f48754a66d120f25f54e
mutual_info,k,k:2,,2,19993,logistic,none,1604373156,0.6256684491978609,0.647422680412371,0.2371140411293985,0.0944826217759039,0.3172011801754421,,,0.3235494570813166,,1.711229946524064,0.9037433155080212,,0.1111406646014851,smk_can_187,11,68.908,eea1cc34fd9d82b0c6d7267dcc1cac30b2234f9f9020f48754a66d120f25f54e
mutual_info,k,k:4,,4,19993,logistic,none,1604373156,0.6256684491978609,0.6719358533791523,0.2296399299196427,0.1164105057137722,0.2970563222674129,,,0.3400647338610208,,1.6844919786096255,0.9037433155080212,,0.1158204545142805,smk_can_187,11,68.908,eea1cc34fd9d82b0c6d7267dcc1cac30b2234f9f9020f48754a66d120f25f54e
mutual_info,k,k:8,,8,19993,logistic,none,1604373156,0.6737967914438503,0.7098510882016036,0.222337186937116,0.1388367612386924,0.2642701214279531,,,0.3554763523599898,,1.5989304812834224,0.9037433155080212,,0.1263061618467945,smk_can_187,11,68.908,eea1cc34fd9d82b0c6d7267dcc1cac30b2234f9f9020f48754a66d120f25f54e
mutual_info,k,k:16,,16,19993,logistic,none,1604373156,0.7005347593582888,0.7353951890034364,0.214933414821878,0.1302163560256754,0.2464887695410265,,,0.3545620048730777,,1.5508021390374331,0.9037433155080212,,0.1343478976344498,smk_can_187,11,68.908,eea1cc34fd9d82b0c6d7267dcc1cac30b2234f9f9020f48754a66d120f25f54e
mutual_info,k,k:32,,32,19993,logistic,none,1604373156,0.6417112299465241,0.7166093928980527,0.239347627817288,0.162199447463479,0.2548001532185366,,,0.3257974329945188,,1.5508021390374331,0.9037433155080212,,0.1726246430218016,smk_can_187,11,68.908,eea1cc34fd9d82b0c6d7267dcc1cac30b2234f9f9020f48754a66d120f25f54e
mutual_info,k,k:64,,64,19993,logistic,none,1604373156,0.6684491978609626,0.7355097365406644,0.2341000251882736,0.2081223221228651,0.2276250023316433,,,0.3357156326163776,,1.572192513368984,0.9037433155080212,,0.191567126889274,smk_can_187,11,68.908,eea1cc34fd9d82b0c6d7267dcc1cac30b2234f9f9020f48754a66d120f25f54e
mutual_info,k,k:128,,128,19993,logistic,none,1604373156,0.6898395721925134,0.7263459335624284,0.2551232795838912,0.2339100081941057,0.2439830584566009,,,0.3239592060085124,,1.588235294117647,0.9037433155080212,,0.2553157499497603,smk_can_187,11,68.908,eea1cc34fd9d82b0c6d7267dcc1cac30b2234f9f9020f48754a66d120f25f54e
mutual_info,k,k:256,,256,19993,logistic,none,1604373156,0.6684491978609626,0.7630011454753722,0.2404791163997256,0.2147126701501782,0.1768674722710808,,,0.3362022441757356,,1.5294117647058822,0.9037433155080212,,0.207197828341403,smk_can_187,11,68.908,eea1cc34fd9d82b0c6d7267dcc1cac30b2234f9f9020f48754a66d120f25f54e
mutual_info,frac,frac:1,1.0,19993,19993,logistic,none,2251484289,0.7486631016042781,0.8105383734249714,0.2088052421751937,0.1926774877640175,0.1434887585665536,,,0.3637450978294866,,1.4171122994652403,0.9037433155080212,,0.183609687186013,smk_can_187,12,67.357,eea1cc34fd9d82b0c6d7267dcc1cac30b2234f9f9020f48754a66d120f25f54e
mutual_info,k,k:1,,1,19993,logistic,none,2251484289,0.5882352941176471,0.6289232531500573,0.2494613175905339,0.1263675422249154,0.4029123594713345,,,0.3103196420447709,,1.7807486631016043,0.9037433155080212,,0.1635130432905064,smk_can_187,12,67.357,eea1cc34fd9d82b0c6d7267dcc1cac30b2234f9f9020f48754a66d120f25f54e
mutual_info,k,k:2,,2,19993,logistic,none,2251484289,0.5401069518716578,0.5539518900343643,0.2651130511523457,0.1277540671554363,0.4609348853846167,,,0.2944003982225674,,1.8021390374331552,0.9037433155080212,,0.1445561256520668,smk_can_187,12,67.357,eea1cc34fd9d82b0c6d7267dcc1cac30b2234f9f9020f48754a66d120f25f54e
mutual_info,k,k:4,,4,19993,logistic,none,2251484289,0.5561497326203209,0.5632302405498283,0.2667970632521821,0.1093799587788066,0.4501277534985305,,,0.2980728197881231,,1.7754010695187166,0.9037433155080212,,0.1372763081451737,smk_can_187,12,67.357,eea1cc34fd9d82b0c6d7267dcc1cac30b2234f9f9020f48754a66d120f25f54e
mutual_info,k,k:8,,8,19993,logistic,none,2251484289,0.6256684491978609,0.6718213058419245,0.2365404593671104,0.107083288657542,0.3239946680418696,,,0.3326444277554721,,1.700534759358289,0.9037433155080212,,0.1169497883441506,smk_can_187,12,67.357,eea1cc34fd9d82b0c6d7267dcc1cac30b2234f9f9020f48754a66d120f25f54e
mutual_info,k,k:16,,16,19993,logistic,none,2251484289,0.6737967914438503,0.7122565864833907,0.2227162893955147,0.1143726801867778,0.2494268356331862,,,0.3467488424881937,,1.5828877005347597,0.9037433155080212,,0.1446081004254221,smk_can_187,12,67.357,eea1cc34fd9d82b0c6d7267dcc1cac30b2234f9f9020f48754a66d120f25f54e
mutual_info,k,k:32,,32,19993,logistic,none,2251484289,0.6737967914438503,0.7482245131729668,0.2130034025861632,0.1330250851794425,0.2314728910039118,,,0.3566749061463909,,1.5401069518716577,0.9037433155080212,,0.1191229309161173,smk_can_187,12,67.357,eea1cc34fd9d82b0c6d7267dcc1cac30b2234f9f9020f48754a66d120f25f54e
mutual_info,k,k:64,,64,19993,logistic,none,2251484289,0.6631016042780749,0.7542955326460481,0.2416187956682956,0.2108680820395361,0.1967876717205638,,,0.343980795160185,,1.497326203208556,0.9037433155080212,,0.2189636646722674,smk_can_187,12,67.357,eea1cc34fd9d82b0c6d7267dcc1cac30b2234f9f9020f48754a66d120f25f54e
mutual_info,k,k:128,,128,19993,logistic,none,2251484289,0.7005347593582888,0.7225658648339061,0.2512889642577242,0.2027075320207303,0.247177003655851,,,0.3395714056834655,,1.6149732620320856,0.9037433155080212,,0.22343345834254,smk_can_187,12,67.357,eea1cc34fd9d82b0c6d7267dcc1cac30b2234f9f9020f48754a66d120f25f54e
mutual_info,k,k:256,,256,19993,logistic,none,2251484289,0.7219251336898396,0.7777777777777778,0.2175627583453969,0.168380708555845,0.1857336095100994,,,0.3469780310897198,,1.5240641711229947,0.9037433155080212,,0.1773263614313761,smk_can_187,12,67.357,eea1cc34fd9d82b0c6d7267dcc1cac30b2234f9f9020f48754a66d120f25f54e
mutual_info,frac,frac:1,1.0,19993,19993,logistic,none,2581673292,0.7219251336898396,0.7806414662084765,0.2365135159871083,0.2070184629759947,0.1645438585840364,,,0.3470429162740652,,1.4866310160427807,0.9037433155080212,,0.2061845785250163,smk_can_187,13,65.283,eea1cc34fd9d82b0c6d7267dcc1cac30b2234f9f9020f48754a66d120f25f54e
mutual_info,k,k:1,,1,19993,logistic,none,2581673292,0.5187165775401069,0.5247995418098511,0.247627189342552,0.0540818566687074,0.4199160031012092,,,0.3183938785029313,,1.7379679144385027,0.9037433155080212,,0.0585826757372751,smk_can_187,13,65.283,eea1cc34fd9d82b0c6d7267dcc1cac30b2234f9f9020f48754a66d120f25f54e
mutual_info,k,k:2,,2,19993,logistic,none,2581673292,0.5668449197860963,0.5990836197021765,0.2404430896866678,0.0873781332474132,0.3430365555079304,,,0.3303313679134043,,1.6684491978609626,0.9037433155080212,,0.0928184962541727,smk_can_187,13,65.283,eea1cc34fd9d82b0c6d7267dcc1cac30b2234f9f9020f48754a66d120f25f54e
mutual_info,k,k:4,,4,19993,logistic,none,2581673292,0.5882352941176471,0.602176403207331,0.2535676963339547,0.1161026452337986,0.3794651305239344,,,0.3207997886092545,,1.700534759358289,0.9037433155080212,,0.1457706846090649,smk_can_187,13,65.283,eea1cc34fd9d82b0c6d7267dcc1cac30b2234f9f9020f48754a66d120f25f54e
mutual_info,k,k:8,,8,19993,logistic,none,2581673292,0.6256684491978609,0.6449026345933562,0.2486831720060209,0.1387899432300353,0.3363692474605726,,,0.3183587442215946,,1.7486631016042782,0.9037433155080212,,0.1560040108178741,smk_can_187,13,65.283,eea1cc34fd9d82b0c6d7267dcc1cac30b2234f9f9020f48754a66d120f25f54e
mutual_info,k,k:16,,16,19993,logistic,none,2581673292,0.6524064171122995,0.6872852233676976,0.2487338313093434,0.1835741195530176,0.2802983854313192,,,0.3258832356228123,,1.6149732620320856,0.9037433155080212,,0.2010583812244942,smk_can_187,13,65.283,eea1cc34fd9d82b0c6d7267dcc1cac30b2234f9f9020f48754a66d120f25f54e
mutual_info,k,k:32,,32,19993,logistic,none,2581673292,0.6737967914438503,0.6920962199312715,0.2554940403274726,0.1912337572505196,0.2805800884257832,,,0.3134982646439434,,1.6203208556149733,0.9037433155080212,,0.2201435015547792,smk_can_187,13,65.283,eea1cc34fd9d82b0c6d7267dcc1cac30b2234f9f9020f48754a66d120f25f54e
mutual_info,k,k:64,,64,19993,logistic,none,2581673292,0.6363636363636364,0.6902634593356244,0.2725296228575579,0.2342100913786305,0.2747127803442397,,,0.2996719151297288,,1.6203208556149733,0.9037433155080212,,0.2450549114938556,smk_can_187,13,65.283,eea1cc34fd9d82b0c6d7267dcc1cac30b2234f9f9020f48754a66d120f25f54e
mutual_info,k,k:128,,128,19993,logistic,none,2581673292,0.6684491978609626,0.729438717067583,0.2590458788978211,0.2198938820602542,0.2293339607451556,,,0.3122280217527719,,1.5989304812834224,0.9037433155080212,,0.2318371607698358,smk_can_187,13,65.283,eea1cc34fd9d82b0c6d7267dcc1cac30b2234f9f9020f48754a66d120f25f54e
mutual_info,k,k:256,,256,19993,logistic,none,2581673292,0.6524064171122995,0.7411225658648339,0.2545526685621544,0.2302455950897622,0.2303191129085332,,,0.3069331572527324,,1.609625668449198,0.9037433155080212,,0.232655081634179,smk_can_187,13,65.283,eea1cc34fd9d82b0c6d7267dcc1cac30b2234f9f9020f48754a66d120f25f54e
mutual_info,frac,frac:1,1.0,19993,19993,logistic,none,1364833537,0.7005347593582888,0.7820160366552119,0.2328127650629522,0.2094075356363448,0.1590614596417507,,,0.3541611376437431,,1.427807486631016,0.9037433155080212,,0.2062856630386159,smk_can_187,14,62.757,eea1cc34fd9d82b0c6d7267dcc1cac30b2234f9f9020f48754a66d120f25f54e
mutual_info,k,k:1,,1,19993,logistic,none,1364833537,0.5294117647058824,0.6028064146620848,0.2433476517744931,0.0986971532508794,0.3846259312906303,,,0.3141423308408947,,1.7219251336898396,0.9037433155080212,,0.0846460827882137,smk_can_187,14,62.757,eea1cc34fd9d82b0c6d7267dcc1cac30b2234f9f9020f48754a66d120f25f54e
mutual_info,k,k:2,,2,19993,logistic,none,1364833537,0.5935828877005348,0.6323024054982818,0.2369879658806717,0.0777013053395874,0.3424635380250571,,,0.3193787154258545,,1.6898395721925137,0.9037433155080212,,0.065755862871513,smk_can_187,14,62.757,eea1cc34fd9d82b0c6d7267dcc1cac30b2234f9f9020f48754a66d120f25f54e
mutual_info,k,k:4,,4,19993,logistic,none,1364833537,0.5721925133689839,0.6213058419243986,0.2430802268976972,0.1418933779974844,0.3549584185110154,,,0.3246625182549407,,1.6577540106951871,0.9037433155080212,,0.1469712399605536,smk_can_187,14,62.757,eea1cc34fd9d82b0c6d7267dcc1cac30b2234f9f9020f48754a66d120f25f54e
mutual_info,k,k:8,,8,19993,logistic,none,1364833537,0.6470588235294118,0.6548682703321879,0.2392948322230475,0.1044632781017927,0.3154917842272384,,,0.3343653657563291,,1.679144385026738,0.9037433155080212,,0.1189866668691591,smk_can_187,14,62.757,eea1cc34fd9d82b0c6d7267dcc1cac30b2234f9f9020f48754a66d120f25f54e
mutual_info,k,k:16,,16,19993,logistic,none,1364833537,0.6737967914438503,0.7142038946162657,0.224196162350327,0.1219234793830726,0.2503842408254014,,,0.3463929389900696,,1.625668449197861,0.9037433155080212,,0.1343915690974678,smk_can_187,14,62.757,eea1cc34fd9d82b0c6d7267dcc1cac30b2234f9f9020f48754a66d120f25f54e
mutual_info,k,k:32,,32,19993,logistic,none,1364833537,0.6898395721925134,0.7457044673539519,0.2107507994529639,0.1284507116352569,0.2223926664098988,,,0.3651318114412863,,1.4866310160427807,0.9037433155080212,,0.1454146420836899,smk_can_187,14,62.757,eea1cc34fd9d82b0c6d7267dcc1cac30b2234f9f9020f48754a66d120f25f54e
mutual_info,k,k:64,,64,19993,logistic,none,1364833537,0.6898395721925134,0.754524627720504,0.2305145974750007,0.1841242579719192,0.2028054646976187,,,0.3500879659462466,,1.502673796791444,0.9037433155080212,,0.2003112178005824,smk_can_187,14,62.757,eea1cc34fd9d82b0c6d7267dcc1cac30b2234f9f9020f48754a66d120f25f54e
mutual_info,k,k:128,,128,19993,logistic,none,1364833537,0.6898395721925134,0.7623138602520045,0.2316049582160888,0.1967890025919575,0.2135340647086294,,,0.3471963099676246,,1.497326203208556,0.9037433155080212,,0.1846316274980624,smk_can_187,14,62.757,eea1cc34fd9d82b0c6d7267dcc1cac30b2234f9f9020f48754a66d120f25f54e
mutual_info,k,k:256,,256,19993,logistic,none,1364833537,0.7219251336898396,0.7623138602520046,0.2371723934720896,0.2123989815139884,0.187150462635681,,,0.3484995902702874,,1.502673796791444,0.9037433155080212,,0.2283673340949735,smk_can_187,14,62.757,eea1cc34fd9d82b0c6d7267dcc1cac30b2234f9f9020f48754a66d120f25f54e
mutual_info,frac,frac:1,1.0,19993,19993,logistic,none,493619110,0.7647058823529411,0.8197021764032073,0.2027866147702962,0.1866180670319848,0.1372174908213538,,,0.3712241626131953,,1.4064171122994653,0.9037433155080212,,0.1924250453689532,smk_can_187,15,65.383,eea1cc34fd9d82b0c6d7267dcc1cac30b2234f9f9020f48754a66d120f25f54e
mutual_info,k,k:1,,1,19993,logistic,none,493619110,0.5775401069518716,0.574799541809851,0.2500172994566309,0.0585812062809186,0.4256742625722508,,,0.3075491076359753,,1.7540106951871657,0.9037433155080212,,0.0747581895777049,smk_can_187,15,65.383,eea1cc34fd9d82b0c6d7267dcc1cac30b2234f9f9020f48754a66d120f25f54e
mutual_info,k,k:2,,2,19993,logistic,none,493619110,0.6096256684491979,0.6512027491408935,0.2351961650138815,0.1330745767454174,0.3378938243039765,,,0.3256284839383303,,1.625668449197861,0.9037433155080212,,0.1290752588811643,smk_can_187,15,65.383,eea1cc34fd9d82b0c6d7267dcc1cac30b2234f9f9020f48754a66d120f25f54e
mutual_info,k,k:4,,4,19993,logistic,none,493619110,0.6684491978609626,0.7097365406643759,0.2191829605447651,0.0979204413866275,0.2880733494337482,,,0.3445289864273708,,1.5935828877005347,0.9037433155080212,,0.0989145112391227,smk_can_187,15,65.383,eea1cc34fd9d82b0c6d7267dcc1cac30b2234f9f9020f48754a66d120f25f54e
mutual_info,k,k:8,,8,19993,logistic,none,493619110,0.6898395721925134,0.7449026345933563,0.2067751768465661,0.0963522742877363,0.2462480246253637,,,0.3624006677520684,,1.5294117647058822,0.9037433155080212,,0.097474393984527,smk_can_187,15,65.383,eea1cc34fd9d82b0c6d7267dcc1cac30b2234f9f9020f48754a66d120f25f54e
mutual_info,k,k:16,,16,19993,logistic,none,493619110,0.6631016042780749,0.7395189003436426,0.2096780128716299,0.1252205613483354,0.2237981911107157,,,0.3556571027067709,,1.5775401069518715,0.9037433155080212,,0.1101383841443442,smk_can_187,15,65.383,eea1cc34fd9d82b0c6d7267dcc1cac30b2234f9f9020f48754a66d120f25f54e
mutual_info,k,k:32,,32,19993,logistic,none,493619110,0.6524064171122995,0.7288659793814433,0.2325477398612323,0.184256754323953,0.2517127439189541,,,0.3269895692056393,,1.5294117647058822,0.9037433155080212,,0.2039607185926228,smk_can_187,15,65.383,eea1cc34fd9d82b0c6d7267dcc1cac30b2234f9f9020f48754a66d120f25f54e
mutual_info,k,k:64,,64,19993,logistic,none,493619110,0.6631016042780749,0.7215349369988545,0.2480719422827709,0.188346734324324,0.2438704114366401,,,0.3171245243541334,,1.5668449197860963,0.9037433155080212,,0.2129732488624448,smk_can_187,15,65.383,eea1cc34fd9d82b0c6d7267dcc1cac30b2234f9f9020f48754a66d120f25f54e
mutual_info,k,k:128,,128,19993,logistic,none,493619110,0.6951871657754011,0.7647193585337915,0.2339540792950531,0.1955070896119725,0.1811212570086858,,,0.3419790902006657,,1.4866310160427807,0.9037433155080212,,0.2140406825510935,smk_can_187,15,65.383,eea1cc34fd9d82b0c6d7267dcc1cac30b2234f9f9020f48754a66d120f25f54e
mutual_info,k,k:256,,256,19993,logistic,none,493619110,0.7005347593582888,0.775028636884307,0.2222473947814223,0.1845787628740288,0.1779488029020282,,,0.3408260554670588,,1.481283422459893,0.9037433155080212,,0.1908929716236241,smk_can_187,15,65.383,eea1cc34fd9d82b0c6d7267dcc1cac30b2234f9f9020f48754a66d120f25f54e
mutual_info,frac,frac:1,1.0,19993,19993,logistic,none,818915882,0.7272727272727273,0.802290950744559,0.2163574329311082,0.1883766729732761,0.1577109320456528,,,0.3584532085782588,,1.4064171122994653,0.9037433155080212,,0.1740113284016617,smk_can_187,16,66.067,eea1cc34fd9d82b0c6d7267dcc1cac30b2234f9f9020f48754a66d120f25f54e
mutual_info,k,k:1,,1,19993,logistic,none,818915882,0.5775401069518716,0.6035509736540664,0.245543198055699,0.0827229375136105,0.3821403507794744,,,0.3147930431632155,,1.7433155080213905,0.9037433155080212,,0.1059834097764073,smk_can_187,16,66.067,eea1cc34fd9d82b0c6d7267dcc1cac30b2234f9f9020f48754a66d120f25f54e
mutual_info,k,k:2,,2,19993,logistic,none,818915882,0.6203208556149733,0.627147766323024,0.2403999498158159,0.1105166539460375,0.3549099773686838,,,0.3200315131986264,,1.7165775401069518,0.9037433155080212,,0.1278460054628484,smk_can_187,16,66.067,eea1cc34fd9d82b0c6d7267dcc1cac30b2234f9f9020f48754a66d120f25f54e
mutual_info,k,k:4,,4,19993,logistic,none,818915882,0.6203208556149733,0.6741122565864834,0.2309488146404471,0.0811563185888564,0.3236067126221295,,,0.3322157461210586,,1.6363636363636365,0.9037433155080212,,0.0694362066875556,smk_can_187,16,66.067,eea1cc34fd9d82b0c6d7267dcc1cac30b2234f9f9020f48754a66d120f25f54e
mutual_info,k,k:8,,8,19993,logistic,none,818915882,0.6256684491978609,0.6671248568155784,0.2355304993699332,0.0992231269363346,0.330961751397996,,,0.3312696826939934,,1.6577540106951871,0.9037433155080212,,0.0921570939804879,smk_can_187,16,66.067,eea1cc34fd9d82b0c6d7267dcc1cac30b2234f9f9020f48754a66d120f25f54e
mutual_info,k,k:16,,16,19993,logistic,none,818915882,0.6577540106951871,0.722794959908362,0.2152229012851281,0.1015988471188204,0.244858120715792,,,0.352087174604987,,1.588235294117647,0.9037433155080212,,0.0919479030602483,smk_can_187,16,66.067,eea1cc34fd9d82b0c6d7267dcc1cac30b2234f9f9020f48754a66d120f25f54e
mutual_info,k,k:32,,32,19993,logistic,none,818915882,0.6844919786096256,0.749942726231386,0.215309380092567,0.1499152392058401,0.2391246841448183,,,0.3623742482927625,,1.5133689839572193,0.9037433155080212,,0.1352931278892588,smk_can_187,16,66.067,eea1cc34fd9d82b0c6d7267dcc1cac30b2234f9f9020f48754a66d120f25f54e
mutual_info,k,k:64,,64,19993,logistic,none,818915882,0.6577540106951871,0.7492554410080182,0.2324744187879701,0.1901606761558049,0.2060047516460635,,,0.345831034344645,,1.5561497326203209,0.9037433155080212,,0.1865105539342236,smk_can_187,16,66.067,eea1cc34fd9d82b0c6d7267dcc1cac30b2234f9f9020f48754a66d120f25f54e
mutual_info,k,k:128,,128,19993,logistic,none,818915882,0.6898395721925134,0.7560137457044673,0.2301385524294627,0.2065699773263876,0.2213308858647001,,,0.3526474803387509,,1.497326203208556,0.9037433155080212,,0.2024095057805109,smk_can_187,16,66.067,eea1cc34fd9d82b0c6d7267dcc1cac30b2234f9f9020f48754a66d120f25f54e
mutual_info,k,k:256,,256,19993,logistic,none,818915882,0.7005347593582888,0.7773195876288659,0.2089185993628836,0.1697556578521518,0.1680453819874443,,,0.369157597270459,,1.46524064171123,0.9037433155080212,,0.1699433482948816,smk_can_187,16,66.067,eea1cc34fd9d82b0c6d7267dcc1cac30b2234f9f9020f48754a66d120f25f54e
mutual_info,frac,frac:1,1.0,19993,19993,logistic,none,2551790496,0.7272727272727273,0.7903780068728523,0.2208650059358476,0.2054795506831201,0.1771228540602019,,,0.3556495889550321,,1.4545454545454546,0.9037433155080212,,0.187966309049208,smk_can_187,17,63.308,eea1cc34fd9d82b0c6d7267dcc1cac30b2234f9f9020f48754a66d120f25f54e
mutual_info,k,k:1,,1,19993,logistic,none,2551790496,0.5133689839572193,0.5310996563573883,0.2608282577389931,0.0853857943603804,0.4892987434324632,,,0.2909621119497872,,1.7967914438502677,0.9037433155080212,,0.0949872693065561,smk_can_187,17,63.308,eea1cc34fd9d82b0c6d7267dcc1cac30b2234f9f9020f48754a66d120f25f54e
mutual_info,k,k:2,,2,19993,logistic,none,2551790496,0.5721925133689839,0.5693012600229096,0.2577320968688143,0.1176303057039493,0.4519681460045236,,,0.3024818907619803,,1.7914438502673795,0.9037433155080212,,0.1094171737622582,smk_can_187,17,63.308,eea1cc34fd9d82b0c6d7267dcc1cac30b2234f9f9020f48754a66d120f25f54e
mutual_info,k,k:4,,4,19993,logistic,none,2551790496,0.5935828877005348,0.6059564719358533,0.2525083602874997,0.1489943155880742,0.3815353107418863,,,0.3077815918792722,,1.7165775401069518,0.9037433155080212,,0.169309150575151,smk_can_187,17,63.308,eea1cc34fd9d82b0c6d7267dcc1cac30b2234f9f9020f48754a66d120f25f54e
mutual_info,k,k:8,,8,19993,logistic,none,2551790496,0.6470588235294118,0.6518900343642612,0.2393139314048476,0.1361403450563746,0.3103035699263844,,,0.3319069632477179,,1.6898395721925137,0.9037433155080212,,0.1510215529583375,smk_can_187,17,63.308,eea1cc34fd9d82b0c6d7267dcc1cac30b2234f9f9020f48754a66d120f25f54e
mutual_info,k,k:16,,16,19993,logistic,none,2551790496,0.6577540106951871,0.6891179839633448,0.2344205633256623,0.1623893389163676,0.2854178982929521,,,0.3488956758446441,,1.6844919786096255,0.9037433155080212,,0.1612304772731829,smk_can_187,17,63.308,eea1cc34fd9d82b0c6d7267dcc1cac30b2234f9f9020f48754a66d120f25f54e
mutual_info,k,k:32,,32,19993,logistic,none,2551790496,0.679144385026738,0.7119129438717068,0.2388431750247357,0.1626015050786447,0.2712260476125401,,,0.3372951688999858,,1.6577540106951871,0.9037433155080212,,0.1792430476352653,smk_can_187,17,63.308,eea1cc34fd9d82b0c6d7267dcc1cac30b2234f9f9020f48754a66d120f25f54e
mutual_info,k,k:64,,64,19993,logistic,none,2551790496,0.6524064171122995,0.7187857961053836,0.2590821471106682,0.2164031202462027,0.2458753222265143,,,0.3260313797759382,,1.5828877005347597,0.9037433155080212,,0.2305434668140847,smk_can_187,17,63.308,eea1cc34fd9d82b0c6d7267dcc1cac30b2234f9f9020f48754a66d120f25f54e
mutual_info,k,k:128,,128,19993,logistic,none,2551790496,0.7112299465240641,0.7501718213058419,0.2422838588196235,0.1988660913792356,0.2240968329307815,,,0.332931738620667,,1.53475935828877,0.9037433155080212,,0.2245153963206377,smk_can_187,17,63.308,eea1cc34fd9d82b0c6d7267dcc1cac30b2234f9f9020f48754a66d120f25f54e
mutual_info,k,k:256,,256,19993,logistic,none,2551790496,0.7165775401069518,0.7630011454753722,0.2261907288664573,0.1998499192237464,0.2107491247821818,,,0.3483881634883861,,1.5401069518716577,0.9037433155080212,,0.2014243632837986,smk_can_187,17,63.308,eea1cc34fd9d82b0c6d7267dcc1cac30b2234f9f9020f48754a66d120f25f54e
mutual_info,frac,frac:1,1.0,19993,19993,logistic,none,2431259000,0.7272727272727273,0.7864833906071019,0.2193369896318797,0.2025492277967981,0.1832602931744089,,,0.3644671744337457,,1.4705882352941178,0.9037433155080212,,0.207220212827843,smk_can_187,18,69.92,eea1cc34fd9d82b0c6d7267dcc1cac30b2234f9f9020f48754a66d120f25f54e
mutual_info,k,k:1,,1,19993,logistic,none,2431259000,0.6042780748663101,0.6536082474226804,0.2300808025836292,0.0430268309173398,0.2943661323907698,,,0.3284311536237346,,1.679144385026738,0.9037433155080212,,0.0450110954444723,smk_can_187,18,69.92,eea1cc34fd9d82b0c6d7267dcc1cac30b2234f9f9020f48754a66d120f25f54e
mutual_info,k,k:2,,2,19993,logistic,none,2431259000,0.6310160427807486,0.6571592210767468,0.233164695474204,0.0638195220964544,0.3129319829304658,,,0.3291031974049118,,1.7058823529411764,0.9037433155080212,,0.0833657000442551,smk_can_187,18,69.92,eea1cc34fd9d82b0c6d7267dcc1cac30b2234f9f9020f48754a66d120f25f54e
mutual_info,k,k:4,,4,19993,logistic,none,2431259000,0.6631016042780749,0.6974799541809851,0.2210174274904683,0.065271221730815,0.2751606030622862,,,0.3433437657707743,,1.6470588235294117,0.9037433155080212,,0.0756720719769003,smk_can_187,18,69.92,eea1cc34fd9d82b0c6d7267dcc1cac30b2234f9f9020f48754a66d120f25f54e
mutual_info,k,k:8,,8,19993,logistic,none,2431259000,0.7058823529411765,0.7588774341351661,0.1997404126186455,0.0798893266315767,0.232663174400373,,,0.3678261933240176,,1.502673796791444,0.9037433155080212,,0.0739324311972804,smk_can_187,18,69.92,eea1cc34fd9d82b0c6d7267dcc1cac30b2234f9f9020f48754a66d120f25f54e
mutual_info,k,k:16,,16,19993,logistic,none,2431259000,0.6577540106951871,0.7257731958762886,0.2196724103521027,0.1267199407324108,0.2547870440379854,,,0.3554203107523933,,1.5454545454545454,0.9037433155080212,,0.1273569810741369,smk_can_187,18,69.92,eea1cc34fd9d82b0c6d7267dcc1cac30b2234f9f9020f48754a66d120f25f54e
mutual_info,k,k:32,,32,19993,logistic,none,2431259000,0.6898395721925134,0.745475372279496,0.2214083027185086,0.1542942382376326,0.2374113544928321,,,0.3555549653090205,,1.5454545454545454,0.9037433155080212,,0.1516991836249223,smk_can_187,18,69.92,eea1cc34fd9d82b0c6d7267dcc1cac30b2234f9f9020f48754a66d120f25f54e
mutual_info,k,k:64,,64,19993,logistic,none,2431259000,0.6898395721925134,0.7077892325315006,0.2574660746859221,0.2315895402690071,0.2639903316781573,,,0.3243624554586197,,1.6149732620320856,0.9037433155080212,,0.2336637437944024,smk_can_187,18,69.92,eea1cc34fd9d82b0c6d7267dcc1cac30b2234f9f9020f48754a66d120f25f54e
mutual_info,k,k:128,,128,19993,logistic,none,2431259000,0.6737967914438503,0.7491408934707904,0.239884050145708,0.2253425041075106,0.2291201775720306,,,0.340869108520642,,1.5508021390374331,0.9037433155080212,,0.2249667484289411,smk_can_187,18,69.92,eea1cc34fd9d82b0c6d7267dcc1cac30b2234f9f9020f48754a66d120f25f54e
mutual_info,k,k:256,,256,19993,logistic,none,2431259000,0.7112299465240641,0.754524627720504,0.2420693432501358,0.2230216567892928,0.1919939669597603,,,0.3451618211826407,,1.53475935828877,0.9037433155080212,,0.226001232071983,smk_can_187,18,69.92,eea1cc34fd9d82b0c6d7267dcc1cac30b2234f9f9020f48754a66d120f25f54e
mutual_info,frac,frac:1,1.0,19993,19993,logistic,none,1649498732,0.7272727272727273,0.7936998854524628,0.2207671478034024,0.1961675438647662,0.1652140556159698,,,0.3588847861862146,,1.4224598930481285,0.9037433155080212,,0.1930898120984019,smk_can_187,19,64.731,eea1cc34fd9d82b0c6d7267dcc1cac30b2234f9f9020f48754a66d120f25f54e
mutual_info,k,k:1,,1,19993,logistic,none,1649498732,0.5454545454545454,0.5676975945017182,0.2523166199829132,0.0986948547966704,0.4395101985972479,,,0.3096866665670796,,1.7967914438502677,0.9037433155080212,,0.1257499507218592,smk_can_187,19,64.731,eea1cc34fd9d82b0c6d7267dcc1cac30b2234f9f9020f48754a66d120f25f54e
mutual_info,k,k:2,,2,19993,logistic,none,1649498732,0.6363636363636364,0.649942726231386,0.2352670689405631,0.1349539062263536,0.3525860496323625,,,0.3266517120139346,,1.7219251336898396,0.9037433155080212,,0.1259144265381326,smk_can_187,19,64.731,eea1cc34fd9d82b0c6d7267dcc1cac30b2234f9f9020f48754a66d120f25f54e
mutual_info,k,k:4,,4,19993,logistic,none,1649498732,0.6577540106951871,0.6936998854524628,0.2236143191012245,0.1094510539389933,0.2983968097762121,,,0.3378667925093136,,1.6684491978609626,0.9037433155080212,,0.1067971353618064,smk_can_187,19,64.731,eea1cc34fd9d82b0c6d7267dcc1cac30b2234f9f9020f48754a66d120f25f54e
mutual_info,k,k:8,,8,19993,logistic,none,1649498732,0.6524064171122995,0.7246277205040091,0.2133829095545088,0.0924055249253085,0.2407972453034978,,,0.3504769230494334,,1.5240641711229947,0.9037433155080212,,0.1121915887564625,smk_can_187,19,64.731,eea1cc34fd9d82b0c6d7267dcc1cac30b2234f9f9020f48754a66d120f25f54e
mutual_info,k,k:16,,16,19993,logistic,none,1649498732,0.6363636363636364,0.6958762886597938,0.2298603687164997,0.1531069628213627,0.2981985502236421,,,0.3374221501754084,,1.5668449197860963,0.9037433155080212,,0.1571287779593255,smk_can_187,19,64.731,eea1cc34fd9d82b0c6d7267dcc1cac30b2234f9f9020f48754a66d120f25f54e
mutual_info,k,k:32,,32,19993,logistic,none,1649498732,0.6737967914438503,0.7400916380297824,0.2217723650991756,0.1247506282547151,0.2576548709586371,,,0.3428289999632593,,1.5240641711229947,0.9037433155080212,,0.1351773273500534,smk_can_187,19,64.731,eea1cc34fd9d82b0c6d7267dcc1cac30b2234f9f9020f48754a66d120f25f54e
mutual_info,k,k:64,,64,19993,logistic,none,1649498732,0.6524064171122995,0.7246277205040091,0.2460801303410245,0.2089218972669352,0.2495650119408103,,,0.3326457293261515,,1.588235294117647,0.9037433155080212,,0.214254693672561,smk_can_187,19,64.731,eea1cc34fd9d82b0c6d7267dcc1cac30b2234f9f9020f48754a66d120f25f54e
mutual_info,k,k:128,,128,19993,logistic,none,1649498732,0.7058823529411765,0.7379152348224512,0.2423293931502016,0.2107992771025507,0.2293752379926096,,,0.341886385380125,,1.5614973262032086,0.9037433155080212,,0.2330332753867039,smk_can_187,19,64.731,eea1cc34fd9d82b0c6d7267dcc1cac30b2234f9f9020f48754a66d120f25f54e
mutual_info,k,k:256,,256,19993,logistic,none,1649498732,0.7058823529411765,0.7760595647193586,0.2168211925312718,0.1809553120140548,0.1990579964980376,,,0.3554105913184316,,1.502673796791444,0.9037433155080212,,0.1782437358341963,smk_can_187,19,64.731,eea1cc34fd9d82b0c6d7267dcc1cac30b2234f9f9020f48754a66d120f25f54e
mutual_info,frac,frac:1,1.0,19993,19993,logistic,none,1219655435,0.7272727272727273,0.806987399770905,0.2141898473006817,0.182732445951981,0.1486673657434558,,,0.3688389638299594,,1.3850267379679144,0.9037433155080212,,0.1901870835123731,smk_can_187,20,57.393,eea1cc34fd9d82b0c6d7267dcc1cac30b2234f9f9020f48754a66d120f25f54e
mutual_info,k,k:1,,1,19993,logistic,none,1219655435,0.5828877005347594,0.608877434135166,0.2480895643595533,0.0723681331842289,0.3982496645894621,,,0.3095091996065743,,1.7540106951871657,0.9037433155080212,,0.0836659647598804,smk_can_187,20,57.393,eea1cc34fd9d82b0c6d7267dcc1cac30b2234f9f9020f48754a66d120f25f54e
mutual_info,k,k:2,,2,19993,logistic,none,1219655435,0.6149732620320856,0.6121420389461627,0.2475922334338376,0.0777686685239097,0.3934704741847845,,,0.31096643676582,,1.7647058823529411,0.9037433155080212,,0.096118689936149,smk_can_187,20,57.393,eea1cc34fd9d82b0c6d7267dcc1cac30b2234f9f9020f48754a66d120f25f54e
mutual_info,k,k:4,,4,19993,logistic,none,1219655435,0.6096256684491979,0.6321878579610538,0.2468608039582949,0.0907880090974017,0.3635870512521251,,,0.3076536415550841,,1.7165775401069518,0.9037433155080212,,0.113118269926077,smk_can_187,20,57.393,eea1cc34fd9d82b0c6d7267dcc1cac30b2234f9f9020f48754a66d120f25f54e
mutual_info,k,k:8,,8,19993,logistic,none,1219655435,0.6417112299465241,0.6896907216494845,0.2303807979004871,0.1277293555936106,0.2977481208237482,,,0.3401801601359356,,1.609625668449198,0.9037433155080212,,0.1447755638654416,smk_can_187,20,57.393,eea1cc34fd9d82b0c6d7267dcc1cac30b2234f9f9020f48754a66d120f25f54e
mutual_info,k,k:16,,16,19993,logistic,none,1219655435,0.6844919786096256,0.733906071019473,0.2151289280241358,0.1065616237168809,0.2346681837919979,,,0.3430197880354221,,1.609625668449198,0.9037433155080212,,0.1132896510739599,smk_can_187,20,57.393,eea1cc34fd9d82b0c6d7267dcc1cac30b2234f9f9020f48754a66d120f25f54e
mutual_info,k,k:32,,32,19993,logistic,none,1219655435,0.6470588235294118,0.7509736540664376,0.2183277672936857,0.149924178503174,0.1934106536314307,,,0.3423045247681445,,1.4598930481283423,0.9037433155080212,,0.1691118110485922,smk_can_187,20,57.393,eea1cc34fd9d82b0c6d7267dcc1cac30b2234f9f9020f48754a66d120f25f54e
mutual_info,k,k:64,,64,19993,logistic,none,1219655435,0.6470588235294118,0.7459335624284078,0.2292096283651405,0.1750440798046669,0.213671188249253,,,0.3381876027123183,,1.5133689839572193,0.9037433155080212,,0.1773119893550488,smk_can_187,20,57.393,eea1cc34fd9d82b0c6d7267dcc1cac30b2234f9f9020f48754a66d120f25f54e
mutual_info,k,k:128,,128,19993,logistic,none,1219655435,0.7005347593582888,0.7966781214203894,0.2091190642868079,0.1619710259993661,0.1477161073225923,,,0.3532686022666024,,1.427807486631016,0.9037433155080212,,0.1729842733924034,smk_can_187,20,57.393,eea1cc34fd9d82b0c6d7267dcc1cac30b2234f9f9020f48754a66d120f25f54e
mutual_info,k,k:256,,256,19993,logistic,none,1219655435,0.7486631016042781,0.8208476517754868,0.1913722728102983,0.1656642562944142,0.1431358464346609,,,0.3628457866166763,,1.4064171122994653,0.9037433155080212,,0.1521966811019531,smk_can_187,20,57.393,eea1cc34fd9d82b0c6d7267dcc1cac30b2234f9f9020f48754a66d120f25f54e
mutual_info,frac,frac:1,1.0,19993,19993,logistic,none,609493382,0.732620320855615,0.7964490263459335,0.2142428273717947,0.1814065650902909,0.1573600988461966,,,0.3709041231731657,,1.39572192513369,0.9037433155080212,,0.1911122360992833,smk_can_187,21,50.98,eea1cc34fd9d82b0c6d7267dcc1cac30b2234f9f9020f48754a66d120f25f54e
mutual_info,k,k:1,,1,19993,logistic,none,609493382,0.5561497326203209,0.6010309278350515,0.2461824458892453,0.0714152949537778,0.390374548530304,,,0.313250053145204,,1.7486631016042782,0.9037433155080212,,0.0751610036174182,smk_can_187,21,50.98,eea1cc34fd9d82b0c6d7267dcc1cac30b2234f9f9020f48754a66d120f25f54e
mutual_info,k,k:2,,2,19993,logistic,none,609493382,0.6042780748663101,0.6602520045819015,0.2337654370049045,0.1066668320338564,0.3186085349455413,,,0.3185311008152128,,1.6470588235294117,0.9037433155080212,,0.1017295981775569,smk_can_187,21,50.98,eea1cc34fd9d82b0c6d7267dcc1cac30b2234f9f9020f48754a66d120f25f54e
mutual_info,k,k:4,,4,19993,logistic,none,609493382,0.6844919786096256,0.7082474226804124,0.222391796632558,0.1102130708992763,0.2842896036240002,,,0.3351637192117418,,1.6737967914438503,0.9037433155080212,,0.1163130191172743,smk_can_187,21,50.98,eea1cc34fd9d82b0c6d7267dcc1cac30b2234f9f9020f48754a66d120f25f54e
mutual_info,k,k:8,,8,19993,logistic,none,609493382,0.7219251336898396,0.7651775486827034,0.1995277215839828,0.0838544338709593,0.2339338839321293,,,0.3594626624127511,,1.572192513368984,0.9037433155080212,,0.112582354851951,smk_can_187,21,50.98,eea1cc34fd9d82b0c6d7267dcc1cac30b2234f9f9020f48754a66d120f25f54e
mutual_info,k,k:16,,16,19993,logistic,none,609493382,0.6951871657754011,0.7632302405498281,0.2008863739344502,0.0992374219824275,0.2290787964997468,,,0.3643631993829153,,1.4385026737967914,0.9037433155080212,,0.0961845213494146,smk_can_187,21,50.98,eea1cc34fd9d82b0c6d7267dcc1cac30b2234f9f9020f48754a66d120f25f54e
mutual_info,k,k:32,,32,19993,logistic,none,609493382,0.7058823529411765,0.7449026345933563,0.2158075067054515,0.1425438910015475,0.2457047678528551,,,0.3638183175629694,,1.5775401069518715,0.9037433155080212,,0.1352176291840874,smk_can_187,21,50.98,eea1cc34fd9d82b0c6d7267dcc1cac30b2234f9f9020f48754a66d120f25f54e
mutual_info,k,k:64,,64,19993,logistic,none,609493382,0.6737967914438503,0.7374570446735396,0.242168525279364,0.2017511771110927,0.2384170088926384,,,0.334690725701648,,1.588235294117647,0.9037433155080212,,0.2039211435604021,smk_can_187,21,50.98,eea1cc34fd9d82b0c6d7267dcc1cac30b2234f9f9020f48754a66d120f25f54e
mutual_info,k,k:128,,128,19993,logistic,none,609493382,0.7112299465240641,0.76815578465063,0.2235557117570897,0.1938636139704541,0.2069488233196356,,,0.351890458943277,,1.5935828877005347,0.9037433155080212,,0.199409465794901,smk_can_187,21,50.98,eea1cc34fd9d82b0c6d7267dcc1cac30b2234f9f9020f48754a66d120f25f54e
mutual_info,k,k:256,,256,19993,logistic,none,609493382,0.7005347593582888,0.786254295532646,0.2141954222238268,0.1969297768398128,0.1914559201957156,,,0.351563233786401,,1.46524064171123,0.9037433155080212,,0.1733140892730379,smk_can_187,21,50.98,eea1cc34fd9d82b0c6d7267dcc1cac30b2234f9f9020f48754a66d120f25f54e
mutual_info,frac,frac:1,1.0,19993,19993,logistic,none,4070324455,0.7165775401069518,0.7643757159221076,0.2277119861843668,0.2061036422431374,0.1880473950795499,,,0.3639338805640476,,1.518716577540107,0.9037433155080212,,0.2175547744764472,smk_can_187,22,44.218,eea1cc34fd9d82b0c6d7267dcc1cac30b2234f9f9020f48754a66d120f25f54e
mutual_info,k,k:1,,1,19993,logistic,none,4070324455,0.6096256684491979,0.6067583046964491,0.2500476888826387,0.1043353422577935,0.4253206928313042,,,0.307239675585516,,1.8021390374331552,0.9037433155080212,,0.1351306941771247,smk_can_187,22,44.218,eea1cc34fd9d82b0c6d7267dcc1cac30b2234f9f9020f48754a66d120f25f54e
mutual_info,k,k:2,,2,19993,logistic,none,4070324455,0.5828877005347594,0.613745704467354,0.2454568107528426,0.0789203067369514,0.381189825543529,,,0.3121864074961109,,1.732620320855615,0.9037433155080212,,0.0918073821824315,smk_can_187,22,44.218,eea1cc34fd9d82b0c6d7267dcc1cac30b2234f9f9020f48754a66d120f25f54e
mutual_info,k,k:4,,4,19993,logistic,none,4070324455,0.6363636363636364,0.642955326460481,0.2429153050036184,0.0963819430809865,0.3715020565403055,,,0.3220441110490662,,1.7058823529411764,0.9037433155080212,,0.0886303239848247,smk_can_187,22,44.218,eea1cc34fd9d82b0c6d7267dcc1cac30b2234f9f9020f48754a66d120f25f54e
mutual_info,k,k:8,,8,19993,logistic,none,4070324455,0.6470588235294118,0.7041237113402062,0.2240145777675319,0.0744764671128161,0.2822057660963397,,,0.3417792174307316,,1.6203208556149733,0.9037433155080212,,0.0643325889014923,smk_can_187,22,44.218,eea1cc34fd9d82b0c6d7267dcc1cac30b2234f9f9020f48754a66d120f25f54e
mutual_info,k,k:16,,16,19993,logistic,none,4070324455,0.6363636363636364,0.6649484536082474,0.2442101448746097,0.1421135526932424,0.3192533330218128,,,0.3348759726087681,,1.6844919786096255,0.9037433155080212,,0.1501952388188281,smk_can_187,22,44.218,eea1cc34fd9d82b0c6d7267dcc1cac30b2234f9f9020f48754a66d120f25f54e
mutual_info,k,k:32,,32,19993,logistic,none,4070324455,0.6470588235294118,0.686254295532646,0.2521645777741539,0.1879704248884494,0.2971110510891485,,,0.3294322852081839,,1.6684491978609626,0.9037433155080212,,0.1960166057751915,smk_can_187,22,44.218,eea1cc34fd9d82b0c6d7267dcc1cac30b2234f9f9020f48754a66d120f25f54e
mutual_info,k,k:64,,64,19993,logistic,none,4070324455,0.6363636363636364,0.6997709049255442,0.2625040608290551,0.236787462187162,0.3043757189912477,,,0.3190436878360143,,1.6684491978609626,0.9037433155080212,,0.2221619541444693,smk_can_187,22,44.218,eea1cc34fd9d82b0c6d7267dcc1cac30b2234f9f9020f48754a66d120f25f54e
mutual_info,k,k:128,,128,19993,logistic,none,4070324455,0.6737967914438503,0.7166093928980527,0.2747715045745381,0.2489216692864193,0.2460617266325115,,,0.3036945854757453,,1.5614973262032086,0.9037433155080212,,0.2690413799236437,smk_can_187,22,44.218,eea1cc34fd9d82b0c6d7267dcc1cac30b2234f9f9020f48754a66d120f25f54e
mutual_info,k,k:256,,256,19993,logistic,none,4070324455,0.6898395721925134,0.7443298969072165,0.2645481715395357,0.2518347175663544,0.2133580847327395,,,0.3163759144748502,,1.5080213903743316,0.9037433155080212,,0.2574036885128766,smk_can_187,22,44.218,eea1cc34fd9d82b0c6d7267dcc1cac30b2234f9f9020f48754a66d120f25f54e
mutual_info,frac,frac:1,1.0,19993,19993,logistic,none,3577004590,0.7486631016042781,0.7914089347079037,0.2077676504214714,0.1856211142510831,0.1612935311866688,,,0.3752778330042655,,1.5080213903743316,0.9037433155080212,,0.1930932047713955,smk_can_187,23,46.598,eea1cc34fd9d82b0c6d7267dcc1cac30b2234f9f9020f48754a66d120f25f54e
mutual_info,k,k:1,,1,19993,logistic,none,3577004590,0.4866310160427807,0.5192439862542955,0.2567096993782855,0.0702884608171976,0.469142237944028,,,0.301846137394494,,1.7647058823529411,0.9037433155080212,,0.0832883863982918,smk_can_187,23,46.598,eea1cc34fd9d82b0c6d7267dcc1cac30b2234f9f9020f48754a66d120f25f54e
mutual_info,k,k:2,,2,19993,logistic,none,3577004590,0.5721925133689839,0.5639175257731958,0.2546099638982236,0.0755144304826287,0.4424555483082004,,,0.3066216635339181,,1.7540106951871657,0.9037433155080212,,0.0836376782771932,smk_can_187,23,46.598,eea1cc34fd9d82b0c6d7267dcc1cac30b2234f9f9020f48754a66d120f25f54e
mutual_info,k,k:4,,4,19993,logistic,none,3577004590,0.6470588235294118,0.6400916380297824,0.2389882954944364,0.1154698838124193,0.3512653179125465,,,0.3324520033018809,,1.7219251336898396,0.9037433155080212,,0.1114425852491948,smk_can_187,23,46.598,eea1cc34fd9d82b0c6d7267dcc1cac30b2234f9f9020f48754a66d120f25f54e
mutual_info,k,k:8,,8,19993,logistic,none,3577004590,0.7058823529411765,0.7022909507445589,0.2195151822547739,0.1299318358695198,0.2619692933205219,,,0.3583642422689735,,1.6737967914438503,0.9037433155080212,,0.1125273177296966,smk_can_187,23,46.598,eea1cc34fd9d82b0c6d7267dcc1cac30b2234f9f9020f48754a66d120f25f54e
mutual_info,k,k:16,,16,19993,logistic,none,3577004590,0.6631016042780749,0.688545246277205,0.2277270718845772,0.1464721014441385,0.2523390632381952,,,0.3525134647666009,,1.5989304812834224,0.9037433155080212,,0.1512732681975498,smk_can_187,23,46.598,eea1cc34fd9d82b0c6d7267dcc1cac30b2234f9f9020f48754a66d120f25f54e
mutual_info,k,k:32,,32,19993,logistic,none,3577004590,0.6684491978609626,0.722680412371134,0.2271669787258327,0.1387827495099267,0.2357905923851928,,,0.3427693723437485,,1.6203208556149733,0.9037433155080212,,0.1516823675999382,smk_can_187,23,46.598,eea1cc34fd9d82b0c6d7267dcc1cac30b2234f9f9020f48754a66d120f25f54e
mutual_info,k,k:64,,64,19993,logistic,none,3577004590,0.6951871657754011,0.7394043528064146,0.2272424554473602,0.1745181014383169,0.2412961320174664,,,0.3509262868593198,,1.5775401069518715,0.9037433155080212,,0.1854509471544808,smk_can_187,23,46.598,eea1cc34fd9d82b0c6d7267dcc1cac30b2234f9f9020f48754a66d120f25f54e
mutual_info,k,k:128,,128,19993,logistic,none,3577004590,0.7005347593582888,0.7332187857961054,0.2397936673151942,0.1769439342548338,0.2386270874273501,,,0.3386027494897586,,1.6203208556149733,0.9037433155080212,,0.2053119411343959,smk_can_187,23,46.598,eea1cc34fd9d82b0c6d7267dcc1cac30b2234f9f9020f48754a66d120f25f54e
mutual_info,k,k:256,,256,19993,logistic,none,3577004590,0.7219251336898396,0.7745704467353952,0.2225521223940801,0.1855770028812398,0.1945107784115858,,,0.3486578373858125,,1.5133689839572193,0.9037433155080212,,0.2097464018617202,smk_can_187,23,46.598,eea1cc34fd9d82b0c6d7267dcc1cac30b2234f9f9020f48754a66d120f25f54e
mutual_info,frac,frac:1,1.0,19993,19993,logistic,none,3345257222,0.7165775401069518,0.8003436426116839,0.208629757338856,0.1949462639300019,0.1666939621213393,,,0.3600972264865839,,1.3850267379679144,0.9037433155080212,,0.172121309526439,smk_can_187,24,44.289,eea1cc34fd9d82b0c6d7267dcc1cac30b2234f9f9020f48754a66d120f25f54e
mutual_info,k,k:1,,1,19993,logistic,none,3345257222,0.5668449197860963,0.5987399770904926,0.2461115317134499,0.0773927163775496,0.4062128566797171,,,0.3118639072885409,,1.7219251336898396,0.9037433155080212,,0.0769380697890321,smk_can_187,24,44.289,eea1cc34fd9d82b0c6d7267dcc1cac30b2234f9f9020f48754a66d120f25f54e
mutual_info,k,k:2,,2,19993,logistic,none,3345257222,0.6203208556149733,0.6415807560137456,0.245324791843576,0.1182080993468519,0.3704203714798971,,,0.3234248236600023,,1.7593582887700534,0.9037433155080212,,0.1458204790589609,smk_can_187,24,44.289,eea1cc34fd9d82b0c6d7267dcc1cac30b2234f9f9020f48754a66d120f25f54e
mutual_info,k,k:4,,4,19993,logistic,none,3345257222,0.6417112299465241,0.6824742268041236,0.2296721889696296,0.109694080212815,0.3156730506167277,,,0.3395315511055143,,1.7165775401069518,0.9037433155080212,,0.1096645383453567,smk_can_187,24,44.289,eea1cc34fd9d82b0c6d7267dcc1cac30b2234f9f9020f48754a66d120f25f54e
mutual_info,k,k:8,,8,19993,logistic,none,3345257222,0.679144385026738,0.7233676975945017,0.2157629908825276,0.1051634106813412,0.2620287283156983,,,0.3569789027111428,,1.5454545454545454,0.9037433155080212,,0.1140395817002923,smk_can_187,24,44.289,eea1cc34fd9d82b0c6d7267dcc1cac30b2234f9f9020f48754a66d120f25f54e
mutual_info,k,k:16,,16,19993,logistic,none,3345257222,0.6684491978609626,0.7254295532646049,0.2221338330766943,0.1647462307184464,0.2539562914792346,,,0.3555971079032778,,1.6149732620320856,0.9037433155080212,,0.1469570809047751,smk_can_187,24,44.289,eea1cc34fd9d82b0c6d7267dcc1cac30b2234f9f9020f48754a66d120f25f54e
mutual_info,k,k:32,,32,19993,logistic,none,3345257222,0.6684491978609626,0.7331042382588774,0.2303611175305553,0.1600356680380524,0.2242744156448689,,,0.3424840378161037,,1.5561497326203209,0.9037433155080212,,0.1693987356944885,smk_can_187,24,44.289,eea1cc34fd9d82b0c6d7267dcc1cac30b2234f9f9020f48754a66d120f25f54e
mutual_info,k,k:64,,64,19993,logistic,none,3345257222,0.6737967914438503,0.7463917525773196,0.2437295440275611,0.223412597366974,0.2235314058006827,,,0.3322079149035934,,1.5080213903743316,0.9037433155080212,,0.2161872407938008,smk_can_187,24,44.289,eea1cc34fd9d82b0c6d7267dcc1cac30b2234f9f9020f48754a66d120f25f54e
mutual_info,k,k:128,,128,19993,logistic,none,3345257222,0.6470588235294118,0.7326460481099657,0.2669920793250952,0.2615681735142198,0.2289753234391757,,,0.3176957070843922,,1.5454545454545454,0.9037433155080212,,0.2275233642407352,smk_can_187,24,44.289,eea1cc34fd9d82b0c6d7267dcc1cac30b2234f9f9020f48754a66d120f25f54e
mutual_info,k,k:256,,256,19993,logistic,none,3345257222,0.7165775401069518,0.7687285223367698,0.229006992923688,0.2124008643562959,0.20215304409972,,,0.3453946048708385,,1.53475935828877,0.9037433155080212,,0.2256206326438044,smk_can_187,24,44.289,eea1cc34fd9d82b0c6d7267dcc1cac30b2234f9f9020f48754a66d120f25f54e
mutual_info,frac,frac:1,1.0,19993,19993,logistic,none,2674592740,0.7112299465240641,0.7843069873997709,0.2320000860956266,0.2165477589969089,0.1716166322322586,,,0.3585615602375046,,1.4598930481283423,0.9037433155080212,,0.2132818939684243,smk_can_187,25,41.639,eea1cc34fd9d82b0c6d7267dcc1cac30b2234f9f9020f48754a66d120f25f54e
mutual_info,k,k:1,,1,19993,logistic,none,2674592740,0.4973262032085561,0.4843642611683848,0.254393544044675,0.0849768639274479,0.4902606983209695,,,0.3059116925474191,,1.818181818181818,0.9037433155080212,,0.09645619798927,smk_can_187,25,41.639,eea1cc34fd9d82b0c6d7267dcc1cac30b2234f9f9020f48754a66d120f25f54e
mutual_info,k,k:2,,2,19993,logistic,none,2674592740,0.5347593582887701,0.5550973654066438,0.2609045589209319,0.0909347152749506,0.461384800991931,,,0.3018871439170261,,1.7486631016042782,0.9037433155080212,,0.1105601507427894,smk_can_187,25,41.639,eea1cc34fd9d82b0c6d7267dcc1cac30b2234f9f9020f48754a66d120f25f54e
mutual_info,k,k:4,,4,19993,logistic,none,2674592740,0.6149732620320856,0.6177548682703322,0.2508018269340169,0.0943498652447362,0.4014057087020508,,,0.3213397679439116,,1.7540106951871657,0.9037433155080212,,0.109536000256944,smk_can_187,25,41.639,eea1cc34fd9d82b0c6d7267dcc1cac30b2234f9f9020f48754a66d120f25f54e
mutual_info,k,k:8,,8,19993,logistic,none,2674592740,0.6203208556149733,0.6394043528064146,0.2457596809953593,0.1145540440342946,0.3601036523169422,,,0.3319898131294736,,1.7272727272727273,0.9037433155080212,,0.1341736861470757,smk_can_187,25,41.639,eea1cc34fd9d82b0c6d7267dcc1cac30b2234f9f9020f48754a66d120f25f54e
mutual_info,k,k:16,,16,19993,logistic,none,2674592740,0.6470588235294118,0.6907216494845361,0.2357070868904978,0.1862979486920745,0.3070730403934907,,,0.3484956983007779,,1.6844919786096255,0.9037433155080212,,0.205714997211706,smk_can_187,25,41.639,eea1cc34fd9d82b0c6d7267dcc1cac30b2234f9f9020f48754a66d120f25f54e
mutual_info,k,k:32,,32,19993,logistic,none,2674592740,0.6577540106951871,0.7103092783505155,0.2338530482940498,0.1612220308924454,0.2618148722781067,,,0.3394985500875626,,1.641711229946524,0.9037433155080212,,0.1807499496561525,smk_can_187,25,41.639,eea1cc34fd9d82b0c6d7267dcc1cac30b2234f9f9020f48754a66d120f25f54e
mutual_info,k,k:64,,64,19993,logistic,none,2674592740,0.6577540106951871,0.7018327605956471,0.2502710485585872,0.2025071899848481,0.2825731412979532,,,0.3341784764704616,,1.641711229946524,0.9037433155080212,,0.2189085202716958,smk_can_187,25,41.639,eea1cc34fd9d82b0c6d7267dcc1cac30b2234f9f9020f48754a66d120f25f54e
mutual_info,k,k:128,,128,19993,logistic,none,2674592740,0.7112299465240641,0.7508591065292096,0.2353699454798174,0.198482999962287,0.2102391831087115,,,0.3417033015505124,,1.5454545454545454,0.9037433155080212,,0.2147013080699683,smk_can_187,25,41.639,eea1cc34fd9d82b0c6d7267dcc1cac30b2234f9f9020f48754a66d120f25f54e
mutual_info,k,k:256,,256,19993,logistic,none,2674592740,0.7165775401069518,0.7861397479954181,0.2175527836158577,0.1833625341242689,0.1631752348211509,,,0.3531064908119178,,1.4545454545454546,0.9037433155080212,,0.1937615254941059,smk_can_187,25,41.639,eea1cc34fd9d82b0c6d7267dcc1cac30b2234f9f9020f48754a66d120f25f54e
mutual_info,frac,frac:1,1.0,19993,19993,logistic,none,3111678993,0.7219251336898396,0.7936998854524627,0.2199422035160055,0.1929819411698549,0.1640855073213658,,,0.3632059269704636,,1.4171122994652403,0.9037433155080212,,0.2004387218064805,smk_can_187,26,38.577,eea1cc34fd9d82b0c6d7267dcc1cac30b2234f9f9020f48754a66d120f25f54e
mutual_info,k,k:1,,1,19993,logistic,none,3111678993,0.5454545454545454,0.5800687285223368,0.2484635627325156,0.1095542661471076,0.4248895155910962,,,0.3046058370509838,,1.7540106951871657,0.9037433155080212,,0.1067582916677821,smk_can_187,26,38.577,eea1cc34fd9d82b0c6d7267dcc1cac30b2234f9f9020f48754a66d120f25f54e
mutual_info,k,k:2,,2,19993,logistic,none,3111678993,0.5828877005347594,0.6009163802978236,0.2434613746893413,0.0447613905979437,0.3793713314964035,,,0.3163974267717481,,1.7593582887700534,0.9037433155080212,,0.0596217433554496,smk_can_187,26,38.577,eea1cc34fd9d82b0c6d7267dcc1cac30b2234f9f9020f48754a66d120f25f54e
mutual_info,k,k:4,,4,19993,logistic,none,3111678993,0.6310160427807486,0.6684994272623138,0.2292551392317502,0.0902071843685858,0.291520507527903,,,0.3383954582616821,,1.679144385026738,0.9037433155080212,,0.0902831741698314,smk_can_187,26,38.577,eea1cc34fd9d82b0c6d7267dcc1cac30b2234f9f9020f48754a66d120f25f54e
mutual_info,k,k:8,,8,19993,logistic,none,3111678993,0.679144385026738,0.7187857961053837,0.2162827369565702,0.079781877761872,0.2682226662621211,,,0.3541757066798298,,1.5508021390374331,0.9037433155080212,,0.07171296257634,smk_can_187,26,38.577,eea1cc34fd9d82b0c6d7267dcc1cac30b2234f9f9020f48754a66d120f25f54e
mutual_info,k,k:16,,16,19993,logistic,none,3111678993,0.7058823529411765,0.7508591065292096,0.2072022369318696,0.1320177190312276,0.2586804036465032,,,0.3632918992102936,,1.5240641711229947,0.9037433155080212,,0.1342628297768715,smk_can_187,26,38.577,eea1cc34fd9d82b0c6d7267dcc1cac30b2234f9f9020f48754a66d120f25f54e
mutual_info,k,k:32,,32,19993,logistic,none,3111678993,0.679144385026738,0.7184421534936999,0.2303839606024414,0.1374700584836888,0.2876358592904891,,,0.341264559361816,,1.6203208556149733,0.9037433155080212,,0.1598045790031768,smk_can_187,26,38.577,eea1cc34fd9d82b0c6d7267dcc1cac30b2234f9f9020f48754a66d120f25f54e
mutual_info,k,k:64,,64,19993,logistic,none,3111678993,0.6470588235294118,0.7093928980526919,0.2498174192022635,0.206109356889164,0.3025904467315081,,,0.3284891767860145,,1.609625668449198,0.9037433155080212,,0.1980552391297254,smk_can_187,26,38.577,eea1cc34fd9d82b0c6d7267dcc1cac30b2234f9f9020f48754a66d120f25f54e
mutual_info,k,k:128,,128,19993,logistic,none,3111678993,0.7058823529411765,0.7671248568155784,0.220274508226353,0.1969737700207273,0.2311443075380924,,,0.3579677184516429,,1.4919786096256684,0.9037433155080212,,0.1964833197255323,smk_can_187,26,38.577,eea1cc34fd9d82b0c6d7267dcc1cac30b2234f9f9020f48754a66d120f25f54e
mutual_info,k,k:256,,256,19993,logistic,none,3111678993,0.6844919786096256,0.7702176403207331,0.2421926031251344,0.2093751388559459,0.1834931345799291,,,0.3355230448234302,,1.4598930481283423,0.9037433155080212,,0.2383195281432509,smk_can_187,26,38.577,eea1cc34fd9d82b0c6d7267dcc1cac30b2234f9f9020f48754a66d120f25f54e
mutual_info,frac,frac:1,1.0,19993,19993,logistic,none,3317830135,0.7379679144385026,0.8054982817869416,0.2177914631727196,0.2170319090341334,0.1511419632380304,,,0.3632638406934544,,1.4438502673796791,0.9037433155080212,,0.2017016511950127,smk_can_187,27,36.284,eea1cc34fd9d82b0c6d7267dcc1cac30b2234f9f9020f48754a66d120f25f54e
mutual_info,k,k:1,,1,19993,logistic,none,3317830135,0.5347593582887701,0.5919816723940435,0.2456709782616127,0.0889263119075321,0.3955847530832331,,,0.3092538291080767,,1.7058823529411764,0.9037433155080212,,0.0934261435312165,smk_can_187,27,36.284,eea1cc34fd9d82b0c6d7267dcc1cac30b2234f9f9020f48754a66d120f25f54e
mutual_info,k,k:2,,2,19993,logistic,none,3317830135,0.5347593582887701,0.6034364261168386,0.2429081310688491,0.1427795270055843,0.3702291718096876,,,0.3097760264501394,,1.641711229946524,0.9037433155080212,,0.1683428352410191,smk_can_187,27,36.284,eea1cc34fd9d82b0c6d7267dcc1cac30b2234f9f9020f48754a66d120f25f54e
mutual_info,k,k:4,,4,19993,logistic,none,3317830135,0.6042780748663101,0.6442153493699885,0.2387096160300996,0.0998395392034216,0.3425070949017139,,,0.3196216728551805,,1.7379679144385027,0.9037433155080212,,0.1184801919960608,smk_can_187,27,36.284,eea1cc34fd9d82b0c6d7267dcc1cac30b2234f9f9020f48754a66d120f25f54e
mutual_info,k,k:8,,8,19993,logistic,none,3317830135,0.6524064171122995,0.6839633447880871,0.228185478869288,0.0713943318568194,0.3026767566450887,,,0.3327022280417444,,1.625668449197861,0.9037433155080212,,0.0916001437573034,smk_can_187,27,36.284,eea1cc34fd9d82b0c6d7267dcc1cac30b2234f9f9020f48754a66d120f25f54e
mutual_info,k,k:16,,16,19993,logistic,none,3317830135,0.7219251336898396,0.7428407789232531,0.2101672397526064,0.1308074612574601,0.2285778446868882,,,0.3604072536051319,,1.5401069518716577,0.9037433155080212,,0.1115466933528031,smk_can_187,27,36.284,eea1cc34fd9d82b0c6d7267dcc1cac30b2234f9f9020f48754a66d120f25f54e
mutual_info,k,k:32,,32,19993,logistic,none,3317830135,0.7272727272727273,0.7764032073310424,0.206033350810297,0.1314965771462292,0.196800247662339,,,0.3651888553991695,,1.5240641711229947,0.9037433155080212,,0.1391533662479202,smk_can_187,27,36.284,eea1cc34fd9d82b0c6d7267dcc1cac30b2234f9f9020f48754a66d120f25f54e
mutual_info,k,k:64,,64,19993,logistic,none,3317830135,0.7058823529411765,0.7717067583046964,0.2267721003906559,0.1834000716206169,0.1768709593172415,,,0.3438464171905449,,1.502673796791444,0.9037433155080212,,0.1985676472318254,smk_can_187,27,36.284,eea1cc34fd9d82b0c6d7267dcc1cac30b2234f9f9020f48754a66d120f25f54e
mutual_info,k,k:128,,128,19993,logistic,none,3317830135,0.6951871657754011,0.7609392898052691,0.2424280085513107,0.2188023811171422,0.1934376885056645,,,0.3378026930001939,,1.497326203208556,0.9037433155080212,,0.2281797763312369,smk_can_187,27,36.284,eea1cc34fd9d82b0c6d7267dcc1cac30b2234f9f9020f48754a66d120f25f54e
mutual_info,k,k:256,,256,19993,logistic,none,3317830135,0.732620320855615,0.7996563573883162,0.2022636981331194,0.1828557618871482,0.1713265948523726,,,0.3809056521806963,,1.4598930481283423,0.9037433155080212,,0.1607631058443189,smk_can_187,27,36.284,eea1cc34fd9d82b0c6d7267dcc1cac30b2234f9f9020f48754a66d120f25f54e
mutual_info,frac,frac:1,1.0,19993,19993,logistic,none,55629506,0.7219251336898396,0.7678121420389462,0.2301207783700246,0.2222291929546776,0.1823485995943472,,,0.3579909567923491,,1.4866310160427807,0.9037433155080212,,0.2173989002403815,smk_can_187,28,35.861,eea1cc34fd9d82b0c6d7267dcc1cac30b2234f9f9020f48754a66d120f25f54e
mutual_info,k,k:1,,1,19993,logistic,none,55629506,0.5187165775401069,0.5622565864833906,0.2496153978336845,0.0829844050789253,0.4338201226549508,,,0.3004793276368422,,1.7593582887700534,0.9037433155080212,,0.0855407930463143,smk_can_187,28,35.861,eea1cc34fd9d82b0c6d7267dcc1cac30b2234f9f9020f48754a66d120f25f54e
mutual_info,k,k:2,,2,19993,logistic,none,55629506,0.5454545454545454,0.5641466208476518,0.252815586649136,0.0915687790140229,0.433417144506007,,,0.3052014801060451,,1.7700534759358288,0.9037433155080212,,0.0971875250089709,smk_can_187,28,35.861,eea1cc34fd9d82b0c6d7267dcc1cac30b2234f9f9020f48754a66d120f25f54e
mutual_info,k,k:4,,4,19993,logistic,none,55629506,0.5935828877005348,0.6171821305841925,0.2457688726293867,0.1108704632907922,0.3526050937203004,,,0.3089144014966795,,1.7272727272727273,0.9037433155080212,,0.1222187104441292,smk_can_187,28,35.861,eea1cc34fd9d82b0c6d7267dcc1cac30b2234f9f9020f48754a66d120f25f54e
mutual_info,k,k:8,,8,19993,logistic,none,55629506,0.6577540106951871,0.7069873997709049,0.2186474999130062,0.1284668185759769,0.2384957116927395,,,0.3476192256591094,,1.5775401069518715,0.9037433155080212,,0.145861755292212,smk_can_187,28,35.861,eea1cc34fd9d82b0c6d7267dcc1cac30b2234f9f9020f48754a66d120f25f54e
mutual_info,k,k:16,,16,19993,logistic,none,55629506,0.6684491978609626,0.7363115693012601,0.2168940043486696,0.1171201775728438,0.2232831812676549,,,0.3367477066553213,,1.5240641711229947,0.9037433155080212,,0.1269323451914492,smk_can_187,28,35.861,eea1cc34fd9d82b0c6d7267dcc1cac30b2234f9f9020f48754a66d120f25f54e
mutual_info,k,k:32,,32,19993,logistic,none,55629506,0.7165775401069518,0.7883161512027491,0.1965388869613715,0.1074368190119864,0.1755857774367845,,,0.3649950001585977,,1.4385026737967914,0.9037433155080212,,0.116394183277337,smk_can_187,28,35.861,eea1cc34fd9d82b0c6d7267dcc1cac30b2234f9f9020f48754a66d120f25f54e
mutual_info,k,k:64,,64,19993,logistic,none,55629506,0.679144385026738,0.7552119129438717,0.2371677818968641,0.209772871839174,0.2185030626984107,,,0.3453084171145832,,1.53475935828877,0.9037433155080212,,0.2036579810618256,smk_can_187,28,35.861,eea1cc34fd9d82b0c6d7267dcc1cac30b2234f9f9020f48754a66d120f25f54e
mutual_info,k,k:128,,128,19993,logistic,none,55629506,0.6524064171122995,0.7269186712485681,0.2624246381272436,0.2355545788599167,0.2458372744939174,,,0.3228342012890589,,1.518716577540107,0.9037433155080212,,0.2347951417834934,smk_can_187,28,35.861,eea1cc34fd9d82b0c6d7267dcc1cac30b2234f9f9020f48754a66d120f25f54e
mutual_info,k,k:256,,256,19993,logistic,none,55629506,0.679144385026738,0.738602520045819,0.2491221876073055,0.2330318378870728,0.2474158566689673,,,0.3358490470558962,,1.5614973262032086,0.9037433155080212,,0.2379110685801706,smk_can_187,28,35.861,eea1cc34fd9d82b0c6d7267dcc1cac30b2234f9f9020f48754a66d120f25f54e
mutual_info,frac,frac:1,1.0,19993,19993,logistic,none,3977732295,0.7005347593582888,0.7927835051546392,0.2252278516040429,0.1944239995689325,0.153227549753096,,,0.3577905078381125,,1.4331550802139037,0.9037433155080212,,0.1991858770483761,smk_can_187,29,37.232,eea1cc34fd9d82b0c6d7267dcc1cac30b2234f9f9020f48754a66d120f25f54e
mutual_info,k,k:1,,1,19993,logistic,none,3977732295,0.5187165775401069,0.5537800687285224,0.2492268225153021,0.075802530093398,0.4547365032226603,,,0.3073500394990494,,1.7593582887700534,0.9037433155080212,,0.0703247807583947,smk_can_187,29,37.232,eea1cc34fd9d82b0c6d7267dcc1cac30b2234f9f9020f48754a66d120f25f54e
mutual_info,k,k:2,,2,19993,logistic,none,3977732295,0.5668449197860963,0.556930126002291,0.2505127693335508,0.0685347253265229,0.4249559539245542,,,0.3145500802290819,,1.7754010695187166,0.9037433155080212,,0.1075090838298287,smk_can_187,29,37.232,eea1cc34fd9d82b0c6d7267dcc1cac30b2234f9f9020f48754a66d120f25f54e
mutual_info,k,k:4,,4,19993,logistic,none,3977732295,0.5721925133689839,0.6223367697594502,0.2429471795231254,0.0797487327330319,0.3418380644373976,,,0.3146836061105537,,1.6737967914438503,0.9037433155080212,,0.0881526850798336,smk_can_187,29,37.232,eea1cc34fd9d82b0c6d7267dcc1cac30b2234f9f9020f48754a66d120f25f54e
mutual_info,k,k:8,,8,19993,logistic,none,3977732295,0.5882352941176471,0.6435280641466208,0.243254972281236,0.1060709937008077,0.3246829709130077,,,0.3177990866342803,,1.6844919786096255,0.9037433155080212,,0.125773357963265,smk_can_187,29,37.232,eea1cc34fd9d82b0c6d7267dcc1cac30b2234f9f9020f48754a66d120f25f54e
mutual_info,k,k:16,,16,19993,logistic,none,3977732295,0.6631016042780749,0.7115693012600228,0.2254755987313723,0.1235585304181635,0.258369977425354,,,0.3435444181389805,,1.60427807486631,0.9037433155080212,,0.1341985319824727,smk_can_187,29,37.232,eea1cc34fd9d82b0c6d7267dcc1cac30b2234f9f9020f48754a66d120f25f54e
mutual_info,k,k:32,,32,19993,logistic,none,3977732295,0.6737967914438503,0.736540664375716,0.2230853484124003,0.1248453632117802,0.2358805866384182,,,0.3407173903864815,,1.518716577540107,0.9037433155080212,,0.1458651946053532,smk_can_187,29,37.232,eea1cc34fd9d82b0c6d7267dcc1cac30b2234f9f9020f48754a66d120f25f54e
mutual_info,k,k:64,,64,19993,logistic,none,3977732295,0.7165775401069518,0.7552119129438717,0.2164341552258896,0.1691329969869196,0.2150881004030486,,,0.3500895896484399,,1.60427807486631,0.9037433155080212,,0.1825360915969957,smk_can_187,29,37.232,eea1cc34fd9d82b0c6d7267dcc1cac30b2234f9f9020f48754a66d120f25f54e
mutual_info,k,k:128,,128,19993,logistic,none,3977732295,0.7112299465240641,0.7805269186712486,0.2217061854318916,0.1985098056308403,0.1836002784548092,,,0.3485272094036172,,1.4866310160427807,0.9037433155080212,,0.1932632276797107,smk_can_187,29,37.232,eea1cc34fd9d82b0c6d7267dcc1cac30b2234f9f9020f48754a66d120f25f54e
mutual_info,k,k:256,,256,19993,logistic,none,3977732295,0.7165775401069518,0.8014891179839634,0.2078894406708108,0.1631722872145793,0.1712907843613665,,,0.3561659037779552,,1.4224598930481285,0.9037433155080212,,0.1753554891485354,smk_can_187,29,37.232,eea1cc34fd9d82b0c6d7267dcc1cac30b2234f9f9020f48754a66d120f25f54e
mutual_info,frac,frac:1,1.0,19993,19993,rf,none,2218497092,0.679144385026738,0.7298396334478808,0.2056228163992869,0.0924064171122994,0.2298837024737577,,,0.3651714968319769,,1.5080213903743316,0.9037433155080212,,0.0873777777777777,smk_can_187,0,71.629,eea1cc34fd9d82b0c6d7267dcc1cac30b2234f9f9020f48754a66d120f25f54e
mutual_info,k,k:1,,1,19993,rf,none,2218497092,0.4919786096256685,0.5082474226804125,0.3859953409353641,0.3712578304048892,0.4747411978548724,,,0.2221105252634401,,1.8449197860962567,0.9144385026737968,,0.3976774074074074,smk_can_187,0,71.629,eea1cc34fd9d82b0c6d7267dcc1cac30b2234f9f9020f48754a66d120f25f54e
mutual_info,k,k:2,,2,19993,rf,none,2218497092,0.5935828877005348,0.6212485681557847,0.2764655971479501,0.1973975044563279,0.3690051009880726,,,0.2923155989543612,,1.732620320855615,0.9037433155080212,,0.2048444444444444,smk_can_187,0,71.629,eea1cc34fd9d82b0c6d7267dcc1cac30b2234f9f9020f48754a66d120f25f54e
mutual_info,k,k:4,,4,19993,rf,none,2218497092,0.6363636363636364,0.6504009163802978,0.251420083184789,0.1357575757575757,0.3473216708801671,,,0.3187471156287302,,1.7486631016042782,0.9037433155080212,,0.1721333333333333,smk_can_187,0,71.629,eea1cc34fd9d82b0c6d7267dcc1cac30b2234f9f9020f48754a66d120f25f54e
mutual_info,k,k:8,,8,19993,rf,none,2218497092,0.6203208556149733,0.6677548682703323,0.2397273915626857,0.1086274509803921,0.2986920252658431,,,0.3324283681733784,,1.6310160427807487,0.9037433155080212,,0.1157333333333333,smk_can_187,0,71.629,eea1cc34fd9d82b0c6d7267dcc1cac30b2234f9f9020f48754a66d120f25f54e
mutual_info,k,k:16,,16,19993,rf,none,2218497092,0.6737967914438503,0.716036655211913,0.2167788472964943,0.1020677361853832,0.2682606444509681,,,0.355003973360877,,1.5775401069518715,0.9144385026737968,,0.1101777777777777,smk_can_187,0,71.629,eea1cc34fd9d82b0c6d7267dcc1cac30b2234f9f9020f48754a66d120f25f54e
mutual_info,k,k:32,,32,19993,rf,none,2218497092,0.6737967914438503,0.7265177548682704,0.2095270350564468,0.0919429590017825,0.2351163390893983,,,0.3627690899199582,,1.572192513368984,0.9144385026737968,,0.0987555555555555,smk_can_187,0,71.629,eea1cc34fd9d82b0c6d7267dcc1cac30b2234f9f9020f48754a66d120f25f54e
mutual_info,k,k:64,,64,19993,rf,none,2218497092,0.6951871657754011,0.7532646048109966,0.198761972667855,0.1061319073083779,0.2151279011721386,,,0.3633799865460225,,1.6524064171122994,0.9251336898395722,,0.1176888888888889,smk_can_187,0,71.629,eea1cc34fd9d82b0c6d7267dcc1cac30b2234f9f9020f48754a66d120f25f54e
mutual_info,k,k:128,,128,19993,rf,none,2218497092,0.6844919786096256,0.7393470790378007,0.2052458704693999,0.0787878787878788,0.2358012738316745,,,0.3645672758627654,,1.5401069518716577,0.9037433155080212,,0.0843111111111111,smk_can_187,0,71.629,eea1cc34fd9d82b0c6d7267dcc1cac30b2234f9f9020f48754a66d120f25f54e
mutual_info,k,k:256,,256,19993,rf,none,2218497092,0.6951871657754011,0.745589919816724,0.1999332144979203,0.0879500891265596,0.2137377753171408,,,0.3722874798995284,,1.5294117647058822,0.9037433155080212,,0.0918666666666666,smk_can_187,0,71.629,eea1cc34fd9d82b0c6d7267dcc1cac30b2234f9f9020f48754a66d120f25f54e
mutual_info,frac,frac:1,1.0,19993,19993,rf,none,1407634984,0.6684491978609626,0.7432416953035509,0.2037666072489602,0.0724420677361853,0.2009358687128954,,,0.3615064865745521,,1.53475935828877,0.9144385026737968,,0.0677333333333333,smk_can_187,1,70.584,eea1cc34fd9d82b0c6d7267dcc1cac30b2234f9f9020f48754a66d120f25f54e
mutual_info,k,k:1,,1,19993,rf,none,1407634984,0.5187165775401069,0.5279495990836197,0.3822035604059806,0.3672557507851626,0.4869224084698998,,,0.2250110117510699,,1.8288770053475936,0.9090909090909092,,0.4206459259259257,smk_can_187,1,70.584,eea1cc34fd9d82b0c6d7267dcc1cac30b2234f9f9020f48754a66d120f25f54e
mutual_info,k,k:2,,2,19993,rf,none,1407634984,0.5668449197860963,0.5807560137457045,0.3044572786690434,0.2417825311942958,0.428635358417854,,,0.2899147318141219,,1.7379679144385027,0.9037433155080212,,0.2565777777777778,smk_can_187,1,70.584,eea1cc34fd9d82b0c6d7267dcc1cac30b2234f9f9020f48754a66d120f25f54e
mutual_info,k,k:4,,4,19993,rf,none,1407634984,0.5294117647058824,0.5891752577319587,0.2743265597147949,0.1885561497326203,0.384474693464337,,,0.2995211355372359,,1.7379679144385027,0.9037433155080212,,0.1946666666666666,smk_can_187,1,70.584,eea1cc34fd9d82b0c6d7267dcc1cac30b2234f9f9020f48754a66d120f25f54e
mutual_info,k,k:8,,8,19993,rf,none,1407634984,0.6737967914438503,0.6847079037800687,0.2284382650029708,0.0930481283422459,0.2955539000656424,,,0.3454754006899461,,1.6470588235294117,0.9037433155080212,,0.0983555555555555,smk_can_187,1,70.584,eea1cc34fd9d82b0c6d7267dcc1cac30b2234f9f9020f48754a66d120f25f54e
mutual_info,k,k:16,,16,19993,rf,none,1407634984,0.6524064171122995,0.6974226804123711,0.2235054070112894,0.0923707664884135,0.2839543155921974,,,0.3386157797580617,,1.6577540106951871,0.9037433155080212,,0.1000444444444444,smk_can_187,1,70.584,eea1cc34fd9d82b0c6d7267dcc1cac30b2234f9f9020f48754a66d120f25f54e
mutual_info,k,k:32,,32,19993,rf,none,1407634984,0.6844919786096256,0.722451317296678,0.2117447415329768,0.0944028520499108,0.2426105092363242,,,0.3567935222225583,,1.5775401069518715,0.9037433155080212,,0.1064888888888888,smk_can_187,1,70.584,eea1cc34fd9d82b0c6d7267dcc1cac30b2234f9f9020f48754a66d120f25f54e
mutual_info,k,k:64,,64,19993,rf,none,1407634984,0.6737967914438503,0.733963344788087,0.2058963755199049,0.1409269162210338,0.2157346297492235,,,0.3576581969645112,,1.502673796791444,0.9037433155080212,,0.1552888888888888,smk_can_187,1,70.584,eea1cc34fd9d82b0c6d7267dcc1cac30b2234f9f9020f48754a66d120f25f54e
mutual_info,k,k:128,,128,19993,rf,none,1407634984,0.679144385026738,0.7267468499427262,0.207597385620915,0.0915508021390374,0.2262536188077856,,,0.3605122599147233,,1.5775401069518715,0.9197860962566844,,0.1052,smk_can_187,1,70.584,eea1cc34fd9d82b0c6d7267dcc1cac30b2234f9f9020f48754a66d120f25f54e
mutual_info,k,k:256,,256,19993,rf,none,1407634984,0.6844919786096256,0.7261741122565865,0.2073397504456327,0.084777183600713,0.2239551944140529,,,0.3590977525697785,,1.5935828877005347,0.9144385026737968,,0.1053333333333333,smk_can_187,1,70.584,eea1cc34fd9d82b0c6d7267dcc1cac30b2234f9f9020f48754a66d120f25f54e
mutual_info,frac,frac:1,1.0,19993,19993,rf,none,3114727655,0.6898395721925134,0.7509163802978236,0.1976047534165181,0.1049554367201426,0.1921996720789185,,,0.3742862800600717,,1.46524064171123,0.9037433155080212,,0.0948888888888889,smk_can_187,2,68.003,eea1cc34fd9d82b0c6d7267dcc1cac30b2234f9f9020f48754a66d120f25f54e
mutual_info,k,k:1,,1,19993,rf,none,3114727655,0.5133689839572193,0.4926116838487972,0.4028393327634084,0.3648203887615651,0.5311346777113433,,,0.2225778285722237,,2.0,1.0,,0.4195214814814814,smk_can_187,2,68.003,eea1cc34fd9d82b0c6d7267dcc1cac30b2234f9f9020f48754a66d120f25f54e
mutual_info,k,k:2,,2,19993,rf,none,3114727655,0.5828877005347594,0.5838487972508591,0.2972014260249554,0.2020320855614973,0.4189476290276099,,,0.2847778180542176,,1.732620320855615,0.9037433155080212,,0.2387111111111111,smk_can_187,2,68.003,eea1cc34fd9d82b0c6d7267dcc1cac30b2234f9f9020f48754a66d120f25f54e
mutual_info,k,k:4,,4,19993,rf,none,3114727655,0.6363636363636364,0.6467926689576174,0.2523448603683897,0.1546167557932263,0.32413952031243,,,0.3230413599083441,,1.6737967914438503,0.9037433155080212,,0.1738222222222222,smk_can_187,2,68.003,eea1cc34fd9d82b0c6d7267dcc1cac30b2234f9f9020f48754a66d120f25f54e
mutual_info,k,k:8,,8,19993,rf,none,3114727655,0.6898395721925134,0.738659793814433,0.2081806298276886,0.0850623885918003,0.2355105404421517,,,0.3543245869278607,,1.5828877005347597,0.9144385026737968,,0.0743111111111111,smk_can_187,2,68.003,eea1cc34fd9d82b0c6d7267dcc1cac30b2234f9f9020f48754a66d120f25f54e
mutual_info,k,k:16,,16,19993,rf,none,3114727655,0.7165775401069518,0.7556701030927835,0.1994571598336304,0.0891978609625668,0.2211593744899179,,,0.3673734777388842,,1.481283422459893,0.9037433155080212,,0.0881333333333333,smk_can_187,2,68.003,eea1cc34fd9d82b0c6d7267dcc1cac30b2234f9f9020f48754a66d120f25f54e
mutual_info,k,k:32,,32,19993,rf,none,3114727655,0.6684491978609626,0.7406071019473082,0.2042849673202614,0.1093404634581105,0.2279495726462249,,,0.363275878137569,,1.53475935828877,0.9090909090909092,,0.1033333333333333,smk_can_187,2,68.003,eea1cc34fd9d82b0c6d7267dcc1cac30b2234f9f9020f48754a66d120f25f54e
mutual_info,k,k:64,,64,19993,rf,none,3114727655,0.7112299465240641,0.7520045819014891,0.200660487225193,0.1372905525846702,0.2102821063659218,,,0.3677701907488392,,1.5401069518716577,0.9037433155080212,,0.1234222222222222,smk_can_187,2,68.003,eea1cc34fd9d82b0c6d7267dcc1cac30b2234f9f9020f48754a66d120f25f54e
mutual_info,k,k:128,,128,19993,rf,none,3114727655,0.7219251336898396,0.7527491408934708,0.1983633986928104,0.0980392156862744,0.2117006819110557,,,0.3683272556027835,,1.5614973262032086,0.9090909090909092,,0.1009777777777778,smk_can_187,2,68.003,eea1cc34fd9d82b0c6d7267dcc1cac30b2234f9f9020f48754a66d120f25f54e
mutual_info,k,k:256,,256,19993,rf,none,3114727655,0.7005347593582888,0.7332187857961053,0.2050550207961972,0.0795365418894831,0.2187482765734453,,,0.3635648649410166,,1.5828877005347597,0.9037433155080212,,0.1056888888888888,smk_can_187,2,68.003,eea1cc34fd9d82b0c6d7267dcc1cac30b2234f9f9020f48754a66d120f25f54e
mutual_info,frac,frac:1,1.0,19993,19993,rf,none,3466003930,0.7005347593582888,0.7393470790378006,0.2031237076648841,0.0971479500891265,0.2086765729000451,,,0.3695973043369863,,1.5294117647058822,0.9037433155080212,,0.0884888888888888,smk_can_187,3,71.58,eea1cc34fd9d82b0c6d7267dcc1cac30b2234f9f9020f48754a66d120f25f54e
mutual_info,k,k:1,,1,19993,rf,none,3466003930,0.5775401069518716,0.5566437571592211,0.3563101227938987,0.3314204227145404,0.4103572634731518,,,0.2522519107392929,,1.807486631016043,0.9197860962566844,,0.3836190476190475,smk_can_187,3,71.58,eea1cc34fd9d82b0c6d7267dcc1cac30b2234f9f9020f48754a66d120f25f54e
mutual_info,k,k:2,,2,19993,rf,none,3466003930,0.5668449197860963,0.5778923253150058,0.2987125371360665,0.2126559714795008,0.4085662629294113,,,0.2823690405325585,,1.786096256684492,0.9090909090909092,,0.2606666666666666,smk_can_187,3,71.58,eea1cc34fd9d82b0c6d7267dcc1cac30b2234f9f9020f48754a66d120f25f54e
mutual_info,k,k:4,,4,19993,rf,none,3466003930,0.6042780748663101,0.6311569301260023,0.2617639928698752,0.147807486631016,0.3510336005232235,,,0.2985054764082575,,1.7165775401069518,0.9090909090909092,,0.1619999999999999,smk_can_187,3,71.58,eea1cc34fd9d82b0c6d7267dcc1cac30b2234f9f9020f48754a66d120f25f54e
mutual_info,k,k:8,,8,19993,rf,none,3466003930,0.6417112299465241,0.7028636884306988,0.2226338680926916,0.0929055258467023,0.2639607016927973,,,0.3426836630088226,,1.60427807486631,0.9037433155080212,,0.0874222222222222,smk_can_187,3,71.58,eea1cc34fd9d82b0c6d7267dcc1cac30b2234f9f9020f48754a66d120f25f54e
mutual_info,k,k:16,,16,19993,rf,none,3466003930,0.679144385026738,0.6986254295532646,0.2229628045157456,0.0857040998217468,0.2686114573527602,,,0.3443923806687452,,1.625668449197861,0.9090909090909092,,0.0969777777777778,smk_can_187,3,71.58,eea1cc34fd9d82b0c6d7267dcc1cac30b2234f9f9020f48754a66d120f25f54e
mutual_info,k,k:32,,32,19993,rf,none,3466003930,0.6577540106951871,0.7080756013745704,0.2158614379084966,0.1396434937611408,0.2494673948358009,,,0.3561971512013846,,1.641711229946524,0.9144385026737968,,0.1542666666666666,smk_can_187,3,71.58,eea1cc34fd9d82b0c6d7267dcc1cac30b2234f9f9020f48754a66d120f25f54e
mutual_info,k,k:64,,64,19993,rf,none,3466003930,0.7058823529411765,0.7463917525773196,0.2005708853238265,0.0836363636363636,0.2109802069999348,,,0.3663123651441974,,1.5614973262032086,0.9037433155080212,,0.0972888888888888,smk_can_187,3,71.58,eea1cc34fd9d82b0c6d7267dcc1cac30b2234f9f9020f48754a66d120f25f54e
mutual_info,k,k:128,,128,19993,rf,none,3466003930,0.7058823529411765,0.7561855670103093,0.1979674390968508,0.1075935828877005,0.2020997376735649,,,0.3710974756732985,,1.518716577540107,0.9037433155080212,,0.1097333333333333,smk_can_187,3,71.58,eea1cc34fd9d82b0c6d7267dcc1cac30b2234f9f9020f48754a66d120f25f54e
mutual_info,k,k:256,,256,19993,rf,none,3466003930,0.7433155080213903,0.7578465063001145,0.1934279263220439,0.1026737967914438,0.1868121854666466,,,0.3833668635331539,,1.5561497326203209,0.9144385026737968,,0.0914222222222222,smk_can_187,3,71.58,eea1cc34fd9d82b0c6d7267dcc1cac30b2234f9f9020f48754a66d120f25f54e
mutual_info,frac,frac:1,1.0,19993,19993,rf,none,1906967767,0.6898395721925134,0.7314432989690722,0.207169578134284,0.1027450980392157,0.2213915260295639,,,0.3602364434413954,,1.5240641711229947,0.9037433155080212,,0.1238222222222221,smk_can_187,4,78.423,eea1cc34fd9d82b0c6d7267dcc1cac30b2234f9f9020f48754a66d120f25f54e
mutual_info,k,k:1,,1,19993,rf,none,1906967767,0.5561497326203209,0.5530355097365407,0.3644655084053823,0.3267928868517104,0.4728784339002546,,,0.2403536489503529,,2.0,1.0,,0.3767068783068782,smk_can_187,4,78.423,eea1cc34fd9d82b0c6d7267dcc1cac30b2234f9f9020f48754a66d120f25f54e
mutual_info,k,k:2,,2,19993,rf,none,1906967767,0.5668449197860963,0.604410080183276,0.2886032085561497,0.2049910873440285,0.3975671414379274,,,0.2909343663932497,,1.7379679144385027,0.9090909090909092,,0.2436444444444444,smk_can_187,4,78.423,eea1cc34fd9d82b0c6d7267dcc1cac30b2234f9f9020f48754a66d120f25f54e
mutual_info,k,k:4,,4,19993,rf,none,1906967767,0.6737967914438503,0.6927262313860253,0.2316071301247771,0.1265953654188948,0.2918363465309033,,,0.3306839123523684,,1.6524064171122994,0.9037433155080212,,0.1421777777777777,smk_can_187,4,78.423,eea1cc34fd9d82b0c6d7267dcc1cac30b2234f9f9020f48754a66d120f25f54e
mutual_info,k,k:8,,8,19993,rf,none,1906967767,0.7112299465240641,0.7393470790378007,0.2100370766488413,0.1050623885918003,0.2386636861979677,,,0.3585679736219984,,1.572192513368984,0.9037433155080212,,0.1192,smk_can_187,4,78.423,eea1cc34fd9d82b0c6d7267dcc1cac30b2234f9f9020f48754a66d120f25f54e
mutual_info,k,k:16,,16,19993,rf,none,1906967767,0.7005347593582888,0.7239404352806414,0.2099995246583482,0.0950089126559714,0.2427426581469067,,,0.3603088940241832,,1.6577540106951871,0.9037433155080212,,0.1067111111111111,smk_can_187,4,78.423,eea1cc34fd9d82b0c6d7267dcc1cac30b2234f9f9020f48754a66d120f25f54e
mutual_info,k,k:32,,32,19993,rf,none,1906967767,0.6898395721925134,0.7058991981672393,0.2174723707664884,0.1248128342245989,0.2647076745901319,,,0.3613150258020896,,1.6203208556149733,0.9037433155080212,,0.1283555555555555,smk_can_187,4,78.423,eea1cc34fd9d82b0c6d7267dcc1cac30b2234f9f9020f48754a66d120f25f54e
mutual_info,k,k:64,,64,19993,rf,none,1906967767,0.6737967914438503,0.7099656357388316,0.2151046939988116,0.0579322638146167,0.2520156895348704,,,0.3534320239919384,,1.609625668449198,0.9090909090909092,,0.0722222222222222,smk_can_187,4,78.423,eea1cc34fd9d82b0c6d7267dcc1cac30b2234f9f9020f48754a66d120f25f54e
mutual_info,k,k:128,,128,19993,rf,none,1906967767,0.6737967914438503,0.7334478808705612,0.2055149138443256,0.0974688057040998,0.2222784776041438,,,0.3630197993993551,,1.5080213903743316,0.9037433155080212,,0.1113333333333333,smk_can_187,4,78.423,eea1cc34fd9d82b0c6d7267dcc1cac30b2234f9f9020f48754a66d120f25f54e
mutual_info,k,k:256,,256,19993,rf,none,1906967767,0.6631016042780749,0.7299541809851088,0.2070816399286987,0.1024598930481283,0.2263874330588288,,,0.3628360125701401,,1.5828877005347597,0.9090909090909092,,0.0954222222222222,smk_can_187,4,78.423,eea1cc34fd9d82b0c6d7267dcc1cac30b2234f9f9020f48754a66d120f25f54e
mutual_info,frac,frac:1,1.0,19993,19993,rf,none,2243231705,0.6951871657754011,0.7207903780068728,0.2074222222222222,0.1337967914438503,0.2359211443353207,,,0.3678195478348267,,1.641711229946524,0.9197860962566844,,0.1435111111111111,smk_can_187,5,78.254,eea1cc34fd9d82b0c6d7267dcc1cac30b2234f9f9020f48754a66d120f25f54e
mutual_info,k,k:1,,1,19993,rf,none,2243231705,0.5614973262032086,0.5554982817869416,0.3622267449825048,0.3234031491384432,0.4334022353349051,,,0.2375008835875109,,1.8021390374331552,0.9037433155080212,,0.3595103703703703,smk_can_187,5,78.254,eea1cc34fd9d82b0c6d7267dcc1cac30b2234f9f9020f48754a66d120f25f54e
mutual_info,k,k:2,,2,19993,rf,none,2243231705,0.5828877005347594,0.5778350515463917,0.3020865121806298,0.1983957219251337,0.4183435849967122,,,0.2805152139458096,,1.807486631016043,0.9037433155080212,,0.2270666666666666,smk_can_187,5,78.254,eea1cc34fd9d82b0c6d7267dcc1cac30b2234f9f9020f48754a66d120f25f54e
mutual_info,k,k:4,,4,19993,rf,none,2243231705,0.5882352941176471,0.5991408934707904,0.2737276292335115,0.155187165775401,0.3783455743956094,,,0.2993680574085456,,1.786096256684492,0.9251336898395722,,0.1911555555555555,smk_can_187,5,78.254,eea1cc34fd9d82b0c6d7267dcc1cac30b2234f9f9020f48754a66d120f25f54e
mutual_info,k,k:8,,8,19993,rf,none,2243231705,0.6042780748663101,0.6297823596792669,0.2505387997623292,0.1353297682709447,0.3377930230278745,,,0.3198249975707931,,1.6844919786096255,0.9037433155080212,,0.1458666666666666,smk_can_187,5,78.254,eea1cc34fd9d82b0c6d7267dcc1cac30b2234f9f9020f48754a66d120f25f54e
mutual_info,k,k:16,,16,19993,rf,none,2243231705,0.6470588235294118,0.675143184421535,0.233192156862745,0.1311229946524064,0.3052136735291375,,,0.3394179103253019,,1.7272727272727273,0.9090909090909092,,0.1353333333333333,smk_can_187,5,78.254,eea1cc34fd9d82b0c6d7267dcc1cac30b2234f9f9020f48754a66d120f25f54e
mutual_info,k,k:32,,32,19993,rf,none,2243231705,0.6737967914438503,0.7034936998854524,0.2207094474153297,0.1044919786096256,0.2613869975829951,,,0.347685054426378,,1.5989304812834224,0.9037433155080212,,0.1057777777777777,smk_can_187,5,78.254,eea1cc34fd9d82b0c6d7267dcc1cac30b2234f9f9020f48754a66d120f25f54e
mutual_info,k,k:64,,64,19993,rf,none,2243231705,0.6737967914438503,0.6949026345933562,0.2208394533571004,0.129982174688057,0.28061347024101,,,0.3529581784291471,,1.6203208556149733,0.9037433155080212,,0.1494666666666666,smk_can_187,5,78.254,eea1cc34fd9d82b0c6d7267dcc1cac30b2234f9f9020f48754a66d120f25f54e
mutual_info,k,k:128,,128,19993,rf,none,2243231705,0.679144385026738,0.7246849942726232,0.2086162804515745,0.0974331550802139,0.2402942416479822,,,0.3619123372125222,,1.5508021390374331,0.9037433155080212,,0.0910666666666667,smk_can_187,5,78.254,eea1cc34fd9d82b0c6d7267dcc1cac30b2234f9f9020f48754a66d120f25f54e
mutual_info,k,k:256,,256,19993,rf,none,2243231705,0.6898395721925134,0.7421534936998855,0.2025784907902555,0.0971479500891265,0.2221960517403634,,,0.3664937910156996,,1.5080213903743316,0.9144385026737968,,0.1038666666666667,smk_can_187,5,78.254,eea1cc34fd9d82b0c6d7267dcc1cac30b2234f9f9020f48754a66d120f25f54e
mutual_info,frac,frac:1,1.0,19993,19993,rf,none,4093068343,0.6898395721925134,0.7268613974799542,0.2084330362448009,0.0852762923351158,0.2393913202587922,,,0.3652263329180684,,1.5935828877005347,0.9090909090909092,,0.1008444444444445,smk_can_187,6,78.874,eea1cc34fd9d82b0c6d7267dcc1cac30b2234f9f9020f48754a66d120f25f54e
mutual_info,k,k:1,,1,19993,rf,none,4093068343,0.481283422459893,0.4859106529209622,0.4346322892456645,0.4262861386979034,0.5228312573290199,,,0.1814494504264713,,2.0,1.0,,0.451241164021164,smk_can_187,6,78.874,eea1cc34fd9d82b0c6d7267dcc1cac30b2234f9f9020f48754a66d120f25f54e
mutual_info,k,k:2,,2,19993,rf,none,4093068343,0.5989304812834224,0.5848224513172966,0.3000035650623886,0.2274866310160427,0.4168303260380642,,,0.2901239711818729,,1.7754010695187166,0.9090909090909092,,0.2618222222222222,smk_can_187,6,78.874,eea1cc34fd9d82b0c6d7267dcc1cac30b2234f9f9020f48754a66d120f25f54e
mutual_info,k,k:4,,4,19993,rf,none,4093068343,0.6149732620320856,0.6556701030927835,0.252680926916221,0.1578253119429589,0.3473541901866021,,,0.3306184661733589,,1.6898395721925137,0.9037433155080212,,0.1732444444444443,smk_can_187,6,78.874,eea1cc34fd9d82b0c6d7267dcc1cac30b2234f9f9020f48754a66d120f25f54e
mutual_info,k,k:8,,8,19993,rf,none,4093068343,0.679144385026738,0.6616265750286369,0.2417689839572192,0.1433511586452763,0.3441372357131729,,,0.3364603346841403,,1.7058823529411764,0.9037433155080212,,0.1258222222222222,smk_can_187,6,78.874,eea1cc34fd9d82b0c6d7267dcc1cac30b2234f9f9020f48754a66d120f25f54e
mutual_info,k,k:16,,16,19993,rf,none,4093068343,0.6310160427807486,0.6807560137457045,0.2291767082590612,0.1039215686274509,0.2913577261581674,,,0.3438505050576155,,1.6631016042780749,0.9037433155080212,,0.1133333333333333,smk_can_187,6,78.874,eea1cc34fd9d82b0c6d7267dcc1cac30b2234f9f9020f48754a66d120f25f54e
mutual_info,k,k:32,,32,19993,rf,none,4093068343,0.6363636363636364,0.693127147766323,0.2215928698752228,0.1026737967914438,0.2652190145674371,,,0.3521669940679995,,1.6310160427807487,0.9037433155080212,,0.1117333333333333,smk_can_187,6,78.874,eea1cc34fd9d82b0c6d7267dcc1cac30b2234f9f9020f48754a66d120f25f54e
mutual_info,k,k:64,,64,19993,rf,none,4093068343,0.6737967914438503,0.7064719358533791,0.2156102198455139,0.0876292335115864,0.2592102476235391,,,0.3588637062851669,,1.60427807486631,0.9037433155080212,,0.0933333333333333,smk_can_187,6,78.874,eea1cc34fd9d82b0c6d7267dcc1cac30b2234f9f9020f48754a66d120f25f54e
mutual_info,k,k:128,,128,19993,rf,none,4093068343,0.7058823529411765,0.7277205040091638,0.2070540701128936,0.1312655971479501,0.22121603981719,,,0.3626105491093662,,1.6363636363636365,0.9037433155080212,,0.1224888888888889,smk_can_187,6,78.874,eea1cc34fd9d82b0c6d7267dcc1cac30b2234f9f9020f48754a66d120f25f54e
mutual_info,k,k:256,,256,19993,rf,none,4093068343,0.6898395721925134,0.7354524627720505,0.2040703505644682,0.0954723707664884,0.2070666236811029,,,0.3691158105176333,,1.6203208556149733,0.9144385026737968,,0.0977777777777777,smk_can_187,6,78.874,eea1cc34fd9d82b0c6d7267dcc1cac30b2234f9f9020f48754a66d120f25f54e
mutual_info,frac,frac:1,1.0,19993,19993,rf,none,2290037354,0.679144385026738,0.7219931271477663,0.2072931669637552,0.1035294117647058,0.2203042503713483,,,0.3677988820467975,,1.6149732620320856,0.9144385026737968,,0.104311111111111,smk_can_187,7,82.844,eea1cc34fd9d82b0c6d7267dcc1cac30b2234f9f9020f48754a66d120f25f54e
mutual_info,k,k:1,,1,19993,rf,none,2290037354,0.5347593582887701,0.5424398625429554,0.3781302849651646,0.3447342330871742,0.4450603163674002,,,0.2280436822417588,,1.7807486631016043,0.9037433155080212,,0.3916985185185184,smk_can_187,7,82.844,eea1cc34fd9d82b0c6d7267dcc1cac30b2234f9f9020f48754a66d120f25f54e
mutual_info,k,k:2,,2,19993,rf,none,2290037354,0.5668449197860963,0.5673539518900343,0.3133575757575758,0.2581105169340463,0.411355622133797,,,0.2816649728475132,,1.7700534759358288,0.9037433155080212,,0.2813777777777778,smk_can_187,7,82.844,eea1cc34fd9d82b0c6d7267dcc1cac30b2234f9f9020f48754a66d120f25f54e
mutual_info,k,k:4,,4,19993,rf,none,2290037354,0.6470588235294118,0.6594501718213058,0.251521330956625,0.1429590017825312,0.3396801328404597,,,0.3279863913622755,,1.7165775401069518,0.9037433155080212,,0.164,smk_can_187,7,82.844,eea1cc34fd9d82b0c6d7267dcc1cac30b2234f9f9020f48754a66d120f25f54e
mutual_info,k,k:8,,8,19993,rf,none,2290037354,0.6470588235294118,0.6989117983963344,0.2274664289958407,0.1477005347593583,0.2925933299786037,,,0.3562136066968183,,1.6844919786096255,0.9037433155080212,,0.1092444444444444,smk_can_187,7,82.844,eea1cc34fd9d82b0c6d7267dcc1cac30b2234f9f9020f48754a66d120f25f54e
mutual_info,k,k:16,,16,19993,rf,none,2290037354,0.7219251336898396,0.722451317296678,0.212450386215092,0.1315864527629233,0.2555260701676014,,,0.3667555609322467,,1.5828877005347597,0.9037433155080212,,0.1396888888888889,smk_can_187,7,82.844,eea1cc34fd9d82b0c6d7267dcc1cac30b2234f9f9020f48754a66d120f25f54e
mutual_info,k,k:32,,32,19993,rf,none,2290037354,0.6951871657754011,0.7325887743413516,0.2078505050505051,0.1223172905525847,0.2506068651005899,,,0.3657797860891216,,1.5989304812834224,0.9037433155080212,,0.1313777777777778,smk_can_187,7,82.844,eea1cc34fd9d82b0c6d7267dcc1cac30b2234f9f9020f48754a66d120f25f54e
mutual_info,k,k:64,,64,19993,rf,none,2290037354,0.7165775401069518,0.7378006872852233,0.2029654188948306,0.1049197860962566,0.2295425816787626,,,0.3755702641040068,,1.60427807486631,0.9090909090909092,,0.1079111111111111,smk_can_187,7,82.844,eea1cc34fd9d82b0c6d7267dcc1cac30b2234f9f9020f48754a66d120f25f54e
mutual_info,k,k:128,,128,19993,rf,none,2290037354,0.7112299465240641,0.7438717067583047,0.2014497920380273,0.112584670231729,0.2128329805635562,,,0.3722063498229707,,1.5614973262032086,0.9037433155080212,,0.0914666666666666,smk_can_187,7,82.844,eea1cc34fd9d82b0c6d7267dcc1cac30b2234f9f9020f48754a66d120f25f54e
mutual_info,k,k:256,,256,19993,rf,none,2290037354,0.7165775401069518,0.7395189003436426,0.2004344622697563,0.0975401069518716,0.2203177203299375,,,0.3751760324856233,,1.5561497326203209,0.9037433155080212,,0.0972444444444444,smk_can_187,7,82.844,eea1cc34fd9d82b0c6d7267dcc1cac30b2234f9f9020f48754a66d120f25f54e
mutual_info,frac,frac:1,1.0,19993,19993,rf,none,65473420,0.7005347593582888,0.7436426116838487,0.2015807486631016,0.1213903743315507,0.2024350202458585,,,0.3720408775310458,,1.5240641711229947,0.9037433155080212,,0.1258666666666666,smk_can_187,8,67.476,eea1cc34fd9d82b0c6d7267dcc1cac30b2234f9f9020f48754a66d120f25f54e
mutual_info,k,k:1,,1,19993,rf,none,65473420,0.5614973262032086,0.5651202749140893,0.3509418931047166,0.3246406926406926,0.4527174958678911,,,0.257902120151608,,2.0,1.0,,0.361034708994709,smk_can_187,8,67.476,eea1cc34fd9d82b0c6d7267dcc1cac30b2234f9f9020f48754a66d120f25f54e
mutual_info,k,k:2,,2,19993,rf,none,65473420,0.6310160427807486,0.6352806414662086,0.2655550802139037,0.1876292335115864,0.3559801799386048,,,0.2958576521849673,,1.7700534759358288,0.9037433155080212,,0.1922666666666666,smk_can_187,8,67.476,eea1cc34fd9d82b0c6d7267dcc1cac30b2234f9f9020f48754a66d120f25f54e
mutual_info,k,k:4,,4,19993,rf,none,65473420,0.6203208556149733,0.6783505154639176,0.2415486631016043,0.1385383244206773,0.2927038128845534,,,0.3332906103696165,,1.641711229946524,0.9090909090909092,,0.1348444444444445,smk_can_187,8,67.476,eea1cc34fd9d82b0c6d7267dcc1cac30b2234f9f9020f48754a66d120f25f54e
mutual_info,k,k:8,,8,19993,rf,none,65473420,0.6844919786096256,0.715750286368843,0.2161754010695187,0.0739393939393939,0.2597304498957913,,,0.3512771483723709,,1.609625668449198,0.9037433155080212,,0.0765777777777777,smk_can_187,8,67.476,eea1cc34fd9d82b0c6d7267dcc1cac30b2234f9f9020f48754a66d120f25f54e
mutual_info,k,k:16,,16,19993,rf,none,65473420,0.6844919786096256,0.7305841924398625,0.2079883541295306,0.0973618538324421,0.2205465161125648,,,0.3656928043201243,,1.572192513368984,0.9037433155080212,,0.0884,smk_can_187,8,67.476,eea1cc34fd9d82b0c6d7267dcc1cac30b2234f9f9020f48754a66d120f25f54e
mutual_info,k,k:32,,32,19993,rf,none,65473420,0.6737967914438503,0.7206758304696449,0.2104667855020796,0.1116934046345811,0.2183632128485525,,,0.3563467541404413,,1.5775401069518715,0.9037433155080212,,0.1000888888888888,smk_can_187,8,67.476,eea1cc34fd9d82b0c6d7267dcc1cac30b2234f9f9020f48754a66d120f25f54e
mutual_info,k,k:64,,64,19993,rf,none,65473420,0.7058823529411765,0.756643757159221,0.1974628639334521,0.0962210338680927,0.1969731635738221,,,0.366294869643087,,1.572192513368984,0.9037433155080212,,0.0940888888888888,smk_can_187,8,67.476,eea1cc34fd9d82b0c6d7267dcc1cac30b2234f9f9020f48754a66d120f25f54e
mutual_info,k,k:128,,128,19993,rf,none,65473420,0.6951871657754011,0.75893470790378,0.1968598930481283,0.1058110516934046,0.190932541511384,,,0.3627385741935701,,1.5775401069518715,0.9090909090909092,,0.0835999999999999,smk_can_187,8,67.476,eea1cc34fd9d82b0c6d7267dcc1cac30b2234f9f9020f48754a66d120f25f54e
mutual_info,k,k:256,,256,19993,rf,none,65473420,0.7112299465240641,0.7434707903780069,0.1994840166369578,0.1091265597147949,0.2044720446908956,,,0.3697633505865264,,1.609625668449198,0.9090909090909092,,0.1322666666666666,smk_can_187,8,67.476,eea1cc34fd9d82b0c6d7267dcc1cac30b2234f9f9020f48754a66d120f25f54e
mutual_info,frac,frac:1,1.0,19993,19993,rf,none,1937348392,0.7005347593582888,0.7351660939289805,0.2041060011883541,0.0857040998217468,0.2134602608003838,,,0.3675516921428152,,1.60427807486631,0.9090909090909092,,0.0926666666666666,smk_can_187,9,71.199,eea1cc34fd9d82b0c6d7267dcc1cac30b2234f9f9020f48754a66d120f25f54e
mutual_info,k,k:1,,1,19993,rf,none,1937348392,0.5401069518716578,0.5758877434135167,0.3618747197090957,0.3386540616246498,0.4192822475028999,,,0.2444813475430017,,2.0,1.0,,0.3594474074074074,smk_can_187,9,71.199,eea1cc34fd9d82b0c6d7267dcc1cac30b2234f9f9020f48754a66d120f25f54e
mutual_info,k,k:2,,2,19993,rf,none,1937348392,0.5454545454545454,0.5619129438717068,0.3115023172905526,0.2422816399286987,0.4539216386425425,,,0.267488595113611,,1.7754010695187166,0.9090909090909092,,0.2698222222222222,smk_can_187,9,71.199,eea1cc34fd9d82b0c6d7267dcc1cac30b2234f9f9020f48754a66d120f25f54e
mutual_info,k,k:4,,4,19993,rf,none,1937348392,0.6256684491978609,0.6460481099656358,0.2581528223410576,0.1881639928698752,0.3536897527595072,,,0.3245969907696249,,1.7433155080213905,0.9037433155080212,,0.2001333333333333,smk_can_187,9,71.199,eea1cc34fd9d82b0c6d7267dcc1cac30b2234f9f9020f48754a66d120f25f54e
mutual_info,k,k:8,,8,19993,rf,none,1937348392,0.6684491978609626,0.7001145475372279,0.2276,0.1571836007130125,0.2877330217435544,,,0.3500023890123714,,1.641711229946524,0.9037433155080212,,0.1592,smk_can_187,9,71.199,eea1cc34fd9d82b0c6d7267dcc1cac30b2234f9f9020f48754a66d120f25f54e
mutual_info,k,k:16,,16,19993,rf,none,1937348392,0.6844919786096256,0.7130011454753723,0.2181076648841355,0.0916221033868092,0.2462310619835086,,,0.351585737483452,,1.6363636363636365,0.9037433155080212,,0.0808888888888889,smk_can_187,9,71.199,eea1cc34fd9d82b0c6d7267dcc1cac30b2234f9f9020f48754a66d120f25f54e
mutual_info,k,k:32,,32,19993,rf,none,1937348392,0.6898395721925134,0.7248568155784652,0.2118348187759952,0.1320142602495543,0.2235050994543581,,,0.3587064108462638,,1.6149732620320856,0.9037433155080212,,0.1384888888888888,smk_can_187,9,71.199,eea1cc34fd9d82b0c6d7267dcc1cac30b2234f9f9020f48754a66d120f25f54e
mutual_info,k,k:64,,64,19993,rf,none,1937348392,0.6951871657754011,0.7245131729667812,0.2082623885918003,0.1209269162210339,0.2316232392517623,,,0.3640567757709711,,1.6524064171122994,0.9090909090909092,,0.1165333333333333,smk_can_187,9,71.199,eea1cc34fd9d82b0c6d7267dcc1cac30b2234f9f9020f48754a66d120f25f54e
mutual_info,k,k:128,,128,19993,rf,none,1937348392,0.7058823529411765,0.7330469644902634,0.206784551396316,0.0785026737967914,0.2342491315105628,,,0.3609525729665696,,1.5989304812834224,0.9037433155080212,,0.1031555555555555,smk_can_187,9,71.199,eea1cc34fd9d82b0c6d7267dcc1cac30b2234f9f9020f48754a66d120f25f54e
mutual_info,k,k:256,,256,19993,rf,none,1937348392,0.7165775401069518,0.7315005727376862,0.2058714200831848,0.108235294117647,0.244472749717655,,,0.3673552169898009,,1.609625668449198,0.9090909090909092,,0.104,smk_can_187,9,71.199,eea1cc34fd9d82b0c6d7267dcc1cac30b2234f9f9020f48754a66d120f25f54e
mutual_info,frac,frac:1,1.0,19993,19993,rf,none,15650341,0.6951871657754011,0.7328751431844215,0.2052670231729055,0.1055614973262031,0.2164681493225376,,,0.3690469160275538,,1.5133689839572193,0.9037433155080212,,0.0970666666666666,smk_can_187,10,70.83,eea1cc34fd9d82b0c6d7267dcc1cac30b2234f9f9020f48754a66d120f25f54e
mutual_info,k,k:1,,1,19993,rf,none,15650341,0.4491978609625668,0.4986827033218786,0.4139715811402002,0.4151266445972328,0.4903337951948032,,,0.2122611084888923,,2.0,1.0,,0.4336171428571428,smk_can_187,10,70.83,eea1cc34fd9d82b0c6d7267dcc1cac30b2234f9f9020f48754a66d120f25f54e
mutual_info,k,k:2,,2,19993,rf,none,15650341,0.5935828877005348,0.6078465063001145,0.2764439691027926,0.166916221033868,0.3785384232657482,,,0.2937404490418873,,1.7165775401069518,0.9037433155080212,,0.1974222222222223,smk_can_187,10,70.83,eea1cc34fd9d82b0c6d7267dcc1cac30b2234f9f9020f48754a66d120f25f54e
mutual_info,k,k:4,,4,19993,rf,none,15650341,0.5989304812834224,0.6448453608247422,0.2540270944741533,0.1549019607843137,0.3599285872124698,,,0.304701761414365,,1.7486631016042782,0.9197860962566844,,0.1706666666666666,smk_can_187,10,70.83,eea1cc34fd9d82b0c6d7267dcc1cac30b2234f9f9020f48754a66d120f25f54e
mutual_info,k,k:8,,8,19993,rf,none,15650341,0.5882352941176471,0.6475372279495991,0.2475614973262032,0.1397860962566845,0.3175655700246211,,,0.3189828628165234,,1.711229946524064,0.9037433155080212,,0.1551555555555555,smk_can_187,10,70.83,eea1cc34fd9d82b0c6d7267dcc1cac30b2234f9f9020f48754a66d120f25f54e
mutual_info,k,k:16,,16,19993,rf,none,15650341,0.6524064171122995,0.7097365406643756,0.2167569815805109,0.1018538324420677,0.2406610841178524,,,0.3489604833234213,,1.641711229946524,0.9037433155080212,,0.1105333333333333,smk_can_187,10,70.83,eea1cc34fd9d82b0c6d7267dcc1cac30b2234f9f9020f48754a66d120f25f54e
mutual_info,k,k:32,,32,19993,rf,none,15650341,0.6737967914438503,0.7362542955326461,0.2057204991087344,0.1130481283422459,0.2239973792099636,,,0.3622427009412596,,1.5935828877005347,0.9037433155080212,,0.1169333333333333,smk_can_187,10,70.83,eea1cc34fd9d82b0c6d7267dcc1cac30b2234f9f9020f48754a66d120f25f54e
mutual_info,k,k:64,,64,19993,rf,none,15650341,0.6898395721925134,0.729610538373425,0.207387284610814,0.0683065953654189,0.2203741778651667,,,0.358741113253163,,1.5989304812834224,0.9090909090909092,,0.0680444444444444,smk_can_187,10,70.83,eea1cc34fd9d82b0c6d7267dcc1cac30b2234f9f9020f48754a66d120f25f54e
mutual_info,k,k:128,,128,19993,rf,none,15650341,0.7058823529411765,0.7473081328751432,0.1998381461675579,0.0854545454545454,0.2004197800399874,,,0.3662768922464811,,1.5294117647058822,0.9037433155080212,,0.0688888888888889,smk_can_187,10,70.83,eea1cc34fd9d82b0c6d7267dcc1cac30b2234f9f9020f48754a66d120f25f54e
mutual_info,k,k:256,,256,19993,rf,none,15650341,0.7112299465240641,0.7556128293241695,0.1969677956030897,0.0797860962566845,0.2024473358853539,,,0.3696917951016861,,1.5614973262032086,0.9037433155080212,,0.0739555555555555,smk_can_187,10,70.83,eea1cc34fd9d82b0c6d7267dcc1cac30b2234f9f9020f48754a66d120f25f54e
mutual_info,frac,frac:1,1.0,19993,19993,rf,none,4068729018,0.6737967914438503,0.7300114547537228,0.2035439096850861,0.1083422459893048,0.213762360109062,,,0.3721369155030052,,1.5454545454545454,0.9037433155080212,,0.1339555555555555,smk_can_187,11,72.925,eea1cc34fd9d82b0c6d7267dcc1cac30b2234f9f9020f48754a66d120f25f54e
mutual_info,k,k:1,,1,19993,rf,none,4068729018,0.6096256684491979,0.5869415807560138,0.3353340693206575,0.2996957813428401,0.3928202984589553,,,0.2680479834847084,,1.7807486631016043,0.9037433155080212,,0.3551711111111111,smk_can_187,11,72.925,eea1cc34fd9d82b0c6d7267dcc1cac30b2234f9f9020f48754a66d120f25f54e
mutual_info,k,k:2,,2,19993,rf,none,4068729018,0.5614973262032086,0.5646048109965636,0.3123857397504456,0.2416755793226381,0.4419200692191357,,,0.2703078977678265,,1.7914438502673795,0.9090909090909092,,0.2762222222222222,smk_can_187,11,72.925,eea1cc34fd9d82b0c6d7267dcc1cac30b2234f9f9020f48754a66d120f25f54e
mutual_info,k,k:4,,4,19993,rf,none,4068729018,0.6203208556149733,0.6417525773195876,0.2638148544266191,0.1816399286987522,0.3132834400308785,,,0.3242930315176977,,1.6844919786096255,0.9037433155080212,,0.2078666666666666,smk_can_187,11,72.925,eea1cc34fd9d82b0c6d7267dcc1cac30b2234f9f9020f48754a66d120f25f54e
mutual_info,k,k:8,,8,19993,rf,none,4068729018,0.6631016042780749,0.7108820160366552,0.2217031491384432,0.1036720142602495,0.256728762758873,,,0.3544707421799874,,1.5775401069518715,0.9037433155080212,,0.1191555555555555,smk_can_187,11,72.925,eea1cc34fd9d82b0c6d7267dcc1cac30b2234f9f9020f48754a66d120f25f54e
mutual_info,k,k:16,,16,19993,rf,none,4068729018,0.7058823529411765,0.7222794959908363,0.2123462863933452,0.1259536541889483,0.2548799418457895,,,0.3668096565738416,,1.6310160427807487,0.9037433155080212,,0.1169333333333333,smk_can_187,11,72.925,eea1cc34fd9d82b0c6d7267dcc1cac30b2234f9f9020f48754a66d120f25f54e
mutual_info,k,k:32,,32,19993,rf,none,4068729018,0.7379679144385026,0.745475372279496,0.2034469399881164,0.1128342245989304,0.2332126022066383,,,0.3743564906244938,,1.6203208556149733,0.9090909090909092,,0.1195555555555555,smk_can_187,11,72.925,eea1cc34fd9d82b0c6d7267dcc1cac30b2234f9f9020f48754a66d120f25f54e
mutual_info,k,k:64,,64,19993,rf,none,4068729018,0.7272727272727273,0.7525773195876287,0.1985502079619726,0.1237789661319073,0.2359013814012312,,,0.3785031548892515,,1.5561497326203209,0.9090909090909092,,0.1321333333333333,smk_can_187,11,72.925,eea1cc34fd9d82b0c6d7267dcc1cac30b2234f9f9020f48754a66d120f25f54e
mutual_info,k,k:128,,128,19993,rf,none,4068729018,0.7379679144385026,0.7381443298969073,0.2004522875816993,0.1256684491978609,0.2303005498261961,,,0.3784361075019478,,1.6310160427807487,0.9090909090909092,,0.1154222222222222,smk_can_187,11,72.925,eea1cc34fd9d82b0c6d7267dcc1cac30b2234f9f9020f48754a66d120f25f54e
mutual_info,k,k:256,,256,19993,rf,none,4068729018,0.7272727272727273,0.7347079037800688,0.2024518122400475,0.1202852049910873,0.2243415230250091,,,0.3764904465575133,,1.6310160427807487,0.9037433155080212,,0.1205777777777777,smk_can_187,11,72.925,eea1cc34fd9d82b0c6d7267dcc1cac30b2234f9f9020f48754a66d120f25f54e
mutual_info,frac,frac:1,1.0,19993,19993,rf,none,2042990107,0.7219251336898396,0.7619702176403207,0.1952385026737967,0.1005347593582888,0.1747684716818649,,,0.3739894186212023,,1.4919786096256684,0.9037433155080212,,0.0969777777777778,smk_can_187,12,65.732,eea1cc34fd9d82b0c6d7267dcc1cac30b2234f9f9020f48754a66d120f25f54e
mutual_info,k,k:1,,1,19993,rf,none,2042990107,0.5454545454545454,0.5335051546391752,0.3563306531877996,0.3101401126107008,0.453386285039614,,,0.256946611052178,,1.7754010695187166,0.9090909090909092,,0.3683148148148149,smk_can_187,12,65.732,eea1cc34fd9d82b0c6d7267dcc1cac30b2234f9f9020f48754a66d120f25f54e
mutual_info,k,k:2,,2,19993,rf,none,2042990107,0.6096256684491979,0.6416380297823596,0.2670434958737703,0.1719429590017825,0.3396833626279103,,,0.2989760132185666,,1.6844919786096255,0.9037433155080212,,0.1980859259259259,smk_can_187,12,65.732,eea1cc34fd9d82b0c6d7267dcc1cac30b2234f9f9020f48754a66d120f25f54e
mutual_info,k,k:4,,4,19993,rf,none,2042990107,0.5721925133689839,0.6335051546391752,0.2630381461675579,0.2158645276292335,0.3438269547002736,,,0.3216902337141976,,1.679144385026738,0.9037433155080212,,0.2222222222222222,smk_can_187,12,65.732,eea1cc34fd9d82b0c6d7267dcc1cac30b2234f9f9020f48754a66d120f25f54e
mutual_info,k,k:8,,8,19993,rf,none,2042990107,0.6684491978609626,0.6672966781214205,0.2300432560903149,0.1351515151515151,0.3089966809506419,,,0.3540467286632621,,1.641711229946524,0.9037433155080212,,0.1449777777777778,smk_can_187,12,65.732,eea1cc34fd9d82b0c6d7267dcc1cac30b2234f9f9020f48754a66d120f25f54e
mutual_info,k,k:16,,16,19993,rf,none,2042990107,0.6844919786096256,0.7238831615120275,0.2129868092691622,0.1269162210338681,0.2651343287042532,,,0.3677925969467437,,1.5401069518716577,0.9037433155080212,,0.1328888888888889,smk_can_187,12,65.732,eea1cc34fd9d82b0c6d7267dcc1cac30b2234f9f9020f48754a66d120f25f54e
mutual_info,k,k:32,,32,19993,rf,none,2042990107,0.7165775401069518,0.7237113402061857,0.2060722519310754,0.1258110516934046,0.2307879148613919,,,0.3721317358523596,,1.6310160427807487,0.9037433155080212,,0.1352888888888889,smk_can_187,12,65.732,eea1cc34fd9d82b0c6d7267dcc1cac30b2234f9f9020f48754a66d120f25f54e
mutual_info,k,k:64,,64,19993,rf,none,2042990107,0.6951871657754011,0.7539518900343642,0.1957903743315508,0.0863458110516934,0.1951138250842879,,,0.3715790165261882,,1.5561497326203209,0.9144385026737968,,0.0929333333333333,smk_can_187,12,65.732,eea1cc34fd9d82b0c6d7267dcc1cac30b2234f9f9020f48754a66d120f25f54e
mutual_info,k,k:128,,128,19993,rf,none,2042990107,0.6898395721925134,0.7646048109965635,0.1941247771836007,0.0730837789661318,0.1826622097770978,,,0.3730143366116976,,1.4759358288770053,0.9037433155080212,,0.0667555555555554,smk_can_187,12,65.732,eea1cc34fd9d82b0c6d7267dcc1cac30b2234f9f9020f48754a66d120f25f54e
mutual_info,k,k:256,,256,19993,rf,none,2042990107,0.7433155080213903,0.7671821305841924,0.1912304218657159,0.0876292335115864,0.1842753734493333,,,0.3806553712061466,,1.518716577540107,0.9037433155080212,,0.0805333333333333,smk_can_187,12,65.732,eea1cc34fd9d82b0c6d7267dcc1cac30b2234f9f9020f48754a66d120f25f54e
mutual_info,frac,frac:1,1.0,19993,19993,rf,none,453847837,0.679144385026738,0.7140893470790378,0.2089530600118835,0.1359714795008912,0.2272365657517451,,,0.3684502925488958,,1.5828877005347597,0.9037433155080212,,0.131511111111111,smk_can_187,13,65.354,eea1cc34fd9d82b0c6d7267dcc1cac30b2234f9f9020f48754a66d120f25f54e
mutual_info,k,k:1,,1,19993,rf,none,453847837,0.4919786096256685,0.4769759450171821,0.402118877292331,0.3789227569815804,0.5088514421216827,,,0.2089203457437704,,1.8021390374331552,0.9037433155080212,,0.4051086772486771,smk_can_187,13,65.354,eea1cc34fd9d82b0c6d7267dcc1cac30b2234f9f9020f48754a66d120f25f54e
mutual_info,k,k:2,,2,19993,rf,none,453847837,0.5935828877005348,0.5882016036655212,0.2850882947118242,0.1685204991087344,0.4459642043936559,,,0.2858874962052034,,1.807486631016043,0.9037433155080212,,0.1964,smk_can_187,13,65.354,eea1cc34fd9d82b0c6d7267dcc1cac30b2234f9f9020f48754a66d120f25f54e
mutual_info,k,k:4,,4,19993,rf,none,453847837,0.6310160427807486,0.6491981672394044,0.255245395127748,0.1474866310160427,0.3436643806159419,,,0.3210515941358398,,1.7379679144385027,0.9037433155080212,,0.1686222222222222,smk_can_187,13,65.354,eea1cc34fd9d82b0c6d7267dcc1cac30b2234f9f9020f48754a66d120f25f54e
mutual_info,k,k:8,,8,19993,rf,none,453847837,0.679144385026738,0.6855097365406644,0.2297445038621509,0.1140106951871657,0.2943121105792312,,,0.3458332578764918,,1.6737967914438503,0.9090909090909092,,0.1379111111111111,smk_can_187,13,65.354,eea1cc34fd9d82b0c6d7267dcc1cac30b2234f9f9020f48754a66d120f25f54e
mutual_info,k,k:16,,16,19993,rf,none,453847837,0.6684491978609626,0.6962772050400916,0.2259624480095068,0.1364349376114082,0.2702701736397793,,,0.352985123902304,,1.6631016042780749,0.9037433155080212,,0.1445777777777777,smk_can_187,13,65.354,eea1cc34fd9d82b0c6d7267dcc1cac30b2234f9f9020f48754a66d120f25f54e
mutual_info,k,k:32,,32,19993,rf,none,453847837,0.7058823529411765,0.7012600229095074,0.2205076648841354,0.1354723707664884,0.2657391362624824,,,0.3544204176506111,,1.6844919786096255,0.9090909090909092,,0.1564444444444444,smk_can_187,13,65.354,eea1cc34fd9d82b0c6d7267dcc1cac30b2234f9f9020f48754a66d120f25f54e
mutual_info,k,k:64,,64,19993,rf,none,453847837,0.7058823529411765,0.7086483390607102,0.2165071895424836,0.1250623885918003,0.268534433434912,,,0.3638944351709523,,1.6203208556149733,0.9037433155080212,,0.1123111111111111,smk_can_187,13,65.354,eea1cc34fd9d82b0c6d7267dcc1cac30b2234f9f9020f48754a66d120f25f54e
mutual_info,k,k:128,,128,19993,rf,none,453847837,0.6844919786096256,0.7173539518900344,0.211334046345811,0.1105882352941176,0.2475783509165203,,,0.3668498227702843,,1.5240641711229947,0.9037433155080212,,0.1182222222222222,smk_can_187,13,65.354,eea1cc34fd9d82b0c6d7267dcc1cac30b2234f9f9020f48754a66d120f25f54e
mutual_info,k,k:256,,256,19993,rf,none,453847837,0.6631016042780749,0.7166666666666667,0.2098257872846108,0.0954723707664884,0.2376407743485229,,,0.3662890303693932,,1.588235294117647,0.9090909090909092,,0.0939555555555555,smk_can_187,13,65.354,eea1cc34fd9d82b0c6d7267dcc1cac30b2234f9f9020f48754a66d120f25f54e
mutual_info,frac,frac:1,1.0,19993,19993,rf,none,396186912,0.7165775401069518,0.7423253150057274,0.2030647653000594,0.1114081996434937,0.2230768335969362,,,0.3653343831054927,,1.5935828877005347,0.9037433155080212,,0.1131111111111111,smk_can_187,14,69.381,eea1cc34fd9d82b0c6d7267dcc1cac30b2234f9f9020f48754a66d120f25f54e
mutual_info,k,k:1,,1,19993,rf,none,396186912,0.5294117647058824,0.5630011454753723,0.3709665061529662,0.355677574059927,0.406894977053578,,,0.2333581437797091,,1.7914438502673795,0.9197860962566844,,0.3845911111111111,smk_can_187,14,69.381,eea1cc34fd9d82b0c6d7267dcc1cac30b2234f9f9020f48754a66d120f25f54e
mutual_info,k,k:2,,2,19993,rf,none,396186912,0.5721925133689839,0.5788659793814432,0.2992335115864527,0.2432442067736185,0.3943504353979222,,,0.2944715688077033,,1.732620320855615,0.9037433155080212,,0.2813333333333333,smk_can_187,14,69.381,eea1cc34fd9d82b0c6d7267dcc1cac30b2234f9f9020f48754a66d120f25f54e
mutual_info,k,k:4,,4,19993,rf,none,396186912,0.6149732620320856,0.5973081328751432,0.2754823529411765,0.1781818181818181,0.3880027027847492,,,0.3024512534961601,,1.7807486631016043,0.9037433155080212,,0.2125777777777777,smk_can_187,14,69.381,eea1cc34fd9d82b0c6d7267dcc1cac30b2234f9f9020f48754a66d120f25f54e
mutual_info,k,k:8,,8,19993,rf,none,396186912,0.5989304812834224,0.6352233676975945,0.2486155674390968,0.1013190730837789,0.3358232337337633,,,0.314466977455799,,1.711229946524064,0.9090909090909092,,0.1368444444444444,smk_can_187,14,69.381,eea1cc34fd9d82b0c6d7267dcc1cac30b2234f9f9020f48754a66d120f25f54e
mutual_info,k,k:16,,16,19993,rf,none,396186912,0.6524064171122995,0.6794387170675831,0.226607486631016,0.1424242424242424,0.2862100645444466,,,0.3533238142637196,,1.6310160427807487,0.9037433155080212,,0.1275555555555555,smk_can_187,14,69.381,eea1cc34fd9d82b0c6d7267dcc1cac30b2234f9f9020f48754a66d120f25f54e
mutual_info,k,k:32,,32,19993,rf,none,396186912,0.6951871657754011,0.7391752577319588,0.2054749851455734,0.1065240641711229,0.2262599694796791,,,0.3617490192207587,,1.6149732620320856,0.9037433155080212,,0.1146666666666666,smk_can_187,14,69.381,eea1cc34fd9d82b0c6d7267dcc1cac30b2234f9f9020f48754a66d120f25f54e
mutual_info,k,k:64,,64,19993,rf,none,396186912,0.7219251336898396,0.7334478808705612,0.2036955436720142,0.1048484848484848,0.2317969328111997,,,0.3706943751100605,,1.625668449197861,0.9090909090909092,,0.1008888888888888,smk_can_187,14,69.381,eea1cc34fd9d82b0c6d7267dcc1cac30b2234f9f9020f48754a66d120f25f54e
mutual_info,k,k:128,,128,19993,rf,none,396186912,0.7112299465240641,0.7575601374570446,0.1973768270944741,0.107344028520499,0.2121822086351902,,,0.3717781448952799,,1.4759358288770053,0.9037433155080212,,0.1298222222222222,smk_can_187,14,69.381,eea1cc34fd9d82b0c6d7267dcc1cac30b2234f9f9020f48754a66d120f25f54e
mutual_info,k,k:256,,256,19993,rf,none,396186912,0.7112299465240641,0.7400343642611684,0.2003016042780749,0.0728342245989304,0.2080267483168233,,,0.3721869837031821,,1.5454545454545454,0.9037433155080212,,0.0848888888888888,smk_can_187,14,69.381,eea1cc34fd9d82b0c6d7267dcc1cac30b2234f9f9020f48754a66d120f25f54e
mutual_info,frac,frac:1,1.0,19993,19993,rf,none,3938743679,0.6951871657754011,0.7106529209621993,0.2099422459893048,0.1016042780748663,0.2294880828358856,,,0.3660483211823295,,1.625668449197861,0.9037433155080212,,0.1010666666666666,smk_can_187,15,68.732,eea1cc34fd9d82b0c6d7267dcc1cac30b2234f9f9020f48754a66d120f25f54e
mutual_info,k,k:1,,1,19993,rf,none,3938743679,0.4866310160427807,0.4807560137457044,0.4223988745288612,0.3945908100613983,0.5389548612694477,,,0.1954928880199788,,2.0,1.0,,0.445501111111111,smk_can_187,15,68.732,eea1cc34fd9d82b0c6d7267dcc1cac30b2234f9f9020f48754a66d120f25f54e
mutual_info,k,k:2,,2,19993,rf,none,3938743679,0.5240641711229946,0.5401489117983963,0.3180449197860963,0.253475935828877,0.4541340893102763,,,0.2743738955085513,,1.7967914438502677,0.9197860962566844,,0.2890666666666667,smk_can_187,15,68.732,eea1cc34fd9d82b0c6d7267dcc1cac30b2234f9f9020f48754a66d120f25f54e
mutual_info,k,k:4,,4,19993,rf,none,3938743679,0.5882352941176471,0.6047537227949599,0.2722058229352346,0.1910160427807486,0.3791980648460658,,,0.3146864499846113,,1.7433155080213905,0.9037433155080212,,0.2052888888888889,smk_can_187,15,68.732,eea1cc34fd9d82b0c6d7267dcc1cac30b2234f9f9020f48754a66d120f25f54e
mutual_info,k,k:8,,8,19993,rf,none,3938743679,0.6684491978609626,0.6902634593356243,0.2284418300653594,0.1196078431372549,0.3025011389343501,,,0.343242523641007,,1.6149732620320856,0.9037433155080212,,0.1288888888888889,smk_can_187,15,68.732,eea1cc34fd9d82b0c6d7267dcc1cac30b2234f9f9020f48754a66d120f25f54e
mutual_info,k,k:16,,16,19993,rf,none,3938743679,0.6898395721925134,0.7197594501718212,0.2182079619726678,0.1325490196078431,0.2808824917852844,,,0.3622515609669322,,1.5935828877005347,0.9037433155080212,,0.1381333333333333,smk_can_187,15,68.732,eea1cc34fd9d82b0c6d7267dcc1cac30b2234f9f9020f48754a66d120f25f54e
mutual_info,k,k:32,,32,19993,rf,none,3938743679,0.7112299465240641,0.7129438717067583,0.2143077837195484,0.1265597147950089,0.2593342554601309,,,0.3676812263547406,,1.6684491978609626,0.9037433155080212,,0.1211111111111111,smk_can_187,15,68.732,eea1cc34fd9d82b0c6d7267dcc1cac30b2234f9f9020f48754a66d120f25f54e
mutual_info,k,k:64,,64,19993,rf,none,3938743679,0.7165775401069518,0.7155211912943872,0.2108620320855615,0.1141532976827094,0.2455270966109421,,,0.3739555148779223,,1.60427807486631,0.9090909090909092,,0.102,smk_can_187,15,68.732,eea1cc34fd9d82b0c6d7267dcc1cac30b2234f9f9020f48754a66d120f25f54e
mutual_info,k,k:128,,128,19993,rf,none,3938743679,0.6951871657754011,0.7243986254295532,0.2076285204991087,0.1437076648841354,0.2246378909423925,,,0.3705848134935238,,1.588235294117647,0.9090909090909092,,0.1326666666666666,smk_can_187,15,68.732,eea1cc34fd9d82b0c6d7267dcc1cac30b2234f9f9020f48754a66d120f25f54e
mutual_info,k,k:256,,256,19993,rf,none,3938743679,0.6684491978609626,0.7004009163802979,0.2148746286393345,0.1233868092691621,0.2474870769347386,,,0.362097644944758,,1.6577540106951871,0.9037433155080212,,0.1271999999999999,smk_can_187,15,68.732,eea1cc34fd9d82b0c6d7267dcc1cac30b2234f9f9020f48754a66d120f25f54e
mutual_info,frac,frac:1,1.0,19993,19993,rf,none,3635864396,0.7058823529411765,0.7403780068728523,0.2024544266191325,0.0790374331550802,0.2058769969344508,,,0.3695180715562271,,1.5454545454545454,0.9037433155080212,,0.1038666666666666,smk_can_187,16,67.124,eea1cc34fd9d82b0c6d7267dcc1cac30b2234f9f9020f48754a66d120f25f54e
mutual_info,k,k:1,,1,19993,rf,none,3635864396,0.5508021390374331,0.5175257731958763,0.385146197439245,0.3426167557932263,0.4751529802985216,,,0.2163508797182067,,2.0,1.0,,0.4010074074074073,smk_can_187,16,67.124,eea1cc34fd9d82b0c6d7267dcc1cac30b2234f9f9020f48754a66d120f25f54e
mutual_info,k,k:2,,2,19993,rf,none,3635864396,0.5828877005347594,0.6067583046964491,0.2837765894236482,0.209554367201426,0.3645684992947064,,,0.2874268479631083,,1.6631016042780749,0.9037433155080212,,0.2462222222222222,smk_can_187,16,67.124,eea1cc34fd9d82b0c6d7267dcc1cac30b2234f9f9020f48754a66d120f25f54e
mutual_info,k,k:4,,4,19993,rf,none,3635864396,0.6417112299465241,0.6938144329896907,0.2319142008318478,0.1289483065953653,0.2792810473519651,,,0.336576286106189,,1.625668449197861,0.9037433155080212,,0.1555555555555555,smk_can_187,16,67.124,eea1cc34fd9d82b0c6d7267dcc1cac30b2234f9f9020f48754a66d120f25f54e
mutual_info,k,k:8,,8,19993,rf,none,3635864396,0.6684491978609626,0.720561282932417,0.2158265002970885,0.1175757575757575,0.259088591325958,,,0.355684230988715,,1.5775401069518715,0.9037433155080212,,0.1246222222222222,smk_can_187,16,67.124,eea1cc34fd9d82b0c6d7267dcc1cac30b2234f9f9020f48754a66d120f25f54e
mutual_info,k,k:16,,16,19993,rf,none,3635864396,0.6898395721925134,0.7290378006872852,0.2091534165181224,0.122602495543672,0.2257191381466275,,,0.3619183291043273,,1.5775401069518715,0.9090909090909092,,0.1168444444444444,smk_can_187,16,67.124,eea1cc34fd9d82b0c6d7267dcc1cac30b2234f9f9020f48754a66d120f25f54e
mutual_info,k,k:32,,32,19993,rf,none,3635864396,0.6898395721925134,0.7299541809851088,0.2092292335115864,0.0974688057040998,0.2326196953746664,,,0.3634298856556219,,1.6363636363636365,0.9090909090909092,,0.1063999999999999,smk_can_187,16,67.124,eea1cc34fd9d82b0c6d7267dcc1cac30b2234f9f9020f48754a66d120f25f54e
mutual_info,k,k:64,,64,19993,rf,none,3635864396,0.7058823529411765,0.7471935853379152,0.2011446226975639,0.07650623885918,0.2163014225379475,,,0.367032198386778,,1.5614973262032086,0.9037433155080212,,0.0979555555555555,smk_can_187,16,67.124,eea1cc34fd9d82b0c6d7267dcc1cac30b2234f9f9020f48754a66d120f25f54e
mutual_info,k,k:128,,128,19993,rf,none,3635864396,0.7165775401069518,0.7446735395189004,0.2015966726084372,0.0999643493761141,0.2227066372589845,,,0.3687124675940885,,1.4866310160427807,0.9037433155080212,,0.1218222222222222,smk_can_187,16,67.124,eea1cc34fd9d82b0c6d7267dcc1cac30b2234f9f9020f48754a66d120f25f54e
mutual_info,k,k:256,,256,19993,rf,none,3635864396,0.7165775401069518,0.7513172966781215,0.199556981580511,0.0905525846702316,0.2090299068989692,,,0.3688752964008428,,1.5775401069518715,0.9090909090909092,,0.0841777777777777,smk_can_187,16,67.124,eea1cc34fd9d82b0c6d7267dcc1cac30b2234f9f9020f48754a66d120f25f54e
mutual_info,frac,frac:1,1.0,19993,19993,rf,none,2403779007,0.6844919786096256,0.752176403207331,0.1977029114676173,0.0734759358288769,0.1828998788901595,,,0.3728269151536686,,1.53475935828877,0.9037433155080212,,0.0731111111111111,smk_can_187,17,63.899,eea1cc34fd9d82b0c6d7267dcc1cac30b2234f9f9020f48754a66d120f25f54e
mutual_info,k,k:1,,1,19993,rf,none,2403779007,0.5347593582887701,0.5910652920962199,0.3695042325132073,0.3558453441982853,0.3803766502824887,,,0.2452536079817745,,1.6898395721925137,0.9037433155080212,,0.3911022222222222,smk_can_187,17,63.899,eea1cc34fd9d82b0c6d7267dcc1cac30b2234f9f9020f48754a66d120f25f54e
mutual_info,k,k:2,,2,19993,rf,none,2403779007,0.5454545454545454,0.5528064146620847,0.3203748852578068,0.2586625074272133,0.4361237503435402,,,0.2695608282863587,,1.7754010695187166,0.9037433155080212,,0.2896044444444445,smk_can_187,17,63.899,eea1cc34fd9d82b0c6d7267dcc1cac30b2234f9f9020f48754a66d120f25f54e
mutual_info,k,k:4,,4,19993,rf,none,2403779007,0.6203208556149733,0.6261168384879726,0.2552613190730838,0.1504456327985739,0.3532281975702016,,,0.3212599224900872,,1.7754010695187166,0.9090909090909092,,0.1591999999999999,smk_can_187,17,63.899,eea1cc34fd9d82b0c6d7267dcc1cac30b2234f9f9020f48754a66d120f25f54e
mutual_info,k,k:8,,8,19993,rf,none,2403779007,0.6310160427807486,0.6711912943871707,0.2321770647653,0.1329411764705882,0.2891794334296957,,,0.3349762702836195,,1.6684491978609626,0.9037433155080212,,0.1577777777777777,smk_can_187,17,63.899,eea1cc34fd9d82b0c6d7267dcc1cac30b2234f9f9020f48754a66d120f25f54e
mutual_info,k,k:16,,16,19993,rf,none,2403779007,0.7005347593582888,0.7369415807560138,0.2070740344622697,0.109090909090909,0.2159320208784693,,,0.3607582779084592,,1.6577540106951871,0.9037433155080212,,0.1262666666666666,smk_can_187,17,63.899,eea1cc34fd9d82b0c6d7267dcc1cac30b2234f9f9020f48754a66d120f25f54e
mutual_info,k,k:32,,32,19993,rf,none,2403779007,0.6951871657754011,0.734306987399771,0.2041765894236482,0.0908734402852049,0.2142692567250777,,,0.3682128992855478,,1.5668449197860963,0.9090909090909092,,0.0753777777777777,smk_can_187,17,63.899,eea1cc34fd9d82b0c6d7267dcc1cac30b2234f9f9020f48754a66d120f25f54e
mutual_info,k,k:64,,64,19993,rf,none,2403779007,0.6844919786096256,0.7701603665521192,0.1919286987522281,0.0703743315508021,0.1730001311089938,,,0.3731014775877965,,1.497326203208556,0.9037433155080212,,0.0498666666666666,smk_can_187,17,63.899,eea1cc34fd9d82b0c6d7267dcc1cac30b2234f9f9020f48754a66d120f25f54e
mutual_info,k,k:128,,128,19993,rf,none,2403779007,0.6898395721925134,0.75475372279496,0.1972171122994652,0.0971479500891265,0.1884388918351387,,,0.3703815161502168,,1.518716577540107,0.9037433155080212,,0.1006222222222221,smk_can_187,17,63.899,eea1cc34fd9d82b0c6d7267dcc1cac30b2234f9f9020f48754a66d120f25f54e
mutual_info,k,k:256,,256,19993,rf,none,2403779007,0.7005347593582888,0.7555555555555555,0.1961048128342246,0.0673440285204991,0.182630214584935,,,0.3695282659633027,,1.5454545454545454,0.9037433155080212,,0.0528888888888889,smk_can_187,17,63.899,eea1cc34fd9d82b0c6d7267dcc1cac30b2234f9f9020f48754a66d120f25f54e
mutual_info,frac,frac:1,1.0,19993,19993,rf,none,2325519170,0.6898395721925134,0.7399770904925544,0.2006901960784313,0.0980392156862745,0.2038933384418672,,,0.3734728946310643,,1.5294117647058822,0.9090909090909092,,0.1342666666666666,smk_can_187,18,67.252,eea1cc34fd9d82b0c6d7267dcc1cac30b2234f9f9020f48754a66d120f25f54e
mutual_info,k,k:1,,1,19993,rf,none,2325519170,0.4598930481283422,0.456701030927835,0.4169100837025045,0.3955320006790594,0.5541932553263231,,,0.2062528496804269,,2.0,1.0,,0.4374018518518517,smk_can_187,18,67.252,eea1cc34fd9d82b0c6d7267dcc1cac30b2234f9f9020f48754a66d120f25f54e
mutual_info,k,k:2,,2,19993,rf,none,2325519170,0.5454545454545454,0.5204467353951889,0.3185739750445632,0.2410695187165775,0.4863086158056284,,,0.2718081236232172,,1.807486631016043,0.9037433155080212,,0.2736,smk_can_187,18,67.252,eea1cc34fd9d82b0c6d7267dcc1cac30b2234f9f9020f48754a66d120f25f54e
mutual_info,k,k:4,,4,19993,rf,none,2325519170,0.5935828877005348,0.6461626575028636,0.2546519310754604,0.15650623885918,0.3127146193848558,,,0.3206786315276603,,1.695187165775401,0.9144385026737968,,0.1748888888888889,smk_can_187,18,67.252,eea1cc34fd9d82b0c6d7267dcc1cac30b2234f9f9020f48754a66d120f25f54e
mutual_info,k,k:8,,8,19993,rf,none,2325519170,0.6524064171122995,0.6923253150057274,0.2257252525252525,0.1328698752228164,0.2743425539017184,,,0.3491167546200839,,1.625668449197861,0.9037433155080212,,0.1560888888888889,smk_can_187,18,67.252,eea1cc34fd9d82b0c6d7267dcc1cac30b2234f9f9020f48754a66d120f25f54e
mutual_info,k,k:16,,16,19993,rf,none,2325519170,0.6898395721925134,0.7176975945017182,0.2151719548425431,0.120855614973262,0.2584194630074216,,,0.3629504740558371,,1.609625668449198,0.9037433155080212,,0.1360444444444444,smk_can_187,18,67.252,eea1cc34fd9d82b0c6d7267dcc1cac30b2234f9f9020f48754a66d120f25f54e
mutual_info,k,k:32,,32,19993,rf,none,2325519170,0.6631016042780749,0.7142611683848797,0.2118592988710635,0.1381105169340463,0.2467728949226196,,,0.364157493961363,,1.625668449197861,0.9037433155080212,,0.1268888888888888,smk_can_187,18,67.252,eea1cc34fd9d82b0c6d7267dcc1cac30b2234f9f9020f48754a66d120f25f54e
mutual_info,k,k:64,,64,19993,rf,none,2325519170,0.6631016042780749,0.7174684994272623,0.2104387403446227,0.112121212121212,0.2288093947375526,,,0.3697041041620981,,1.5828877005347597,0.9037433155080212,,0.0828444444444444,smk_can_187,18,67.252,eea1cc34fd9d82b0c6d7267dcc1cac30b2234f9f9020f48754a66d120f25f54e
mutual_info,k,k:128,,128,19993,rf,none,2325519170,0.6951871657754011,0.7418671248568155,0.2011807486631016,0.0944028520499108,0.2018421209119218,,,0.3723694592510215,,1.572192513368984,0.9037433155080212,,0.1027111111111111,smk_can_187,18,67.252,eea1cc34fd9d82b0c6d7267dcc1cac30b2234f9f9020f48754a66d120f25f54e
mutual_info,k,k:256,,256,19993,rf,none,2325519170,0.679144385026738,0.7212485681557846,0.2068917409387997,0.0997147950089126,0.2306326860632172,,,0.3703719653399078,,1.5133689839572193,0.9037433155080212,,0.0971555555555555,smk_can_187,18,67.252,eea1cc34fd9d82b0c6d7267dcc1cac30b2234f9f9020f48754a66d120f25f54e
mutual_info,frac,frac:1,1.0,19993,19993,rf,none,619971260,0.6524064171122995,0.7134593356242841,0.2128805704099821,0.0845989304812833,0.2493738938066229,,,0.3539069910472237,,1.5454545454545454,0.9037433155080212,,0.1028888888888888,smk_can_187,19,59.377,eea1cc34fd9d82b0c6d7267dcc1cac30b2234f9f9020f48754a66d120f25f54e
mutual_info,k,k:1,,1,19993,rf,none,619971260,0.4973262032085561,0.5282359679266896,0.3899584677035798,0.3698299804770393,0.498088633999595,,,0.2338410089443927,,1.7754010695187166,0.9037433155080212,,0.4061437037037037,smk_can_187,19,59.377,eea1cc34fd9d82b0c6d7267dcc1cac30b2234f9f9020f48754a66d120f25f54e
mutual_info,k,k:2,,2,19993,rf,none,619971260,0.6256684491978609,0.6706758304696449,0.2544779560308972,0.1552228163992869,0.3088674299926406,,,0.312045757770989,,1.7165775401069518,0.9197860962566844,,0.1790222222222222,smk_can_187,19,59.377,eea1cc34fd9d82b0c6d7267dcc1cac30b2234f9f9020f48754a66d120f25f54e
mutual_info,k,k:4,,4,19993,rf,none,619971260,0.6470588235294118,0.6896334478808706,0.2380995840760546,0.1124420677361854,0.3021760281451533,,,0.3238693131876999,,1.6524064171122994,0.9037433155080212,,0.1382666666666667,smk_can_187,19,59.377,eea1cc34fd9d82b0c6d7267dcc1cac30b2234f9f9020f48754a66d120f25f54e
mutual_info,k,k:8,,8,19993,rf,none,619971260,0.6524064171122995,0.7112829324169531,0.2182072489601901,0.091729055258467,0.2588882538526695,,,0.3444188055346023,,1.588235294117647,0.9037433155080212,,0.1000444444444444,smk_can_187,19,59.377,eea1cc34fd9d82b0c6d7267dcc1cac30b2234f9f9020f48754a66d120f25f54e
mutual_info,k,k:16,,16,19993,rf,none,619971260,0.679144385026738,0.709163802978236,0.2217751633986928,0.117397504456328,0.2642780695373977,,,0.3485968238357844,,1.6524064171122994,0.9037433155080212,,0.1404888888888889,smk_can_187,19,59.377,eea1cc34fd9d82b0c6d7267dcc1cac30b2234f9f9020f48754a66d120f25f54e
mutual_info,k,k:32,,32,19993,rf,none,619971260,0.6631016042780749,0.692955326460481,0.2231614973262032,0.1083065953654189,0.2682642071978816,,,0.3455517414364914,,1.6898395721925137,0.9144385026737968,,0.1172,smk_can_187,19,59.377,eea1cc34fd9d82b0c6d7267dcc1cac30b2234f9f9020f48754a66d120f25f54e
mutual_info,k,k:64,,64,19993,rf,none,619971260,0.6844919786096256,0.7445017182130584,0.2021297682709447,0.0669875222816399,0.205904040608441,,,0.3629226940880581,,1.5935828877005347,0.9144385026737968,,0.0665333333333332,smk_can_187,19,59.377,eea1cc34fd9d82b0c6d7267dcc1cac30b2234f9f9020f48754a66d120f25f54e
mutual_info,k,k:128,,128,19993,rf,none,619971260,0.6951871657754011,0.7226804123711339,0.2078676173499702,0.0778253119429589,0.2260892864817202,,,0.3656196585769696,,1.588235294117647,0.9090909090909092,,0.0805777777777778,smk_can_187,19,59.377,eea1cc34fd9d82b0c6d7267dcc1cac30b2234f9f9020f48754a66d120f25f54e
mutual_info,k,k:256,,256,19993,rf,none,619971260,0.6844919786096256,0.7291523482245132,0.2049409387997623,0.0821746880570409,0.2210486057348452,,,0.3664564790290942,,1.518716577540107,0.9037433155080212,,0.0954666666666667,smk_can_187,19,59.377,eea1cc34fd9d82b0c6d7267dcc1cac30b2234f9f9020f48754a66d120f25f54e
mutual_info,frac,frac:1,1.0,19993,19993,rf,none,3666043332,0.7165775401069518,0.743184421534937,0.1993395127748069,0.0672727272727272,0.2079156578110327,,,0.3730128470404149,,1.5401069518716577,0.9037433155080212,,0.0677777777777777,smk_can_187,20,58.11,eea1cc34fd9d82b0c6d7267dcc1cac30b2234f9f9020f48754a66d120f25f54e
mutual_info,k,k:1,,1,19993,rf,none,3666043332,0.5294117647058824,0.5468499427262314,0.3728573738866291,0.349675211498741,0.4491821635229704,,,0.2437643020668461,,1.7914438502673795,0.9197860962566844,,0.3688701234567901,smk_can_187,20,58.11,eea1cc34fd9d82b0c6d7267dcc1cac30b2234f9f9020f48754a66d120f25f54e
mutual_info,k,k:2,,2,19993,rf,none,3666043332,0.6203208556149733,0.6379152348224514,0.2743303624480095,0.2167914438502673,0.365767126073079,,,0.3249501472101633,,1.7700534759358288,0.9037433155080212,,0.2104444444444444,smk_can_187,20,58.11,eea1cc34fd9d82b0c6d7267dcc1cac30b2234f9f9020f48754a66d120f25f54e
mutual_info,k,k:4,,4,19993,rf,none,3666043332,0.6256684491978609,0.6587056128293242,0.2468796197266785,0.1411764705882353,0.3113711913141589,,,0.3136802901901722,,1.7219251336898396,0.9037433155080212,,0.1568444444444444,smk_can_187,20,58.11,eea1cc34fd9d82b0c6d7267dcc1cac30b2234f9f9020f48754a66d120f25f54e
mutual_info,k,k:8,,8,19993,rf,none,3666043332,0.6256684491978609,0.7036082474226804,0.2211448603683898,0.0868805704099821,0.2483601926474425,,,0.3412253221659888,,1.6203208556149733,0.9090909090909092,,0.0715111111111111,smk_can_187,20,58.11,eea1cc34fd9d82b0c6d7267dcc1cac30b2234f9f9020f48754a66d120f25f54e
mutual_info,k,k:16,,16,19993,rf,none,3666043332,0.6844919786096256,0.7390034364261169,0.2051890671420083,0.1075579322638145,0.2126680137069389,,,0.3639466577062422,,1.5989304812834224,0.9197860962566844,,0.0848444444444444,smk_can_187,20,58.11,eea1cc34fd9d82b0c6d7267dcc1cac30b2234f9f9020f48754a66d120f25f54e
mutual_info,k,k:32,,32,19993,rf,none,3666043332,0.7112299465240641,0.7449026345933563,0.2002008318478906,0.092156862745098,0.2051197096529872,,,0.3736898639539857,,1.5775401069518715,0.9037433155080212,,0.0912888888888888,smk_can_187,20,58.11,eea1cc34fd9d82b0c6d7267dcc1cac30b2234f9f9020f48754a66d120f25f54e
mutual_info,k,k:64,,64,19993,rf,none,3666043332,0.7058823529411765,0.7591065292096221,0.1974880570409982,0.1121212121212121,0.1967993484189766,,,0.3717576261938869,,1.5294117647058822,0.9037433155080212,,0.1070666666666666,smk_can_187,20,58.11,eea1cc34fd9d82b0c6d7267dcc1cac30b2234f9f9020f48754a66d120f25f54e
mutual_info,k,k:128,,128,19993,rf,none,3666043332,0.7272727272727273,0.7647193585337915,0.1925825311942959,0.087807486631016,0.1871187878763246,,,0.3790186903323195,,1.5294117647058822,0.9037433155080212,,0.0853777777777777,smk_can_187,20,58.11,eea1cc34fd9d82b0c6d7267dcc1cac30b2234f9f9020f48754a66d120f25f54e
mutual_info,k,k:256,,256,19993,rf,none,3666043332,0.7219251336898396,0.7711912943871706,0.1909414141414141,0.0723707664884135,0.1810225550854501,,,0.3761027307690234,,1.502673796791444,0.9037433155080212,,0.0723555555555555,smk_can_187,20,58.11,eea1cc34fd9d82b0c6d7267dcc1cac30b2234f9f9020f48754a66d120f25f54e
mutual_info,frac,frac:1,1.0,19993,19993,rf,none,351602390,0.6951871657754011,0.7293814432989691,0.2054238859180035,0.0805347593582888,0.2208509193419198,,,0.3661056826954469,,1.5401069518716577,0.9037433155080212,,0.0747555555555555,smk_can_187,21,48.894,eea1cc34fd9d82b0c6d7267dcc1cac30b2234f9f9020f48754a66d120f25f54e
mutual_info,k,k:1,,1,19993,rf,none,351602390,0.46524064171123,0.4436426116838488,0.430651790850272,0.3853385394561864,0.5361044517937231,,,0.1694970976926486,,2.0,1.0,,0.4628516754850088,smk_can_187,21,48.894,eea1cc34fd9d82b0c6d7267dcc1cac30b2234f9f9020f48754a66d120f25f54e
mutual_info,k,k:2,,2,19993,rf,none,351602390,0.5133689839572193,0.4915234822451317,0.3354046345811051,0.2740463458110517,0.4854180614549061,,,0.2406823111042716,,1.786096256684492,0.9144385026737968,,0.3172444444444445,smk_can_187,21,48.894,eea1cc34fd9d82b0c6d7267dcc1cac30b2234f9f9020f48754a66d120f25f54e
mutual_info,k,k:4,,4,19993,rf,none,351602390,0.6417112299465241,0.6519473081328752,0.2537281045751633,0.1559001782531194,0.3097070854119285,,,0.3213996617504761,,1.695187165775401,0.9037433155080212,,0.1585777777777777,smk_can_187,21,48.894,eea1cc34fd9d82b0c6d7267dcc1cac30b2234f9f9020f48754a66d120f25f54e
mutual_info,k,k:8,,8,19993,rf,none,351602390,0.6951871657754011,0.7162084765177549,0.219731669637552,0.129090909090909,0.2378104638795084,,,0.3473437981291468,,1.5828877005347597,0.9037433155080212,,0.1175555555555555,smk_can_187,21,48.894,eea1cc34fd9d82b0c6d7267dcc1cac30b2234f9f9020f48754a66d120f25f54e
mutual_info,k,k:16,,16,19993,rf,none,351602390,0.6631016042780749,0.7010882016036655,0.2235484254307784,0.1329768270944741,0.2531370585872302,,,0.3441070450227464,,1.6203208556149733,0.9037433155080212,,0.1484888888888888,smk_can_187,21,48.894,eea1cc34fd9d82b0c6d7267dcc1cac30b2234f9f9020f48754a66d120f25f54e
mutual_info,k,k:32,,32,19993,rf,none,351602390,0.6363636363636364,0.7055555555555556,0.2177780154486036,0.1231016042780748,0.252855835477459,,,0.3554235987647878,,1.60427807486631,0.9090909090909092,,0.1158666666666666,smk_can_187,21,48.894,eea1cc34fd9d82b0c6d7267dcc1cac30b2234f9f9020f48754a66d120f25f54e
mutual_info,k,k:64,,64,19993,rf,none,351602390,0.6684491978609626,0.7281214203894617,0.2068955436720142,0.1229590017825311,0.2247137188930928,,,0.3647615486836004,,1.5775401069518715,0.9037433155080212,,0.1049777777777778,smk_can_187,21,48.894,eea1cc34fd9d82b0c6d7267dcc1cac30b2234f9f9020f48754a66d120f25f54e
mutual_info,k,k:128,,128,19993,rf,none,351602390,0.6898395721925134,0.7347651775486826,0.2063225193107546,0.0817825311942959,0.2171114643031421,,,0.3619166331713086,,1.5989304812834224,0.9090909090909092,,0.0990222222222222,smk_can_187,21,48.894,eea1cc34fd9d82b0c6d7267dcc1cac30b2234f9f9020f48754a66d120f25f54e
mutual_info,k,k:256,,256,19993,rf,none,351602390,0.7112299465240641,0.7463344788087056,0.2004140225787284,0.126488413547237,0.195693237395543,,,0.3637058245547129,,1.5561497326203209,0.9037433155080212,,0.1356,smk_can_187,21,48.894,eea1cc34fd9d82b0c6d7267dcc1cac30b2234f9f9020f48754a66d120f25f54e
mutual_info,frac,frac:1,1.0,19993,19993,rf,none,638816351,0.7058823529411765,0.7348797250859106,0.2030840166369578,0.0753654188948306,0.2164999601896714,,,0.3700801482838295,,1.5401069518716577,0.9037433155080212,,0.0973777777777777,smk_can_187,22,46.386,eea1cc34fd9d82b0c6d7267dcc1cac30b2234f9f9020f48754a66d120f25f54e
mutual_info,k,k:1,,1,19993,rf,none,638816351,0.5026737967914439,0.5040091638029782,0.4067257208688189,0.3852144979203802,0.4588649197306731,,,0.2099381054698882,,2.0,1.0,,0.4233977777777777,smk_can_187,22,46.386,eea1cc34fd9d82b0c6d7267dcc1cac30b2234f9f9020f48754a66d120f25f54e
mutual_info,k,k:2,,2,19993,rf,none,638816351,0.5775401069518716,0.590950744558992,0.2997250148544266,0.2277005347593583,0.4130066367980066,,,0.2740703541640742,,1.7914438502673795,0.9090909090909092,,0.2591111111111111,smk_can_187,22,46.386,eea1cc34fd9d82b0c6d7267dcc1cac30b2234f9f9020f48754a66d120f25f54e
mutual_info,k,k:4,,4,19993,rf,none,638816351,0.6256684491978609,0.6779495990836196,0.2427940582293523,0.1450980392156863,0.2933754648385288,,,0.3283982659988737,,1.6470588235294117,0.9090909090909092,,0.1350666666666666,smk_can_187,22,46.386,eea1cc34fd9d82b0c6d7267dcc1cac30b2234f9f9020f48754a66d120f25f54e
mutual_info,k,k:8,,8,19993,rf,none,638816351,0.6684491978609626,0.7096219931271478,0.2216194890077243,0.1182887700534759,0.2542522718303828,,,0.3442419970465329,,1.6310160427807487,0.9090909090909092,,0.118,smk_can_187,22,46.386,eea1cc34fd9d82b0c6d7267dcc1cac30b2234f9f9020f48754a66d120f25f54e
mutual_info,k,k:16,,16,19993,rf,none,638816351,0.6577540106951871,0.7262886597938144,0.2148969696969697,0.1580392156862745,0.2670010884807378,,,0.357874951821852,,1.6310160427807487,0.9037433155080212,,0.1497333333333333,smk_can_187,22,46.386,eea1cc34fd9d82b0c6d7267dcc1cac30b2234f9f9020f48754a66d120f25f54e
mutual_info,k,k:32,,32,19993,rf,none,638816351,0.7058823529411765,0.7445017182130584,0.2013513963161022,0.0875579322638146,0.2120492677490143,,,0.3712775694573754,,1.5294117647058822,0.9037433155080212,,0.0951999999999999,smk_can_187,22,46.386,eea1cc34fd9d82b0c6d7267dcc1cac30b2234f9f9020f48754a66d120f25f54e
mutual_info,k,k:64,,64,19993,rf,none,638816351,0.6951871657754011,0.7495990836197022,0.1980016636957813,0.111301247771836,0.2059525633187623,,,0.375506912330267,,1.502673796791444,0.9037433155080212,,0.1296888888888889,smk_can_187,22,46.386,eea1cc34fd9d82b0c6d7267dcc1cac30b2234f9f9020f48754a66d120f25f54e
mutual_info,k,k:128,,128,19993,rf,none,638816351,0.6844919786096256,0.7481099656357388,0.1975660130718954,0.1074153297682709,0.2047617900063706,,,0.3763624428466011,,1.5508021390374331,0.9037433155080212,,0.1113333333333333,smk_can_187,22,46.386,eea1cc34fd9d82b0c6d7267dcc1cac30b2234f9f9020f48754a66d120f25f54e
mutual_info,k,k:256,,256,19993,rf,none,638816351,0.7112299465240641,0.7406071019473082,0.1985354723707664,0.1115864527629233,0.1966188684455228,,,0.3766367604767644,,1.5775401069518715,0.9037433155080212,,0.1030222222222222,smk_can_187,22,46.386,eea1cc34fd9d82b0c6d7267dcc1cac30b2234f9f9020f48754a66d120f25f54e
mutual_info,frac,frac:1,1.0,19993,19993,rf,none,3608727315,0.7005347593582888,0.7190721649484536,0.2072351752822341,0.1093761140819964,0.2166165225266678,,,0.3681233692363778,,1.609625668449198,0.9090909090909092,,0.1370666666666666,smk_can_187,23,45.775,eea1cc34fd9d82b0c6d7267dcc1cac30b2234f9f9020f48754a66d120f25f54e
mutual_info,k,k:1,,1,19993,rf,none,3608727315,0.5508021390374331,0.5673539518900343,0.3612266014573707,0.3264687786960514,0.464833550749067,,,0.2481019747951801,,1.8128342245989304,0.9090909090909092,,0.3467285185185185,smk_can_187,23,45.775,eea1cc34fd9d82b0c6d7267dcc1cac30b2234f9f9020f48754a66d120f25f54e
mutual_info,k,k:2,,2,19993,rf,none,3608727315,0.6524064171122995,0.6611111111111111,0.2556337492572786,0.1647415329768271,0.3466526116750799,,,0.3229310463911964,,1.7219251336898396,0.9037433155080212,,0.1851111111111111,smk_can_187,23,45.775,eea1cc34fd9d82b0c6d7267dcc1cac30b2234f9f9020f48754a66d120f25f54e
mutual_info,k,k:4,,4,19993,rf,none,3608727315,0.6310160427807486,0.6548109965635739,0.2506526440879382,0.177361853832442,0.329403649495902,,,0.3343870884960667,,1.6844919786096255,0.9037433155080212,,0.1784,smk_can_187,23,45.775,eea1cc34fd9d82b0c6d7267dcc1cac30b2234f9f9020f48754a66d120f25f54e
mutual_info,k,k:8,,8,19993,rf,none,3608727315,0.6684491978609626,0.67737686139748,0.2343705288175876,0.1242780748663102,0.3123958659340734,,,0.340447024797201,,1.6737967914438503,0.9037433155080212,,0.1485333333333333,smk_can_187,23,45.775,eea1cc34fd9d82b0c6d7267dcc1cac30b2234f9f9020f48754a66d120f25f54e
mutual_info,k,k:16,,16,19993,rf,none,3608727315,0.7165775401069518,0.7199885452462772,0.2122457516339869,0.1111586452762923,0.2734242688063348,,,0.3647113674943193,,1.6631016042780749,0.9144385026737968,,0.1185777777777777,smk_can_187,23,45.775,eea1cc34fd9d82b0c6d7267dcc1cac30b2234f9f9020f48754a66d120f25f54e
mutual_info,k,k:32,,32,19993,rf,none,3608727315,0.7165775401069518,0.7532073310423826,0.1964615567439097,0.11650623885918,0.1928689911798204,,,0.3691082580541738,,1.5668449197860963,0.9037433155080212,,0.1009777777777777,smk_can_187,23,45.775,eea1cc34fd9d82b0c6d7267dcc1cac30b2234f9f9020f48754a66d120f25f54e
mutual_info,k,k:64,,64,19993,rf,none,3608727315,0.7058823529411765,0.7576746849942726,0.1947836007130124,0.124349376114082,0.1854950590418871,,,0.3721959303865749,,1.5454545454545454,0.9037433155080212,,0.1421333333333333,smk_can_187,23,45.775,eea1cc34fd9d82b0c6d7267dcc1cac30b2234f9f9020f48754a66d120f25f54e
mutual_info,k,k:128,,128,19993,rf,none,3608727315,0.7058823529411765,0.7315578465063001,0.2014053475935829,0.1266666666666666,0.2201048452890174,,,0.3772512572099467,,1.6363636363636365,0.9144385026737968,,0.1166666666666666,smk_can_187,23,45.775,eea1cc34fd9d82b0c6d7267dcc1cac30b2234f9f9020f48754a66d120f25f54e
mutual_info,k,k:256,,256,19993,rf,none,3608727315,0.6951871657754011,0.7399770904925543,0.2006799762329174,0.1278787878787878,0.2103962841694985,,,0.3709935668724139,,1.5775401069518715,0.9090909090909092,,0.1307555555555555,smk_can_187,23,45.775,eea1cc34fd9d82b0c6d7267dcc1cac30b2234f9f9020f48754a66d120f25f54e
mutual_info,frac,frac:1,1.0,19993,19993,rf,none,283887112,0.679144385026738,0.7242268041237113,0.2085283422459893,0.1027094474153297,0.2319733408025996,,,0.3680630779896466,,1.572192513368984,0.9144385026737968,,0.0844888888888888,smk_can_187,24,39.328,eea1cc34fd9d82b0c6d7267dcc1cac30b2234f9f9020f48754a66d120f25f54e
mutual_info,k,k:1,,1,19993,rf,none,283887112,0.5080213903743316,0.5556701030927835,0.3741585149305513,0.360353705118411,0.3970858601976299,,,0.2294584873754154,,1.7700534759358288,0.9090909090909092,,0.3901651851851851,smk_can_187,24,39.328,eea1cc34fd9d82b0c6d7267dcc1cac30b2234f9f9020f48754a66d120f25f54e
mutual_info,k,k:2,,2,19993,rf,none,283887112,0.5721925133689839,0.5782932416953036,0.2909841948900772,0.2154723707664884,0.4101391586313486,,,0.2920339853295642,,1.7647058823529411,0.9090909090909092,,0.25,smk_can_187,24,39.328,eea1cc34fd9d82b0c6d7267dcc1cac30b2234f9f9020f48754a66d120f25f54e
mutual_info,k,k:4,,4,19993,rf,none,283887112,0.5989304812834224,0.652290950744559,0.2520247177658942,0.1465953654188948,0.3047512261261492,,,0.3122132879277687,,1.6684491978609626,0.9090909090909092,,0.1533333333333333,smk_can_187,24,39.328,eea1cc34fd9d82b0c6d7267dcc1cac30b2234f9f9020f48754a66d120f25f54e
mutual_info,k,k:8,,8,19993,rf,none,283887112,0.6577540106951871,0.681729667812142,0.2315149138443255,0.1012121212121212,0.3053726111651048,,,0.3411800127217699,,1.6577540106951871,0.9037433155080212,,0.097911111111111,smk_can_187,24,39.328,eea1cc34fd9d82b0c6d7267dcc1cac30b2234f9f9020f48754a66d120f25f54e
mutual_info,k,k:16,,16,19993,rf,none,283887112,0.6684491978609626,0.7026345933562429,0.221886155674391,0.1106595365418894,0.2834623795009505,,,0.3530632224357506,,1.625668449197861,0.9037433155080212,,0.1021333333333333,smk_can_187,24,39.328,eea1cc34fd9d82b0c6d7267dcc1cac30b2234f9f9020f48754a66d120f25f54e
mutual_info,k,k:32,,32,19993,rf,none,283887112,0.6898395721925134,0.7306414662084765,0.207022697563874,0.0795008912655971,0.2359486746568364,,,0.3676763479489262,,1.5935828877005347,0.9037433155080212,,0.0774666666666666,smk_can_187,24,39.328,eea1cc34fd9d82b0c6d7267dcc1cac30b2234f9f9020f48754a66d120f25f54e
mutual_info,k,k:64,,64,19993,rf,none,283887112,0.6737967914438503,0.7268041237113403,0.2090452762923351,0.0731550802139037,0.2365562688953157,,,0.3639514784319942,,1.5508021390374331,0.9037433155080212,,0.0742222222222222,smk_can_187,24,39.328,eea1cc34fd9d82b0c6d7267dcc1cac30b2234f9f9020f48754a66d120f25f54e
mutual_info,k,k:128,,128,19993,rf,none,283887112,0.6844919786096256,0.74106529209622,0.2025544860368389,0.081283422459893,0.2240029968722801,,,0.3702177453603851,,1.5240641711229947,0.9037433155080212,,0.0712888888888888,smk_can_187,24,39.328,eea1cc34fd9d82b0c6d7267dcc1cac30b2234f9f9020f48754a66d120f25f54e
mutual_info,k,k:256,,256,19993,rf,none,283887112,0.6951871657754011,0.7467353951890034,0.2006559714795009,0.0837789661319073,0.2118100255003041,,,0.3683625775227128,,1.5454545454545454,0.9037433155080212,,0.087111111111111,smk_can_187,24,39.328,eea1cc34fd9d82b0c6d7267dcc1cac30b2234f9f9020f48754a66d120f25f54e
mutual_info,frac,frac:1,1.0,19993,19993,rf,none,4205196951,0.7379679144385026,0.7443871706758305,0.2009991681521093,0.1330481283422459,0.205508306209294,,,0.3743927811781455,,1.5401069518716577,0.9090909090909092,,0.1329777777777777,smk_can_187,25,40.598,eea1cc34fd9d82b0c6d7267dcc1cac30b2234f9f9020f48754a66d120f25f54e
mutual_info,k,k:1,,1,19993,rf,none,4205196951,0.5721925133689839,0.5815005727376862,0.3435486239519376,0.2960564468211527,0.4163009491839796,,,0.264528402568208,,1.8021390374331552,0.9144385026737968,,0.334602962962963,smk_can_187,25,40.598,eea1cc34fd9d82b0c6d7267dcc1cac30b2234f9f9020f48754a66d120f25f54e
mutual_info,k,k:2,,2,19993,rf,none,4205196951,0.5721925133689839,0.5981672394043528,0.2865628045157457,0.1956862745098039,0.4110972395918452,,,0.2751575771383647,,1.7967914438502677,0.9037433155080212,,0.2120444444444444,smk_can_187,25,40.598,eea1cc34fd9d82b0c6d7267dcc1cac30b2234f9f9020f48754a66d120f25f54e
mutual_info,k,k:4,,4,19993,rf,none,4205196951,0.6149732620320856,0.6365979381443299,0.2581956030897207,0.1467379679144385,0.3517953318767313,,,0.2989758363074719,,1.7165775401069518,0.9090909090909092,,0.1642666666666666,smk_can_187,25,40.598,eea1cc34fd9d82b0c6d7267dcc1cac30b2234f9f9020f48754a66d120f25f54e
mutual_info,k,k:8,,8,19993,rf,none,4205196951,0.6631016042780749,0.674799541809851,0.2345074272133095,0.1047415329768271,0.3178884736477293,,,0.3228714189530822,,1.6898395721925137,0.9037433155080212,,0.1390666666666666,smk_can_187,25,40.598,eea1cc34fd9d82b0c6d7267dcc1cac30b2234f9f9020f48754a66d120f25f54e
mutual_info,k,k:16,,16,19993,rf,none,4205196951,0.6951871657754011,0.731786941580756,0.2095313131313131,0.1010695187165775,0.2295613531927661,,,0.3508011180495751,,1.6203208556149733,0.9037433155080212,,0.1073333333333333,smk_can_187,25,40.598,eea1cc34fd9d82b0c6d7267dcc1cac30b2234f9f9020f48754a66d120f25f54e
mutual_info,k,k:32,,32,19993,rf,none,4205196951,0.6844919786096256,0.7364261168384879,0.2065910873440285,0.089554367201426,0.2278657802480665,,,0.3565275269034139,,1.572192513368984,0.9037433155080212,,0.0946666666666666,smk_can_187,25,40.598,eea1cc34fd9d82b0c6d7267dcc1cac30b2234f9f9020f48754a66d120f25f54e
mutual_info,k,k:64,,64,19993,rf,none,4205196951,0.6844919786096256,0.7286368843069874,0.2073794414735591,0.0912299465240641,0.2275181466816342,,,0.3632115436226443,,1.5775401069518715,0.9037433155080212,,0.0770222222222222,smk_can_187,25,40.598,eea1cc34fd9d82b0c6d7267dcc1cac30b2234f9f9020f48754a66d120f25f54e
mutual_info,k,k:128,,128,19993,rf,none,4205196951,0.6951871657754011,0.7380297823596793,0.2048905525846702,0.1018538324420677,0.2367747944386444,,,0.3689391399783727,,1.53475935828877,0.9037433155080212,,0.0884888888888889,smk_can_187,25,40.598,eea1cc34fd9d82b0c6d7267dcc1cac30b2234f9f9020f48754a66d120f25f54e
mutual_info,k,k:256,,256,19993,rf,none,4205196951,0.6898395721925134,0.7262313860252004,0.2062951871657754,0.0971479500891265,0.2275248152530041,,,0.3667498493455872,,1.60427807486631,0.9090909090909092,,0.1116,smk_can_187,25,40.598,eea1cc34fd9d82b0c6d7267dcc1cac30b2234f9f9020f48754a66d120f25f54e
mutual_info,frac,frac:1,1.0,19993,19993,rf,none,3097389917,0.6951871657754011,0.7169530355097365,0.2071101604278074,0.109090909090909,0.2208447872532826,,,0.3691125572210424,,1.588235294117647,0.9037433155080212,,0.1016888888888889,smk_can_187,26,39.094,eea1cc34fd9d82b0c6d7267dcc1cac30b2234f9f9020f48754a66d120f25f54e
mutual_info,k,k:1,,1,19993,rf,none,3097389917,0.5080213903743316,0.5349942726231387,0.3912020857450725,0.3680486800780917,0.4320384356927936,,,0.2193251010905554,,2.0,1.0,,0.4167348148148149,smk_can_187,26,39.094,eea1cc34fd9d82b0c6d7267dcc1cac30b2234f9f9020f48754a66d120f25f54e
mutual_info,k,k:2,,2,19993,rf,none,3097389917,0.5721925133689839,0.5710194730813287,0.310812358882947,0.2307664884135472,0.3903259419808815,,,0.2688643149900178,,1.7433155080213905,0.9144385026737968,,0.2844444444444444,smk_can_187,26,39.094,eea1cc34fd9d82b0c6d7267dcc1cac30b2234f9f9020f48754a66d120f25f54e
mutual_info,k,k:4,,4,19993,rf,none,3097389917,0.5721925133689839,0.6140893470790377,0.2751453357100415,0.1896613190730837,0.3582707581359043,,,0.2965422207774537,,1.695187165775401,0.9037433155080212,,0.2079555555555555,smk_can_187,26,39.094,eea1cc34fd9d82b0c6d7267dcc1cac30b2234f9f9020f48754a66d120f25f54e
mutual_info,k,k:8,,8,19993,rf,none,3097389917,0.6631016042780749,0.6869988545246277,0.2275427213309566,0.1257040998217468,0.2572018441916542,,,0.3401634342963398,,1.6684491978609626,0.9037433155080212,,0.1497777777777778,smk_can_187,26,39.094,eea1cc34fd9d82b0c6d7267dcc1cac30b2234f9f9020f48754a66d120f25f54e
mutual_info,k,k:16,,16,19993,rf,none,3097389917,0.6524064171122995,0.7028636884306988,0.221804872251931,0.0908377896613191,0.2498530541921275,,,0.3439466154436038,,1.5775401069518715,0.9037433155080212,,0.106,smk_can_187,26,39.094,eea1cc34fd9d82b0c6d7267dcc1cac30b2234f9f9020f48754a66d120f25f54e
mutual_info,k,k:32,,32,19993,rf,none,3097389917,0.7058823529411765,0.7505727376861397,0.2017281045751634,0.1078431372549019,0.209787048528681,,,0.363739394346122,,1.53475935828877,0.9090909090909092,,0.1166222222222222,smk_can_187,26,39.094,eea1cc34fd9d82b0c6d7267dcc1cac30b2234f9f9020f48754a66d120f25f54e
mutual_info,k,k:64,,64,19993,rf,none,3097389917,0.6898395721925134,0.7466781214203895,0.2017908496732026,0.0849554367201426,0.2064414046805555,,,0.3596639595295715,,1.572192513368984,0.9037433155080212,,0.0637777777777778,smk_can_187,26,39.094,eea1cc34fd9d82b0c6d7267dcc1cac30b2234f9f9020f48754a66d120f25f54e
mutual_info,k,k:128,,128,19993,rf,none,3097389917,0.6844919786096256,0.7375143184421535,0.2041979797979798,0.0861675579322637,0.2192446643564582,,,0.3658939199120333,,1.5989304812834224,0.9090909090909092,,0.0942666666666666,smk_can_187,26,39.094,eea1cc34fd9d82b0c6d7267dcc1cac30b2234f9f9020f48754a66d120f25f54e
mutual_info,k,k:256,,256,19993,rf,none,3097389917,0.6844919786096256,0.7430126002290951,0.2027622103386809,0.0956862745098039,0.2108584949317462,,,0.3630854242412881,,1.60427807486631,0.9037433155080212,,0.1018666666666666,smk_can_187,26,39.094,eea1cc34fd9d82b0c6d7267dcc1cac30b2234f9f9020f48754a66d120f25f54e
mutual_info,frac,frac:1,1.0,19993,19993,rf,none,2133931089,0.7005347593582888,0.7260595647193585,0.2069426024955437,0.0977183600713012,0.2238354143896726,,,0.3648559205118746,,1.5935828877005347,0.9090909090909092,,0.0840444444444444,smk_can_187,27,40.819,eea1cc34fd9d82b0c6d7267dcc1cac30b2234f9f9020f48754a66d120f25f54e
mutual_info,k,k:1,,1,19993,rf,none,2133931089,0.5614973262032086,0.5942726231386025,0.3486570284618898,0.3256297428062134,0.3915480569945387,,,0.2594750664432749,,2.0,1.0,,0.3478051851851851,smk_can_187,27,40.819,eea1cc34fd9d82b0c6d7267dcc1cac30b2234f9f9020f48754a66d120f25f54e
mutual_info,k,k:2,,2,19993,rf,none,2133931089,0.5561497326203209,0.5814432989690722,0.2962322043969103,0.2103030303030303,0.4047896524725872,,,0.2867115430491595,,1.818181818181818,0.9090909090909092,,0.2356444444444444,smk_can_187,27,40.819,eea1cc34fd9d82b0c6d7267dcc1cac30b2234f9f9020f48754a66d120f25f54e
mutual_info,k,k:4,,4,19993,rf,none,2133931089,0.6310160427807486,0.6459908361970218,0.2608240047534165,0.1815686274509803,0.3397196368947508,,,0.317935778720197,,1.7058823529411764,0.9037433155080212,,0.2112,smk_can_187,27,40.819,eea1cc34fd9d82b0c6d7267dcc1cac30b2234f9f9020f48754a66d120f25f54e
mutual_info,k,k:8,,8,19993,rf,none,2133931089,0.6577540106951871,0.6936426116838488,0.2306091503267974,0.12,0.3034813619482395,,,0.3347939175632355,,1.6203208556149733,0.9037433155080212,,0.1199999999999999,smk_can_187,27,40.819,eea1cc34fd9d82b0c6d7267dcc1cac30b2234f9f9020f48754a66d120f25f54e
mutual_info,k,k:16,,16,19993,rf,none,2133931089,0.7058823529411765,0.727491408934708,0.212392156862745,0.1022459893048128,0.2491368941482998,,,0.352706326771281,,1.6310160427807487,0.9037433155080212,,0.1140444444444444,smk_can_187,27,40.819,eea1cc34fd9d82b0c6d7267dcc1cac30b2234f9f9020f48754a66d120f25f54e
mutual_info,k,k:32,,32,19993,rf,none,2133931089,0.7112299465240641,0.7345360824742269,0.2079370172311348,0.123030303030303,0.2473109461597662,,,0.3592280496776954,,1.5935828877005347,0.9037433155080212,,0.1378222222222222,smk_can_187,27,40.819,eea1cc34fd9d82b0c6d7267dcc1cac30b2234f9f9020f48754a66d120f25f54e
mutual_info,k,k:64,,64,19993,rf,none,2133931089,0.679144385026738,0.7369988545246278,0.2063862150920974,0.0832085561497326,0.2132289261479727,,,0.3583615003884104,,1.5828877005347597,0.9037433155080212,,0.0988444444444444,smk_can_187,27,40.819,eea1cc34fd9d82b0c6d7267dcc1cac30b2234f9f9020f48754a66d120f25f54e
mutual_info,k,k:128,,128,19993,rf,none,2133931089,0.679144385026738,0.7291523482245131,0.2072979203802733,0.0705882352941176,0.2254677584171272,,,0.3595095956764185,,1.5561497326203209,0.9144385026737968,,0.0625333333333333,smk_can_187,27,40.819,eea1cc34fd9d82b0c6d7267dcc1cac30b2234f9f9020f48754a66d120f25f54e
mutual_info,k,k:256,,256,19993,rf,none,2133931089,0.6844919786096256,0.716036655211913,0.2103786096256684,0.0886274509803921,0.2272101833760564,,,0.3608476605920013,,1.5828877005347597,0.9037433155080212,,0.1010666666666666,smk_can_187,27,40.819,eea1cc34fd9d82b0c6d7267dcc1cac30b2234f9f9020f48754a66d120f25f54e
mutual_info,frac,frac:1,1.0,19993,19993,rf,none,2043536061,0.679144385026738,0.7422107674684993,0.2031788472964943,0.0928698752228164,0.2141863851736014,,,0.3648533779528234,,1.5614973262032086,0.9037433155080212,,0.0882666666666666,smk_can_187,28,41.353,eea1cc34fd9d82b0c6d7267dcc1cac30b2234f9f9020f48754a66d120f25f54e
mutual_info,k,k:1,,1,19993,rf,none,2043536061,0.5561497326203209,0.579610538373425,0.3559231866376179,0.3362519310754603,0.3786547437380865,,,0.2320070849315919,,1.7219251336898396,0.9090909090909092,,0.3713511111111111,smk_can_187,28,41.353,eea1cc34fd9d82b0c6d7267dcc1cac30b2234f9f9020f48754a66d120f25f54e
mutual_info,k,k:2,,2,19993,rf,none,2043536061,0.5721925133689839,0.6112829324169531,0.2745732620320856,0.1944741532976826,0.3709947890278003,,,0.2958357422660207,,1.6898395721925137,0.9037433155080212,,0.1983555555555555,smk_can_187,28,41.353,eea1cc34fd9d82b0c6d7267dcc1cac30b2234f9f9020f48754a66d120f25f54e
mutual_info,k,k:4,,4,19993,rf,none,2043536061,0.6096256684491979,0.6291523482245132,0.2561647058823529,0.1434224598930481,0.3378522629698843,,,0.317725486753134,,1.700534759358289,0.9037433155080212,,0.1658222222222222,smk_can_187,28,41.353,eea1cc34fd9d82b0c6d7267dcc1cac30b2234f9f9020f48754a66d120f25f54e
mutual_info,k,k:8,,8,19993,rf,none,2043536061,0.6149732620320856,0.6912371134020617,0.2251524658348187,0.1175401069518716,0.2755400291293571,,,0.3413547645926233,,1.609625668449198,0.9037433155080212,,0.0748,smk_can_187,28,41.353,eea1cc34fd9d82b0c6d7267dcc1cac30b2234f9f9020f48754a66d120f25f54e
mutual_info,k,k:16,,16,19993,rf,none,2043536061,0.6844919786096256,0.7120274914089346,0.2173071895424836,0.1449554367201426,0.2562501691146144,,,0.3503871027944995,,1.625668449197861,0.9090909090909092,,0.1640888888888889,smk_can_187,28,41.353,eea1cc34fd9d82b0c6d7267dcc1cac30b2234f9f9020f48754a66d120f25f54e
mutual_info,k,k:32,,32,19993,rf,none,2043536061,0.6951871657754011,0.7276632302405499,0.2120544266191325,0.1014973262032086,0.2463498732835349,,,0.3530020316085868,,1.609625668449198,0.9090909090909092,,0.1200888888888888,smk_can_187,28,41.353,eea1cc34fd9d82b0c6d7267dcc1cac30b2234f9f9020f48754a66d120f25f54e
mutual_info,k,k:64,,64,19993,rf,none,2043536061,0.7005347593582888,0.7225658648339061,0.2113297682709447,0.0998217468805704,0.2439165288060266,,,0.3546745349385187,,1.5935828877005347,0.9037433155080212,,0.1095555555555555,smk_can_187,28,41.353,eea1cc34fd9d82b0c6d7267dcc1cac30b2234f9f9020f48754a66d120f25f54e
mutual_info,k,k:128,,128,19993,rf,none,2043536061,0.7165775401069518,0.7310996563573883,0.204911229946524,0.1309803921568627,0.2268296454524665,,,0.3636623331062002,,1.5935828877005347,0.9090909090909092,,0.1265777777777777,smk_can_187,28,41.353,eea1cc34fd9d82b0c6d7267dcc1cac30b2234f9f9020f48754a66d120f25f54e
mutual_info,k,k:256,,256,19993,rf,none,2043536061,0.7058823529411765,0.7276059564719358,0.2062101010101009,0.1120499108734403,0.2260517396254316,,,0.3612005353043405,,1.5935828877005347,0.9090909090909092,,0.1143555555555555,smk_can_187,28,41.353,eea1cc34fd9d82b0c6d7267dcc1cac30b2234f9f9020f48754a66d120f25f54e
mutual_info,frac,frac:1,1.0,19993,19993,rf,none,1192566669,0.6737967914438503,0.7001145475372279,0.2148045157456922,0.1147950089126559,0.2465390863099987,,,0.3579822251312244,,1.6737967914438503,0.9197860962566844,,0.111511111111111,smk_can_187,29,40.653,eea1cc34fd9d82b0c6d7267dcc1cac30b2234f9f9020f48754a66d120f25f54e
mutual_info,k,k:1,,1,19993,rf,none,1192566669,0.4705882352941176,0.43631156930126,0.4314628727931502,0.3964737430325665,0.5803114015765333,,,0.1917762816438842,,2.0,1.0,,0.4431459259259259,smk_can_187,29,40.653,eea1cc34fd9d82b0c6d7267dcc1cac30b2234f9f9020f48754a66d120f25f54e
mutual_info,k,k:2,,2,19993,rf,none,1192566669,0.5240641711229946,0.5126002290950744,0.3248691622103387,0.2309803921568627,0.4931054930728262,,,0.2515699147250096,,1.807486631016043,0.9037433155080212,,0.2736444444444444,smk_can_187,29,40.653,eea1cc34fd9d82b0c6d7267dcc1cac30b2234f9f9020f48754a66d120f25f54e
mutual_info,k,k:4,,4,19993,rf,none,1192566669,0.5721925133689839,0.6034364261168386,0.2690158051099227,0.1541532976827094,0.413710983953124,,,0.3105924435857334,,1.7540106951871657,0.9037433155080212,,0.151111111111111,smk_can_187,29,40.653,eea1cc34fd9d82b0c6d7267dcc1cac30b2234f9f9020f48754a66d120f25f54e
mutual_info,k,k:8,,8,19993,rf,none,1192566669,0.5561497326203209,0.5923253150057274,0.2612558526440879,0.1632085561497326,0.3530840994842714,,,0.3114413784554571,,1.695187165775401,0.9037433155080212,,0.1669777777777777,smk_can_187,29,40.653,eea1cc34fd9d82b0c6d7267dcc1cac30b2234f9f9020f48754a66d120f25f54e
mutual_info,k,k:16,,16,19993,rf,none,1192566669,0.6470588235294118,0.6926689576174113,0.2207969102792632,0.1283778966131907,0.2771619389442453,,,0.3515160447458841,,1.609625668449198,0.9144385026737968,,0.1265333333333333,smk_can_187,29,40.653,eea1cc34fd9d82b0c6d7267dcc1cac30b2234f9f9020f48754a66d120f25f54e
mutual_info,k,k:32,,32,19993,rf,none,1192566669,0.6951871657754011,0.7257159221076747,0.2112185383244206,0.1090196078431372,0.2485334429167204,,,0.3637790392601647,,1.5989304812834224,0.9037433155080212,,0.1064444444444444,smk_can_187,29,40.653,eea1cc34fd9d82b0c6d7267dcc1cac30b2234f9f9020f48754a66d120f25f54e
mutual_info,k,k:64,,64,19993,rf,none,1192566669,0.6898395721925134,0.7359106529209622,0.2060572786690434,0.0896969696969697,0.2284622072206034,,,0.3637757709750351,,1.5989304812834224,0.9037433155080212,,0.096311111111111,smk_can_187,29,40.653,eea1cc34fd9d82b0c6d7267dcc1cac30b2234f9f9020f48754a66d120f25f54e
mutual_info,k,k:128,,128,19993,rf,none,1192566669,0.6737967914438503,0.7411798396334479,0.2031203802733214,0.1136185383244206,0.2246640583691507,,,0.369204222108987,,1.5240641711229947,0.9090909090909092,,0.1053777777777777,smk_can_187,29,40.653,eea1cc34fd9d82b0c6d7267dcc1cac30b2234f9f9020f48754a66d120f25f54e
mutual_info,k,k:256,,256,19993,rf,none,1192566669,0.6737967914438503,0.7188430698739977,0.2095857397504456,0.0904812834224599,0.2349973174554614,,,0.3613596601802727,,1.5454545454545454,0.9037433155080212,,0.0908444444444444,smk_can_187,29,40.653,eea1cc34fd9d82b0c6d7267dcc1cac30b2234f9f9020f48754a66d120f25f54e
rf_importance,frac,frac:1,1.0,19993,19993,gb,none,2764041211,0.6524064171122995,0.722794959908362,0.2635016492130546,0.2242406544904928,0.2163600092037156,,,0.3148191563919458,,1.5294117647058822,0.9037433155080212,,0.255349609482364,smk_can_187,0,57.4,eea1cc34fd9d82b0c6d7267dcc1cac30b2234f9f9020f48754a66d120f25f54e
rf_importance,k,k:1,,1,19993,gb,none,2764041211,0.5775401069518716,0.6220504009163802,0.2603677805266605,0.1730320711629609,0.3782043988301482,,,0.3137272891616986,,1.7754010695187166,0.9090909090909092,,0.1931494854665251,smk_can_187,0,57.4,eea1cc34fd9d82b0c6d7267dcc1cac30b2234f9f9020f48754a66d120f25f54e
rf_importance,k,k:2,,2,19993,gb,none,2764041211,0.5882352941176471,0.6299541809851088,0.2765356914605608,0.2086167495658512,0.3168021528990283,,,0.3028921364975341,,1.679144385026738,0.9037433155080212,,0.23743669331676,smk_can_187,0,57.4,eea1cc34fd9d82b0c6d7267dcc1cac30b2234f9f9020f48754a66d120f25f54e
rf_importance,k,k:4,,4,19993,gb,none,2764041211,0.6310160427807486,0.6419816723940436,0.2761106093498197,0.2149489885175729,0.3221387786321767,,,0.3122879910437914,,1.6737967914438503,0.9037433155080212,,0.2462152439864047,smk_can_187,0,57.4,eea1cc34fd9d82b0c6d7267dcc1cac30b2234f9f9020f48754a66d120f25f54e
rf_importance,k,k:8,,8,19993,gb,none,2764041211,0.6310160427807486,0.6691867124856815,0.2858177972250001,0.2403679328035023,0.2853888594845078,,,0.2989843560622065,,1.6737967914438503,0.9037433155080212,,0.2659855214381051,smk_can_187,0,57.4,eea1cc34fd9d82b0c6d7267dcc1cac30b2234f9f9020f48754a66d120f25f54e
rf_importance,k,k:16,,16,19993,gb,none,2764041211,0.5989304812834224,0.6735395189003437,0.2991321998165737,0.2679242255905776,0.2615766279628839,,,0.2833807532558783,,1.609625668449198,0.9037433155080212,,0.3038549186450969,smk_can_187,0,57.4,eea1cc34fd9d82b0c6d7267dcc1cac30b2234f9f9020f48754a66d120f25f54e
rf_importance,k,k:32,,32,19993,gb,none,2764041211,0.6951871657754011,0.7225658648339061,0.2464453826571134,0.1951131410649238,0.2471882231315228,,,0.3388883428823585,,1.609625668449198,0.9037433155080212,,0.2228220749361528,smk_can_187,0,57.4,eea1cc34fd9d82b0c6d7267dcc1cac30b2234f9f9020f48754a66d120f25f54e
rf_importance,k,k:64,,64,19993,gb,none,2764041211,0.6417112299465241,0.6828178694158076,0.2811249513255594,0.265308432587807,0.2677816508235281,,,0.3056681971353381,,1.588235294117647,0.9037433155080212,,0.2629720345368344,smk_can_187,0,57.4,eea1cc34fd9d82b0c6d7267dcc1cac30b2234f9f9020f48754a66d120f25f54e
rf_importance,k,k:128,,128,19993,gb,none,2764041211,0.6684491978609626,0.7376861397479955,0.2499267116826375,0.222848435283596,0.2223128548045559,,,0.3293961700936486,,1.53475935828877,0.9037433155080212,,0.2182687686390426,smk_can_187,0,57.4,eea1cc34fd9d82b0c6d7267dcc1cac30b2234f9f9020f48754a66d120f25f54e
rf_importance,k,k:256,,256,19993,gb,none,2764041211,0.6898395721925134,0.7341351660939289,0.2562213383064933,0.2367263703345967,0.2388959849263905,,,0.3289231387799325,,1.5454545454545454,0.9037433155080212,,0.2571364371737131,smk_can_187,0,57.4,eea1cc34fd9d82b0c6d7267dcc1cac30b2234f9f9020f48754a66d120f25f54e
rf_importance,frac,frac:1,1.0,19993,19993,gb,none,2551183430,0.679144385026738,0.7396334478808705,0.243923377705659,0.195713651684028,0.2029743493205281,,,0.3438217548681532,,1.5294117647058822,0.9037433155080212,,0.2139451957318077,smk_can_187,1,56.91,eea1cc34fd9d82b0c6d7267dcc1cac30b2234f9f9020f48754a66d120f25f54e
rf_importance,k,k:1,,1,19993,gb,none,2551183430,0.6256684491978609,0.6542955326460481,0.2449982316047617,0.1284199000059545,0.3353565932053717,,,0.3205268348868987,,1.6524064171122994,0.9037433155080212,,0.1270157626833933,smk_can_187,1,56.91,eea1cc34fd9d82b0c6d7267dcc1cac30b2234f9f9020f48754a66d120f25f54e
rf_importance,k,k:2,,2,19993,gb,none,2551183430,0.6203208556149733,0.6847079037800687,0.2389420256027619,0.1200804724820228,0.2803594455698022,,,0.3254533453366275,,1.6310160427807487,0.9037433155080212,,0.1321776137381594,smk_can_187,1,56.91,eea1cc34fd9d82b0c6d7267dcc1cac30b2234f9f9020f48754a66d120f25f54e
rf_importance,k,k:4,,4,19993,gb,none,2551183430,0.6042780748663101,0.6516609392898053,0.2666474265579095,0.1899688604847539,0.2941551511960393,,,0.301638141481779,,1.6524064171122994,0.9037433155080212,,0.2154287780696024,smk_can_187,1,56.91,eea1cc34fd9d82b0c6d7267dcc1cac30b2234f9f9020f48754a66d120f25f54e
rf_importance,k,k:8,,8,19993,gb,none,2551183430,0.5989304812834224,0.6462772050400917,0.2854352957770166,0.2336496135535037,0.3253558374553522,,,0.2981319485152017,,1.700534759358289,0.9037433155080212,,0.2665856801636569,smk_can_187,1,56.91,eea1cc34fd9d82b0c6d7267dcc1cac30b2234f9f9020f48754a66d120f25f54e
rf_importance,k,k:16,,16,19993,gb,none,2551183430,0.5775401069518716,0.6525773195876289,0.2980617419209357,0.2630547006787676,0.283678197937489,,,0.2871398239595431,,1.6203208556149733,0.9037433155080212,,0.2889476484689102,smk_can_187,1,56.91,eea1cc34fd9d82b0c6d7267dcc1cac30b2234f9f9020f48754a66d120f25f54e
rf_importance,k,k:32,,32,19993,gb,none,2551183430,0.5775401069518716,0.6443298969072165,0.3084724907209049,0.2763392321662754,0.284436004721877,,,0.2908330956190306,,1.6363636363636365,0.9037433155080212,,0.2881390495149979,smk_can_187,1,56.91,eea1cc34fd9d82b0c6d7267dcc1cac30b2234f9f9020f48754a66d120f25f54e
rf_importance,k,k:64,,64,19993,gb,none,2551183430,0.6417112299465241,0.6808705612829324,0.2794059397414903,0.2302179359855506,0.2633918337459386,,,0.3065386923176809,,1.641711229946524,0.9037433155080212,,0.2659008851937315,smk_can_187,1,56.91,eea1cc34fd9d82b0c6d7267dcc1cac30b2234f9f9020f48754a66d120f25f54e
rf_importance,k,k:128,,128,19993,gb,none,2551183430,0.6577540106951871,0.6851088201603666,0.2633476876643494,0.2329100907738892,0.2386131782929302,,,0.3374164571600281,,1.5989304812834224,0.9037433155080212,,0.2544868889117498,smk_can_187,1,56.91,eea1cc34fd9d82b0c6d7267dcc1cac30b2234f9f9020f48754a66d120f25f54e
rf_importance,k,k:256,,256,19993,gb,none,2551183430,0.6737967914438503,0.7098510882016037,0.2536328509067322,0.2231691297370912,0.2195383279639018,,,0.3372704030462439,,1.5775401069518715,0.9037433155080212,,0.2454934052597895,smk_can_187,1,56.91,eea1cc34fd9d82b0c6d7267dcc1cac30b2234f9f9020f48754a66d120f25f54e
rf_importance,frac,frac:1,1.0,19993,19993,gb,none,185609277,0.6898395721925134,0.7646048109965635,0.2232496927007801,0.1902253596790272,0.1638014693850273,,,0.3658307910643674,,1.497326203208556,0.9037433155080212,,0.1899999125657564,smk_can_187,2,60.085,eea1cc34fd9d82b0c6d7267dcc1cac30b2234f9f9020f48754a66d120f25f54e
rf_importance,k,k:1,,1,19993,gb,none,185609277,0.5882352941176471,0.6105956471935853,0.2652575594515219,0.1747443777775751,0.3799667200287438,,,0.3065861336410412,,1.7807486631016043,0.9144385026737968,,0.1853268236759405,smk_can_187,2,60.085,eea1cc34fd9d82b0c6d7267dcc1cac30b2234f9f9020f48754a66d120f25f54e
rf_importance,k,k:2,,2,19993,gb,none,185609277,0.6363636363636364,0.6463344788087055,0.2614254805215469,0.1771677413645365,0.340933520099996,,,0.3182922640469655,,1.7486631016042782,0.9037433155080212,,0.1940826244863102,smk_can_187,2,60.085,eea1cc34fd9d82b0c6d7267dcc1cac30b2234f9f9020f48754a66d120f25f54e
rf_importance,k,k:4,,4,19993,gb,none,185609277,0.6524064171122995,0.6699885452462772,0.256557012311685,0.1767080629315937,0.2604871618545737,,,0.3355676402857405,,1.6684491978609626,0.9037433155080212,,0.1936982979872325,smk_can_187,2,60.085,eea1cc34fd9d82b0c6d7267dcc1cac30b2234f9f9020f48754a66d120f25f54e
rf_importance,k,k:8,,8,19993,gb,none,185609277,0.6524064171122995,0.7175257731958762,0.2551382038870168,0.2040239963227555,0.2310073878951736,,,0.3239177359205689,,1.5401069518716577,0.9037433155080212,,0.2234166397137295,smk_can_187,2,60.085,eea1cc34fd9d82b0c6d7267dcc1cac30b2234f9f9020f48754a66d120f25f54e
rf_importance,k,k:16,,16,19993,gb,none,185609277,0.6577540106951871,0.7068728522336769,0.2546292656887388,0.2023349150380677,0.24694594757209,,,0.3171505873107795,,1.6470588235294117,0.9037433155080212,,0.2439496455699439,smk_can_187,2,60.085,eea1cc34fd9d82b0c6d7267dcc1cac30b2234f9f9020f48754a66d120f25f54e
rf_importance,k,k:32,,32,19993,gb,none,185609277,0.6577540106951871,0.7286368843069875,0.2464359941485834,0.205308713550222,0.2147121490241899,,,0.334535736644493,,1.518716577540107,0.9037433155080212,,0.2149346967698582,smk_can_187,2,60.085,eea1cc34fd9d82b0c6d7267dcc1cac30b2234f9f9020f48754a66d120f25f54e
rf_importance,k,k:64,,64,19993,gb,none,185609277,0.6631016042780749,0.724856815578465,0.2495389216509643,0.2127835334180111,0.2099503832480069,,,0.3354560938570832,,1.588235294117647,0.9037433155080212,,0.2298657873726003,smk_can_187,2,60.085,eea1cc34fd9d82b0c6d7267dcc1cac30b2234f9f9020f48754a66d120f25f54e
rf_importance,k,k:128,,128,19993,gb,none,185609277,0.7112299465240641,0.754410080183276,0.2227585196212217,0.18639771076773,0.1797709779951446,,,0.3687511221184733,,1.5133689839572193,0.9037433155080212,,0.1833278875843882,smk_can_187,2,60.085,eea1cc34fd9d82b0c6d7267dcc1cac30b2234f9f9020f48754a66d120f25f54e
rf_importance,k,k:256,,256,19993,gb,none,185609277,0.7272727272727273,0.7932416953035509,0.2002268868179973,0.1549773830586529,0.1566626134713895,,,0.3723872379680141,,1.4705882352941178,0.9037433155080212,,0.1642620654311815,smk_can_187,2,60.085,eea1cc34fd9d82b0c6d7267dcc1cac30b2234f9f9020f48754a66d120f25f54e
rf_importance,frac,frac:1,1.0,19993,19993,gb,none,4068852986,0.6363636363636364,0.7170675830469645,0.2669613085242042,0.2467032173939062,0.2228070121513843,,,0.3149059234205529,,1.5668449197860963,0.9037433155080212,,0.256802976872736,smk_can_187,3,53.26,eea1cc34fd9d82b0c6d7267dcc1cac30b2234f9f9020f48754a66d120f25f54e
rf_importance,k,k:1,,1,19993,gb,none,4068852986,0.5187165775401069,0.529610538373425,0.2964051286481143,0.1997403776577549,0.4698819289007532,,,0.269373750842072,,1.7967914438502677,0.9037433155080212,,0.2266634821709484,smk_can_187,3,53.26,eea1cc34fd9d82b0c6d7267dcc1cac30b2234f9f9020f48754a66d120f25f54e
rf_importance,k,k:2,,2,19993,gb,none,4068852986,0.5133689839572193,0.5679266895761741,0.3014844116409081,0.251650226048738,0.3693100454726203,,,0.2792092459520287,,1.6844919786096255,0.9037433155080212,,0.2844221904542137,smk_can_187,3,53.26,eea1cc34fd9d82b0c6d7267dcc1cac30b2234f9f9020f48754a66d120f25f54e
rf_importance,k,k:4,,4,19993,gb,none,4068852986,0.5828877005347594,0.6503436426116839,0.280999592404006,0.2277955124646033,0.3113787249453907,,,0.2977250151512565,,1.641711229946524,0.9037433155080212,,0.2522049589338686,smk_can_187,3,53.26,eea1cc34fd9d82b0c6d7267dcc1cac30b2234f9f9020f48754a66d120f25f54e
rf_importance,k,k:8,,8,19993,gb,none,4068852986,0.5775401069518716,0.6560137457044674,0.2878636962546144,0.2652196612756592,0.2750204044285264,,,0.2975349263737535,,1.5828877005347597,0.9037433155080212,,0.2780946970138594,smk_can_187,3,53.26,eea1cc34fd9d82b0c6d7267dcc1cac30b2234f9f9020f48754a66d120f25f54e
rf_importance,k,k:16,,16,19993,gb,none,4068852986,0.5989304812834224,0.6573883161512027,0.2945026328307688,0.2694579089973806,0.2695922397248751,,,0.2956737222289052,,1.6149732620320856,0.9037433155080212,,0.2756858860328662,smk_can_187,3,53.26,eea1cc34fd9d82b0c6d7267dcc1cac30b2234f9f9020f48754a66d120f25f54e
rf_importance,k,k:32,,32,19993,gb,none,4068852986,0.6363636363636364,0.7082474226804124,0.2642386473535763,0.2208939066526515,0.2222124409779799,,,0.3248197075880161,,1.572192513368984,0.9037433155080212,,0.2520530537537461,smk_can_187,3,53.26,eea1cc34fd9d82b0c6d7267dcc1cac30b2234f9f9020f48754a66d120f25f54e
rf_importance,k,k:64,,64,19993,gb,none,4068852986,0.6684491978609626,0.7467353951890034,0.2412869952642885,0.2121456263384226,0.2075299349750808,,,0.3383402834714125,,1.4759358288770053,0.9037433155080212,,0.2239627008402763,smk_can_187,3,53.26,eea1cc34fd9d82b0c6d7267dcc1cac30b2234f9f9020f48754a66d120f25f54e
rf_importance,k,k:128,,128,19993,gb,none,4068852986,0.6951871657754011,0.7422680412371134,0.242923461898631,0.2144695237065116,0.2336984634280021,,,0.3343085072666378,,1.497326203208556,0.9037433155080212,,0.2253500916090753,smk_can_187,3,53.26,eea1cc34fd9d82b0c6d7267dcc1cac30b2234f9f9020f48754a66d120f25f54e
rf_importance,k,k:256,,256,19993,gb,none,4068852986,0.6844919786096256,0.7475372279495991,0.2328871189176255,0.1887132475980619,0.1991248582807654,,,0.3525206135469224,,1.4598930481283423,0.9037433155080212,,0.2009030994624296,smk_can_187,3,53.26,eea1cc34fd9d82b0c6d7267dcc1cac30b2234f9f9020f48754a66d120f25f54e
rf_importance,frac,frac:1,1.0,19993,19993,gb,none,2922912752,0.6844919786096256,0.7798396334478809,0.2188434796352316,0.1889987257606543,0.1591385536828115,,,0.3551741731645107,,1.4759358288770053,0.9037433155080212,,0.1908144643584997,smk_can_187,4,58.149,eea1cc34fd9d82b0c6d7267dcc1cac30b2234f9f9020f48754a66d120f25f54e
rf_importance,k,k:1,,1,19993,gb,none,2922912752,0.5347593582887701,0.5663230240549828,0.2814897204600332,0.1911563095274498,0.3908165682206332,,,0.2825838697601644,,1.7593582887700534,0.9144385026737968,,0.2151725546478529,smk_can_187,4,58.149,eea1cc34fd9d82b0c6d7267dcc1cac30b2234f9f9020f48754a66d120f25f54e
rf_importance,k,k:2,,2,19993,gb,none,2922912752,0.5561497326203209,0.5778350515463917,0.2970055833673488,0.2163743669508801,0.3953997605799886,,,0.2774320560663759,,1.7272727272727273,0.9037433155080212,,0.2574586090844795,smk_can_187,4,58.149,eea1cc34fd9d82b0c6d7267dcc1cac30b2234f9f9020f48754a66d120f25f54e
rf_importance,k,k:4,,4,19993,gb,none,2922912752,0.6149732620320856,0.6470790378006872,0.2740058428976605,0.1889898395866574,0.3113976691344462,,,0.3002477506377853,,1.6898395721925137,0.9037433155080212,,0.2304329927518139,smk_can_187,4,58.149,eea1cc34fd9d82b0c6d7267dcc1cac30b2234f9f9020f48754a66d120f25f54e
rf_importance,k,k:8,,8,19993,gb,none,2922912752,0.6363636363636364,0.686254295532646,0.262249446163363,0.2067195101845578,0.2812501951193785,,,0.3278800102431414,,1.6577540106951871,0.9037433155080212,,0.2210326718576559,smk_can_187,4,58.149,eea1cc34fd9d82b0c6d7267dcc1cac30b2234f9f9020f48754a66d120f25f54e
rf_importance,k,k:16,,16,19993,gb,none,2922912752,0.6524064171122995,0.7054982817869415,0.2635122599668481,0.2235405538067633,0.2596429223929479,,,0.3189421965695443,,1.609625668449198,0.9037433155080212,,0.2377394046328101,smk_can_187,4,58.149,eea1cc34fd9d82b0c6d7267dcc1cac30b2234f9f9020f48754a66d120f25f54e
rf_importance,k,k:32,,32,19993,gb,none,2922912752,0.6470588235294118,0.6778923253150058,0.2704182771693647,0.2419815521082859,0.2740598555647523,,,0.3255884227109469,,1.6470588235294117,0.9037433155080212,,0.250258385274689,smk_can_187,4,58.149,eea1cc34fd9d82b0c6d7267dcc1cac30b2234f9f9020f48754a66d120f25f54e
rf_importance,k,k:64,,64,19993,gb,none,2922912752,0.6577540106951871,0.7418098510882016,0.2405372323997293,0.1875319165285138,0.1965880136150381,,,0.3397130881560395,,1.5133689839572193,0.9037433155080212,,0.2098931487093529,smk_can_187,4,58.149,eea1cc34fd9d82b0c6d7267dcc1cac30b2234f9f9020f48754a66d120f25f54e
rf_importance,k,k:128,,128,19993,gb,none,2922912752,0.6951871657754011,0.7368843069873997,0.23547464241505,0.1982615299149355,0.2165763237752331,,,0.3518984470850628,,1.5561497326203209,0.9037433155080212,,0.195359716874292,smk_can_187,4,58.149,eea1cc34fd9d82b0c6d7267dcc1cac30b2234f9f9020f48754a66d120f25f54e
rf_importance,k,k:256,,256,19993,gb,none,2922912752,0.6631016042780749,0.7358533791523483,0.2432229286798343,0.2155289276090312,0.2093309813347298,,,0.3399053693610404,,1.5668449197860963,0.9037433155080212,,0.2094531201147561,smk_can_187,4,58.149,eea1cc34fd9d82b0c6d7267dcc1cac30b2234f9f9020f48754a66d120f25f54e
rf_importance,frac,frac:1,1.0,19993,19993,gb,none,3918354088,0.6951871657754011,0.7437571592210768,0.2411203206428173,0.2184240024387269,0.192338358100945,,,0.3430368567287911,,1.53475935828877,0.9037433155080212,,0.2141582995516388,smk_can_187,5,60.955,eea1cc34fd9d82b0c6d7267dcc1cac30b2234f9f9020f48754a66d120f25f54e
rf_importance,k,k:1,,1,19993,gb,none,3918354088,0.6149732620320856,0.6245131729667812,0.2614723900384711,0.1579762624550713,0.3681432111626727,,,0.3043552468340992,,1.7647058823529411,0.9144385026737968,,0.183899608081006,smk_can_187,5,60.955,eea1cc34fd9d82b0c6d7267dcc1cac30b2234f9f9020f48754a66d120f25f54e
rf_importance,k,k:2,,2,19993,gb,none,3918354088,0.6203208556149733,0.677205040091638,0.2481373266750799,0.140519484562016,0.303568889043676,,,0.3089048509387502,,1.6737967914438503,0.9037433155080212,,0.1457220540839383,smk_can_187,5,60.955,eea1cc34fd9d82b0c6d7267dcc1cac30b2234f9f9020f48754a66d120f25f54e
rf_importance,k,k:4,,4,19993,gb,none,3918354088,0.5989304812834224,0.661282932416953,0.2722070089043499,0.2270569391114185,0.3115899231737872,,,0.2986787610769554,,1.695187165775401,0.9037433155080212,,0.2280372776860658,smk_can_187,5,60.955,eea1cc34fd9d82b0c6d7267dcc1cac30b2234f9f9020f48754a66d120f25f54e
rf_importance,k,k:8,,8,19993,gb,none,3918354088,0.5989304812834224,0.6662084765177548,0.2931606404396571,0.264179174246149,0.2801811175241856,,,0.2887369040409279,,1.625668449197861,0.9037433155080212,,0.2816623287134524,smk_can_187,5,60.955,eea1cc34fd9d82b0c6d7267dcc1cac30b2234f9f9020f48754a66d120f25f54e
rf_importance,k,k:16,,16,19993,gb,none,3918354088,0.679144385026738,0.7207331042382589,0.2463484188344154,0.1806413990627416,0.2383774956164604,,,0.3330526715530554,,1.60427807486631,0.9037433155080212,,0.2091846003091201,smk_can_187,5,60.955,eea1cc34fd9d82b0c6d7267dcc1cac30b2234f9f9020f48754a66d120f25f54e
rf_importance,k,k:32,,32,19993,gb,none,3918354088,0.6524064171122995,0.7038946162657503,0.2625411825333206,0.217405010133093,0.2584913910530408,,,0.3151053995573898,,1.6898395721925137,0.9037433155080212,,0.2275262057913127,smk_can_187,5,60.955,eea1cc34fd9d82b0c6d7267dcc1cac30b2234f9f9020f48754a66d120f25f54e
rf_importance,k,k:64,,64,19993,gb,none,3918354088,0.6577540106951871,0.7169530355097365,0.2547603474367444,0.2280659085325422,0.2332212476363009,,,0.330266678471915,,1.6363636363636365,0.9037433155080212,,0.2247422621999567,smk_can_187,5,60.955,eea1cc34fd9d82b0c6d7267dcc1cac30b2234f9f9020f48754a66d120f25f54e
rf_importance,k,k:128,,128,19993,gb,none,3918354088,0.6470588235294118,0.7130584192439863,0.2641407532126866,0.2394159081099665,0.2284715090150167,,,0.3306801620356384,,1.5668449197860963,0.9037433155080212,,0.2348143507788616,smk_can_187,5,60.955,eea1cc34fd9d82b0c6d7267dcc1cac30b2234f9f9020f48754a66d120f25f54e
rf_importance,k,k:256,,256,19993,gb,none,3918354088,0.6898395721925134,0.747766323024055,0.2408071215679491,0.2163969278483299,0.1889748305047544,,,0.3464128397974343,,1.5508021390374331,0.9037433155080212,,0.2146977825491178,smk_can_187,5,60.955,eea1cc34fd9d82b0c6d7267dcc1cac30b2234f9f9020f48754a66d120f25f54e
rf_importance,frac,frac:1,1.0,19993,19993,gb,none,3153226508,0.7058823529411765,0.7630011454753722,0.2202643264022197,0.187870726984715,0.175649087516121,,,0.3724842020063683,,1.53475935828877,0.9037433155080212,,0.1934658194791399,smk_can_187,6,58.115,eea1cc34fd9d82b0c6d7267dcc1cac30b2234f9f9020f48754a66d120f25f54e
rf_importance,k,k:1,,1,19993,gb,none,3153226508,0.6149732620320856,0.6392898052691867,0.2525079983060561,0.1494247044188586,0.3252991557375551,,,0.3113248773497341,,1.6898395721925137,0.9037433155080212,,0.1700812459211457,smk_can_187,6,58.115,eea1cc34fd9d82b0c6d7267dcc1cac30b2234f9f9020f48754a66d120f25f54e
rf_importance,k,k:2,,2,19993,gb,none,3153226508,0.6256684491978609,0.6647193585337915,0.2485376513871367,0.1428434228117046,0.3133203032086088,,,0.3215676691830491,,1.7058823529411764,0.9037433155080212,,0.1554441671431293,smk_can_187,6,58.115,eea1cc34fd9d82b0c6d7267dcc1cac30b2234f9f9020f48754a66d120f25f54e
rf_importance,k,k:4,,4,19993,gb,none,3153226508,0.6310160427807486,0.6678121420389462,0.2678914658323159,0.1936447774108677,0.3014942824435368,,,0.3074732501136431,,1.60427807486631,0.9037433155080212,,0.2183954005997336,smk_can_187,6,58.115,eea1cc34fd9d82b0c6d7267dcc1cac30b2234f9f9020f48754a66d120f25f54e
rf_importance,k,k:8,,8,19993,gb,none,3153226508,0.6737967914438503,0.7403207331042382,0.2389658555072369,0.1902622879354529,0.2209780404591603,,,0.3385785808471054,,1.502673796791444,0.9037433155080212,,0.2036924462953036,smk_can_187,6,58.115,eea1cc34fd9d82b0c6d7267dcc1cac30b2234f9f9020f48754a66d120f25f54e
rf_importance,k,k:16,,16,19993,gb,none,3153226508,0.6737967914438503,0.7201603665521191,0.2505547932006444,0.2005368114638708,0.2575072083788119,,,0.3342718311795267,,1.572192513368984,0.9037433155080212,,0.2155439501604154,smk_can_187,6,58.115,eea1cc34fd9d82b0c6d7267dcc1cac30b2234f9f9020f48754a66d120f25f54e
rf_importance,k,k:32,,32,19993,gb,none,3153226508,0.679144385026738,0.7332187857961053,0.2503808488585017,0.219068193253107,0.2233149756390838,,,0.3392188182790784,,1.5454545454545454,0.9037433155080212,,0.231225927182482,smk_can_187,6,58.115,eea1cc34fd9d82b0c6d7267dcc1cac30b2234f9f9020f48754a66d120f25f54e
rf_importance,k,k:64,,64,19993,gb,none,3153226508,0.6737967914438503,0.7247422680412371,0.2681876135377596,0.2470495047283029,0.1974124272104603,,,0.3297928090100681,,1.5561497326203209,0.9037433155080212,,0.2520119068743404,smk_can_187,6,58.115,eea1cc34fd9d82b0c6d7267dcc1cac30b2234f9f9020f48754a66d120f25f54e
rf_importance,k,k:128,,128,19993,gb,none,3153226508,0.679144385026738,0.7430698739977091,0.2414989584616799,0.217987900362717,0.195398034560433,,,0.343148749668673,,1.518716577540107,0.9037433155080212,,0.2297747930346168,smk_can_187,6,58.115,eea1cc34fd9d82b0c6d7267dcc1cac30b2234f9f9020f48754a66d120f25f54e
rf_importance,k,k:256,,256,19993,gb,none,3153226508,0.679144385026738,0.7495990836197022,0.2377063463811755,0.2069653666668718,0.1875332903293965,,,0.3535006035657345,,1.518716577540107,0.9037433155080212,,0.2018570445564192,smk_can_187,6,58.115,eea1cc34fd9d82b0c6d7267dcc1cac30b2234f9f9020f48754a66d120f25f54e
rf_importance,frac,frac:1,1.0,19993,19993,gb,none,2273843439,0.6631016042780749,0.7224513172966781,0.2615812924535419,0.2156858807497697,0.2083725979288751,,,0.3226021477186892,,1.5508021390374331,0.9037433155080212,,0.2493285339799007,smk_can_187,7,61.333,eea1cc34fd9d82b0c6d7267dcc1cac30b2234f9f9020f48754a66d120f25f54e
rf_importance,k,k:1,,1,19993,gb,none,2273843439,0.5614973262032086,0.5479954180985109,0.2858433042446698,0.1829176945278202,0.4536022921591649,,,0.2825577232379176,,1.7967914438502677,0.9037433155080212,,0.2195623112334321,smk_can_187,7,61.333,eea1cc34fd9d82b0c6d7267dcc1cac30b2234f9f9020f48754a66d120f25f54e
rf_importance,k,k:2,,2,19993,gb,none,2273843439,0.5828877005347594,0.586483390607102,0.2929585633640683,0.1860606184045805,0.4093480543148979,,,0.275614586468505,,1.807486631016043,0.9037433155080212,,0.2196038251115144,smk_can_187,7,61.333,eea1cc34fd9d82b0c6d7267dcc1cac30b2234f9f9020f48754a66d120f25f54e
rf_importance,k,k:4,,4,19993,gb,none,2273843439,0.5935828877005348,0.6083619702176403,0.3012192090530425,0.2362788513049747,0.3713669719438804,,,0.2700695788591399,,1.7593582887700534,0.9037433155080212,,0.2635344293359641,smk_can_187,7,61.333,eea1cc34fd9d82b0c6d7267dcc1cac30b2234f9f9020f48754a66d120f25f54e
rf_importance,k,k:8,,8,19993,gb,none,2273843439,0.6149732620320856,0.6557846506300115,0.2930759519114381,0.252298541376938,0.3017546532408063,,,0.2817343446097959,,1.695187165775401,0.9037433155080212,,0.2784692600651297,smk_can_187,7,61.333,eea1cc34fd9d82b0c6d7267dcc1cac30b2234f9f9020f48754a66d120f25f54e
rf_importance,k,k:16,,16,19993,gb,none,2273843439,0.6096256684491979,0.6837342497136312,0.2691195198871698,0.2335490605618944,0.2763261191774191,,,0.3122006945128689,,1.6737967914438503,0.9037433155080212,,0.2363206029540912,smk_can_187,7,61.333,eea1cc34fd9d82b0c6d7267dcc1cac30b2234f9f9020f48754a66d120f25f54e
rf_importance,k,k:32,,32,19993,gb,none,2273843439,0.6203208556149733,0.6792668957617412,0.2847185906612193,0.2536065076086815,0.2848574718581625,,,0.2931073430517472,,1.641711229946524,0.9037433155080212,,0.2694235403461227,smk_can_187,7,61.333,eea1cc34fd9d82b0c6d7267dcc1cac30b2234f9f9020f48754a66d120f25f54e
rf_importance,k,k:64,,64,19993,gb,none,2273843439,0.6256684491978609,0.6872852233676976,0.2804249162624287,0.250400968507571,0.2778670606866757,,,0.300031163293067,,1.6310160427807487,0.9037433155080212,,0.2571122521330747,smk_can_187,7,61.333,eea1cc34fd9d82b0c6d7267dcc1cac30b2234f9f9020f48754a66d120f25f54e
rf_importance,k,k:128,,128,19993,gb,none,2273843439,0.6417112299465241,0.7099656357388316,0.2708949918931089,0.2490007674554703,0.2613011601448815,,,0.3202847279339436,,1.5775401069518715,0.9037433155080212,,0.2542580177082447,smk_can_187,7,61.333,eea1cc34fd9d82b0c6d7267dcc1cac30b2234f9f9020f48754a66d120f25f54e
rf_importance,k,k:256,,256,19993,gb,none,2273843439,0.6363636363636364,0.6884306987399771,0.2666839591502911,0.238808008101975,0.272469336465367,,,0.3255674223378617,,1.641711229946524,0.9037433155080212,,0.2537173595477111,smk_can_187,7,61.333,eea1cc34fd9d82b0c6d7267dcc1cac30b2234f9f9020f48754a66d120f25f54e
rf_importance,frac,frac:1,1.0,19993,19993,gb,none,955121235,0.7058823529411765,0.7746849942726232,0.2194866633610654,0.1844599781835018,0.1694102441137269,,,0.3607168812403887,,1.4598930481283423,0.9037433155080212,,0.1792164886682841,smk_can_187,8,64.307,eea1cc34fd9d82b0c6d7267dcc1cac30b2234f9f9020f48754a66d120f25f54e
rf_importance,k,k:1,,1,19993,gb,none,955121235,0.5721925133689839,0.5655211912943872,0.2713810117204664,0.1499768743304061,0.4419906430835945,,,0.3141106203026409,,1.8128342245989304,0.9037433155080212,,0.1673430777108906,smk_can_187,8,64.307,eea1cc34fd9d82b0c6d7267dcc1cac30b2234f9f9020f48754a66d120f25f54e
rf_importance,k,k:2,,2,19993,gb,none,955121235,0.5668449197860963,0.607044673539519,0.2814501968405028,0.2076080561315422,0.3531306566927699,,,0.3058225327481734,,1.679144385026738,0.9037433155080212,,0.2334714047618512,smk_can_187,8,64.307,eea1cc34fd9d82b0c6d7267dcc1cac30b2234f9f9020f48754a66d120f25f54e
rf_importance,k,k:4,,4,19993,gb,none,955121235,0.6577540106951871,0.6935853379152348,0.2511836082112262,0.1776355608823963,0.2831147136366356,,,0.3194252735983082,,1.7219251336898396,0.9037433155080212,,0.2086738576911848,smk_can_187,8,64.307,eea1cc34fd9d82b0c6d7267dcc1cac30b2234f9f9020f48754a66d120f25f54e
rf_importance,k,k:8,,8,19993,gb,none,955121235,0.6737967914438503,0.7442153493699886,0.2304316350478804,0.1733354945074911,0.2109349823306802,,,0.3350025799053657,,1.572192513368984,0.9037433155080212,,0.1785489454125162,smk_can_187,8,64.307,eea1cc34fd9d82b0c6d7267dcc1cac30b2234f9f9020f48754a66d120f25f54e
rf_importance,k,k:16,,16,19993,gb,none,955121235,0.7272727272727273,0.7652920962199313,0.2173944631411404,0.1785010417802937,0.1851015855310615,,,0.3621842924981324,,1.497326203208556,0.9037433155080212,,0.1731076522705545,smk_can_187,8,64.307,eea1cc34fd9d82b0c6d7267dcc1cac30b2234f9f9020f48754a66d120f25f54e
rf_importance,k,k:32,,32,19993,gb,none,955121235,0.6898395721925134,0.756701030927835,0.2300744426235663,0.1957466312045491,0.1984554018626597,,,0.3394984493688268,,1.5240641711229947,0.9037433155080212,,0.2018331717526506,smk_can_187,8,64.307,eea1cc34fd9d82b0c6d7267dcc1cac30b2234f9f9020f48754a66d120f25f54e
rf_importance,k,k:64,,64,19993,gb,none,955121235,0.679144385026738,0.759106529209622,0.2310973538759902,0.1804192132346004,0.1860364196630166,,,0.3383217462859416,,1.5294117647058822,0.9037433155080212,,0.1961561133883009,smk_can_187,8,64.307,eea1cc34fd9d82b0c6d7267dcc1cac30b2234f9f9020f48754a66d120f25f54e
rf_importance,k,k:128,,128,19993,gb,none,955121235,0.7165775401069518,0.756815578465063,0.2303419965298015,0.1954665741206197,0.1901576528207736,,,0.3521378981750747,,1.518716577540107,0.9037433155080212,,0.2013778349463267,smk_can_187,8,64.307,eea1cc34fd9d82b0c6d7267dcc1cac30b2234f9f9020f48754a66d120f25f54e
rf_importance,k,k:256,,256,19993,gb,none,955121235,0.7165775401069518,0.7697594501718212,0.2231009948921374,0.1751454982563193,0.1863383058932329,,,0.3485275705767404,,1.5080213903743316,0.9037433155080212,,0.1892435402113915,smk_can_187,8,64.307,eea1cc34fd9d82b0c6d7267dcc1cac30b2234f9f9020f48754a66d120f25f54e
rf_importance,frac,frac:1,1.0,19993,19993,gb,none,3568339183,0.6096256684491979,0.7148911798396335,0.2650373410429779,0.2541784718096592,0.2275555058515888,,,0.3194378330086808,,1.497326203208556,0.9037433155080212,,0.2495095035902418,smk_can_187,9,64.868,eea1cc34fd9d82b0c6d7267dcc1cac30b2234f9f9020f48754a66d120f25f54e
rf_importance,k,k:1,,1,19993,gb,none,3568339183,0.6470588235294118,0.670618556701031,0.2373511039657039,0.1137025677209604,0.3423489626128991,,,0.315681999566785,,1.7379679144385027,0.9090909090909092,,0.1287668724645332,smk_can_187,9,64.868,eea1cc34fd9d82b0c6d7267dcc1cac30b2234f9f9020f48754a66d120f25f54e
rf_importance,k,k:2,,2,19993,gb,none,3568339183,0.6203208556149733,0.6663230240549828,0.2505685375945573,0.1649990631444519,0.3458344846688576,,,0.3067091275917502,,1.7219251336898396,0.9037433155080212,,0.1714769818966529,smk_can_187,9,64.868,eea1cc34fd9d82b0c6d7267dcc1cac30b2234f9f9020f48754a66d120f25f54e
rf_importance,k,k:4,,4,19993,gb,none,3568339183,0.6577540106951871,0.677319587628866,0.2534215044517904,0.1675513504715452,0.3213160749956236,,,0.3184958133165354,,1.7272727272727273,0.9037433155080212,,0.1888362268005565,smk_can_187,9,64.868,eea1cc34fd9d82b0c6d7267dcc1cac30b2234f9f9020f48754a66d120f25f54e
rf_importance,k,k:8,,8,19993,gb,none,3568339183,0.6737967914438503,0.6887743413516609,0.2517821441502609,0.1894809674810972,0.2792543425874134,,,0.3280265579106946,,1.695187165775401,0.9037433155080212,,0.2108941598367641,smk_can_187,9,64.868,eea1cc34fd9d82b0c6d7267dcc1cac30b2234f9f9020f48754a66d120f25f54e
rf_importance,k,k:16,,16,19993,gb,none,3568339183,0.6524064171122995,0.6974799541809852,0.2520106092902751,0.2062904714467872,0.2674579887941362,,,0.3266738539645242,,1.609625668449198,0.9037433155080212,,0.2266571800187508,smk_can_187,9,64.868,eea1cc34fd9d82b0c6d7267dcc1cac30b2234f9f9020f48754a66d120f25f54e
rf_importance,k,k:32,,32,19993,gb,none,3568339183,0.6310160427807486,0.7075601374570447,0.2682987838060334,0.2328286915247103,0.2336468087918468,,,0.3051375768851755,,1.5668449197860963,0.9037433155080212,,0.235006304652928,smk_can_187,9,64.868,eea1cc34fd9d82b0c6d7267dcc1cac30b2234f9f9020f48754a66d120f25f54e
rf_importance,k,k:64,,64,19993,gb,none,3568339183,0.6363636363636364,0.7394043528064147,0.2413639696407479,0.1972254217056956,0.1896746588442363,,,0.3290303826379707,,1.497326203208556,0.9037433155080212,,0.2139034269380167,smk_can_187,9,64.868,eea1cc34fd9d82b0c6d7267dcc1cac30b2234f9f9020f48754a66d120f25f54e
rf_importance,k,k:128,,128,19993,gb,none,3568339183,0.6684491978609626,0.7358533791523483,0.2533868268971124,0.2296375543744372,0.1997188268227114,,,0.3263560776871092,,1.5508021390374331,0.9037433155080212,,0.2433865069721639,smk_can_187,9,64.868,eea1cc34fd9d82b0c6d7267dcc1cac30b2234f9f9020f48754a66d120f25f54e
rf_importance,k,k:256,,256,19993,gb,none,3568339183,0.7005347593582888,0.7513172966781214,0.2305116963053326,0.1844837281864532,0.1839738998704485,,,0.3496075332514047,,1.5294117647058822,0.9037433155080212,,0.2009828167880578,smk_can_187,9,64.868,eea1cc34fd9d82b0c6d7267dcc1cac30b2234f9f9020f48754a66d120f25f54e
rf_importance,frac,frac:1,1.0,19993,19993,gb,none,1357444755,0.6524064171122995,0.7241695303550973,0.2485925198697788,0.2149091100840728,0.2219651183242831,,,0.3378843035134811,,1.5133689839572193,0.9037433155080212,,0.2243493470157476,smk_can_187,10,54.426,eea1cc34fd9d82b0c6d7267dcc1cac30b2234f9f9020f48754a66d120f25f54e
rf_importance,k,k:1,,1,19993,gb,none,1357444755,0.5668449197860963,0.5946735395189003,0.2762808384259073,0.1749438720488857,0.3739184472019785,,,0.2939215896295612,,1.7593582887700534,0.9090909090909092,,0.2035544037529665,smk_can_187,10,54.426,eea1cc34fd9d82b0c6d7267dcc1cac30b2234f9f9020f48754a66d120f25f54e
rf_importance,k,k:2,,2,19993,gb,none,1357444755,0.5828877005347594,0.6647766323024055,0.2489140356822848,0.1457084583806157,0.280565961292805,,,0.3088434014905834,,1.6363636363636365,0.9037433155080212,,0.1699834587543161,smk_can_187,10,54.426,eea1cc34fd9d82b0c6d7267dcc1cac30b2234f9f9020f48754a66d120f25f54e
rf_importance,k,k:4,,4,19993,gb,none,1357444755,0.6042780748663101,0.6770904925544101,0.2584467337162215,0.1936176347193948,0.2599767561305867,,,0.3132735420408805,,1.625668449197861,0.9037433155080212,,0.2237875743961432,smk_can_187,10,54.426,eea1cc34fd9d82b0c6d7267dcc1cac30b2234f9f9020f48754a66d120f25f54e
rf_importance,k,k:8,,8,19993,gb,none,1357444755,0.6684491978609626,0.7537227949599083,0.2272601936502095,0.165750622808442,0.1902241444699532,,,0.3410968202616484,,1.5240641711229947,0.9037433155080212,,0.1570258284189454,smk_can_187,10,54.426,eea1cc34fd9d82b0c6d7267dcc1cac30b2234f9f9020f48754a66d120f25f54e
rf_importance,k,k:16,,16,19993,gb,none,1357444755,0.6363636363636364,0.7063001145475373,0.2700271241833282,0.2267738404596437,0.2205071018216738,,,0.309484918342711,,1.5614973262032086,0.9037433155080212,,0.2460492006324416,smk_can_187,10,54.426,eea1cc34fd9d82b0c6d7267dcc1cac30b2234f9f9020f48754a66d120f25f54e
rf_importance,k,k:32,,32,19993,gb,none,1357444755,0.6631016042780749,0.7356242840778924,0.2395128896728562,0.1708284864191943,0.1968794527393233,,,0.3426200491677771,,1.5668449197860963,0.9037433155080212,,0.1938597328102186,smk_can_187,10,54.426,eea1cc34fd9d82b0c6d7267dcc1cac30b2234f9f9020f48754a66d120f25f54e
rf_importance,k,k:64,,64,19993,gb,none,1357444755,0.6524064171122995,0.7269186712485681,0.2456777223630845,0.2111911991760011,0.2020142784952541,,,0.3397039488926163,,1.572192513368984,0.9037433155080212,,0.2041211085795982,smk_can_187,10,54.426,eea1cc34fd9d82b0c6d7267dcc1cac30b2234f9f9020f48754a66d120f25f54e
rf_importance,k,k:128,,128,19993,gb,none,1357444755,0.6631016042780749,0.7084765177548683,0.2446744098472886,0.1985964438761187,0.2323815607301164,,,0.3558882983803276,,1.5828877005347597,0.9037433155080212,,0.1945080023462217,smk_can_187,10,54.426,eea1cc34fd9d82b0c6d7267dcc1cac30b2234f9f9020f48754a66d120f25f54e
rf_importance,k,k:256,,256,19993,gb,none,1357444755,0.6577540106951871,0.7357388316151202,0.2432053084710969,0.2211132310532084,0.2102947313783981,,,0.3362192208727039,,1.5133689839572193,0.9037433155080212,,0.2111232837171486,smk_can_187,10,54.426,eea1cc34fd9d82b0c6d7267dcc1cac30b2234f9f9020f48754a66d120f25f54e
rf_importance,frac,frac:1,1.0,19993,19993,gb,none,1622765025,0.6524064171122995,0.7119129438717068,0.266195753323857,0.2337288731942809,0.2309204851955734,,,0.3181425167982002,,1.5401069518716577,0.9037433155080212,,0.2501300595752876,smk_can_187,11,59.628,eea1cc34fd9d82b0c6d7267dcc1cac30b2234f9f9020f48754a66d120f25f54e
rf_importance,k,k:1,,1,19993,gb,none,1622765025,0.5668449197860963,0.5604810996563574,0.2893921789361903,0.2139969362705011,0.4223252688386564,,,0.2882021402468535,,1.7593582887700534,0.9037433155080212,,0.2593395653051352,smk_can_187,11,59.628,eea1cc34fd9d82b0c6d7267dcc1cac30b2234f9f9020f48754a66d120f25f54e
rf_importance,k,k:2,,2,19993,gb,none,1622765025,0.6363636363636364,0.6583046964490263,0.251536374097291,0.1476572291455348,0.332017518900539,,,0.3178700584453103,,1.7165775401069518,0.9090909090909092,,0.1643939108945232,smk_can_187,11,59.628,eea1cc34fd9d82b0c6d7267dcc1cac30b2234f9f9020f48754a66d120f25f54e
rf_importance,k,k:4,,4,19993,gb,none,1622765025,0.6310160427807486,0.6617983963344788,0.2706590614491082,0.1984971130203712,0.3301178795290618,,,0.3150019922969463,,1.6363636363636365,0.9037433155080212,,0.2310453549291429,smk_can_187,11,59.628,eea1cc34fd9d82b0c6d7267dcc1cac30b2234f9f9020f48754a66d120f25f54e
rf_importance,k,k:8,,8,19993,gb,none,1622765025,0.6417112299465241,0.6936998854524628,0.2619998578177517,0.2131859606698746,0.2803900515987932,,,0.3080057046041835,,1.625668449197861,0.9037433155080212,,0.2242115219365213,smk_can_187,11,59.628,eea1cc34fd9d82b0c6d7267dcc1cac30b2234f9f9020f48754a66d120f25f54e
rf_importance,k,k:16,,16,19993,gb,none,1622765025,0.6042780748663101,0.6911798396334479,0.281076343694894,0.2474695586411186,0.2576936454887953,,,0.2947306834744852,,1.588235294117647,0.9037433155080212,,0.2662155722532896,smk_can_187,11,59.628,eea1cc34fd9d82b0c6d7267dcc1cac30b2234f9f9020f48754a66d120f25f54e
rf_importance,k,k:32,,32,19993,gb,none,1622765025,0.6203208556149733,0.6852233676975945,0.2891692967149867,0.2713694814337515,0.2603828555000428,,,0.2942253103475442,,1.6310160427807487,0.9037433155080212,,0.2742267189092411,smk_can_187,11,59.628,eea1cc34fd9d82b0c6d7267dcc1cac30b2234f9f9020f48754a66d120f25f54e
rf_importance,k,k:64,,64,19993,gb,none,1622765025,0.6524064171122995,0.7162657502863689,0.2602652441944266,0.2431071200345662,0.2374351648341559,,,0.3244930509859108,,1.6149732620320856,0.9037433155080212,,0.223091566615763,smk_can_187,11,59.628,eea1cc34fd9d82b0c6d7267dcc1cac30b2234f9f9020f48754a66d120f25f54e
rf_importance,k,k:128,,128,19993,gb,none,1622765025,0.6470588235294118,0.7057273768613974,0.2659720447456875,0.2263671277816051,0.2544882511303267,,,0.3155764932367993,,1.5935828877005347,0.9037433155080212,,0.2498071430765491,smk_can_187,11,59.628,eea1cc34fd9d82b0c6d7267dcc1cac30b2234f9f9020f48754a66d120f25f54e
rf_importance,k,k:256,,256,19993,gb,none,1622765025,0.6684491978609626,0.7156930126002291,0.2405720048891574,0.1683506311796732,0.2386718468368318,,,0.3449839683425547,,1.609625668449198,0.9037433155080212,,0.1882014735885475,smk_can_187,11,59.628,eea1cc34fd9d82b0c6d7267dcc1cac30b2234f9f9020f48754a66d120f25f54e
rf_importance,frac,frac:1,1.0,19993,19993,gb,none,2218165697,0.6524064171122995,0.738717067583047,0.2558713140934107,0.2285532539367674,0.1926812677933284,,,0.3348215253698955,,1.497326203208556,0.9037433155080212,,0.2469345434956052,smk_can_187,12,58.741,eea1cc34fd9d82b0c6d7267dcc1cac30b2234f9f9020f48754a66d120f25f54e
rf_importance,k,k:1,,1,19993,gb,none,2218165697,0.5721925133689839,0.6302978235967927,0.2581659856998466,0.1563816382613208,0.3413358594973704,,,0.3019375748940893,,1.6898395721925137,0.9090909090909092,,0.1759478206595348,smk_can_187,12,58.741,eea1cc34fd9d82b0c6d7267dcc1cac30b2234f9f9020f48754a66d120f25f54e
rf_importance,k,k:2,,2,19993,gb,none,2218165697,0.5508021390374331,0.6342497136311569,0.281522504302454,0.2312605942074975,0.3222800832317676,,,0.2888521520966454,,1.6737967914438503,0.9037433155080212,,0.2336381305914619,smk_can_187,12,58.741,eea1cc34fd9d82b0c6d7267dcc1cac30b2234f9f9020f48754a66d120f25f54e
rf_importance,k,k:4,,4,19993,gb,none,2218165697,0.5828877005347594,0.6524627720504009,0.2804187468137765,0.2533568314692126,0.3018085989261268,,,0.2879727083273393,,1.6310160427807487,0.9037433155080212,,0.2585927129045084,smk_can_187,12,58.741,eea1cc34fd9d82b0c6d7267dcc1cac30b2234f9f9020f48754a66d120f25f54e
rf_importance,k,k:8,,8,19993,gb,none,2218165697,0.6256684491978609,0.6927835051546392,0.2700233040068003,0.2376171851600049,0.2539492597760858,,,0.3138149283234813,,1.5561497326203209,0.9037433155080212,,0.2492973310454115,smk_can_187,12,58.741,eea1cc34fd9d82b0c6d7267dcc1cac30b2234f9f9020f48754a66d120f25f54e
rf_importance,k,k:16,,16,19993,gb,none,2218165697,0.6951871657754011,0.7475372279495991,0.2332350342481864,0.1940307608425174,0.2037981362009475,,,0.3436836455726388,,1.53475935828877,0.9037433155080212,,0.2069869418662565,smk_can_187,12,58.741,eea1cc34fd9d82b0c6d7267dcc1cac30b2234f9f9020f48754a66d120f25f54e
rf_importance,k,k:32,,32,19993,gb,none,2218165697,0.6737967914438503,0.713745704467354,0.2586652665271176,0.2294804611863461,0.236026796825494,,,0.3285960907289281,,1.60427807486631,0.9037433155080212,,0.2488243760619479,smk_can_187,12,58.741,eea1cc34fd9d82b0c6d7267dcc1cac30b2234f9f9020f48754a66d120f25f54e
rf_importance,k,k:64,,64,19993,gb,none,2218165697,0.6737967914438503,0.7407789232531501,0.2446577033533671,0.2006312155683658,0.1988940230661993,,,0.3348900164151887,,1.4919786096256684,0.9037433155080212,,0.2243322503953828,smk_can_187,12,58.741,eea1cc34fd9d82b0c6d7267dcc1cac30b2234f9f9020f48754a66d120f25f54e
rf_importance,k,k:128,,128,19993,gb,none,2218165697,0.6631016042780749,0.7451317296678122,0.2443093323864393,0.2035564582642908,0.2116348933545941,,,0.3350278003480678,,1.497326203208556,0.9037433155080212,,0.2074704126715154,smk_can_187,12,58.741,eea1cc34fd9d82b0c6d7267dcc1cac30b2234f9f9020f48754a66d120f25f54e
rf_importance,k,k:256,,256,19993,gb,none,2218165697,0.6898395721925134,0.738602520045819,0.2416065462899907,0.2064305155435031,0.2132078133128113,,,0.3402787880356474,,1.5080213903743316,0.9037433155080212,,0.224575221017479,smk_can_187,12,58.741,eea1cc34fd9d82b0c6d7267dcc1cac30b2234f9f9020f48754a66d120f25f54e
rf_importance,frac,frac:1,1.0,19993,19993,gb,none,4286737682,0.6951871657754011,0.759335624284078,0.2273077268490191,0.1792957901545712,0.1818919498305903,,,0.3542930484240124,,1.4438502673796791,0.9037433155080212,,0.1976490336804759,smk_can_187,13,55.158,eea1cc34fd9d82b0c6d7267dcc1cac30b2234f9f9020f48754a66d120f25f54e
rf_importance,k,k:1,,1,19993,gb,none,4286737682,0.5614973262032086,0.6093356242840778,0.2602396607892435,0.1719275174569911,0.356786734419787,,,0.3137373481367441,,1.7379679144385027,0.9037433155080212,,0.1755781677390935,smk_can_187,13,55.158,eea1cc34fd9d82b0c6d7267dcc1cac30b2234f9f9020f48754a66d120f25f54e
rf_importance,k,k:2,,2,19993,gb,none,4286737682,0.5614973262032086,0.5921534936998855,0.2863129930306311,0.224833681399669,0.3687519497851452,,,0.2884240223353363,,1.700534759358289,0.9037433155080212,,0.2412042110084739,smk_can_187,13,55.158,eea1cc34fd9d82b0c6d7267dcc1cac30b2234f9f9020f48754a66d120f25f54e
rf_importance,k,k:4,,4,19993,gb,none,4286737682,0.5775401069518716,0.6514318442153494,0.2727814691415128,0.2151066886597232,0.2988581239226603,,,0.2996750540532714,,1.6470588235294117,0.9037433155080212,,0.2312901383681038,smk_can_187,13,55.158,eea1cc34fd9d82b0c6d7267dcc1cac30b2234f9f9020f48754a66d120f25f54e
rf_importance,k,k:8,,8,19993,gb,none,4286737682,0.6149732620320856,0.6501718213058418,0.2801234491380948,0.2140349239538255,0.3032597194925585,,,0.3075549403831839,,1.6684491978609626,0.9037433155080212,,0.2395288340511762,smk_can_187,13,55.158,eea1cc34fd9d82b0c6d7267dcc1cac30b2234f9f9020f48754a66d120f25f54e
rf_importance,k,k:16,,16,19993,gb,none,4286737682,0.6310160427807486,0.6691867124856815,0.2785117208652748,0.2356937133992278,0.3010318401307036,,,0.3100777658658972,,1.6898395721925137,0.9037433155080212,,0.2469020661345686,smk_can_187,13,55.158,eea1cc34fd9d82b0c6d7267dcc1cac30b2234f9f9020f48754a66d120f25f54e
rf_importance,k,k:32,,32,19993,gb,none,4286737682,0.6577540106951871,0.7029782359679266,0.266603972401869,0.2338610297388315,0.2388399317578343,,,0.323977377563394,,1.6149732620320856,0.9037433155080212,,0.2484184061125935,smk_can_187,13,55.158,eea1cc34fd9d82b0c6d7267dcc1cac30b2234f9f9020f48754a66d120f25f54e
rf_importance,k,k:64,,64,19993,gb,none,4286737682,0.6417112299465241,0.7315005727376862,0.2545506435505362,0.226292219576808,0.2076029678940501,,,0.3314325881956618,,1.5935828877005347,0.9037433155080212,,0.2060871969229988,smk_can_187,13,55.158,eea1cc34fd9d82b0c6d7267dcc1cac30b2234f9f9020f48754a66d120f25f54e
rf_importance,k,k:128,,128,19993,gb,none,4286737682,0.6844919786096256,0.7413516609392898,0.2446546336255912,0.2322316353420863,0.1993550695511463,,,0.3443410138116901,,1.5401069518716577,0.9037433155080212,,0.2285067925437523,smk_can_187,13,55.158,eea1cc34fd9d82b0c6d7267dcc1cac30b2234f9f9020f48754a66d120f25f54e
rf_importance,k,k:256,,256,19993,gb,none,4286737682,0.6951871657754011,0.7564719358533791,0.2307605882015261,0.1932877290136887,0.1905942796561833,,,0.3528038378544542,,1.5668449197860963,0.9037433155080212,,0.1967660800516067,smk_can_187,13,55.158,eea1cc34fd9d82b0c6d7267dcc1cac30b2234f9f9020f48754a66d120f25f54e
rf_importance,frac,frac:1,1.0,19993,19993,gb,none,1024137412,0.6577540106951871,0.7392898052691868,0.2574184536946583,0.2442000672391399,0.2030900291454271,,,0.3288324997363048,,1.518716577540107,0.9037433155080212,,0.2473731986891267,smk_can_187,14,58.869,eea1cc34fd9d82b0c6d7267dcc1cac30b2234f9f9020f48754a66d120f25f54e
rf_importance,k,k:1,,1,19993,gb,none,1024137412,0.5721925133689839,0.5731958762886598,0.27959808898565,0.1983030487655182,0.4177943113872777,,,0.2945595475268299,,1.7700534759358288,0.9037433155080212,,0.2130002326795692,smk_can_187,14,58.869,eea1cc34fd9d82b0c6d7267dcc1cac30b2234f9f9020f48754a66d120f25f54e
rf_importance,k,k:2,,2,19993,gb,none,1024137412,0.5882352941176471,0.6142611683848798,0.2755285565827612,0.1964290834697176,0.3653207986979691,,,0.3023960313976854,,1.7593582887700534,0.9037433155080212,,0.205175238153329,smk_can_187,14,58.869,eea1cc34fd9d82b0c6d7267dcc1cac30b2234f9f9020f48754a66d120f25f54e
rf_importance,k,k:4,,4,19993,gb,none,1024137412,0.5989304812834224,0.597709049255441,0.2987756847043038,0.2485567400838773,0.3617082028469682,,,0.3122953634062492,,1.7593582887700534,0.9037433155080212,,0.2505255153253803,smk_can_187,14,58.869,eea1cc34fd9d82b0c6d7267dcc1cac30b2234f9f9020f48754a66d120f25f54e
rf_importance,k,k:8,,8,19993,gb,none,1024137412,0.6203208556149733,0.6326460481099656,0.2942312815191316,0.2621394188767446,0.3527647669060638,,,0.3065531615307519,,1.695187165775401,0.9037433155080212,,0.28402292870431,smk_can_187,14,58.869,eea1cc34fd9d82b0c6d7267dcc1cac30b2234f9f9020f48754a66d120f25f54e
rf_importance,k,k:16,,16,19993,gb,none,1024137412,0.6577540106951871,0.6914089347079038,0.2635118423652848,0.2129670708196306,0.2749291294677628,,,0.3177799383230903,,1.6363636363636365,0.9037433155080212,,0.2267519998843653,smk_can_187,14,58.869,eea1cc34fd9d82b0c6d7267dcc1cac30b2234f9f9020f48754a66d120f25f54e
rf_importance,k,k:32,,32,19993,gb,none,1024137412,0.6737967914438503,0.7105383734249714,0.2518487568184648,0.2265186231090532,0.246515730407115,,,0.3351846399087337,,1.5989304812834224,0.9037433155080212,,0.2392769723697335,smk_can_187,14,58.869,eea1cc34fd9d82b0c6d7267dcc1cac30b2234f9f9020f48754a66d120f25f54e
rf_importance,k,k:64,,64,19993,gb,none,1024137412,0.6096256684491979,0.6989690721649484,0.2830420358702853,0.2719187702662596,0.2248000363655315,,,0.3107655988474325,,1.609625668449198,0.9037433155080212,,0.2465033796866066,smk_can_187,14,58.869,eea1cc34fd9d82b0c6d7267dcc1cac30b2234f9f9020f48754a66d120f25f54e
rf_importance,k,k:128,,128,19993,gb,none,1024137412,0.6310160427807486,0.670332187857961,0.2923426363211772,0.2661278215221354,0.2682122137437428,,,0.3047086786949768,,1.6310160427807487,0.9037433155080212,,0.2700774719359202,smk_can_187,14,58.869,eea1cc34fd9d82b0c6d7267dcc1cac30b2234f9f9020f48754a66d120f25f54e
rf_importance,k,k:256,,256,19993,gb,none,1024137412,0.6417112299465241,0.7177548682703322,0.2805928723718284,0.2524903273141974,0.2141920803476382,,,0.3153349201222471,,1.5294117647058822,0.9037433155080212,,0.2842899394405773,smk_can_187,14,58.869,eea1cc34fd9d82b0c6d7267dcc1cac30b2234f9f9020f48754a66d120f25f54e
rf_importance,frac,frac:1,1.0,19993,19993,gb,none,1804529809,0.679144385026738,0.718098510882016,0.2466408920385741,0.1991118363404357,0.2128709368973296,,,0.3463610470069628,,1.5828877005347597,0.9037433155080212,,0.2116034844821354,smk_can_187,15,56.744,eea1cc34fd9d82b0c6d7267dcc1cac30b2234f9f9020f48754a66d120f25f54e
rf_importance,k,k:1,,1,19993,gb,none,1804529809,0.5775401069518716,0.5672394043528064,0.2788064883795569,0.1970965320216427,0.4173923140063192,,,0.2905739577713755,,1.7165775401069518,0.9037433155080212,,0.2147348062294997,smk_can_187,15,56.744,eea1cc34fd9d82b0c6d7267dcc1cac30b2234f9f9020f48754a66d120f25f54e
rf_importance,k,k:2,,2,19993,gb,none,1804529809,0.5935828877005348,0.5869415807560138,0.2846667404514341,0.211632015413535,0.4072227560925381,,,0.2991483639925529,,1.7165775401069518,0.9037433155080212,,0.2230248663541015,smk_can_187,15,56.744,eea1cc34fd9d82b0c6d7267dcc1cac30b2234f9f9020f48754a66d120f25f54e
rf_importance,k,k:4,,4,19993,gb,none,1804529809,0.5882352941176471,0.6507445589919817,0.2828359798767776,0.2395922806308909,0.2886702430151999,,,0.3046494433598121,,1.6631016042780749,0.9037433155080212,,0.2327675611327333,smk_can_187,15,56.744,eea1cc34fd9d82b0c6d7267dcc1cac30b2234f9f9020f48754a66d120f25f54e
rf_importance,k,k:8,,8,19993,gb,none,1804529809,0.5935828877005348,0.6555555555555556,0.2864627036336628,0.2377770574562812,0.297724380383665,,,0.2987727980381597,,1.6577540106951871,0.9037433155080212,,0.2422946744515624,smk_can_187,15,56.744,eea1cc34fd9d82b0c6d7267dcc1cac30b2234f9f9020f48754a66d120f25f54e
rf_importance,k,k:16,,16,19993,gb,none,1804529809,0.6203208556149733,0.6680412371134021,0.2874549752720348,0.2501915377967846,0.2783182875350778,,,0.3083205902167172,,1.6470588235294117,0.9037433155080212,,0.2722291861927141,smk_can_187,15,56.744,eea1cc34fd9d82b0c6d7267dcc1cac30b2234f9f9020f48754a66d120f25f54e
rf_importance,k,k:32,,32,19993,gb,none,1804529809,0.6417112299465241,0.6691867124856815,0.2945063050022834,0.2962735511576906,0.2713505441187872,,,0.3091147678997923,,1.6203208556149733,0.9037433155080212,,0.3044251831211675,smk_can_187,15,56.744,eea1cc34fd9d82b0c6d7267dcc1cac30b2234f9f9020f48754a66d120f25f54e
rf_importance,k,k:64,,64,19993,gb,none,1804529809,0.6256684491978609,0.7106529209621993,0.2722036313103287,0.2503545094435292,0.2394032017400068,,,0.3106978786741709,,1.5614973262032086,0.9037433155080212,,0.2577268594812411,smk_can_187,15,56.744,eea1cc34fd9d82b0c6d7267dcc1cac30b2234f9f9020f48754a66d120f25f54e
rf_importance,k,k:128,,128,19993,gb,none,1804529809,0.7005347593582888,0.7218785796105385,0.2406227052376842,0.2213933030125046,0.2415064192907441,,,0.3359256494470363,,1.5775401069518715,0.9037433155080212,,0.2240865588950998,smk_can_187,15,56.744,eea1cc34fd9d82b0c6d7267dcc1cac30b2234f9f9020f48754a66d120f25f54e
rf_importance,k,k:256,,256,19993,gb,none,1804529809,0.6844919786096256,0.7419243986254296,0.2339387876194524,0.1883777722879595,0.2138789401452753,,,0.3446755422785589,,1.5454545454545454,0.9037433155080212,,0.1904877102525512,smk_can_187,15,56.744,eea1cc34fd9d82b0c6d7267dcc1cac30b2234f9f9020f48754a66d120f25f54e
rf_importance,frac,frac:1,1.0,19993,19993,gb,none,3040108507,0.6737967914438503,0.7662084765177548,0.2330015040056497,0.2103428024940112,0.1658030308911304,,,0.3432095893708564,,1.481283422459893,0.9037433155080212,,0.2016772322883335,smk_can_187,16,56.807,eea1cc34fd9d82b0c6d7267dcc1cac30b2234f9f9020f48754a66d120f25f54e
rf_importance,k,k:1,,1,19993,gb,none,3040108507,0.6470588235294118,0.6455326460481099,0.2434547377886626,0.1508965886631747,0.3318228667067506,,,0.3443963331238105,,1.700534759358289,0.9037433155080212,,0.1712101723341884,smk_can_187,16,56.807,eea1cc34fd9d82b0c6d7267dcc1cac30b2234f9f9020f48754a66d120f25f54e
rf_importance,k,k:2,,2,19993,gb,none,3040108507,0.6417112299465241,0.6844788087056128,0.2421638092809025,0.161264330786241,0.237981545536288,,,0.3421163508900531,,1.5828877005347597,0.9037433155080212,,0.1695500049195291,smk_can_187,16,56.807,eea1cc34fd9d82b0c6d7267dcc1cac30b2234f9f9020f48754a66d120f25f54e
rf_importance,k,k:4,,4,19993,gb,none,3040108507,0.6149732620320856,0.681901489117984,0.2602412766071782,0.2107568514848069,0.2562470721871567,,,0.323001758746138,,1.641711229946524,0.9037433155080212,,0.2305750852312253,smk_can_187,16,56.807,eea1cc34fd9d82b0c6d7267dcc1cac30b2234f9f9020f48754a66d120f25f54e
rf_importance,k,k:8,,8,19993,gb,none,3040108507,0.6844919786096256,0.7201603665521191,0.2444899363668023,0.1938607056178126,0.231043760946573,,,0.3296451180361396,,1.5561497326203209,0.9037433155080212,,0.216383799648669,smk_can_187,16,56.807,eea1cc34fd9d82b0c6d7267dcc1cac30b2234f9f9020f48754a66d120f25f54e
rf_importance,k,k:16,,16,19993,gb,none,3040108507,0.6737967914438503,0.7390607101947307,0.2318996072309388,0.1768159534729302,0.2167376634540022,,,0.342278895817259,,1.5454545454545454,0.9037433155080212,,0.1900041547088006,smk_can_187,16,56.807,eea1cc34fd9d82b0c6d7267dcc1cac30b2234f9f9020f48754a66d120f25f54e
rf_importance,k,k:32,,32,19993,gb,none,3040108507,0.7112299465240641,0.7554410080183276,0.2206743939325952,0.1899602175910257,0.1824823868499093,,,0.3644573208108732,,1.5080213903743316,0.9037433155080212,,0.1985688847059739,smk_can_187,16,56.807,eea1cc34fd9d82b0c6d7267dcc1cac30b2234f9f9020f48754a66d120f25f54e
rf_importance,k,k:64,,64,19993,gb,none,3040108507,0.6631016042780749,0.7554410080183276,0.2292011124759725,0.1978586072168814,0.1844522940364757,,,0.3569218034655941,,1.5133689839572193,0.9037433155080212,,0.1648097480208391,smk_can_187,16,56.807,eea1cc34fd9d82b0c6d7267dcc1cac30b2234f9f9020f48754a66d120f25f54e
rf_importance,k,k:128,,128,19993,gb,none,3040108507,0.6577540106951871,0.729438717067583,0.2553963239659303,0.2243978754856612,0.1900970656062157,,,0.3421693704295634,,1.5240641711229947,0.9037433155080212,,0.2305994256265607,smk_can_187,16,56.807,eea1cc34fd9d82b0c6d7267dcc1cac30b2234f9f9020f48754a66d120f25f54e
rf_importance,k,k:256,,256,19993,gb,none,3040108507,0.679144385026738,0.7615120274914089,0.2239624140397017,0.1760657912366089,0.1777243387793994,,,0.3620201444062626,,1.4759358288770053,0.9037433155080212,,0.1773745367928214,smk_can_187,16,56.807,eea1cc34fd9d82b0c6d7267dcc1cac30b2234f9f9020f48754a66d120f25f54e
rf_importance,frac,frac:1,1.0,19993,19993,gb,none,887624128,0.6898395721925134,0.7766323024054983,0.2232777082970605,0.2048674211888438,0.1725699757410901,,,0.3583745963991498,,1.4224598930481285,0.9037433155080212,,0.1852900270896914,smk_can_187,17,52.065,eea1cc34fd9d82b0c6d7267dcc1cac30b2234f9f9020f48754a66d120f25f54e
rf_importance,k,k:1,,1,19993,gb,none,887624128,0.6203208556149733,0.663631156930126,0.2372277219546129,0.1203193367930675,0.3547130547250482,,,0.3355880464674615,,1.711229946524064,0.9037433155080212,,0.1361046573545539,smk_can_187,17,52.065,eea1cc34fd9d82b0c6d7267dcc1cac30b2234f9f9020f48754a66d120f25f54e
rf_importance,k,k:2,,2,19993,gb,none,887624128,0.5989304812834224,0.6482817869415808,0.2552592406680259,0.1337198552955061,0.3336123644010502,,,0.3079845022406155,,1.6684491978609626,0.9037433155080212,,0.154795946355078,smk_can_187,17,52.065,eea1cc34fd9d82b0c6d7267dcc1cac30b2234f9f9020f48754a66d120f25f54e
rf_importance,k,k:4,,4,19993,gb,none,887624128,0.6149732620320856,0.6415807560137456,0.2750982778599675,0.2009527786372234,0.3142640945324216,,,0.3026812562135012,,1.700534759358289,0.9037433155080212,,0.237508572582121,smk_can_187,17,52.065,eea1cc34fd9d82b0c6d7267dcc1cac30b2234f9f9020f48754a66d120f25f54e
rf_importance,k,k:8,,8,19993,gb,none,887624128,0.6737967914438503,0.7489117983963345,0.235260080144088,0.1927121312356908,0.2003759544230111,,,0.3394969612716121,,1.518716577540107,0.9037433155080212,,0.184781693477879,smk_can_187,17,52.065,eea1cc34fd9d82b0c6d7267dcc1cac30b2234f9f9020f48754a66d120f25f54e
rf_importance,k,k:16,,16,19993,gb,none,887624128,0.679144385026738,0.7250859106529209,0.2549880456314224,0.2128641738965865,0.2281948099980018,,,0.3401199291970951,,1.5401069518716577,0.9037433155080212,,0.2338282623132926,smk_can_187,17,52.065,eea1cc34fd9d82b0c6d7267dcc1cac30b2234f9f9020f48754a66d120f25f54e
rf_importance,k,k:32,,32,19993,gb,none,887624128,0.7058823529411765,0.7429553264604811,0.236337233150299,0.2107671018609932,0.2267896603989893,,,0.3494893737791588,,1.5614973262032086,0.9037433155080212,,0.2030832884879579,smk_can_187,17,52.065,eea1cc34fd9d82b0c6d7267dcc1cac30b2234f9f9020f48754a66d120f25f54e
rf_importance,k,k:64,,64,19993,gb,none,887624128,0.6844919786096256,0.7438717067583047,0.248104014241911,0.2131031948717517,0.2042107479332408,,,0.3361893469486885,,1.5080213903743316,0.9037433155080212,,0.2306687969112026,smk_can_187,17,52.065,eea1cc34fd9d82b0c6d7267dcc1cac30b2234f9f9020f48754a66d120f25f54e
rf_importance,k,k:128,,128,19993,gb,none,887624128,0.6737967914438503,0.7189003436426117,0.2590416702913245,0.2259815886544944,0.2227892652587065,,,0.3381435036512836,,1.5508021390374331,0.9037433155080212,,0.241163771985362,smk_can_187,17,52.065,eea1cc34fd9d82b0c6d7267dcc1cac30b2234f9f9020f48754a66d120f25f54e
rf_importance,k,k:256,,256,19993,gb,none,887624128,0.7272727272727273,0.7655211912943871,0.2210456652527674,0.1856792316462568,0.1842672141712663,,,0.3576818810254025,,1.5080213903743316,0.9037433155080212,,0.1884595826942945,smk_can_187,17,52.065,eea1cc34fd9d82b0c6d7267dcc1cac30b2234f9f9020f48754a66d120f25f54e
rf_importance,frac,frac:1,1.0,19993,19993,gb,none,3566479750,0.6256684491978609,0.7179839633447881,0.2695405008575393,0.252022865025354,0.209454674241806,,,0.3243703608392195,,1.5508021390374331,0.9037433155080212,,0.2413955103573685,smk_can_187,18,55.78,eea1cc34fd9d82b0c6d7267dcc1cac30b2234f9f9020f48754a66d120f25f54e
rf_importance,k,k:1,,1,19993,gb,none,3566479750,0.5882352941176471,0.6304696449026346,0.2608313610146681,0.1603604509810229,0.3228985341162745,,,0.2962090945895546,,1.695187165775401,0.9090909090909092,,0.1783955597628988,smk_can_187,18,55.78,eea1cc34fd9d82b0c6d7267dcc1cac30b2234f9f9020f48754a66d120f25f54e
rf_importance,k,k:2,,2,19993,gb,none,3566479750,0.6042780748663101,0.6360252004581901,0.2686487694851763,0.1921952144834918,0.3071685972732403,,,0.3091858686632486,,1.6684491978609626,0.9037433155080212,,0.212176715942345,smk_can_187,18,55.78,eea1cc34fd9d82b0c6d7267dcc1cac30b2234f9f9020f48754a66d120f25f54e
rf_importance,k,k:4,,4,19993,gb,none,3566479750,0.6310160427807486,0.6761168384879724,0.2561533456616894,0.1764192811112302,0.2711059056751868,,,0.3207413331139986,,1.7058823529411764,0.9090909090909092,,0.2051203591218682,smk_can_187,18,55.78,eea1cc34fd9d82b0c6d7267dcc1cac30b2234f9f9020f48754a66d120f25f54e
rf_importance,k,k:8,,8,19993,gb,none,3566479750,0.6096256684491979,0.6421534936998854,0.2819200491223109,0.2241686018212275,0.3176460025324115,,,0.317168662248924,,1.7433155080213905,0.9037433155080212,,0.2338258525429375,smk_can_187,18,55.78,eea1cc34fd9d82b0c6d7267dcc1cac30b2234f9f9020f48754a66d120f25f54e
rf_importance,k,k:16,,16,19993,gb,none,3566479750,0.6524064171122995,0.7026345933562429,0.2681860015459171,0.2166214969696093,0.2623354581011702,,,0.316488538651679,,1.588235294117647,0.9037433155080212,,0.2545989730352145,smk_can_187,18,55.78,eea1cc34fd9d82b0c6d7267dcc1cac30b2234f9f9020f48754a66d120f25f54e
rf_importance,k,k:32,,32,19993,gb,none,3566479750,0.6417112299465241,0.702405498281787,0.2663720995615947,0.249149004748406,0.2382069795816377,,,0.3275628238752336,,1.572192513368984,0.9037433155080212,,0.2422344739201952,smk_can_187,18,55.78,eea1cc34fd9d82b0c6d7267dcc1cac30b2234f9f9020f48754a66d120f25f54e
rf_importance,k,k:64,,64,19993,gb,none,3566479750,0.6203208556149733,0.6875143184421535,0.2711342668017123,0.2336647281079711,0.2245626397494241,,,0.3297600840888551,,1.572192513368984,0.9037433155080212,,0.2482351836941134,smk_can_187,18,55.78,eea1cc34fd9d82b0c6d7267dcc1cac30b2234f9f9020f48754a66d120f25f54e
rf_importance,k,k:128,,128,19993,gb,none,3566479750,0.6417112299465241,0.7191294387170676,0.2599922083872407,0.2319878418036265,0.2140039668132507,,,0.3265937108854285,,1.5561497326203209,0.9037433155080212,,0.2355684120061663,smk_can_187,18,55.78,eea1cc34fd9d82b0c6d7267dcc1cac30b2234f9f9020f48754a66d120f25f54e
rf_importance,k,k:256,,256,19993,gb,none,3566479750,0.7005347593582888,0.7644902634593356,0.2320918938889854,0.2061733554889273,0.174941288934017,,,0.3451208453351418,,1.5080213903743316,0.9037433155080212,,0.2011969238651262,smk_can_187,18,55.78,eea1cc34fd9d82b0c6d7267dcc1cac30b2234f9f9020f48754a66d120f25f54e
rf_importance,frac,frac:1,1.0,19993,19993,gb,none,1180681297,0.6631016042780749,0.717983963344788,0.26121248842591,0.219383868482708,0.2347886353607206,,,0.3272626017659036,,1.5454545454545454,0.9037433155080212,,0.2397025339406803,smk_can_187,19,57.608,eea1cc34fd9d82b0c6d7267dcc1cac30b2234f9f9020f48754a66d120f25f54e
rf_importance,k,k:1,,1,19993,gb,none,1180681297,0.6203208556149733,0.652176403207331,0.2390883852566358,0.1147500565716482,0.3102170200610356,,,0.3273482455173223,,1.6844919786096255,0.9037433155080212,,0.106172797495931,smk_can_187,19,57.608,eea1cc34fd9d82b0c6d7267dcc1cac30b2234f9f9020f48754a66d120f25f54e
rf_importance,k,k:2,,2,19993,gb,none,1180681297,0.6096256684491979,0.6516609392898053,0.2560526715129392,0.1647630170305855,0.3273951764811688,,,0.3145264113800949,,1.6470588235294117,0.9037433155080212,,0.1847169531989705,smk_can_187,19,57.608,eea1cc34fd9d82b0c6d7267dcc1cac30b2234f9f9020f48754a66d120f25f54e
rf_importance,k,k:4,,4,19993,gb,none,1180681297,0.6470588235294118,0.679438717067583,0.2563838543888118,0.2047061732620409,0.2711789970360195,,,0.3333120976258181,,1.609625668449198,0.9037433155080212,,0.2161387596011074,smk_can_187,19,57.608,eea1cc34fd9d82b0c6d7267dcc1cac30b2234f9f9020f48754a66d120f25f54e
rf_importance,k,k:8,,8,19993,gb,none,1180681297,0.6577540106951871,0.6799541809851087,0.2674643248257259,0.2200208597148336,0.2665723138152891,,,0.3113801622580508,,1.6310160427807487,0.9037433155080212,,0.262044000100765,smk_can_187,19,57.608,eea1cc34fd9d82b0c6d7267dcc1cac30b2234f9f9020f48754a66d120f25f54e
rf_importance,k,k:16,,16,19993,gb,none,1180681297,0.679144385026738,0.7115693012600229,0.2545448535723547,0.2206048536105007,0.2332430000159612,,,0.3378968156890338,,1.588235294117647,0.9037433155080212,,0.2190148815778986,smk_can_187,19,57.608,eea1cc34fd9d82b0c6d7267dcc1cac30b2234f9f9020f48754a66d120f25f54e
rf_importance,k,k:32,,32,19993,gb,none,1180681297,0.679144385026738,0.6884306987399771,0.2654567201054499,0.2240311987075549,0.2726966606864887,,,0.3319838232716733,,1.6631016042780749,0.9037433155080212,,0.2506878089968649,smk_can_187,19,57.608,eea1cc34fd9d82b0c6d7267dcc1cac30b2234f9f9020f48754a66d120f25f54e
rf_importance,k,k:64,,64,19993,gb,none,1180681297,0.6631016042780749,0.6821305841924399,0.2766432973176488,0.2298972830665425,0.2585773500073476,,,0.3220388488236503,,1.6149732620320856,0.9037433155080212,,0.2752873273872919,smk_can_187,19,57.608,eea1cc34fd9d82b0c6d7267dcc1cac30b2234f9f9020f48754a66d120f25f54e
rf_importance,k,k:128,,128,19993,gb,none,1180681297,0.6898395721925134,0.7225658648339061,0.2496118339792292,0.2169645786549086,0.2404275873370788,,,0.3352400922281286,,1.588235294117647,0.9037433155080212,,0.2220935331604413,smk_can_187,19,57.608,eea1cc34fd9d82b0c6d7267dcc1cac30b2234f9f9020f48754a66d120f25f54e
rf_importance,k,k:256,,256,19993,gb,none,1180681297,0.6524064171122995,0.7287514318442153,0.2545729197844301,0.227053697558874,0.2027870430509813,,,0.3333819081594624,,1.5454545454545454,0.9037433155080212,,0.2224957925807554,smk_can_187,19,57.608,eea1cc34fd9d82b0c6d7267dcc1cac30b2234f9f9020f48754a66d120f25f54e
rf_importance,frac,frac:1,1.0,19993,19993,gb,none,3405268422,0.6898395721925134,0.734249713631157,0.2418453281422046,0.2030583314982383,0.2364807844617686,,,0.3353395902988346,,1.53475935828877,0.9037433155080212,,0.2129521700955766,smk_can_187,20,54.455,eea1cc34fd9d82b0c6d7267dcc1cac30b2234f9f9020f48754a66d120f25f54e
rf_importance,k,k:1,,1,19993,gb,none,3405268422,0.5508021390374331,0.5343069873997709,0.2880232355237928,0.1800491724368026,0.478284927808122,,,0.2865070633315664,,1.8021390374331552,0.9144385026737968,,0.2121840407629096,smk_can_187,20,54.455,eea1cc34fd9d82b0c6d7267dcc1cac30b2234f9f9020f48754a66d120f25f54e
rf_importance,k,k:2,,2,19993,gb,none,3405268422,0.5721925133689839,0.5955899198167239,0.2769138347454078,0.1691331491450931,0.3646571221280042,,,0.2875782545388784,,1.7219251336898396,0.9037433155080212,,0.2013135537581693,smk_can_187,20,54.455,eea1cc34fd9d82b0c6d7267dcc1cac30b2234f9f9020f48754a66d120f25f54e
rf_importance,k,k:4,,4,19993,gb,none,3405268422,0.6042780748663101,0.6293814432989691,0.2899926536649103,0.2318741671053132,0.32369775451324,,,0.285686050136227,,1.7165775401069518,0.9037433155080212,,0.258272085682933,smk_can_187,20,54.455,eea1cc34fd9d82b0c6d7267dcc1cac30b2234f9f9020f48754a66d120f25f54e
rf_importance,k,k:8,,8,19993,gb,none,3405268422,0.6149732620320856,0.6428407789232531,0.2911526343714061,0.2436573576871332,0.3198414938358501,,,0.2836930280830999,,1.6737967914438503,0.9037433155080212,,0.2660636888267431,smk_can_187,20,54.455,eea1cc34fd9d82b0c6d7267dcc1cac30b2234f9f9020f48754a66d120f25f54e
rf_importance,k,k:16,,16,19993,gb,none,3405268422,0.6524064171122995,0.7130584192439863,0.2590273813439227,0.2296650509536672,0.2487198790227702,,,0.3269467638855482,,1.5561497326203209,0.9037433155080212,,0.2235933462064452,smk_can_187,20,54.455,eea1cc34fd9d82b0c6d7267dcc1cac30b2234f9f9020f48754a66d120f25f54e
rf_importance,k,k:32,,32,19993,gb,none,3405268422,0.6631016042780749,0.7413516609392897,0.2389163059837475,0.2000101595938037,0.1992016705703479,,,0.3448362248593354,,1.5668449197860963,0.9037433155080212,,0.218790606728171,smk_can_187,20,54.455,eea1cc34fd9d82b0c6d7267dcc1cac30b2234f9f9020f48754a66d120f25f54e
rf_importance,k,k:64,,64,19993,gb,none,3405268422,0.679144385026738,0.7492554410080183,0.2335753535551133,0.1960443637876266,0.1949030943256218,,,0.3510031804243354,,1.4705882352941178,0.9037433155080212,,0.2036645063042108,smk_can_187,20,54.455,eea1cc34fd9d82b0c6d7267dcc1cac30b2234f9f9020f48754a66d120f25f54e
rf_importance,k,k:128,,128,19993,gb,none,3405268422,0.6417112299465241,0.7413516609392898,0.2533292254133629,0.2301956973789874,0.1870697101791351,,,0.3268826474582267,,1.497326203208556,0.9037433155080212,,0.2401891647440251,smk_can_187,20,54.455,eea1cc34fd9d82b0c6d7267dcc1cac30b2234f9f9020f48754a66d120f25f54e
rf_importance,k,k:256,,256,19993,gb,none,3405268422,0.6684491978609626,0.7654066437571592,0.2399306789075963,0.2067727795640814,0.1694982075295948,,,0.3373142712839569,,1.4545454545454546,0.9037433155080212,,0.220267954525541,smk_can_187,20,54.455,eea1cc34fd9d82b0c6d7267dcc1cac30b2234f9f9020f48754a66d120f25f54e
rf_importance,frac,frac:1,1.0,19993,19993,gb,none,2711761602,0.7486631016042781,0.7691867124856816,0.2210390219501319,0.178741648799785,0.1808849228999633,,,0.3634768865497966,,1.502673796791444,0.9037433155080212,,0.1998369214015362,smk_can_187,21,54.105,eea1cc34fd9d82b0c6d7267dcc1cac30b2234f9f9020f48754a66d120f25f54e
rf_importance,k,k:1,,1,19993,gb,none,2711761602,0.5935828877005348,0.6057846506300114,0.2699764359414437,0.1951053461552707,0.359237751872858,,,0.2957008015798497,,1.695187165775401,0.9037433155080212,,0.2222751676664965,smk_can_187,21,54.105,eea1cc34fd9d82b0c6d7267dcc1cac30b2234f9f9020f48754a66d120f25f54e
rf_importance,k,k:2,,2,19993,gb,none,2711761602,0.5828877005347594,0.6084192439862542,0.2818042508170773,0.2402151566144106,0.3498820739944969,,,0.2999198306977413,,1.7058823529411764,0.9037433155080212,,0.2335335133848472,smk_can_187,21,54.105,eea1cc34fd9d82b0c6d7267dcc1cac30b2234f9f9020f48754a66d120f25f54e
rf_importance,k,k:4,,4,19993,gb,none,2711761602,0.5721925133689839,0.6293241695303551,0.29352518485433,0.2325679009887651,0.3312546174787869,,,0.2789286952913989,,1.6898395721925137,0.9037433155080212,,0.2513103450762478,smk_can_187,21,54.105,eea1cc34fd9d82b0c6d7267dcc1cac30b2234f9f9020f48754a66d120f25f54e
rf_importance,k,k:8,,8,19993,gb,none,2711761602,0.6149732620320856,0.6699885452462773,0.2818654327370234,0.2373022962381748,0.2755832332164761,,,0.298771247621628,,1.6310160427807487,0.9037433155080212,,0.275209860708944,smk_can_187,21,54.105,eea1cc34fd9d82b0c6d7267dcc1cac30b2234f9f9020f48754a66d120f25f54e
rf_importance,k,k:16,,16,19993,gb,none,2711761602,0.6256684491978609,0.6698739977090493,0.2970903814187922,0.2883381823530703,0.2748628211280143,,,0.2616964916006081,,1.6363636363636365,0.9037433155080212,,0.2903610507388738,smk_can_187,21,54.105,eea1cc34fd9d82b0c6d7267dcc1cac30b2234f9f9020f48754a66d120f25f54e
rf_importance,k,k:32,,32,19993,gb,none,2711761602,0.6524064171122995,0.731729667812142,0.2585600608069917,0.2448551892245181,0.2125881787788032,,,0.3177214983914918,,1.5401069518716577,0.9037433155080212,,0.2359320794703442,smk_can_187,21,54.105,eea1cc34fd9d82b0c6d7267dcc1cac30b2234f9f9020f48754a66d120f25f54e
rf_importance,k,k:64,,64,19993,gb,none,2711761602,0.6577540106951871,0.7223367697594502,0.2572986189119322,0.2346351617187724,0.2229423228466101,,,0.3335621636842625,,1.5240641711229947,0.9037433155080212,,0.2335421597531908,smk_can_187,21,54.105,eea1cc34fd9d82b0c6d7267dcc1cac30b2234f9f9020f48754a66d120f25f54e
rf_importance,k,k:128,,128,19993,gb,none,2711761602,0.6844919786096256,0.7264604810996564,0.2457425724017099,0.2129536928749958,0.2119777376183085,,,0.3483258352111105,,1.5454545454545454,0.9037433155080212,,0.2320227007168498,smk_can_187,21,54.105,eea1cc34fd9d82b0c6d7267dcc1cac30b2234f9f9020f48754a66d120f25f54e
rf_importance,k,k:256,,256,19993,gb,none,2711761602,0.6577540106951871,0.7361970217640321,0.2564603510002585,0.2304333480207746,0.2214115388704876,,,0.3333493266610322,,1.5294117647058822,0.9037433155080212,,0.2302676209692428,smk_can_187,21,54.105,eea1cc34fd9d82b0c6d7267dcc1cac30b2234f9f9020f48754a66d120f25f54e
rf_importance,frac,frac:1,1.0,19993,19993,gb,none,3454290780,0.6363636363636364,0.7281786941580756,0.2646669742683974,0.236921436893967,0.1999537003479891,,,0.3141145455482432,,1.5454545454545454,0.9037433155080212,,0.2445051384434887,smk_can_187,22,58.756,eea1cc34fd9d82b0c6d7267dcc1cac30b2234f9f9020f48754a66d120f25f54e
rf_importance,k,k:1,,1,19993,gb,none,3454290780,0.6310160427807486,0.6419816723940436,0.2618218795098939,0.1711286209101677,0.348712223012563,,,0.3119166018649013,,1.7219251336898396,0.9037433155080212,,0.2007474009471918,smk_can_187,22,58.756,eea1cc34fd9d82b0c6d7267dcc1cac30b2234f9f9020f48754a66d120f25f54e
rf_importance,k,k:2,,2,19993,gb,none,3454290780,0.6310160427807486,0.6595074455899198,0.2622719526073282,0.2019885035902179,0.3280220348098895,,,0.2978563659274278,,1.7540106951871657,0.9090909090909092,,0.1995020857082027,smk_can_187,22,58.756,eea1cc34fd9d82b0c6d7267dcc1cac30b2234f9f9020f48754a66d120f25f54e
rf_importance,k,k:4,,4,19993,gb,none,3454290780,0.6149732620320856,0.6836197021764031,0.256840334249526,0.2075939341556406,0.2971185659892028,,,0.3103989353915035,,1.7486631016042782,0.9037433155080212,,0.1885085453358791,smk_can_187,22,58.756,eea1cc34fd9d82b0c6d7267dcc1cac30b2234f9f9020f48754a66d120f25f54e
rf_importance,k,k:8,,8,19993,gb,none,3454290780,0.6524064171122995,0.6883161512027491,0.2639365434159516,0.2008911679570189,0.2887650011942126,,,0.3116631513158527,,1.6631016042780749,0.9037433155080212,,0.2245530963495191,smk_can_187,22,58.756,eea1cc34fd9d82b0c6d7267dcc1cac30b2234f9f9020f48754a66d120f25f54e
rf_importance,k,k:16,,16,19993,gb,none,3454290780,0.6256684491978609,0.675143184421535,0.2834212341472867,0.2439668672281614,0.3165347530323446,,,0.2926669235702694,,1.6149732620320856,0.9037433155080212,,0.2487909154158024,smk_can_187,22,58.756,eea1cc34fd9d82b0c6d7267dcc1cac30b2234f9f9020f48754a66d120f25f54e
rf_importance,k,k:32,,32,19993,gb,none,3454290780,0.6684491978609626,0.6994272623138602,0.2631687601062961,0.2313234168399846,0.2669417813400558,,,0.325812218902036,,1.6524064171122994,0.9037433155080212,,0.2416004487594265,smk_can_187,22,58.756,eea1cc34fd9d82b0c6d7267dcc1cac30b2234f9f9020f48754a66d120f25f54e
rf_importance,k,k:64,,64,19993,gb,none,3454290780,0.6631016042780749,0.7278350515463917,0.2510689263650171,0.2220353162879715,0.2267258579298173,,,0.3406384427049085,,1.5454545454545454,0.9037433155080212,,0.2137713668381896,smk_can_187,22,58.756,eea1cc34fd9d82b0c6d7267dcc1cac30b2234f9f9020f48754a66d120f25f54e
rf_importance,k,k:128,,128,19993,gb,none,3454290780,0.6470588235294118,0.706987399770905,0.268998953576873,0.2271111060863508,0.2437470451229939,,,0.3218019363836088,,1.5614973262032086,0.9037433155080212,,0.2392259282773977,smk_can_187,22,58.756,eea1cc34fd9d82b0c6d7267dcc1cac30b2234f9f9020f48754a66d120f25f54e
rf_importance,k,k:256,,256,19993,gb,none,3454290780,0.6524064171122995,0.7104238258877433,0.256187133447699,0.2172314264220783,0.2358784075067362,,,0.3353712561296022,,1.572192513368984,0.9037433155080212,,0.2168666761411678,smk_can_187,22,58.756,eea1cc34fd9d82b0c6d7267dcc1cac30b2234f9f9020f48754a66d120f25f54e
rf_importance,frac,frac:1,1.0,19993,19993,gb,none,3927400699,0.6042780748663101,0.7051546391752577,0.2785701792160316,0.2646629832861116,0.2246574033436002,,,0.3050426129680918,,1.5454545454545454,0.9037433155080212,,0.2613668720525564,smk_can_187,23,52.308,eea1cc34fd9d82b0c6d7267dcc1cac30b2234f9f9020f48754a66d120f25f54e
rf_importance,k,k:1,,1,19993,gb,none,3927400699,0.5882352941176471,0.6157502863688431,0.2625585177219307,0.1672878017163762,0.3696311669169607,,,0.3040076175234907,,1.7433155080213905,0.9037433155080212,,0.1594575444402801,smk_can_187,23,52.308,eea1cc34fd9d82b0c6d7267dcc1cac30b2234f9f9020f48754a66d120f25f54e
rf_importance,k,k:2,,2,19993,gb,none,3927400699,0.6310160427807486,0.6416953035509736,0.2630231260133089,0.1554775293556861,0.3638992242601305,,,0.2996468246157534,,1.7754010695187166,0.9037433155080212,,0.1785440036781976,smk_can_187,23,52.308,eea1cc34fd9d82b0c6d7267dcc1cac30b2234f9f9020f48754a66d120f25f54e
rf_importance,k,k:4,,4,19993,gb,none,3927400699,0.6042780748663101,0.6569301260022908,0.2820265763250066,0.2279845824338259,0.306089457172078,,,0.2886795803380477,,1.6524064171122994,0.9037433155080212,,0.2576244598075104,smk_can_187,23,52.308,eea1cc34fd9d82b0c6d7267dcc1cac30b2234f9f9020f48754a66d120f25f54e
rf_importance,k,k:8,,8,19993,gb,none,3927400699,0.6096256684491979,0.6608247422680412,0.2800337979137679,0.2208091389794247,0.290563393358156,,,0.2971785313090097,,1.6524064171122994,0.9037433155080212,,0.2535740334392081,smk_can_187,23,52.308,eea1cc34fd9d82b0c6d7267dcc1cac30b2234f9f9020f48754a66d120f25f54e
rf_importance,k,k:16,,16,19993,gb,none,3927400699,0.6737967914438503,0.7315005727376862,0.2409174576533442,0.1935160384305811,0.2372400357253053,,,0.3399241423817807,,1.572192513368984,0.9037433155080212,,0.2080327277632145,smk_can_187,23,52.308,eea1cc34fd9d82b0c6d7267dcc1cac30b2234f9f9020f48754a66d120f25f54e
rf_importance,k,k:32,,32,19993,gb,none,3927400699,0.6898395721925134,0.7479954180985109,0.238665811715805,0.1980762830466491,0.203513910522384,,,0.3462902024016607,,1.5133689839572193,0.9037433155080212,,0.2008965267375707,smk_can_187,23,52.308,eea1cc34fd9d82b0c6d7267dcc1cac30b2234f9f9020f48754a66d120f25f54e
rf_importance,k,k:64,,64,19993,gb,none,3927400699,0.6684491978609626,0.7190148911798396,0.2588279731031036,0.2204919058299226,0.2269864281595802,,,0.3305553716598683,,1.5828877005347597,0.9037433155080212,,0.2204969222869236,smk_can_187,23,52.308,eea1cc34fd9d82b0c6d7267dcc1cac30b2234f9f9020f48754a66d120f25f54e
rf_importance,k,k:128,,128,19993,gb,none,3927400699,0.6631016042780749,0.7185567010309278,0.2622946936329158,0.230123804144171,0.2281096723125619,,,0.3262677508047921,,1.5454545454545454,0.9037433155080212,,0.2502142107133654,smk_can_187,23,52.308,eea1cc34fd9d82b0c6d7267dcc1cac30b2234f9f9020f48754a66d120f25f54e
rf_importance,k,k:256,,256,19993,gb,none,3927400699,0.6470588235294118,0.7144329896907217,0.2612439939933593,0.2260076283742984,0.2079085232571537,,,0.3276218368675972,,1.5614973262032086,0.9037433155080212,,0.2498832661713863,smk_can_187,23,52.308,eea1cc34fd9d82b0c6d7267dcc1cac30b2234f9f9020f48754a66d120f25f54e
rf_importance,frac,frac:1,1.0,19993,19993,gb,none,2016400534,0.6684491978609626,0.7241695303550973,0.2518569486464125,0.2088633212244521,0.2108156855575506,,,0.3401511506637739,,1.588235294117647,0.9037433155080212,,0.2197431917878525,smk_can_187,24,43.06,eea1cc34fd9d82b0c6d7267dcc1cac30b2234f9f9020f48754a66d120f25f54e
rf_importance,k,k:1,,1,19993,gb,none,2016400534,0.6470588235294118,0.6573310423825887,0.2404295262129138,0.1439794392815482,0.3258933122385449,,,0.3297951210335316,,1.6737967914438503,0.9090909090909092,,0.1402082090267593,smk_can_187,24,43.06,eea1cc34fd9d82b0c6d7267dcc1cac30b2234f9f9020f48754a66d120f25f54e
rf_importance,k,k:2,,2,19993,gb,none,2016400534,0.6310160427807486,0.6697594501718214,0.2585566976784334,0.1649849381363302,0.2875487334549388,,,0.3150703067809494,,1.6684491978609626,0.9037433155080212,,0.1878548585068325,smk_can_187,24,43.06,eea1cc34fd9d82b0c6d7267dcc1cac30b2234f9f9020f48754a66d120f25f54e
rf_importance,k,k:4,,4,19993,gb,none,2016400534,0.6631016042780749,0.7041237113402062,0.2506311563702202,0.1847030329579723,0.2673079153303743,,,0.3251350435355403,,1.5775401069518715,0.9037433155080212,,0.2092826454959824,smk_can_187,24,43.06,eea1cc34fd9d82b0c6d7267dcc1cac30b2234f9f9020f48754a66d120f25f54e
rf_importance,k,k:8,,8,19993,gb,none,2016400534,0.6417112299465241,0.6979381443298969,0.2779493099509764,0.2470788548335559,0.2649112346721368,,,0.3099608670543158,,1.588235294117647,0.9037433155080212,,0.2693349643554887,smk_can_187,24,43.06,eea1cc34fd9d82b0c6d7267dcc1cac30b2234f9f9020f48754a66d120f25f54e
rf_importance,k,k:16,,16,19993,gb,none,2016400534,0.7005347593582888,0.7481099656357388,0.2418622530630736,0.207881590482325,0.2248390294381144,,,0.3413159224316398,,1.5454545454545454,0.9037433155080212,,0.2284783856544451,smk_can_187,24,43.06,eea1cc34fd9d82b0c6d7267dcc1cac30b2234f9f9020f48754a66d120f25f54e
rf_importance,k,k:32,,32,19993,gb,none,2016400534,0.6684491978609626,0.7403207331042383,0.2580156998728806,0.2239361969960879,0.2091765312883723,,,0.3263452023102339,,1.5561497326203209,0.9037433155080212,,0.2357314198545849,smk_can_187,24,43.06,eea1cc34fd9d82b0c6d7267dcc1cac30b2234f9f9020f48754a66d120f25f54e
rf_importance,k,k:64,,64,19993,gb,none,2016400534,0.6898395721925134,0.7550973654066437,0.2406551707821264,0.2276015566670541,0.2015970566774788,,,0.3401801656841927,,1.497326203208556,0.9037433155080212,,0.2109756444127055,smk_can_187,24,43.06,eea1cc34fd9d82b0c6d7267dcc1cac30b2234f9f9020f48754a66d120f25f54e
rf_importance,k,k:128,,128,19993,gb,none,2016400534,0.6898395721925134,0.7640320733104239,0.2414173099304033,0.2286945612061103,0.1767016389683229,,,0.3453303697008483,,1.481283422459893,0.9037433155080212,,0.228400300473954,smk_can_187,24,43.06,eea1cc34fd9d82b0c6d7267dcc1cac30b2234f9f9020f48754a66d120f25f54e
rf_importance,k,k:256,,256,19993,gb,none,2016400534,0.6844919786096256,0.7715922107674685,0.2289512997735907,0.1949285073272511,0.1800220865032364,,,0.3468651148933398,,1.497326203208556,0.9037433155080212,,0.1972087440597029,smk_can_187,24,43.06,eea1cc34fd9d82b0c6d7267dcc1cac30b2234f9f9020f48754a66d120f25f54e
rf_importance,frac,frac:1,1.0,19993,19993,gb,none,4221305089,0.6898395721925134,0.7233676975945017,0.2482517524719519,0.2135815897263695,0.2193343385560135,,,0.3436975048299998,,1.5668449197860963,0.9037433155080212,,0.2399971413295569,smk_can_187,25,46.322,eea1cc34fd9d82b0c6d7267dcc1cac30b2234f9f9020f48754a66d120f25f54e
rf_importance,k,k:1,,1,19993,gb,none,4221305089,0.5187165775401069,0.5439289805269187,0.2835884214167893,0.1935010292593298,0.4906433889192168,,,0.2851054919599808,,1.8235294117647056,0.9090909090909092,,0.1963100306961504,smk_can_187,25,46.322,eea1cc34fd9d82b0c6d7267dcc1cac30b2234f9f9020f48754a66d120f25f54e
rf_importance,k,k:2,,2,19993,gb,none,4221305089,0.5721925133689839,0.6047537227949599,0.2703402305763631,0.1678248022487999,0.3703739874664609,,,0.2956203206433327,,1.7433155080213905,0.9037433155080212,,0.193902742776026,smk_can_187,25,46.322,eea1cc34fd9d82b0c6d7267dcc1cac30b2234f9f9020f48754a66d120f25f54e
rf_importance,k,k:4,,4,19993,gb,none,4221305089,0.5935828877005348,0.6068155784650631,0.2943493999973041,0.2170276183261746,0.3824501993263399,,,0.2770792782445859,,1.7379679144385027,0.9037433155080212,,0.2430629519134539,smk_can_187,25,46.322,eea1cc34fd9d82b0c6d7267dcc1cac30b2234f9f9020f48754a66d120f25f54e
rf_importance,k,k:8,,8,19993,gb,none,4221305089,0.6042780748663101,0.6379152348224514,0.2924360542999391,0.2403149845573214,0.3368037237795335,,,0.296476997926724,,1.6737967914438503,0.9037433155080212,,0.2616269235877065,smk_can_187,25,46.322,eea1cc34fd9d82b0c6d7267dcc1cac30b2234f9f9020f48754a66d120f25f54e
rf_importance,k,k:16,,16,19993,gb,none,4221305089,0.6203208556149733,0.6791523482245132,0.2870444990167642,0.2525447131618756,0.2715857033776167,,,0.2986036246966581,,1.6577540106951871,0.9037433155080212,,0.2613694094962737,smk_can_187,25,46.322,eea1cc34fd9d82b0c6d7267dcc1cac30b2234f9f9020f48754a66d120f25f54e
rf_importance,k,k:32,,32,19993,gb,none,4221305089,0.6310160427807486,0.6707903780068728,0.2885329939157492,0.2605223969887882,0.2816267207414746,,,0.3100818444511543,,1.6577540106951871,0.9037433155080212,,0.2767177256076094,smk_can_187,25,46.322,eea1cc34fd9d82b0c6d7267dcc1cac30b2234f9f9020f48754a66d120f25f54e
rf_importance,k,k:64,,64,19993,gb,none,4221305089,0.6203208556149733,0.6966781214203895,0.2693988304040274,0.2270278909160147,0.2507941804608974,,,0.3171498533897516,,1.5828877005347597,0.9037433155080212,,0.2410910959897205,smk_can_187,25,46.322,eea1cc34fd9d82b0c6d7267dcc1cac30b2234f9f9020f48754a66d120f25f54e
rf_importance,k,k:128,,128,19993,gb,none,4221305089,0.6310160427807486,0.7093928980526919,0.2668645636144597,0.24953876162488,0.2328612700216509,,,0.3257908237013534,,1.5828877005347597,0.9037433155080212,,0.2403813484254868,smk_can_187,25,46.322,eea1cc34fd9d82b0c6d7267dcc1cac30b2234f9f9020f48754a66d120f25f54e
rf_importance,k,k:256,,256,19993,gb,none,4221305089,0.6631016042780749,0.6989690721649484,0.2597533191509657,0.2431156151911057,0.2425970772686971,,,0.335512017703856,,1.5775401069518715,0.9037433155080212,,0.2471389240460634,smk_can_187,25,46.322,eea1cc34fd9d82b0c6d7267dcc1cac30b2234f9f9020f48754a66d120f25f54e
rf_importance,frac,frac:1,1.0,19993,19993,gb,none,903751567,0.6631016042780749,0.7264604810996563,0.2582017780897607,0.2203619080283728,0.208643166666759,,,0.3241913653853323,,1.518716577540107,0.9037433155080212,,0.23811449685076,smk_can_187,26,38.882,eea1cc34fd9d82b0c6d7267dcc1cac30b2234f9f9020f48754a66d120f25f54e
rf_importance,k,k:1,,1,19993,gb,none,903751567,0.5454545454545454,0.577033218785796,0.2873627732960765,0.1949507027207716,0.4130121645947502,,,0.2767617427137501,,1.7647058823529411,0.9037433155080212,,0.2246121587446577,smk_can_187,26,38.882,eea1cc34fd9d82b0c6d7267dcc1cac30b2234f9f9020f48754a66d120f25f54e
rf_importance,k,k:2,,2,19993,gb,none,903751567,0.5828877005347594,0.6372279495990837,0.2724032396888197,0.1804358647528305,0.3313505722109533,,,0.2955837912797235,,1.6898395721925137,0.9037433155080212,,0.2196819052213706,smk_can_187,26,38.882,eea1cc34fd9d82b0c6d7267dcc1cac30b2234f9f9020f48754a66d120f25f54e
rf_importance,k,k:4,,4,19993,gb,none,903751567,0.6096256684491979,0.6506872852233677,0.2886068734498152,0.2487389683844453,0.297071739149035,,,0.2894356906011501,,1.6310160427807487,0.9037433155080212,,0.2914726547405487,smk_can_187,26,38.882,eea1cc34fd9d82b0c6d7267dcc1cac30b2234f9f9020f48754a66d120f25f54e
rf_importance,k,k:8,,8,19993,gb,none,903751567,0.5989304812834224,0.670446735395189,0.2909329117907018,0.2422714004483235,0.2587986292667222,,,0.2900853271397119,,1.6310160427807487,0.9037433155080212,,0.2625981860343746,smk_can_187,26,38.882,eea1cc34fd9d82b0c6d7267dcc1cac30b2234f9f9020f48754a66d120f25f54e
rf_importance,k,k:16,,16,19993,gb,none,903751567,0.6096256684491979,0.683848797250859,0.2784344500704684,0.2530062816018625,0.2548249749704686,,,0.3050371015393812,,1.5989304812834224,0.9037433155080212,,0.2709532457811223,smk_can_187,26,38.882,eea1cc34fd9d82b0c6d7267dcc1cac30b2234f9f9020f48754a66d120f25f54e
rf_importance,k,k:32,,32,19993,gb,none,903751567,0.6042780748663101,0.6986254295532647,0.276116391848377,0.2505573484074821,0.2409907246325593,,,0.3072799424836658,,1.5668449197860963,0.9037433155080212,,0.2536156991892897,smk_can_187,26,38.882,eea1cc34fd9d82b0c6d7267dcc1cac30b2234f9f9020f48754a66d120f25f54e
rf_importance,k,k:64,,64,19993,gb,none,903751567,0.6470588235294118,0.7495990836197022,0.2462660468080525,0.2256148255170516,0.1874653217534043,,,0.3346120476349635,,1.5080213903743316,0.9037433155080212,,0.2123272355149236,smk_can_187,26,38.882,eea1cc34fd9d82b0c6d7267dcc1cac30b2234f9f9020f48754a66d120f25f54e
rf_importance,k,k:128,,128,19993,gb,none,903751567,0.6577540106951871,0.7420389461626575,0.2443021416955834,0.2081424499321314,0.1867060273596476,,,0.3447898287105149,,1.497326203208556,0.9037433155080212,,0.2247218566917478,smk_can_187,26,38.882,eea1cc34fd9d82b0c6d7267dcc1cac30b2234f9f9020f48754a66d120f25f54e
rf_importance,k,k:256,,256,19993,gb,none,903751567,0.6684491978609626,0.7579610538373425,0.2349264691116481,0.2011286783788216,0.1772873144830217,,,0.3493151686430956,,1.502673796791444,0.9037433155080212,,0.2071184428884906,smk_can_187,26,38.882,eea1cc34fd9d82b0c6d7267dcc1cac30b2234f9f9020f48754a66d120f25f54e
rf_importance,frac,frac:1,1.0,19993,19993,gb,none,1413345222,0.7219251336898396,0.7667812142038946,0.2178019302838414,0.1742929099956089,0.1760544536890069,,,0.3722522084089559,,1.502673796791444,0.9037433155080212,,0.1784728853665974,smk_can_187,27,33.415,eea1cc34fd9d82b0c6d7267dcc1cac30b2234f9f9020f48754a66d120f25f54e
rf_importance,k,k:1,,1,19993,gb,none,1413345222,0.5561497326203209,0.6190148911798397,0.2608924235859384,0.1655480797560622,0.3393418419562483,,,0.3026119644459628,,1.6844919786096255,0.9037433155080212,,0.1681640908214043,smk_can_187,27,33.415,eea1cc34fd9d82b0c6d7267dcc1cac30b2234f9f9020f48754a66d120f25f54e
rf_importance,k,k:2,,2,19993,gb,none,1413345222,0.6096256684491979,0.6264032073310424,0.2675613952978135,0.1945738344890639,0.3652922008746557,,,0.3097550962694603,,1.7219251336898396,0.9037433155080212,,0.2085748793186347,smk_can_187,27,33.415,eea1cc34fd9d82b0c6d7267dcc1cac30b2234f9f9020f48754a66d120f25f54e
rf_importance,k,k:4,,4,19993,gb,none,1413345222,0.6256684491978609,0.6663802978235968,0.2753544388670742,0.2340833562939747,0.2786852122039917,,,0.3148034096452649,,1.6310160427807487,0.9037433155080212,,0.2485262700989424,smk_can_187,27,33.415,eea1cc34fd9d82b0c6d7267dcc1cac30b2234f9f9020f48754a66d120f25f54e
rf_importance,k,k:8,,8,19993,gb,none,1413345222,0.6363636363636364,0.6459335624284077,0.2925388821556355,0.2460612781171957,0.3354436434127471,,,0.2952045036929635,,1.7700534759358288,0.9037433155080212,,0.2712796085760715,smk_can_187,27,33.415,eea1cc34fd9d82b0c6d7267dcc1cac30b2234f9f9020f48754a66d120f25f54e
rf_importance,k,k:16,,16,19993,gb,none,1413345222,0.6684491978609626,0.70446735395189,0.2590894322844053,0.2216335919492309,0.2565825906501904,,,0.3322748305251569,,1.625668449197861,0.9037433155080212,,0.2286416789429503,smk_can_187,27,33.415,eea1cc34fd9d82b0c6d7267dcc1cac30b2234f9f9020f48754a66d120f25f54e
rf_importance,k,k:32,,32,19993,gb,none,1413345222,0.6524064171122995,0.7139747995418099,0.2645069163153445,0.2342454637255895,0.2279582981073511,,,0.3231480112871383,,1.5989304812834224,0.9037433155080212,,0.2354345746997526,smk_can_187,27,33.415,eea1cc34fd9d82b0c6d7267dcc1cac30b2234f9f9020f48754a66d120f25f54e
rf_importance,k,k:64,,64,19993,gb,none,1413345222,0.6844919786096256,0.7383734249713632,0.2428721230971894,0.2079878930350966,0.2086264531508505,,,0.3465214095615971,,1.53475935828877,0.9037433155080212,,0.2060533959406793,smk_can_187,27,33.415,eea1cc34fd9d82b0c6d7267dcc1cac30b2234f9f9020f48754a66d120f25f54e
rf_importance,k,k:128,,128,19993,gb,none,1413345222,0.7219251336898396,0.7810996563573883,0.2201741732919233,0.1926190713250378,0.15652209717421,,,0.3621980924757915,,1.4438502673796791,0.9037433155080212,,0.2038617749373515,smk_can_187,27,33.415,eea1cc34fd9d82b0c6d7267dcc1cac30b2234f9f9020f48754a66d120f25f54e
rf_importance,k,k:256,,256,19993,gb,none,1413345222,0.679144385026738,0.761397479954181,0.2274140353404174,0.1978755652954777,0.1670060036401451,,,0.3598781385588062,,1.497326203208556,0.9037433155080212,,0.1814886482112025,smk_can_187,27,33.415,eea1cc34fd9d82b0c6d7267dcc1cac30b2234f9f9020f48754a66d120f25f54e
rf_importance,frac,frac:1,1.0,19993,19993,gb,none,1567329213,0.6898395721925134,0.7621993127147766,0.2271081850864798,0.1862937917265699,0.1769530940366536,,,0.3510897086207086,,1.497326203208556,0.9037433155080212,,0.1705789692431104,smk_can_187,28,35.682,eea1cc34fd9d82b0c6d7267dcc1cac30b2234f9f9020f48754a66d120f25f54e
rf_importance,k,k:1,,1,19993,gb,none,1567329213,0.6149732620320856,0.6646620847651775,0.2447376767251706,0.1493123041992008,0.3160275697277162,,,0.3182321056718467,,1.6898395721925137,0.9037433155080212,,0.1554647228440422,smk_can_187,28,35.682,eea1cc34fd9d82b0c6d7267dcc1cac30b2234f9f9020f48754a66d120f25f54e
rf_importance,k,k:2,,2,19993,gb,none,1567329213,0.6363636363636364,0.6893470790378007,0.238673545919636,0.1567108587907935,0.2889183057180821,,,0.3439180183839659,,1.5561497326203209,0.9037433155080212,,0.1481554732113679,smk_can_187,28,35.682,eea1cc34fd9d82b0c6d7267dcc1cac30b2234f9f9020f48754a66d120f25f54e
rf_importance,k,k:4,,4,19993,gb,none,1567329213,0.6684491978609626,0.731786941580756,0.2367109290769449,0.1830504864599679,0.2128421280070873,,,0.3533222285541906,,1.5508021390374331,0.9037433155080212,,0.1976193735403529,smk_can_187,28,35.682,eea1cc34fd9d82b0c6d7267dcc1cac30b2234f9f9020f48754a66d120f25f54e
rf_importance,k,k:8,,8,19993,gb,none,1567329213,0.7058823529411765,0.7658648339060711,0.2193427793472639,0.1599880478618481,0.1984631125994871,,,0.3588446168159093,,1.481283422459893,0.9037433155080212,,0.1785361655540858,smk_can_187,28,35.682,eea1cc34fd9d82b0c6d7267dcc1cac30b2234f9f9020f48754a66d120f25f54e
rf_importance,k,k:16,,16,19993,gb,none,1567329213,0.7165775401069518,0.7583046964490263,0.2285389148956948,0.1718668055748963,0.2018593422859244,,,0.3410675713896796,,1.5401069518716577,0.9037433155080212,,0.1891707745641934,smk_can_187,28,35.682,eea1cc34fd9d82b0c6d7267dcc1cac30b2234f9f9020f48754a66d120f25f54e
rf_importance,k,k:32,,32,19993,gb,none,1567329213,0.6898395721925134,0.765750286368843,0.2293457571526739,0.2053301325383313,0.1721928024242173,,,0.3431981059169032,,1.481283422459893,0.9037433155080212,,0.206871614492023,smk_can_187,28,35.682,eea1cc34fd9d82b0c6d7267dcc1cac30b2234f9f9020f48754a66d120f25f54e
rf_importance,k,k:64,,64,19993,gb,none,1567329213,0.679144385026738,0.761397479954181,0.2275055976226071,0.1836526166738567,0.1809528261451789,,,0.3443056444552561,,1.481283422459893,0.9037433155080212,,0.1871421528794379,smk_can_187,28,35.682,eea1cc34fd9d82b0c6d7267dcc1cac30b2234f9f9020f48754a66d120f25f54e
rf_importance,k,k:128,,128,19993,gb,none,1567329213,0.7005347593582888,0.7808705612829324,0.2193615884150629,0.1775744273213104,0.1604728154816157,,,0.3566880426664658,,1.46524064171123,0.9037433155080212,,0.1828873825165234,smk_can_187,28,35.682,eea1cc34fd9d82b0c6d7267dcc1cac30b2234f9f9020f48754a66d120f25f54e
rf_importance,k,k:256,,256,19993,gb,none,1567329213,0.7112299465240641,0.7696449026345934,0.2214031241055102,0.1869779559956182,0.1867737095873808,,,0.3590928509285775,,1.481283422459893,0.9037433155080212,,0.1631120336101467,smk_can_187,28,35.682,eea1cc34fd9d82b0c6d7267dcc1cac30b2234f9f9020f48754a66d120f25f54e
rf_importance,frac,frac:1,1.0,19993,19993,gb,none,1206106626,0.6524064171122995,0.7185567010309278,0.2616516602685376,0.230509765614905,0.2339485439672104,,,0.3299724479960923,,1.5240641711229947,0.9037433155080212,,0.2338795260826586,smk_can_187,29,37.674,eea1cc34fd9d82b0c6d7267dcc1cac30b2234f9f9020f48754a66d120f25f54e
rf_importance,k,k:1,,1,19993,gb,none,1206106626,0.6470588235294118,0.6563001145475372,0.2449075492565376,0.1211045665291743,0.3129452315101576,,,0.3214189199193413,,1.6898395721925137,0.9037433155080212,,0.1309981732779947,smk_can_187,29,37.674,eea1cc34fd9d82b0c6d7267dcc1cac30b2234f9f9020f48754a66d120f25f54e
rf_importance,k,k:2,,2,19993,gb,none,1206106626,0.6149732620320856,0.6698167239404353,0.2532491070977005,0.1775121947287283,0.2932090325462733,,,0.317115797155454,,1.6363636363636365,0.9037433155080212,,0.1782103174464988,smk_can_187,29,37.674,eea1cc34fd9d82b0c6d7267dcc1cac30b2234f9f9020f48754a66d120f25f54e
rf_importance,k,k:4,,4,19993,gb,none,1206106626,0.6149732620320856,0.6351660939289805,0.2868857304357515,0.2383605794559846,0.3630031441533646,,,0.2894761955962372,,1.7058823529411764,0.9037433155080212,,0.2637321655731712,smk_can_187,29,37.674,eea1cc34fd9d82b0c6d7267dcc1cac30b2234f9f9020f48754a66d120f25f54e
rf_importance,k,k:8,,8,19993,gb,none,1206106626,0.6577540106951871,0.686368843069874,0.2642192591108814,0.2381815549125593,0.2597581855586242,,,0.3095755300976421,,1.6203208556149733,0.9037433155080212,,0.2577767295241528,smk_can_187,29,37.674,eea1cc34fd9d82b0c6d7267dcc1cac30b2234f9f9020f48754a66d120f25f54e
rf_importance,k,k:16,,16,19993,gb,none,1206106626,0.6684491978609626,0.7394043528064147,0.2391745889673928,0.1836961614798988,0.2105313042639555,,,0.3309175194316791,,1.572192513368984,0.9037433155080212,,0.2013822166033299,smk_can_187,29,37.674,eea1cc34fd9d82b0c6d7267dcc1cac30b2234f9f9020f48754a66d120f25f54e
rf_importance,k,k:32,,32,19993,gb,none,1206106626,0.6310160427807486,0.7011454753722796,0.2719843001248647,0.2412059503734739,0.2448496381962823,,,0.3215692558687827,,1.5668449197860963,0.9037433155080212,,0.2503295046940066,smk_can_187,29,37.674,eea1cc34fd9d82b0c6d7267dcc1cac30b2234f9f9020f48754a66d120f25f54e
rf_importance,k,k:64,,64,19993,gb,none,1206106626,0.6470588235294118,0.7428407789232532,0.2439811728137999,0.2305169719060975,0.1931423635139083,,,0.3318044343690011,,1.5508021390374331,0.9037433155080212,,0.218915914086903,smk_can_187,29,37.674,eea1cc34fd9d82b0c6d7267dcc1cac30b2234f9f9020f48754a66d120f25f54e
rf_importance,k,k:128,,128,19993,gb,none,1206106626,0.6524064171122995,0.7597938144329897,0.2303582297010427,0.200654015236501,0.1803345095994331,,,0.3404501219767541,,1.481283422459893,0.9037433155080212,,0.1837337980997193,smk_can_187,29,37.674,eea1cc34fd9d82b0c6d7267dcc1cac30b2234f9f9020f48754a66d120f25f54e
rf_importance,k,k:256,,256,19993,gb,none,1206106626,0.6951871657754011,0.7789232531500573,0.2162142609892287,0.1783637383594246,0.1711092388014019,,,0.3564649097418463,,1.411764705882353,0.9037433155080212,,0.1783261355061416,smk_can_187,29,37.674,eea1cc34fd9d82b0c6d7267dcc1cac30b2234f9f9020f48754a66d120f25f54e
rf_importance,frac,frac:1,1.0,19993,19993,logistic,none,4180977708,0.7219251336898396,0.7967926689576175,0.2150594387842527,0.2057465897493738,0.1496177194157959,,,0.3585710026805384,,1.4331550802139037,0.9037433155080212,,0.1983842218772241,smk_can_187,0,41.514,eea1cc34fd9d82b0c6d7267dcc1cac30b2234f9f9020f48754a66d120f25f54e
rf_importance,k,k:1,,1,19993,logistic,none,4180977708,0.5935828877005348,0.6534936998854525,0.23765460001885,0.089111715558511,0.3490691174367754,,,0.3161956507784576,,1.711229946524064,0.9037433155080212,,0.0860077945145181,smk_can_187,0,41.514,eea1cc34fd9d82b0c6d7267dcc1cac30b2234f9f9020f48754a66d120f25f54e
rf_importance,k,k:2,,2,19993,logistic,none,4180977708,0.6577540106951871,0.706987399770905,0.2195565428963406,0.0734208973388643,0.2668100837610722,,,0.3372122470090901,,1.625668449197861,0.9037433155080212,,0.107722222635941,smk_can_187,0,41.514,eea1cc34fd9d82b0c6d7267dcc1cac30b2234f9f9020f48754a66d120f25f54e
rf_importance,k,k:4,,4,19993,logistic,none,4180977708,0.6631016042780749,0.681786941580756,0.2291231532216208,0.1385471406069122,0.3020412721024586,,,0.3310726713311582,,1.6737967914438503,0.9037433155080212,,0.1274589859172925,smk_can_187,0,41.514,eea1cc34fd9d82b0c6d7267dcc1cac30b2234f9f9020f48754a66d120f25f54e
rf_importance,k,k:8,,8,19993,logistic,none,4180977708,0.6470588235294118,0.7315005727376861,0.2103486279630801,0.1045990012433372,0.2128043527943905,,,0.3535996657028067,,1.5508021390374331,0.9037433155080212,,0.1080191910906523,smk_can_187,0,41.514,eea1cc34fd9d82b0c6d7267dcc1cac30b2234f9f9020f48754a66d120f25f54e
rf_importance,k,k:16,,16,19993,logistic,none,4180977708,0.7058823529411765,0.7552119129438718,0.2062105210647666,0.1338346459341536,0.2004871462175458,,,0.3628696030557376,,1.5294117647058822,0.9037433155080212,,0.1193161440412865,smk_can_187,0,41.514,eea1cc34fd9d82b0c6d7267dcc1cac30b2234f9f9020f48754a66d120f25f54e
rf_importance,k,k:32,,32,19993,logistic,none,4180977708,0.6951871657754011,0.7570446735395189,0.2148315521604027,0.1510055202952093,0.1985498330297254,,,0.3520285146757061,,1.5775401069518715,0.9037433155080212,,0.1396714260638097,smk_can_187,0,41.514,eea1cc34fd9d82b0c6d7267dcc1cac30b2234f9f9020f48754a66d120f25f54e
rf_importance,k,k:64,,64,19993,logistic,none,4180977708,0.6524064171122995,0.7249713631156931,0.2491013247433988,0.2128754063868406,0.2218957202781606,,,0.3300313646088882,,1.5401069518716577,0.9037433155080212,,0.2131456749476873,smk_can_187,0,41.514,eea1cc34fd9d82b0c6d7267dcc1cac30b2234f9f9020f48754a66d120f25f54e
rf_importance,k,k:128,,128,19993,logistic,none,4180977708,0.6844919786096256,0.7413516609392898,0.2455508934856195,0.1962380786966526,0.2027367344591703,,,0.337809286456013,,1.5240641711229947,0.9037433155080212,,0.2235428204614869,smk_can_187,0,41.514,eea1cc34fd9d82b0c6d7267dcc1cac30b2234f9f9020f48754a66d120f25f54e
rf_importance,k,k:256,,256,19993,logistic,none,4180977708,0.6844919786096256,0.7654066437571592,0.2263169131198076,0.1965744824128104,0.1916877702760946,,,0.3557214111318296,,1.4919786096256684,0.9037433155080212,,0.195421540797235,smk_can_187,0,41.514,eea1cc34fd9d82b0c6d7267dcc1cac30b2234f9f9020f48754a66d120f25f54e
rf_importance,frac,frac:1,1.0,19993,19993,logistic,none,3586383031,0.732620320855615,0.7869415807560137,0.2213604955898257,0.2194191409279144,0.1571284372191478,,,0.3648142396543192,,1.4705882352941178,0.9037433155080212,,0.1980667900352518,smk_can_187,1,49.985,eea1cc34fd9d82b0c6d7267dcc1cac30b2234f9f9020f48754a66d120f25f54e
rf_importance,k,k:1,,1,19993,logistic,none,3586383031,0.6096256684491979,0.6225658648339061,0.2438334820892413,0.1102430286028993,0.3561228732530269,,,0.3226303335598129,,1.7540106951871657,0.9037433155080212,,0.1229733114240397,smk_can_187,1,49.985,eea1cc34fd9d82b0c6d7267dcc1cac30b2234f9f9020f48754a66d120f25f54e
rf_importance,k,k:2,,2,19993,logistic,none,3586383031,0.6417112299465241,0.6798396334478808,0.2283391647129901,0.1109885747191982,0.2870234902574078,,,0.340612731656308,,1.625668449197861,0.9037433155080212,,0.1303081625163486,smk_can_187,1,49.985,eea1cc34fd9d82b0c6d7267dcc1cac30b2234f9f9020f48754a66d120f25f54e
rf_importance,k,k:4,,4,19993,logistic,none,3586383031,0.6256684491978609,0.690836197021764,0.2291961114751461,0.1637244397580903,0.2738547708030082,,,0.3466043699206416,,1.5508021390374331,0.9037433155080212,,0.1503615275925332,smk_can_187,1,49.985,eea1cc34fd9d82b0c6d7267dcc1cac30b2234f9f9020f48754a66d120f25f54e
rf_importance,k,k:8,,8,19993,logistic,none,3586383031,0.6524064171122995,0.7105383734249713,0.2253080028291905,0.1329097853335407,0.2700084947675387,,,0.3491274366835509,,1.641711229946524,0.9037433155080212,,0.1484405850764309,smk_can_187,1,49.985,eea1cc34fd9d82b0c6d7267dcc1cac30b2234f9f9020f48754a66d120f25f54e
rf_importance,k,k:16,,16,19993,logistic,none,3586383031,0.679144385026738,0.7295532646048111,0.2228829994026208,0.1459551355439785,0.2144987222933467,,,0.3538398666534541,,1.572192513368984,0.9037433155080212,,0.1424090720006778,smk_can_187,1,49.985,eea1cc34fd9d82b0c6d7267dcc1cac30b2234f9f9020f48754a66d120f25f54e
rf_importance,k,k:32,,32,19993,logistic,none,3586383031,0.7005347593582888,0.7223367697594502,0.2311524728710205,0.1705660646828397,0.2360629033968866,,,0.3487841673308642,,1.609625668449198,0.9037433155080212,,0.1656495286108435,smk_can_187,1,49.985,eea1cc34fd9d82b0c6d7267dcc1cac30b2234f9f9020f48754a66d120f25f54e
rf_importance,k,k:64,,64,19993,logistic,none,3586383031,0.7058823529411765,0.7581901489117985,0.2200483218154663,0.1854391365764588,0.2066893952865321,,,0.3640484863656033,,1.5454545454545454,0.9037433155080212,,0.1813055005505648,smk_can_187,1,49.985,eea1cc34fd9d82b0c6d7267dcc1cac30b2234f9f9020f48754a66d120f25f54e
rf_importance,k,k:128,,128,19993,logistic,none,3586383031,0.6524064171122995,0.740893470790378,0.2587355868109732,0.2402112770849389,0.2046526638920854,,,0.320217429313378,,1.4919786096256684,0.9037433155080212,,0.2376762201748746,smk_can_187,1,49.985,eea1cc34fd9d82b0c6d7267dcc1cac30b2234f9f9020f48754a66d120f25f54e
rf_importance,k,k:256,,256,19993,logistic,none,3586383031,0.6737967914438503,0.7485681557846506,0.2452696831293918,0.2228541731477196,0.2060552010336495,,,0.3406507681399584,,1.5294117647058822,0.9037433155080212,,0.2130876788252332,smk_can_187,1,49.985,eea1cc34fd9d82b0c6d7267dcc1cac30b2234f9f9020f48754a66d120f25f54e
rf_importance,frac,frac:1,1.0,19993,19993,logistic,none,3842073393,0.7272727272727273,0.7917525773195877,0.2186572338004554,0.1943574869787185,0.1608551139341635,,,0.3588140030182528,,1.4224598930481285,0.9037433155080212,,0.2065800293501734,smk_can_187,2,45.483,eea1cc34fd9d82b0c6d7267dcc1cac30b2234f9f9020f48754a66d120f25f54e
rf_importance,k,k:1,,1,19993,logistic,none,3842073393,0.5935828877005348,0.6676975945017183,0.2244757228235517,0.084882061419606,0.2797966939514693,,,0.3440534382040724,,1.609625668449198,0.9037433155080212,,0.0691643894771868,smk_can_187,2,45.483,eea1cc34fd9d82b0c6d7267dcc1cac30b2234f9f9020f48754a66d120f25f54e
rf_importance,k,k:2,,2,19993,logistic,none,3842073393,0.7058823529411765,0.7483390607101947,0.2044963620657392,0.1198297694443575,0.2305391705448799,,,0.359169005714429,,1.572192513368984,0.9037433155080212,,0.0988322313785339,smk_can_187,2,45.483,eea1cc34fd9d82b0c6d7267dcc1cac30b2234f9f9020f48754a66d120f25f54e
rf_importance,k,k:4,,4,19993,logistic,none,3842073393,0.7272727272727273,0.7482245131729668,0.2004577790877057,0.1018081726920944,0.2147702419395268,,,0.374364045586893,,1.5561497326203209,0.9037433155080212,,0.0838292413440324,smk_can_187,2,45.483,eea1cc34fd9d82b0c6d7267dcc1cac30b2234f9f9020f48754a66d120f25f54e
rf_importance,k,k:8,,8,19993,logistic,none,3842073393,0.7112299465240641,0.7701030927835051,0.1958504248195494,0.1458159338780689,0.2071874573440465,,,0.3740882496224045,,1.502673796791444,0.9037433155080212,,0.1337735828776833,smk_can_187,2,45.483,eea1cc34fd9d82b0c6d7267dcc1cac30b2234f9f9020f48754a66d120f25f54e
rf_importance,k,k:16,,16,19993,logistic,none,3842073393,0.732620320855615,0.7592210767468499,0.2038818079603842,0.1435615879276414,0.2177251305880445,,,0.3637785553462913,,1.5614973262032086,0.9037433155080212,,0.1419664863290845,smk_can_187,2,45.483,eea1cc34fd9d82b0c6d7267dcc1cac30b2234f9f9020f48754a66d120f25f54e
rf_importance,k,k:32,,32,19993,logistic,none,3842073393,0.732620320855615,0.7746849942726232,0.2038721742166047,0.1471138039562336,0.1973128608823133,,,0.3650052216178867,,1.497326203208556,0.9037433155080212,,0.1455004741287241,smk_can_187,2,45.483,eea1cc34fd9d82b0c6d7267dcc1cac30b2234f9f9020f48754a66d120f25f54e
rf_importance,k,k:64,,64,19993,logistic,none,3842073393,0.6951871657754011,0.7848797250859106,0.2120854741585334,0.1735491408789931,0.1973445694345282,,,0.356095644014658,,1.4010695187165776,0.9037433155080212,,0.1588046862920901,smk_can_187,2,45.483,eea1cc34fd9d82b0c6d7267dcc1cac30b2234f9f9020f48754a66d120f25f54e
rf_importance,k,k:128,,128,19993,logistic,none,3842073393,0.6524064171122995,0.7351660939289805,0.2614701840289979,0.244801061126089,0.2176825488119379,,,0.3172101728697564,,1.572192513368984,0.9037433155080212,,0.2521425418097467,smk_can_187,2,45.483,eea1cc34fd9d82b0c6d7267dcc1cac30b2234f9f9020f48754a66d120f25f54e
rf_importance,k,k:256,,256,19993,logistic,none,3842073393,0.679144385026738,0.7438717067583047,0.2491502317031514,0.2086510680149346,0.2180560231995347,,,0.3267653044484113,,1.5508021390374331,0.9037433155080212,,0.2123129483557623,smk_can_187,2,45.483,eea1cc34fd9d82b0c6d7267dcc1cac30b2234f9f9020f48754a66d120f25f54e
rf_importance,frac,frac:1,1.0,19993,19993,logistic,none,3707845921,0.7272727272727273,0.7932416953035509,0.2186839425982507,0.1918539862328564,0.1498806990790617,,,0.3663416296938532,,1.4491978609625669,0.9037433155080212,,0.1914582404953633,smk_can_187,3,50.3,eea1cc34fd9d82b0c6d7267dcc1cac30b2234f9f9020f48754a66d120f25f54e
rf_importance,k,k:1,,1,19993,logistic,none,3707845921,0.6417112299465241,0.661340206185567,0.2366592743905404,0.1161503908917058,0.3546162148404554,,,0.3332152605728521,,1.7219251336898396,0.9037433155080212,,0.1308806001578719,smk_can_187,3,50.3,eea1cc34fd9d82b0c6d7267dcc1cac30b2234f9f9020f48754a66d120f25f54e
rf_importance,k,k:2,,2,19993,logistic,none,3707845921,0.6524064171122995,0.7010309278350515,0.2205807233699366,0.0753621546440511,0.2948626257149726,,,0.3495900077216618,,1.609625668449198,0.9037433155080212,,0.0761663769262192,smk_can_187,3,50.3,eea1cc34fd9d82b0c6d7267dcc1cac30b2234f9f9020f48754a66d120f25f54e
rf_importance,k,k:4,,4,19993,logistic,none,3707845921,0.6737967914438503,0.7250859106529209,0.2110329663449623,0.0958911820646094,0.2541093054979538,,,0.3581953881921726,,1.5668449197860963,0.9037433155080212,,0.1220818313895768,smk_can_187,3,50.3,eea1cc34fd9d82b0c6d7267dcc1cac30b2234f9f9020f48754a66d120f25f54e
rf_importance,k,k:8,,8,19993,logistic,none,3707845921,0.6470588235294118,0.7243986254295532,0.2159147559541002,0.1087512914155233,0.2327648399577843,,,0.3561675469353906,,1.518716577540107,0.9037433155080212,,0.1050942574117176,smk_can_187,3,50.3,eea1cc34fd9d82b0c6d7267dcc1cac30b2234f9f9020f48754a66d120f25f54e
rf_importance,k,k:16,,16,19993,logistic,none,3707845921,0.679144385026738,0.6990836197021765,0.23374809903316,0.1490739651153619,0.2588108177041476,,,0.3448711572889779,,1.6149732620320856,0.9037433155080212,,0.1624128222435071,smk_can_187,3,50.3,eea1cc34fd9d82b0c6d7267dcc1cac30b2234f9f9020f48754a66d120f25f54e
rf_importance,k,k:32,,32,19993,logistic,none,3707845921,0.6898395721925134,0.7077892325315006,0.2428213152243238,0.1707747940335645,0.2880296736406141,,,0.3386622339628495,,1.6203208556149733,0.9037433155080212,,0.1886886033551492,smk_can_187,3,50.3,eea1cc34fd9d82b0c6d7267dcc1cac30b2234f9f9020f48754a66d120f25f54e
rf_importance,k,k:64,,64,19993,logistic,none,3707845921,0.6524064171122995,0.7167239404352806,0.2552317666940818,0.2193061089608262,0.2422964653489596,,,0.3330752319243172,,1.5989304812834224,0.9037433155080212,,0.2233097771419727,smk_can_187,3,50.3,eea1cc34fd9d82b0c6d7267dcc1cac30b2234f9f9020f48754a66d120f25f54e
rf_importance,k,k:128,,128,19993,logistic,none,3707845921,0.6684491978609626,0.740893470790378,0.2470562791932778,0.2063033570276332,0.1997862673960515,,,0.3423398427713892,,1.572192513368984,0.9037433155080212,,0.2188853376537836,smk_can_187,3,50.3,eea1cc34fd9d82b0c6d7267dcc1cac30b2234f9f9020f48754a66d120f25f54e
rf_importance,k,k:256,,256,19993,logistic,none,3707845921,0.7112299465240641,0.7394043528064147,0.24101226098107,0.2040340012517099,0.2127019405525222,,,0.3506511379189138,,1.5454545454545454,0.9037433155080212,,0.2191189378966683,smk_can_187,3,50.3,eea1cc34fd9d82b0c6d7267dcc1cac30b2234f9f9020f48754a66d120f25f54e
rf_importance,frac,frac:1,1.0,19993,19993,logistic,none,4160872143,0.7379679144385026,0.7980526918671248,0.2149970431725826,0.1988226101183773,0.1663338281903216,,,0.3650035371360409,,1.4224598930481285,0.9037433155080212,,0.1973686680992886,smk_can_187,4,40.039,eea1cc34fd9d82b0c6d7267dcc1cac30b2234f9f9020f48754a66d120f25f54e
rf_importance,k,k:1,,1,19993,logistic,none,4160872143,0.5775401069518716,0.6160366552119129,0.2445070445420284,0.0850817646436277,0.3663878009395761,,,0.3104293016623353,,1.7272727272727273,0.9037433155080212,,0.108238391196244,smk_can_187,4,40.039,eea1cc34fd9d82b0c6d7267dcc1cac30b2234f9f9020f48754a66d120f25f54e
rf_importance,k,k:2,,2,19993,logistic,none,4160872143,0.6042780748663101,0.6595647193585339,0.2361401089118821,0.1159687662275181,0.3165437621483841,,,0.3259873146101515,,1.7058823529411764,0.9037433155080212,,0.1390368285852349,smk_can_187,4,40.039,eea1cc34fd9d82b0c6d7267dcc1cac30b2234f9f9020f48754a66d120f25f54e
rf_importance,k,k:4,,4,19993,logistic,none,4160872143,0.6577540106951871,0.7223367697594502,0.212922632681044,0.0951634659410791,0.248409002783691,,,0.3540349906649612,,1.5508021390374331,0.9037433155080212,,0.1051429710890492,smk_can_187,4,40.039,eea1cc34fd9d82b0c6d7267dcc1cac30b2234f9f9020f48754a66d120f25f54e
rf_importance,k,k:8,,8,19993,logistic,none,4160872143,0.6631016042780749,0.7234822451317297,0.2176466851311099,0.1086346249543575,0.2580747458983402,,,0.342243416247067,,1.5294117647058822,0.9037433155080212,,0.1143204388828998,smk_can_187,4,40.039,eea1cc34fd9d82b0c6d7267dcc1cac30b2234f9f9020f48754a66d120f25f54e
rf_importance,k,k:16,,16,19993,logistic,none,4160872143,0.6684491978609626,0.7131729667812142,0.2296106312785499,0.1479657257598488,0.2646453947279688,,,0.3447504575426537,,1.588235294117647,0.9037433155080212,,0.1657177744181437,smk_can_187,4,40.039,eea1cc34fd9d82b0c6d7267dcc1cac30b2234f9f9020f48754a66d120f25f54e
rf_importance,k,k:32,,32,19993,logistic,none,4160872143,0.6844919786096256,0.7286368843069875,0.2329847956729998,0.1758646538664734,0.2518681602584619,,,0.3470632133343181,,1.5614973262032086,0.9037433155080212,,0.1825835627787556,smk_can_187,4,40.039,eea1cc34fd9d82b0c6d7267dcc1cac30b2234f9f9020f48754a66d120f25f54e
rf_importance,k,k:64,,64,19993,logistic,none,4160872143,0.7005347593582888,0.7628865979381444,0.2252549769476634,0.1845195631688918,0.2103630894334205,,,0.3513673331339079,,1.5508021390374331,0.9037433155080212,,0.1846952942223499,smk_can_187,4,40.039,eea1cc34fd9d82b0c6d7267dcc1cac30b2234f9f9020f48754a66d120f25f54e
rf_importance,k,k:128,,128,19993,logistic,none,4160872143,0.6844919786096256,0.779495990836197,0.2330119885234659,0.2097185816503702,0.1665435439502998,,,0.3413722259902338,,1.4491978609625669,0.9037433155080212,,0.212945264542764,smk_can_187,4,40.039,eea1cc34fd9d82b0c6d7267dcc1cac30b2234f9f9020f48754a66d120f25f54e
rf_importance,k,k:256,,256,19993,logistic,none,4160872143,0.7112299465240641,0.7782359679266896,0.2257314134729257,0.1865019300022588,0.1686877913570957,,,0.3444157220060715,,1.4919786096256684,0.9037433155080212,,0.1946640809107086,smk_can_187,4,40.039,eea1cc34fd9d82b0c6d7267dcc1cac30b2234f9f9020f48754a66d120f25f54e
rf_importance,frac,frac:1,1.0,19993,19993,logistic,none,3549101501,0.7165775401069518,0.7980526918671249,0.2227287342348424,0.2051775238124513,0.151489190851377,,,0.3667048298028869,,1.4064171122994653,0.9037433155080212,,0.2037060889746666,smk_can_187,5,45.608,eea1cc34fd9d82b0c6d7267dcc1cac30b2234f9f9020f48754a66d120f25f54e
rf_importance,k,k:1,,1,19993,logistic,none,3549101501,0.6149732620320856,0.6617411225658648,0.2304676532154926,0.1018701090050238,0.3094362440869285,,,0.3344485905349398,,1.6631016042780749,0.9037433155080212,,0.090636070723321,smk_can_187,5,45.608,eea1cc34fd9d82b0c6d7267dcc1cac30b2234f9f9020f48754a66d120f25f54e
rf_importance,k,k:2,,2,19993,logistic,none,3549101501,0.6524064171122995,0.6894616265750286,0.2235654452739984,0.0755129112265802,0.2816514564814472,,,0.3421264204150491,,1.6524064171122994,0.9037433155080212,,0.0803051929431895,smk_can_187,5,45.608,eea1cc34fd9d82b0c6d7267dcc1cac30b2234f9f9020f48754a66d120f25f54e
rf_importance,k,k:4,,4,19993,logistic,none,3549101501,0.6898395721925134,0.7241695303550973,0.2114433957972054,0.075147759041592,0.2460479151613654,,,0.3564966369785453,,1.5935828877005347,0.9037433155080212,,0.0838469724028766,smk_can_187,5,45.608,eea1cc34fd9d82b0c6d7267dcc1cac30b2234f9f9020f48754a66d120f25f54e
rf_importance,k,k:8,,8,19993,logistic,none,3549101501,0.6951871657754011,0.7621993127147766,0.1971385609088211,0.113460717872072,0.201170666450241,,,0.3673031406143192,,1.4919786096256684,0.9037433155080212,,0.1063272928914128,smk_can_187,5,45.608,eea1cc34fd9d82b0c6d7267dcc1cac30b2234f9f9020f48754a66d120f25f54e
rf_importance,k,k:16,,16,19993,logistic,none,3549101501,0.7165775401069518,0.7623138602520045,0.2021835633495284,0.0893175555635591,0.2172903637959269,,,0.3690573412370496,,1.53475935828877,0.9037433155080212,,0.0956097789929895,smk_can_187,5,45.608,eea1cc34fd9d82b0c6d7267dcc1cac30b2234f9f9020f48754a66d120f25f54e
rf_importance,k,k:32,,32,19993,logistic,none,3549101501,0.679144385026738,0.7416953035509737,0.2290970309558683,0.1811979226288806,0.2328658547240339,,,0.3451796848151196,,1.4759358288770053,0.9037433155080212,,0.1784659270107437,smk_can_187,5,45.608,eea1cc34fd9d82b0c6d7267dcc1cac30b2234f9f9020f48754a66d120f25f54e
rf_importance,k,k:64,,64,19993,logistic,none,3549101501,0.7005347593582888,0.7690721649484537,0.2199585978734053,0.1723477479074615,0.2106015739939872,,,0.3451729085593522,,1.497326203208556,0.9037433155080212,,0.1704915986281509,smk_can_187,5,45.608,eea1cc34fd9d82b0c6d7267dcc1cac30b2234f9f9020f48754a66d120f25f54e
rf_importance,k,k:128,,128,19993,logistic,none,3549101501,0.6844919786096256,0.7438717067583047,0.2521561997165695,0.2309490578332781,0.2517021805848314,,,0.3224223899735417,,1.5935828877005347,0.9037433155080212,,0.2278184863323987,smk_can_187,5,45.608,eea1cc34fd9d82b0c6d7267dcc1cac30b2234f9f9020f48754a66d120f25f54e
rf_importance,k,k:256,,256,19993,logistic,none,3549101501,0.7112299465240641,0.7668957617411225,0.2341857570684304,0.2035190884475305,0.2238012902036747,,,0.3280249441136098,,1.5401069518716577,0.9037433155080212,,0.2199895878105892,smk_can_187,5,45.608,eea1cc34fd9d82b0c6d7267dcc1cac30b2234f9f9020f48754a66d120f25f54e
rf_importance,frac,frac:1,1.0,19993,19993,logistic,none,576226726,0.7593582887700535,0.8107674684994273,0.2037910427514957,0.1789739339925772,0.159148542856606,,,0.3678112980435606,,1.411764705882353,0.9037433155080212,,0.1766942457228786,smk_can_187,6,46.851,eea1cc34fd9d82b0c6d7267dcc1cac30b2234f9f9020f48754a66d120f25f54e
rf_importance,k,k:1,,1,19993,logistic,none,576226726,0.6042780748663101,0.6461626575028636,0.2383582573491652,0.1190671682202913,0.3311921092600842,,,0.3123839258222408,,1.6310160427807487,0.9037433155080212,,0.1232333149656495,smk_can_187,6,46.851,eea1cc34fd9d82b0c6d7267dcc1cac30b2234f9f9020f48754a66d120f25f54e
rf_importance,k,k:2,,2,19993,logistic,none,576226726,0.6203208556149733,0.6593356242840779,0.2381098827600546,0.1090695071623695,0.3167646924015427,,,0.3340761267091904,,1.6844919786096255,0.9037433155080212,,0.1191269063640632,smk_can_187,6,46.851,eea1cc34fd9d82b0c6d7267dcc1cac30b2234f9f9020f48754a66d120f25f54e
rf_importance,k,k:4,,4,19993,logistic,none,576226726,0.6737967914438503,0.734020618556701,0.2120213188761117,0.1093798871283243,0.2351444199760046,,,0.3541986918742804,,1.5561497326203209,0.9037433155080212,,0.1062702324782081,smk_can_187,6,46.851,eea1cc34fd9d82b0c6d7267dcc1cac30b2234f9f9020f48754a66d120f25f54e
rf_importance,k,k:8,,8,19993,logistic,none,576226726,0.6951871657754011,0.7509736540664376,0.2072840945203744,0.0960442851538955,0.2204535532615796,,,0.35530155432161,,1.518716577540107,0.9037433155080212,,0.0870783070452808,smk_can_187,6,46.851,eea1cc34fd9d82b0c6d7267dcc1cac30b2234f9f9020f48754a66d120f25f54e
rf_importance,k,k:16,,16,19993,logistic,none,576226726,0.7165775401069518,0.7643757159221076,0.2023507084222623,0.1216319637934113,0.2210894633649002,,,0.3729778079842268,,1.497326203208556,0.9037433155080212,,0.1104177102829624,smk_can_187,6,46.851,eea1cc34fd9d82b0c6d7267dcc1cac30b2234f9f9020f48754a66d120f25f54e
rf_importance,k,k:32,,32,19993,logistic,none,576226726,0.6844919786096256,0.7497136311569301,0.2205621049267264,0.1596888242892538,0.2330703376128322,,,0.3572907399556826,,1.53475935828877,0.9037433155080212,,0.1528526720819487,smk_can_187,6,46.851,eea1cc34fd9d82b0c6d7267dcc1cac30b2234f9f9020f48754a66d120f25f54e
rf_importance,k,k:64,,64,19993,logistic,none,576226726,0.679144385026738,0.7502863688430699,0.2441871249761047,0.2035494740728221,0.2163335386542239,,,0.3291097853990595,,1.5828877005347597,0.9037433155080212,,0.2180189607680366,smk_can_187,6,46.851,eea1cc34fd9d82b0c6d7267dcc1cac30b2234f9f9020f48754a66d120f25f54e
rf_importance,k,k:128,,128,19993,logistic,none,576226726,0.6737967914438503,0.7453608247422681,0.2569092324836696,0.2245800580781117,0.2029088175409506,,,0.3269145212322993,,1.4919786096256684,0.9037433155080212,,0.2423052652125453,smk_can_187,6,46.851,eea1cc34fd9d82b0c6d7267dcc1cac30b2234f9f9020f48754a66d120f25f54e
rf_importance,k,k:256,,256,19993,logistic,none,576226726,0.732620320855615,0.7680412371134021,0.2307609358010413,0.190816267358323,0.1849723073119925,,,0.3536818198164084,,1.481283422459893,0.9037433155080212,,0.2200772796315576,smk_can_187,6,46.851,eea1cc34fd9d82b0c6d7267dcc1cac30b2234f9f9020f48754a66d120f25f54e
rf_importance,frac,frac:1,1.0,19993,19993,logistic,none,3483967094,0.7433155080213903,0.7964490263459336,0.2119391978621382,0.2067525840918041,0.1567907713940945,,,0.3696476668693025,,1.3850267379679144,0.9037433155080212,,0.1986202706230949,smk_can_187,7,49.788,eea1cc34fd9d82b0c6d7267dcc1cac30b2234f9f9020f48754a66d120f25f54e
rf_importance,k,k:1,,1,19993,logistic,none,3483967094,0.6096256684491979,0.6552691867124857,0.2370878612350205,0.0691059219420493,0.3224194397077747,,,0.3167493924545148,,1.6363636363636365,0.9037433155080212,,0.0850061254096053,smk_can_187,7,49.788,eea1cc34fd9d82b0c6d7267dcc1cac30b2234f9f9020f48754a66d120f25f54e
rf_importance,k,k:2,,2,19993,logistic,none,3483967094,0.6363636363636364,0.670217640320733,0.2357837950809599,0.0860602712836696,0.3210074350806315,,,0.3168430270744804,,1.679144385026738,0.9037433155080212,,0.103322839679616,smk_can_187,7,49.788,eea1cc34fd9d82b0c6d7267dcc1cac30b2234f9f9020f48754a66d120f25f54e
rf_importance,k,k:4,,4,19993,logistic,none,3483967094,0.6844919786096256,0.7207331042382589,0.2198460553179005,0.084139554446877,0.2713227239251927,,,0.3314096356135161,,1.6577540106951871,0.9037433155080212,,0.1063723413932744,smk_can_187,7,49.788,eea1cc34fd9d82b0c6d7267dcc1cac30b2234f9f9020f48754a66d120f25f54e
rf_importance,k,k:8,,8,19993,logistic,none,3483967094,0.6844919786096256,0.7484536082474227,0.2097174319298927,0.0837476884963459,0.2206439636582912,,,0.3439007543256229,,1.5454545454545454,0.9037433155080212,,0.091852806473104,smk_can_187,7,49.788,eea1cc34fd9d82b0c6d7267dcc1cac30b2234f9f9020f48754a66d120f25f54e
rf_importance,k,k:16,,16,19993,logistic,none,3483967094,0.7112299465240641,0.7671248568155785,0.2073785929384166,0.1377065924172587,0.1758555273707453,,,0.3455002076551864,,1.5401069518716577,0.9037433155080212,,0.1575431068735235,smk_can_187,7,49.788,eea1cc34fd9d82b0c6d7267dcc1cac30b2234f9f9020f48754a66d120f25f54e
rf_importance,k,k:32,,32,19993,logistic,none,3483967094,0.7112299465240641,0.8080183276059565,0.1934193256979721,0.138011627559839,0.1472509219263912,,,0.3649812535443379,,1.4331550802139037,0.9037433155080212,,0.1239275021449426,smk_can_187,7,49.788,eea1cc34fd9d82b0c6d7267dcc1cac30b2234f9f9020f48754a66d120f25f54e
rf_importance,k,k:64,,64,19993,logistic,none,3483967094,0.6256684491978609,0.7308132875143184,0.2754023886243157,0.2689770938193764,0.224905072093302,,,0.3048920600186909,,1.5454545454545454,0.9037433155080212,,0.2666005046028911,smk_can_187,7,49.788,eea1cc34fd9d82b0c6d7267dcc1cac30b2234f9f9020f48754a66d120f25f54e
rf_importance,k,k:128,,128,19993,logistic,none,3483967094,0.6524064171122995,0.7489117983963345,0.2721306181682325,0.2547019814461006,0.1899193084162146,,,0.2947978221974426,,1.5401069518716577,0.9037433155080212,,0.257702137335856,smk_can_187,7,49.788,eea1cc34fd9d82b0c6d7267dcc1cac30b2234f9f9020f48754a66d120f25f54e
rf_importance,k,k:256,,256,19993,logistic,none,3483967094,0.6844919786096256,0.7759450171821306,0.2309756788465519,0.1929125837563475,0.170010443498082,,,0.3352671272017473,,1.497326203208556,0.9037433155080212,,0.2132888102869437,smk_can_187,7,49.788,eea1cc34fd9d82b0c6d7267dcc1cac30b2234f9f9020f48754a66d120f25f54e
rf_importance,frac,frac:1,1.0,19993,19993,logistic,none,625701486,0.732620320855615,0.7864833906071019,0.2264168115625239,0.2219460987551875,0.1626834025499355,,,0.3488841880972742,,1.4866310160427807,0.9037433155080212,,0.2206525595867987,smk_can_187,8,49.755,eea1cc34fd9d82b0c6d7267dcc1cac30b2234f9f9020f48754a66d120f25f54e
rf_importance,k,k:1,,1,19993,logistic,none,625701486,0.6042780748663101,0.6394616265750286,0.2428335973666253,0.1038460128130647,0.375467757930026,,,0.31317842899157,,1.7379679144385027,0.9037433155080212,,0.1229442527892609,smk_can_187,8,49.755,eea1cc34fd9d82b0c6d7267dcc1cac30b2234f9f9020f48754a66d120f25f54e
rf_importance,k,k:2,,2,19993,logistic,none,625701486,0.6310160427807486,0.6666666666666666,0.2330624641071843,0.1097257994241503,0.3173823506562405,,,0.3228798755538383,,1.700534759358289,0.9037433155080212,,0.1225759633005256,smk_can_187,8,49.755,eea1cc34fd9d82b0c6d7267dcc1cac30b2234f9f9020f48754a66d120f25f54e
rf_importance,k,k:4,,4,19993,logistic,none,625701486,0.6577540106951871,0.6887743413516609,0.2297025003025371,0.1894303725870627,0.3013450266082604,,,0.3458769173355834,,1.6203208556149733,0.9037433155080212,,0.177684666104377,smk_can_187,8,49.755,eea1cc34fd9d82b0c6d7267dcc1cac30b2234f9f9020f48754a66d120f25f54e
rf_importance,k,k:8,,8,19993,logistic,none,625701486,0.6844919786096256,0.7075601374570446,0.2276237874605527,0.1361587538591278,0.2678365612448066,,,0.3441841293858452,,1.6363636363636365,0.9037433155080212,,0.1336578278656418,smk_can_187,8,49.755,eea1cc34fd9d82b0c6d7267dcc1cac30b2234f9f9020f48754a66d120f25f54e
rf_importance,k,k:16,,16,19993,logistic,none,625701486,0.6631016042780749,0.7321878579610539,0.2287613757353452,0.1830262161762263,0.2244369465603331,,,0.3433798238413037,,1.5401069518716577,0.9037433155080212,,0.1843909010712376,smk_can_187,8,49.755,eea1cc34fd9d82b0c6d7267dcc1cac30b2234f9f9020f48754a66d120f25f54e
rf_importance,k,k:32,,32,19993,logistic,none,625701486,0.6631016042780749,0.7241695303550973,0.2356872016725691,0.1728410638081431,0.2311230241609976,,,0.3354090675167651,,1.5294117647058822,0.9037433155080212,,0.1857365904503437,smk_can_187,8,49.755,eea1cc34fd9d82b0c6d7267dcc1cac30b2234f9f9020f48754a66d120f25f54e
rf_importance,k,k:64,,64,19993,logistic,none,625701486,0.6844919786096256,0.7399770904925543,0.250335116060766,0.2348306551660978,0.215048294309305,,,0.3149554166734849,,1.5401069518716577,0.9037433155080212,,0.2506209455223471,smk_can_187,8,49.755,eea1cc34fd9d82b0c6d7267dcc1cac30b2234f9f9020f48754a66d120f25f54e
rf_importance,k,k:128,,128,19993,logistic,none,625701486,0.6898395721925134,0.7453608247422681,0.2535896102353344,0.2285026032452499,0.2209834572863742,,,0.3172943140519969,,1.5935828877005347,0.9037433155080212,,0.2344917929314553,smk_can_187,8,49.755,eea1cc34fd9d82b0c6d7267dcc1cac30b2234f9f9020f48754a66d120f25f54e
rf_importance,k,k:256,,256,19993,logistic,none,625701486,0.7058823529411765,0.7764032073310424,0.225442448167822,0.1973467343375429,0.166283444910342,,,0.348784183891446,,1.502673796791444,0.9037433155080212,,0.1870007587839898,smk_can_187,8,49.755,eea1cc34fd9d82b0c6d7267dcc1cac30b2234f9f9020f48754a66d120f25f54e
rf_importance,frac,frac:1,1.0,19993,19993,logistic,none,2571484301,0.7540106951871658,0.8190148911798396,0.2077454997586642,0.1843127295806961,0.1427201444673474,,,0.3624680955466505,,1.3636363636363635,0.9037433155080212,,0.1844807451181576,smk_can_187,9,48.203,eea1cc34fd9d82b0c6d7267dcc1cac30b2234f9f9020f48754a66d120f25f54e
rf_importance,k,k:1,,1,19993,logistic,none,2571484301,0.5561497326203209,0.5511454753722795,0.2681018879460918,0.1341944557591754,0.4986323583298045,,,0.2961704733741302,,1.8021390374331552,0.9037433155080212,,0.1418318309198346,smk_can_187,9,48.203,eea1cc34fd9d82b0c6d7267dcc1cac30b2234f9f9020f48754a66d120f25f54e
rf_importance,k,k:2,,2,19993,logistic,none,2571484301,0.5294117647058824,0.5304696449026346,0.2719377218314583,0.1302965193481841,0.495564620067915,,,0.2942900018282418,,1.8021390374331552,0.9037433155080212,,0.1338690189933944,smk_can_187,9,48.203,eea1cc34fd9d82b0c6d7267dcc1cac30b2234f9f9020f48754a66d120f25f54e
rf_importance,k,k:4,,4,19993,logistic,none,2571484301,0.6042780748663101,0.6148911798396335,0.2538597094125152,0.1089344268143181,0.3996575521919354,,,0.3083983116583516,,1.7540106951871657,0.9037433155080212,,0.1364126916763467,smk_can_187,9,48.203,eea1cc34fd9d82b0c6d7267dcc1cac30b2234f9f9020f48754a66d120f25f54e
rf_importance,k,k:8,,8,19993,logistic,none,2571484301,0.6524064171122995,0.718098510882016,0.2218293714171045,0.117604246144632,0.2589719202651376,,,0.3441664229577553,,1.5561497326203209,0.9037433155080212,,0.1222248398074108,smk_can_187,9,48.203,eea1cc34fd9d82b0c6d7267dcc1cac30b2234f9f9020f48754a66d120f25f54e
rf_importance,k,k:16,,16,19993,logistic,none,2571484301,0.6951871657754011,0.7604810996563575,0.2083680267622864,0.1286616345610718,0.2003167447056905,,,0.3566415469262962,,1.5454545454545454,0.9037433155080212,,0.1293610333812056,smk_can_187,9,48.203,eea1cc34fd9d82b0c6d7267dcc1cac30b2234f9f9020f48754a66d120f25f54e
rf_importance,k,k:32,,32,19993,logistic,none,2571484301,0.6737967914438503,0.7394043528064147,0.2382444859800784,0.2066601660499193,0.2178634323258601,,,0.3406289640014441,,1.502673796791444,0.9037433155080212,,0.2148189644835412,smk_can_187,9,48.203,eea1cc34fd9d82b0c6d7267dcc1cac30b2234f9f9020f48754a66d120f25f54e
rf_importance,k,k:64,,64,19993,logistic,none,2571484301,0.679144385026738,0.73184421534937,0.2498178108272562,0.2242727899896793,0.2209643992196858,,,0.3337821431257634,,1.53475935828877,0.9037433155080212,,0.2304588698309092,smk_can_187,9,48.203,eea1cc34fd9d82b0c6d7267dcc1cac30b2234f9f9020f48754a66d120f25f54e
rf_importance,k,k:128,,128,19993,logistic,none,2571484301,0.6684491978609626,0.7369988545246278,0.2650481503563728,0.2465043125137006,0.2252608295731943,,,0.3197287519076702,,1.5668449197860963,0.9037433155080212,,0.2512977760528343,smk_can_187,9,48.203,eea1cc34fd9d82b0c6d7267dcc1cac30b2234f9f9020f48754a66d120f25f54e
rf_importance,k,k:256,,256,19993,logistic,none,2571484301,0.6844919786096256,0.7520045819014891,0.2620533330368935,0.2464327765770113,0.1984452561805866,,,0.3164236430220738,,1.4919786096256684,0.9037433155080212,,0.2562824655340037,smk_can_187,9,48.203,eea1cc34fd9d82b0c6d7267dcc1cac30b2234f9f9020f48754a66d120f25f54e
rf_importance,frac,frac:1,1.0,19993,19993,logistic,none,1078314422,0.6844919786096256,0.7741122565864834,0.2418146188347444,0.2250305838310836,0.1820264197655524,,,0.3437207750141986,,1.4491978609625669,0.9037433155080212,,0.2247934274848058,smk_can_187,10,51.624,eea1cc34fd9d82b0c6d7267dcc1cac30b2234f9f9020f48754a66d120f25f54e
rf_importance,k,k:1,,1,19993,logistic,none,1078314422,0.6256684491978609,0.663459335624284,0.238713140855005,0.1086725043584333,0.3399906285103114,,,0.3255408779840508,,1.6844919786096255,0.9037433155080212,,0.123893986230531,smk_can_187,10,51.624,eea1cc34fd9d82b0c6d7267dcc1cac30b2234f9f9020f48754a66d120f25f54e
rf_importance,k,k:2,,2,19993,logistic,none,1078314422,0.6256684491978609,0.6744558991981672,0.2295235698829436,0.1035781404786495,0.3008673064257013,,,0.3301120307146681,,1.6577540106951871,0.9037433155080212,,0.1320506499669018,smk_can_187,10,51.624,eea1cc34fd9d82b0c6d7267dcc1cac30b2234f9f9020f48754a66d120f25f54e
rf_importance,k,k:4,,4,19993,logistic,none,1078314422,0.6898395721925134,0.7183276059564719,0.2154385884108694,0.1063433524194524,0.2438980383997456,,,0.3476623403534946,,1.5989304812834224,0.9037433155080212,,0.1148232205072871,smk_can_187,10,51.624,eea1cc34fd9d82b0c6d7267dcc1cac30b2234f9f9020f48754a66d120f25f54e
rf_importance,k,k:8,,8,19993,logistic,none,1078314422,0.6898395721925134,0.745475372279496,0.2071573046221355,0.0793034315502155,0.2076598348911962,,,0.3566711272295256,,1.502673796791444,0.9037433155080212,,0.0937932100004397,smk_can_187,10,51.624,eea1cc34fd9d82b0c6d7267dcc1cac30b2234f9f9020f48754a66d120f25f54e
rf_importance,k,k:16,,16,19993,logistic,none,1078314422,0.6577540106951871,0.7474226804123711,0.2150797594162069,0.1205390205873442,0.2159430704574579,,,0.3446217477756981,,1.4759358288770053,0.9037433155080212,,0.1437232335730064,smk_can_187,10,51.624,eea1cc34fd9d82b0c6d7267dcc1cac30b2234f9f9020f48754a66d120f25f54e
rf_importance,k,k:32,,32,19993,logistic,none,1078314422,0.679144385026738,0.7420389461626575,0.225790894408368,0.1747162627372059,0.24224716294745,,,0.3527092097159189,,1.5240641711229947,0.9037433155080212,,0.1670439180081966,smk_can_187,10,51.624,eea1cc34fd9d82b0c6d7267dcc1cac30b2234f9f9020f48754a66d120f25f54e
rf_importance,k,k:64,,64,19993,logistic,none,1078314422,0.6684491978609626,0.7313860252004583,0.248241666979116,0.2342992134702997,0.2509589036965967,,,0.325230199956686,,1.572192513368984,0.9037433155080212,,0.2326727025694237,smk_can_187,10,51.624,eea1cc34fd9d82b0c6d7267dcc1cac30b2234f9f9020f48754a66d120f25f54e
rf_importance,k,k:128,,128,19993,logistic,none,1078314422,0.6684491978609626,0.715693012600229,0.2711924891842144,0.2647317640925315,0.2537059602920348,,,0.3007527155857653,,1.5828877005347597,0.9037433155080212,,0.2557672420487089,smk_can_187,10,51.624,eea1cc34fd9d82b0c6d7267dcc1cac30b2234f9f9020f48754a66d120f25f54e
rf_importance,k,k:256,,256,19993,logistic,none,1078314422,0.6737967914438503,0.7450171821305842,0.2532313640068467,0.2331512629953095,0.2075084716122611,,,0.3190068946616698,,1.53475935828877,0.9037433155080212,,0.2411911265267898,smk_can_187,10,51.624,eea1cc34fd9d82b0c6d7267dcc1cac30b2234f9f9020f48754a66d120f25f54e
rf_importance,frac,frac:1,1.0,19993,19993,logistic,none,3934909127,0.7219251336898396,0.7940435280641466,0.2140940544630834,0.1910039759138093,0.1557532297430602,,,0.3685895942786505,,1.427807486631016,0.9037433155080212,,0.1810384444334808,smk_can_187,11,49.391,eea1cc34fd9d82b0c6d7267dcc1cac30b2234f9f9020f48754a66d120f25f54e
rf_importance,k,k:1,,1,19993,logistic,none,3934909127,0.5347593582887701,0.5739977090492555,0.2525167586576798,0.1118871147344473,0.3740232417375587,,,0.3022229654387562,,1.7379679144385027,0.9037433155080212,,0.1316804513982664,smk_can_187,11,49.391,eea1cc34fd9d82b0c6d7267dcc1cac30b2234f9f9020f48754a66d120f25f54e
rf_importance,k,k:2,,2,19993,logistic,none,3934909127,0.5721925133689839,0.6172966781214204,0.2449852972357,0.0998916636176754,0.3478871748042597,,,0.3177499008279108,,1.7165775401069518,0.9037433155080212,,0.1184495087963283,smk_can_187,11,49.391,eea1cc34fd9d82b0c6d7267dcc1cac30b2234f9f9020f48754a66d120f25f54e
rf_importance,k,k:4,,4,19993,logistic,none,3934909127,0.6470588235294118,0.6974799541809852,0.2219310344104393,0.1064802711084736,0.2554798635786668,,,0.3461793217752405,,1.5775401069518715,0.9037433155080212,,0.1215123631709132,smk_can_187,11,49.391,eea1cc34fd9d82b0c6d7267dcc1cac30b2234f9f9020f48754a66d120f25f54e
rf_importance,k,k:8,,8,19993,logistic,none,3934909127,0.6737967914438503,0.7262313860252004,0.211421627396488,0.1427516083722793,0.2445579517589643,,,0.3621058738810382,,1.5294117647058822,0.9037433155080212,,0.134207571625898,smk_can_187,11,49.391,eea1cc34fd9d82b0c6d7267dcc1cac30b2234f9f9020f48754a66d120f25f54e
rf_importance,k,k:16,,16,19993,logistic,none,3934909127,0.7379679144385026,0.7697594501718212,0.1989338092970217,0.1322341547742646,0.2266382433152026,,,0.3654367384806089,,1.5508021390374331,0.9037433155080212,,0.11463675286682,smk_can_187,11,49.391,eea1cc34fd9d82b0c6d7267dcc1cac30b2234f9f9020f48754a66d120f25f54e
rf_importance,k,k:32,,32,19993,logistic,none,3934909127,0.7058823529411765,0.7573883161512027,0.2152699336053026,0.168658622792828,0.2346191824377335,,,0.3562915326068822,,1.5561497326203209,0.9037433155080212,,0.1734479994436245,smk_can_187,11,49.391,eea1cc34fd9d82b0c6d7267dcc1cac30b2234f9f9020f48754a66d120f25f54e
rf_importance,k,k:64,,64,19993,logistic,none,3934909127,0.7112299465240641,0.7694158075601374,0.222822333700101,0.1923204472704226,0.1920431991997225,,,0.3551077607121365,,1.4759358288770053,0.9037433155080212,,0.1948121590585553,smk_can_187,11,49.391,eea1cc34fd9d82b0c6d7267dcc1cac30b2234f9f9020f48754a66d120f25f54e
rf_importance,k,k:128,,128,19993,logistic,none,3934909127,0.6844919786096256,0.7312714776632302,0.2505702392613282,0.2319294458787345,0.2234988414281501,,,0.338159922096329,,1.5989304812834224,0.9037433155080212,,0.2360925423143079,smk_can_187,11,49.391,eea1cc34fd9d82b0c6d7267dcc1cac30b2234f9f9020f48754a66d120f25f54e
rf_importance,k,k:256,,256,19993,logistic,none,3934909127,0.7165775401069518,0.7670103092783506,0.2285662588519402,0.2099044162481242,0.2051233743767035,,,0.3553809061532751,,1.4866310160427807,0.9037433155080212,,0.1905894502561235,smk_can_187,11,49.391,eea1cc34fd9d82b0c6d7267dcc1cac30b2234f9f9020f48754a66d120f25f54e
rf_importance,frac,frac:1,1.0,19993,19993,logistic,none,3579148572,0.7112299465240641,0.7765177548682703,0.2308489403122181,0.2179643761267303,0.174958826606181,,,0.3418661878935707,,1.481283422459893,0.9037433155080212,,0.219919371990915,smk_can_187,12,49.247,eea1cc34fd9d82b0c6d7267dcc1cac30b2234f9f9020f48754a66d120f25f54e
rf_importance,k,k:1,,1,19993,logistic,none,3579148572,0.5614973262032086,0.6222222222222222,0.2405418895124081,0.0959589665141514,0.3436519278279031,,,0.3117968468117882,,1.695187165775401,0.9037433155080212,,0.0967249996828454,smk_can_187,12,49.247,eea1cc34fd9d82b0c6d7267dcc1cac30b2234f9f9020f48754a66d120f25f54e
rf_importance,k,k:2,,2,19993,logistic,none,3579148572,0.6524064171122995,0.6766323024054983,0.236862212203253,0.1250270053364272,0.2976171778477107,,,0.3189028769630541,,1.6363636363636365,0.9037433155080212,,0.1326042793555504,smk_can_187,12,49.247,eea1cc34fd9d82b0c6d7267dcc1cac30b2234f9f9020f48754a66d120f25f54e
rf_importance,k,k:4,,4,19993,logistic,none,3579148572,0.6844919786096256,0.7230240549828179,0.2207129343910218,0.121423828821909,0.2391147562080621,,,0.3406861058801239,,1.5828877005347597,0.9037433155080212,,0.1300682313530165,smk_can_187,12,49.247,eea1cc34fd9d82b0c6d7267dcc1cac30b2234f9f9020f48754a66d120f25f54e
rf_importance,k,k:8,,8,19993,logistic,none,3579148572,0.679144385026738,0.7394043528064146,0.2159173409109228,0.128434414347704,0.2266989882088591,,,0.3517399862611226,,1.5668449197860963,0.9037433155080212,,0.1251456140847609,smk_can_187,12,49.247,eea1cc34fd9d82b0c6d7267dcc1cac30b2234f9f9020f48754a66d120f25f54e
rf_importance,k,k:16,,16,19993,logistic,none,3579148572,0.7058823529411765,0.7604810996563574,0.2056379022534433,0.1237248460866299,0.2195697478661486,,,0.3626698224325761,,1.5508021390374331,0.9037433155080212,,0.1324536514179128,smk_can_187,12,49.247,eea1cc34fd9d82b0c6d7267dcc1cac30b2234f9f9020f48754a66d120f25f54e
rf_importance,k,k:32,,32,19993,logistic,none,3579148572,0.6951871657754011,0.7540664375715922,0.2149218108196089,0.1743472195175915,0.2176495742843472,,,0.3625239941717425,,1.5240641711229947,0.9037433155080212,,0.1715442163078742,smk_can_187,12,49.247,eea1cc34fd9d82b0c6d7267dcc1cac30b2234f9f9020f48754a66d120f25f54e
rf_importance,k,k:64,,64,19993,logistic,none,3579148572,0.6737967914438503,0.708820160366552,0.262147900801543,0.2114713858194561,0.2703245559608673,,,0.3113295053018889,,1.6310160427807487,0.9037433155080212,,0.2463260931118324,smk_can_187,12,49.247,eea1cc34fd9d82b0c6d7267dcc1cac30b2234f9f9020f48754a66d120f25f54e
rf_importance,k,k:128,,128,19993,logistic,none,3579148572,0.679144385026738,0.7365406643757159,0.2653525871410679,0.2467812342958754,0.2112932317175611,,,0.3152026585875539,,1.5454545454545454,0.9037433155080212,,0.258347799984647,smk_can_187,12,49.247,eea1cc34fd9d82b0c6d7267dcc1cac30b2234f9f9020f48754a66d120f25f54e
rf_importance,k,k:256,,256,19993,logistic,none,3579148572,0.6951871657754011,0.7621993127147766,0.2440009606211773,0.2118839353742053,0.1905125738287212,,,0.3324589680009233,,1.4919786096256684,0.9037433155080212,,0.2221381938989969,smk_can_187,12,49.247,eea1cc34fd9d82b0c6d7267dcc1cac30b2234f9f9020f48754a66d120f25f54e
rf_importance,frac,frac:1,1.0,19993,19993,logistic,none,3753233179,0.7219251336898396,0.795647193585338,0.2186732597168348,0.1940938511828116,0.1650888343345439,,,0.362083923726423,,1.390374331550802,0.9037433155080212,,0.1903005558233499,smk_can_187,13,43.129,eea1cc34fd9d82b0c6d7267dcc1cac30b2234f9f9020f48754a66d120f25f54e
rf_importance,k,k:1,,1,19993,logistic,none,3753233179,0.5561497326203209,0.6087056128293241,0.2418805713544541,0.0450428555333942,0.3529001885436299,,,0.318430817199638,,1.7219251336898396,0.9037433155080212,,0.0604485512490919,smk_can_187,13,43.129,eea1cc34fd9d82b0c6d7267dcc1cac30b2234f9f9020f48754a66d120f25f54e
rf_importance,k,k:2,,2,19993,logistic,none,3753233179,0.5989304812834224,0.6516609392898053,0.2349111108393537,0.1173520941689168,0.3165573640124052,,,0.3303629977634779,,1.6470588235294117,0.9037433155080212,,0.1191067947662167,smk_can_187,13,43.129,eea1cc34fd9d82b0c6d7267dcc1cac30b2234f9f9020f48754a66d120f25f54e
rf_importance,k,k:4,,4,19993,logistic,none,3753233179,0.6470588235294118,0.6621993127147766,0.2376836597938564,0.1256353411427917,0.3090988478550943,,,0.3330977821942779,,1.641711229946524,0.9037433155080212,,0.1281339598428155,smk_can_187,13,43.129,eea1cc34fd9d82b0c6d7267dcc1cac30b2234f9f9020f48754a66d120f25f54e
rf_importance,k,k:8,,8,19993,logistic,none,3753233179,0.7165775401069518,0.7337915234822452,0.2100018994904308,0.1279167397507926,0.23488564278559,,,0.3669158342023241,,1.5614973262032086,0.9037433155080212,,0.1009572451222178,smk_can_187,13,43.129,eea1cc34fd9d82b0c6d7267dcc1cac30b2234f9f9020f48754a66d120f25f54e
rf_importance,k,k:16,,16,19993,logistic,none,3753233179,0.6898395721925134,0.7491408934707904,0.2082871673384268,0.1294112308465995,0.2237904197782376,,,0.3648957215651322,,1.5561497326203209,0.9037433155080212,,0.1286043621925675,smk_can_187,13,43.129,eea1cc34fd9d82b0c6d7267dcc1cac30b2234f9f9020f48754a66d120f25f54e
rf_importance,k,k:32,,32,19993,logistic,none,3753233179,0.6737967914438503,0.7166093928980528,0.2479408195881513,0.2023115124962374,0.2546654688203087,,,0.3239635492143636,,1.641711229946524,0.9037433155080212,,0.2054459490388142,smk_can_187,13,43.129,eea1cc34fd9d82b0c6d7267dcc1cac30b2234f9f9020f48754a66d120f25f54e
rf_importance,k,k:64,,64,19993,logistic,none,3753233179,0.6737967914438503,0.7285223367697594,0.2498304828357971,0.2042034095979172,0.2299535257212137,,,0.3223094839870753,,1.5828877005347597,0.9037433155080212,,0.2280787391885995,smk_can_187,13,43.129,eea1cc34fd9d82b0c6d7267dcc1cac30b2234f9f9020f48754a66d120f25f54e
rf_importance,k,k:128,,128,19993,logistic,none,3753233179,0.732620320855615,0.790950744558992,0.2158500310586756,0.1741140157202087,0.1734914372803898,,,0.3562400915733066,,1.4759358288770053,0.9037433155080212,,0.1830905414578964,smk_can_187,13,43.129,eea1cc34fd9d82b0c6d7267dcc1cac30b2234f9f9020f48754a66d120f25f54e
rf_importance,k,k:256,,256,19993,logistic,none,3753233179,0.7005347593582888,0.7789232531500573,0.2213151538555534,0.1853502371295227,0.1869036146600103,,,0.3451856522130563,,1.46524064171123,0.9037433155080212,,0.1972613221199729,smk_can_187,13,43.129,eea1cc34fd9d82b0c6d7267dcc1cac30b2234f9f9020f48754a66d120f25f54e
rf_importance,frac,frac:1,1.0,19993,19993,logistic,none,822446476,0.7379679144385026,0.7720504009163803,0.2253546456353586,0.2020154734869533,0.1954156475628701,,,0.3570099713781686,,1.4919786096256684,0.9037433155080212,,0.2139053608549432,smk_can_187,14,48.606,eea1cc34fd9d82b0c6d7267dcc1cac30b2234f9f9020f48754a66d120f25f54e
rf_importance,k,k:1,,1,19993,logistic,none,822446476,0.5508021390374331,0.559049255441008,0.2685846700506619,0.1103783240078764,0.4739290318752722,,,0.3023960157697832,,1.807486631016043,0.9037433155080212,,0.1396408967751029,smk_can_187,14,48.606,eea1cc34fd9d82b0c6d7267dcc1cac30b2234f9f9020f48754a66d120f25f54e
rf_importance,k,k:2,,2,19993,logistic,none,822446476,0.5935828877005348,0.6112256586483391,0.2572316911748509,0.1128971973731169,0.3942483208572233,,,0.3180952906648152,,1.7540106951871657,0.9037433155080212,,0.1320908796816066,smk_can_187,14,48.606,eea1cc34fd9d82b0c6d7267dcc1cac30b2234f9f9020f48754a66d120f25f54e
rf_importance,k,k:4,,4,19993,logistic,none,822446476,0.6577540106951871,0.702176403207331,0.2265782225781255,0.15075490511046,0.3009590358773478,,,0.3569490204825246,,1.6684491978609626,0.9037433155080212,,0.1481693609600529,smk_can_187,14,48.606,eea1cc34fd9d82b0c6d7267dcc1cac30b2234f9f9020f48754a66d120f25f54e
rf_importance,k,k:8,,8,19993,logistic,none,822446476,0.7165775401069518,0.7403207331042383,0.2069908700754778,0.1204410787872213,0.2614568997973706,,,0.3734896703286771,,1.5614973262032086,0.9037433155080212,,0.1032933442658269,smk_can_187,14,48.606,eea1cc34fd9d82b0c6d7267dcc1cac30b2234f9f9020f48754a66d120f25f54e
rf_importance,k,k:16,,16,19993,logistic,none,822446476,0.7272727272727273,0.7668957617411225,0.1954286406882794,0.1087163574902871,0.2254946253273582,,,0.3771483616552564,,1.5240641711229947,0.9037433155080212,,0.1151371836927851,smk_can_187,14,48.606,eea1cc34fd9d82b0c6d7267dcc1cac30b2234f9f9020f48754a66d120f25f54e
rf_importance,k,k:32,,32,19993,logistic,none,822446476,0.6844919786096256,0.7579610538373425,0.2111179098440651,0.1381037827749501,0.2178749717913305,,,0.3640774235342087,,1.53475935828877,0.9037433155080212,,0.142419936348378,smk_can_187,14,48.606,eea1cc34fd9d82b0c6d7267dcc1cac30b2234f9f9020f48754a66d120f25f54e
rf_importance,k,k:64,,64,19993,logistic,none,822446476,0.6577540106951871,0.7360824742268042,0.2535875023593866,0.238316662067862,0.2425857758293375,,,0.3180085618734756,,1.5935828877005347,0.9037433155080212,,0.2238684559103877,smk_can_187,14,48.606,eea1cc34fd9d82b0c6d7267dcc1cac30b2234f9f9020f48754a66d120f25f54e
rf_importance,k,k:128,,128,19993,logistic,none,822446476,0.6363636363636364,0.7282932416953035,0.2720986519756714,0.2505467766301472,0.2441080204059104,,,0.2965172001406858,,1.5989304812834224,0.9037433155080212,,0.2602835017087315,smk_can_187,14,48.606,eea1cc34fd9d82b0c6d7267dcc1cac30b2234f9f9020f48754a66d120f25f54e
rf_importance,k,k:256,,256,19993,logistic,none,822446476,0.6898395721925134,0.7451317296678122,0.2527879842927354,0.227713942000424,0.226487535264864,,,0.3272225158764761,,1.5989304812834224,0.9037433155080212,,0.2359012453685684,smk_can_187,14,48.606,eea1cc34fd9d82b0c6d7267dcc1cac30b2234f9f9020f48754a66d120f25f54e
rf_importance,frac,frac:1,1.0,19993,19993,logistic,none,3093121880,0.7219251336898396,0.765864833906071,0.2368406615272683,0.2071328540613086,0.19494651423291,,,0.3414328894549799,,1.497326203208556,0.9037433155080212,,0.2332082135945183,smk_can_187,15,44.19,eea1cc34fd9d82b0c6d7267dcc1cac30b2234f9f9020f48754a66d120f25f54e
rf_importance,k,k:1,,1,19993,logistic,none,3093121880,0.6149732620320856,0.6436426116838488,0.2372328824506442,0.0903868249120851,0.3277554141693954,,,0.3146367016960003,,1.6684491978609626,0.9037433155080212,,0.088625112990736,smk_can_187,15,44.19,eea1cc34fd9d82b0c6d7267dcc1cac30b2234f9f9020f48754a66d120f25f54e
rf_importance,k,k:2,,2,19993,logistic,none,3093121880,0.6363636363636364,0.670217640320733,0.2326800727582485,0.1122992131419425,0.3082836762732682,,,0.3276751307504847,,1.6684491978609626,0.9037433155080212,,0.1160890657761476,smk_can_187,15,44.19,eea1cc34fd9d82b0c6d7267dcc1cac30b2234f9f9020f48754a66d120f25f54e
rf_importance,k,k:4,,4,19993,logistic,none,3093121880,0.6363636363636364,0.6832760595647193,0.2324025023779075,0.1169943819919171,0.2752639299027408,,,0.3212883146055778,,1.6149732620320856,0.9037433155080212,,0.1300327751337347,smk_can_187,15,44.19,eea1cc34fd9d82b0c6d7267dcc1cac30b2234f9f9020f48754a66d120f25f54e
rf_importance,k,k:8,,8,19993,logistic,none,3093121880,0.6631016042780749,0.7278350515463918,0.2187969147157445,0.1341236120431608,0.2432744703954011,,,0.3396547597849912,,1.625668449197861,0.9037433155080212,,0.140377250552612,smk_can_187,15,44.19,eea1cc34fd9d82b0c6d7267dcc1cac30b2234f9f9020f48754a66d120f25f54e
rf_importance,k,k:16,,16,19993,logistic,none,3093121880,0.679144385026738,0.7190148911798396,0.2332334969121787,0.152155338005485,0.2578307307143902,,,0.3298983385045297,,1.5561497326203209,0.9037433155080212,,0.1701892900038791,smk_can_187,15,44.19,eea1cc34fd9d82b0c6d7267dcc1cac30b2234f9f9020f48754a66d120f25f54e
rf_importance,k,k:32,,32,19993,logistic,none,3093121880,0.7165775401069518,0.7619702176403207,0.213086875023185,0.1580081873099576,0.2461222475398681,,,0.3492285021524484,,1.5989304812834224,0.9037433155080212,,0.1665668605035804,smk_can_187,15,44.19,eea1cc34fd9d82b0c6d7267dcc1cac30b2234f9f9020f48754a66d120f25f54e
rf_importance,k,k:64,,64,19993,logistic,none,3093121880,0.7112299465240641,0.7367697594501719,0.2405665038508447,0.2032526667376746,0.262364241620862,,,0.3342468108647288,,1.5989304812834224,0.9037433155080212,,0.2078761709743013,smk_can_187,15,44.19,eea1cc34fd9d82b0c6d7267dcc1cac30b2234f9f9020f48754a66d120f25f54e
rf_importance,k,k:128,,128,19993,logistic,none,3093121880,0.6524064171122995,0.6993127147766323,0.2722257799390654,0.2452519520726137,0.3063353897440969,,,0.3070837378383809,,1.6203208556149733,0.9037433155080212,,0.2641476177258584,smk_can_187,15,44.19,eea1cc34fd9d82b0c6d7267dcc1cac30b2234f9f9020f48754a66d120f25f54e
rf_importance,k,k:256,,256,19993,logistic,none,3093121880,0.6737967914438503,0.7139747995418099,0.2587328694211401,0.224694654736176,0.2462579582135499,,,0.333429854148679,,1.6203208556149733,0.9037433155080212,,0.239704777889535,smk_can_187,15,44.19,eea1cc34fd9d82b0c6d7267dcc1cac30b2234f9f9020f48754a66d120f25f54e
rf_importance,frac,frac:1,1.0,19993,19993,logistic,none,1604186378,0.7272727272727273,0.7833906071019474,0.2290638704767521,0.206938009488162,0.1738512126319995,,,0.3583323504123129,,1.4598930481283423,0.9037433155080212,,0.2167589100261551,smk_can_187,16,42.025,eea1cc34fd9d82b0c6d7267dcc1cac30b2234f9f9020f48754a66d120f25f54e
rf_importance,k,k:1,,1,19993,logistic,none,1604186378,0.5187165775401069,0.5685567010309278,0.2557409728749288,0.103246659287573,0.4079231167749066,,,0.3073725462929026,,1.7540106951871657,0.9037433155080212,,0.1037133246052006,smk_can_187,16,42.025,eea1cc34fd9d82b0c6d7267dcc1cac30b2234f9f9020f48754a66d120f25f54e
rf_importance,k,k:2,,2,19993,logistic,none,1604186378,0.6470588235294118,0.6679266895761742,0.231759196862772,0.1083691197995666,0.3092872052957375,,,0.334122244607133,,1.700534759358289,0.9037433155080212,,0.1247235544397638,smk_can_187,16,42.025,eea1cc34fd9d82b0c6d7267dcc1cac30b2234f9f9020f48754a66d120f25f54e
rf_importance,k,k:4,,4,19993,logistic,none,1604186378,0.7112299465240641,0.7255441008018327,0.2112392521064193,0.1289280688423315,0.2703345785429468,,,0.3647120514973437,,1.6898395721925137,0.9037433155080212,,0.1398068381245072,smk_can_187,16,42.025,eea1cc34fd9d82b0c6d7267dcc1cac30b2234f9f9020f48754a66d120f25f54e
rf_importance,k,k:8,,8,19993,logistic,none,1604186378,0.6737967914438503,0.7215349369988545,0.2166877008620412,0.1165475122622801,0.265994385055237,,,0.3514527801096127,,1.6470588235294117,0.9037433155080212,,0.1259791668414574,smk_can_187,16,42.025,eea1cc34fd9d82b0c6d7267dcc1cac30b2234f9f9020f48754a66d120f25f54e
rf_importance,k,k:16,,16,19993,logistic,none,1604186378,0.7058823529411765,0.7381443298969073,0.2131437868894503,0.1258185666679728,0.2313036296692005,,,0.3547375470276825,,1.53475935828877,0.9037433155080212,,0.1313160699996445,smk_can_187,16,42.025,eea1cc34fd9d82b0c6d7267dcc1cac30b2234f9f9020f48754a66d120f25f54e
rf_importance,k,k:32,,32,19993,logistic,none,1604186378,0.6631016042780749,0.7321878579610538,0.2277576109254235,0.1553304570421315,0.2234515106372457,,,0.3453765206060667,,1.572192513368984,0.9037433155080212,,0.1568135986104666,smk_can_187,16,42.025,eea1cc34fd9d82b0c6d7267dcc1cac30b2234f9f9020f48754a66d120f25f54e
rf_importance,k,k:64,,64,19993,logistic,none,1604186378,0.6844919786096256,0.7449026345933563,0.2419827262004022,0.2094026108406616,0.2084226316844156,,,0.3424737239481828,,1.5614973262032086,0.9037433155080212,,0.2024129340511128,smk_can_187,16,42.025,eea1cc34fd9d82b0c6d7267dcc1cac30b2234f9f9020f48754a66d120f25f54e
rf_importance,k,k:128,,128,19993,logistic,none,1604186378,0.6951871657754011,0.7399770904925544,0.2558687460478154,0.2411976673570231,0.2104195664528935,,,0.3289832043562203,,1.609625668449198,0.9037433155080212,,0.2482861214453416,smk_can_187,16,42.025,eea1cc34fd9d82b0c6d7267dcc1cac30b2234f9f9020f48754a66d120f25f54e
rf_importance,k,k:256,,256,19993,logistic,none,1604186378,0.6898395721925134,0.7430698739977091,0.2470892716031013,0.2299271487708694,0.2068939730761515,,,0.3376160173868577,,1.5508021390374331,0.9037433155080212,,0.2369943034371751,smk_can_187,16,42.025,eea1cc34fd9d82b0c6d7267dcc1cac30b2234f9f9020f48754a66d120f25f54e
rf_importance,frac,frac:1,1.0,19993,19993,logistic,none,1498419555,0.7379679144385026,0.7844215349369988,0.218603074717382,0.1901088315158568,0.1735482457359412,,,0.3638838340061089,,1.4759358288770053,0.9037433155080212,,0.2050475171531484,smk_can_187,17,48.243,eea1cc34fd9d82b0c6d7267dcc1cac30b2234f9f9020f48754a66d120f25f54e
rf_importance,k,k:1,,1,19993,logistic,none,1498419555,0.6417112299465241,0.6684994272623138,0.2302759230082721,0.0749598283900354,0.3113613830455573,,,0.3326320119363893,,1.695187165775401,0.9037433155080212,,0.0983928147997615,smk_can_187,17,48.243,eea1cc34fd9d82b0c6d7267dcc1cac30b2234f9f9020f48754a66d120f25f54e
rf_importance,k,k:2,,2,19993,logistic,none,1498419555,0.6684491978609626,0.6876288659793814,0.2237437156948374,0.0971319826038899,0.2757695497904312,,,0.3407418208896539,,1.6577540106951871,0.9037433155080212,,0.1061757172135417,smk_can_187,17,48.243,eea1cc34fd9d82b0c6d7267dcc1cac30b2234f9f9020f48754a66d120f25f54e
rf_importance,k,k:4,,4,19993,logistic,none,1498419555,0.6363636363636364,0.6871706758304696,0.2263226356413448,0.1181653142440705,0.2938801697412826,,,0.3475174198864819,,1.588235294117647,0.9037433155080212,,0.1300903623605193,smk_can_187,17,48.243,eea1cc34fd9d82b0c6d7267dcc1cac30b2234f9f9020f48754a66d120f25f54e
rf_importance,k,k:8,,8,19993,logistic,none,1498419555,0.6951871657754011,0.7135166093928981,0.2176959068368948,0.1289243272386275,0.256314697541572,,,0.3548451791459771,,1.5989304812834224,0.9037433155080212,,0.1311341101414549,smk_can_187,17,48.243,eea1cc34fd9d82b0c6d7267dcc1cac30b2234f9f9020f48754a66d120f25f54e
rf_importance,k,k:16,,16,19993,logistic,none,1498419555,0.6844919786096256,0.7223367697594502,0.2218107980570269,0.1311309649271741,0.2371197246381471,,,0.3492224474224936,,1.5401069518716577,0.9037433155080212,,0.1398027174141858,smk_can_187,17,48.243,eea1cc34fd9d82b0c6d7267dcc1cac30b2234f9f9020f48754a66d120f25f54e
rf_importance,k,k:32,,32,19993,logistic,none,1498419555,0.6684491978609626,0.7300114547537228,0.2299627121450796,0.1718708784456457,0.2360373418815502,,,0.3495743507412062,,1.5668449197860963,0.9037433155080212,,0.1628232339744353,smk_can_187,17,48.243,eea1cc34fd9d82b0c6d7267dcc1cac30b2234f9f9020f48754a66d120f25f54e
rf_importance,k,k:64,,64,19993,logistic,none,1498419555,0.6684491978609626,0.6898052691867125,0.2694917186945401,0.2312943779337193,0.3026178343037722,,,0.3129361380721186,,1.6898395721925137,0.9037433155080212,,0.2418341079146785,smk_can_187,17,48.243,eea1cc34fd9d82b0c6d7267dcc1cac30b2234f9f9020f48754a66d120f25f54e
rf_importance,k,k:128,,128,19993,logistic,none,1498419555,0.6684491978609626,0.7214203894616266,0.26214145020643,0.2199568845990697,0.2352478675481504,,,0.3253208638946496,,1.5668449197860963,0.9037433155080212,,0.232656588440178,smk_can_187,17,48.243,eea1cc34fd9d82b0c6d7267dcc1cac30b2234f9f9020f48754a66d120f25f54e
rf_importance,k,k:256,,256,19993,logistic,none,1498419555,0.7272727272727273,0.7588774341351661,0.2326787977850342,0.2099093979588356,0.1981179728902708,,,0.3519785884057843,,1.5454545454545454,0.9037433155080212,,0.2116226503538874,smk_can_187,17,48.243,eea1cc34fd9d82b0c6d7267dcc1cac30b2234f9f9020f48754a66d120f25f54e
rf_importance,frac,frac:1,1.0,19993,19993,logistic,none,2859892084,0.7165775401069518,0.7815578465063001,0.2314270910332665,0.2186175603832575,0.177312219216726,,,0.3448163583989869,,1.497326203208556,0.9037433155080212,,0.2120731305092146,smk_can_187,18,41.893,eea1cc34fd9d82b0c6d7267dcc1cac30b2234f9f9020f48754a66d120f25f54e
rf_importance,k,k:1,,1,19993,logistic,none,2859892084,0.6363636363636364,0.6368843069873998,0.2430038101762414,0.0686838446460926,0.3657788571792997,,,0.3145382977094005,,1.7647058823529411,0.9037433155080212,,0.084454744559559,smk_can_187,18,41.893,eea1cc34fd9d82b0c6d7267dcc1cac30b2234f9f9020f48754a66d120f25f54e
rf_importance,k,k:2,,2,19993,logistic,none,2859892084,0.6042780748663101,0.6256586483390607,0.247173478839431,0.106805868025317,0.3627804850438513,,,0.3144292644134843,,1.7165775401069518,0.9037433155080212,,0.1254111170804437,smk_can_187,18,41.893,eea1cc34fd9d82b0c6d7267dcc1cac30b2234f9f9020f48754a66d120f25f54e
rf_importance,k,k:4,,4,19993,logistic,none,2859892084,0.6256684491978609,0.6735395189003436,0.233744102754306,0.1189673574402773,0.26488202343164,,,0.3243670396952431,,1.6684491978609626,0.9037433155080212,,0.1567129696075829,smk_can_187,18,41.893,eea1cc34fd9d82b0c6d7267dcc1cac30b2234f9f9020f48754a66d120f25f54e
rf_importance,k,k:8,,8,19993,logistic,none,2859892084,0.6577540106951871,0.709163802978236,0.2280145092551222,0.134635273908897,0.240489057885273,,,0.3423745999838115,,1.6203208556149733,0.9037433155080212,,0.1424363999541382,smk_can_187,18,41.893,eea1cc34fd9d82b0c6d7267dcc1cac30b2234f9f9020f48754a66d120f25f54e
rf_importance,k,k:16,,16,19993,logistic,none,2859892084,0.6363636363636364,0.7120274914089347,0.2324592997415288,0.1524774916911636,0.2516764422135304,,,0.3353010628405118,,1.60427807486631,0.9037433155080212,,0.1787782243435134,smk_can_187,18,41.893,eea1cc34fd9d82b0c6d7267dcc1cac30b2234f9f9020f48754a66d120f25f54e
rf_importance,k,k:32,,32,19993,logistic,none,2859892084,0.679144385026738,0.7413516609392897,0.222384134482842,0.1400533442161835,0.2302956035491718,,,0.3502762763355209,,1.5294117647058822,0.9037433155080212,,0.1533554158433684,smk_can_187,18,41.893,eea1cc34fd9d82b0c6d7267dcc1cac30b2234f9f9020f48754a66d120f25f54e
rf_importance,k,k:64,,64,19993,logistic,none,2859892084,0.6363636363636364,0.7371134020618557,0.2542622208383284,0.2257527875388858,0.2264232265357525,,,0.3174276836877509,,1.5294117647058822,0.9037433155080212,,0.2214017478966461,smk_can_187,18,41.893,eea1cc34fd9d82b0c6d7267dcc1cac30b2234f9f9020f48754a66d120f25f54e
rf_importance,k,k:128,,128,19993,logistic,none,2859892084,0.6470588235294118,0.7442153493699885,0.2622596297530377,0.2477115945017282,0.2037340298535062,,,0.3208858809993857,,1.518716577540107,0.9037433155080212,,0.238419670369396,smk_can_187,18,41.893,eea1cc34fd9d82b0c6d7267dcc1cac30b2234f9f9020f48754a66d120f25f54e
rf_importance,k,k:256,,256,19993,logistic,none,2859892084,0.7005347593582888,0.7624284077892325,0.2403102550972526,0.2222346389021833,0.1945700215412057,,,0.3338097733077881,,1.5080213903743316,0.9037433155080212,,0.2124203671637979,smk_can_187,18,41.893,eea1cc34fd9d82b0c6d7267dcc1cac30b2234f9f9020f48754a66d120f25f54e
rf_importance,frac,frac:1,1.0,19993,19993,logistic,none,115254495,0.7112299465240641,0.7765177548682702,0.2392648318002737,0.2121266822344522,0.1720777262980323,,,0.3487350224233643,,1.4705882352941178,0.9037433155080212,,0.2338345115436119,smk_can_187,19,43.307,eea1cc34fd9d82b0c6d7267dcc1cac30b2234f9f9020f48754a66d120f25f54e
rf_importance,k,k:1,,1,19993,logistic,none,115254495,0.5401069518716578,0.5541809851088201,0.2581177484044335,0.1103630388560492,0.4376315201661357,,,0.3102833913212658,,1.7593582887700534,0.9037433155080212,,0.1144202526251882,smk_can_187,19,43.307,eea1cc34fd9d82b0c6d7267dcc1cac30b2234f9f9020f48754a66d120f25f54e
rf_importance,k,k:2,,2,19993,logistic,none,115254495,0.6256684491978609,0.6104238258877435,0.2482270098248902,0.1668792339534739,0.3756336043882939,,,0.3359935207514015,,1.7540106951871657,0.9037433155080212,,0.1705276740023235,smk_can_187,19,43.307,eea1cc34fd9d82b0c6d7267dcc1cac30b2234f9f9020f48754a66d120f25f54e
rf_importance,k,k:4,,4,19993,logistic,none,115254495,0.6417112299465241,0.6714776632302405,0.2350539896760055,0.1224796850274746,0.2975449238463606,,,0.3378619542870154,,1.7058823529411764,0.9037433155080212,,0.1199204788835854,smk_can_187,19,43.307,eea1cc34fd9d82b0c6d7267dcc1cac30b2234f9f9020f48754a66d120f25f54e
rf_importance,k,k:8,,8,19993,logistic,none,115254495,0.6310160427807486,0.6780068728522336,0.236243333873674,0.1639224594331303,0.283155660162701,,,0.34745287524039,,1.5935828877005347,0.9037433155080212,,0.1474605150735824,smk_can_187,19,43.307,eea1cc34fd9d82b0c6d7267dcc1cac30b2234f9f9020f48754a66d120f25f54e
rf_importance,k,k:16,,16,19993,logistic,none,115254495,0.6470588235294118,0.68659793814433,0.2468593513404322,0.1943198383177945,0.2810399256436327,,,0.3405660528748286,,1.5935828877005347,0.9037433155080212,,0.1988546454918376,smk_can_187,19,43.307,eea1cc34fd9d82b0c6d7267dcc1cac30b2234f9f9020f48754a66d120f25f54e
rf_importance,k,k:32,,32,19993,logistic,none,115254495,0.6631016042780749,0.6847651775486827,0.2625335422808649,0.2175468480007786,0.2813722411978416,,,0.3213622271090774,,1.695187165775401,0.9037433155080212,,0.2336020951822975,smk_can_187,19,43.307,eea1cc34fd9d82b0c6d7267dcc1cac30b2234f9f9020f48754a66d120f25f54e
rf_importance,k,k:64,,64,19993,logistic,none,115254495,0.6363636363636364,0.6893470790378007,0.2864100018587523,0.2820874093518605,0.2660873448770593,,,0.3047328601201949,,1.6203208556149733,0.9037433155080212,,0.2842925246133673,smk_can_187,19,43.307,eea1cc34fd9d82b0c6d7267dcc1cac30b2234f9f9020f48754a66d120f25f54e
rf_importance,k,k:128,,128,19993,logistic,none,115254495,0.6737967914438503,0.7218785796105384,0.2712291020630418,0.2485799327196859,0.2377547271311015,,,0.3193373219191034,,1.572192513368984,0.9037433155080212,,0.2749242793097342,smk_can_187,19,43.307,eea1cc34fd9d82b0c6d7267dcc1cac30b2234f9f9020f48754a66d120f25f54e
rf_importance,k,k:256,,256,19993,logistic,none,115254495,0.6844919786096256,0.7539518900343642,0.2457585699315618,0.2287565213948854,0.1917383343799833,,,0.3370483817051374,,1.5775401069518715,0.9037433155080212,,0.2212640944587003,smk_can_187,19,43.307,eea1cc34fd9d82b0c6d7267dcc1cac30b2234f9f9020f48754a66d120f25f54e
rf_importance,frac,frac:1,1.0,19993,19993,logistic,none,1271122331,0.732620320855615,0.7891179839633448,0.221148827595846,0.1995504114621547,0.1590639975588411,,,0.3660047510248402,,1.4866310160427807,0.9037433155080212,,0.2101489188322508,smk_can_187,20,36.91,eea1cc34fd9d82b0c6d7267dcc1cac30b2234f9f9020f48754a66d120f25f54e
rf_importance,k,k:1,,1,19993,logistic,none,1271122331,0.5775401069518716,0.6140893470790377,0.2500144660210127,0.1114548677966764,0.3681274379423689,,,0.3058116346304769,,1.695187165775401,0.9037433155080212,,0.1367303113544321,smk_can_187,20,36.91,eea1cc34fd9d82b0c6d7267dcc1cac30b2234f9f9020f48754a66d120f25f54e
rf_importance,k,k:2,,2,19993,logistic,none,1271122331,0.5882352941176471,0.6547537227949599,0.2408074800027552,0.1072526669901703,0.3129637096602403,,,0.3242694224667991,,1.6149732620320856,0.9037433155080212,,0.1292460052631688,smk_can_187,20,36.91,eea1cc34fd9d82b0c6d7267dcc1cac30b2234f9f9020f48754a66d120f25f54e
rf_importance,k,k:4,,4,19993,logistic,none,1271122331,0.6737967914438503,0.7155784650630012,0.2174662160493779,0.1201847441429563,0.247086010216351,,,0.3437990462799259,,1.6149732620320856,0.9037433155080212,,0.1277155079477439,smk_can_187,20,36.91,eea1cc34fd9d82b0c6d7267dcc1cac30b2234f9f9020f48754a66d120f25f54e
rf_importance,k,k:8,,8,19993,logistic,none,1271122331,0.6577540106951871,0.7174112256586483,0.2243809914144932,0.1267691350710628,0.2542733909706939,,,0.344193877902095,,1.5935828877005347,0.9037433155080212,,0.1299356359536907,smk_can_187,20,36.91,eea1cc34fd9d82b0c6d7267dcc1cac30b2234f9f9020f48754a66d120f25f54e
rf_importance,k,k:16,,16,19993,logistic,none,1271122331,0.6684491978609626,0.7350515463917526,0.22147562116346,0.1434922381268314,0.2172108869656626,,,0.3496885853297476,,1.5668449197860963,0.9037433155080212,,0.1481486608409691,smk_can_187,20,36.91,eea1cc34fd9d82b0c6d7267dcc1cac30b2234f9f9020f48754a66d120f25f54e
rf_importance,k,k:32,,32,19993,logistic,none,1271122331,0.6844919786096256,0.7538373424971364,0.2207408506956495,0.1503290323390289,0.2143108982301761,,,0.3428243647552993,,1.5561497326203209,0.9037433155080212,,0.1591212854171693,smk_can_187,20,36.91,eea1cc34fd9d82b0c6d7267dcc1cac30b2234f9f9020f48754a66d120f25f54e
rf_importance,k,k:64,,64,19993,logistic,none,1271122331,0.6577540106951871,0.7462772050400917,0.2479848308833764,0.2183401677807126,0.1972978948574902,,,0.3379995246105336,,1.4866310160427807,0.9037433155080212,,0.2226387413404636,smk_can_187,20,36.91,eea1cc34fd9d82b0c6d7267dcc1cac30b2234f9f9020f48754a66d120f25f54e
rf_importance,k,k:128,,128,19993,logistic,none,1271122331,0.6577540106951871,0.7269186712485682,0.2620909659059792,0.220490968416051,0.2356174260335486,,,0.3155327397999324,,1.5454545454545454,0.9037433155080212,,0.2459308069619011,smk_can_187,20,36.91,eea1cc34fd9d82b0c6d7267dcc1cac30b2234f9f9020f48754a66d120f25f54e
rf_importance,k,k:256,,256,19993,logistic,none,1271122331,0.7219251336898396,0.7895761741122566,0.2107769237979797,0.1858174384794193,0.1640025742203642,,,0.3671357142036351,,1.4598930481283423,0.9037433155080212,,0.1812178437955619,smk_can_187,20,36.91,eea1cc34fd9d82b0c6d7267dcc1cac30b2234f9f9020f48754a66d120f25f54e
rf_importance,frac,frac:1,1.0,19993,19993,logistic,none,986696858,0.7219251336898396,0.8100801832760596,0.2150091241337668,0.2155345153313641,0.1539583371292893,,,0.3635487550619707,,1.39572192513369,0.9037433155080212,,0.1856200585679371,smk_can_187,21,46.01,eea1cc34fd9d82b0c6d7267dcc1cac30b2234f9f9020f48754a66d120f25f54e
rf_importance,k,k:1,,1,19993,logistic,none,986696858,0.5721925133689839,0.5729667812142039,0.2550896960015453,0.0773739861261285,0.4180407730851199,,,0.3050709420840512,,1.7807486631016043,0.9037433155080212,,0.0894366908948768,smk_can_187,21,46.01,eea1cc34fd9d82b0c6d7267dcc1cac30b2234f9f9020f48754a66d120f25f54e
rf_importance,k,k:2,,2,19993,logistic,none,986696858,0.6310160427807486,0.6396334478808705,0.2394113431844544,0.0962277127994605,0.3274495037657366,,,0.3294516605366744,,1.7379679144385027,0.9037433155080212,,0.1076044929841925,smk_can_187,21,46.01,eea1cc34fd9d82b0c6d7267dcc1cac30b2234f9f9020f48754a66d120f25f54e
rf_importance,k,k:4,,4,19993,logistic,none,986696858,0.6363636363636364,0.6617411225658648,0.2381100027815871,0.1590170039036681,0.313770348871412,,,0.3364639325441687,,1.641711229946524,0.9037433155080212,,0.1683686833575761,smk_can_187,21,46.01,eea1cc34fd9d82b0c6d7267dcc1cac30b2234f9f9020f48754a66d120f25f54e
rf_importance,k,k:8,,8,19993,logistic,none,986696858,0.6577540106951871,0.6935853379152348,0.229405921909803,0.1399090027717699,0.275079688900354,,,0.3460194219500583,,1.6363636363636365,0.9037433155080212,,0.1330920172801854,smk_can_187,21,46.01,eea1cc34fd9d82b0c6d7267dcc1cac30b2234f9f9020f48754a66d120f25f54e
rf_importance,k,k:16,,16,19993,logistic,none,986696858,0.6524064171122995,0.7169530355097365,0.2280090200980996,0.1474568679707207,0.2698065143671598,,,0.3464143316464114,,1.5828877005347597,0.9037433155080212,,0.1599734482806627,smk_can_187,21,46.01,eea1cc34fd9d82b0c6d7267dcc1cac30b2234f9f9020f48754a66d120f25f54e
rf_importance,k,k:32,,32,19993,logistic,none,986696858,0.6577540106951871,0.7355097365406644,0.2271542569031742,0.1726055978251736,0.2322980843988994,,,0.3477405641933336,,1.5454545454545454,0.9037433155080212,,0.1525369317196381,smk_can_187,21,46.01,eea1cc34fd9d82b0c6d7267dcc1cac30b2234f9f9020f48754a66d120f25f54e
rf_importance,k,k:64,,64,19993,logistic,none,986696858,0.6844919786096256,0.7242840778923253,0.2458781345300311,0.1933533195108769,0.2436566018202016,,,0.3313342136713242,,1.5508021390374331,0.9037433155080212,,0.2179710393507856,smk_can_187,21,46.01,eea1cc34fd9d82b0c6d7267dcc1cac30b2234f9f9020f48754a66d120f25f54e
rf_importance,k,k:128,,128,19993,logistic,none,986696858,0.7005347593582888,0.7426116838487973,0.2494933361452436,0.2223702459081768,0.2334191163207015,,,0.3368594522191605,,1.5508021390374331,0.9037433155080212,,0.2362882772582006,smk_can_187,21,46.01,eea1cc34fd9d82b0c6d7267dcc1cac30b2234f9f9020f48754a66d120f25f54e
rf_importance,k,k:256,,256,19993,logistic,none,986696858,0.7112299465240641,0.7978235967926689,0.2079020678861636,0.1815324751410752,0.171272641106201,,,0.3698190405022926,,1.4064171122994653,0.9037433155080212,,0.1807287365051784,smk_can_187,21,46.01,eea1cc34fd9d82b0c6d7267dcc1cac30b2234f9f9020f48754a66d120f25f54e
rf_importance,frac,frac:1,1.0,19993,19993,logistic,none,2384661508,0.7165775401069518,0.7898052691867125,0.2257688577349787,0.2135015413314163,0.1820013962190125,,,0.3498145912011375,,1.4919786096256684,0.9037433155080212,,0.1941054309221615,smk_can_187,22,44.305,eea1cc34fd9d82b0c6d7267dcc1cac30b2234f9f9020f48754a66d120f25f54e
rf_importance,k,k:1,,1,19993,logistic,none,2384661508,0.6256684491978609,0.6739977090492555,0.2339945835386612,0.0932390453484787,0.3212206965634512,,,0.3364685228487242,,1.6631016042780749,0.9037433155080212,,0.092657282378183,smk_can_187,22,44.305,eea1cc34fd9d82b0c6d7267dcc1cac30b2234f9f9020f48754a66d120f25f54e
rf_importance,k,k:2,,2,19993,logistic,none,2384661508,0.6363636363636364,0.6688430698739978,0.2377565556733368,0.1518302243363794,0.3302836563416175,,,0.338204367730065,,1.679144385026738,0.9037433155080212,,0.1710286133276399,smk_can_187,22,44.305,eea1cc34fd9d82b0c6d7267dcc1cac30b2234f9f9020f48754a66d120f25f54e
rf_importance,k,k:4,,4,19993,logistic,none,2384661508,0.6417112299465241,0.6893470790378007,0.2366899843979124,0.1495148953266998,0.2956605220569017,,,0.342289030856065,,1.60427807486631,0.9037433155080212,,0.1743385531080159,smk_can_187,22,44.305,eea1cc34fd9d82b0c6d7267dcc1cac30b2234f9f9020f48754a66d120f25f54e
rf_importance,k,k:8,,8,19993,logistic,none,2384661508,0.7058823529411765,0.7199312714776632,0.2184105861778748,0.1471019274789255,0.2555597309590261,,,0.365479716935196,,1.5935828877005347,0.9037433155080212,,0.1449111288403,smk_can_187,22,44.305,eea1cc34fd9d82b0c6d7267dcc1cac30b2234f9f9020f48754a66d120f25f54e
rf_importance,k,k:16,,16,19993,logistic,none,2384661508,0.7005347593582888,0.7397479954180984,0.2186011902744535,0.1703412994937261,0.2305462478645674,,,0.3533934314174227,,1.5133689839572193,0.9037433155080212,,0.1760686649890678,smk_can_187,22,44.305,eea1cc34fd9d82b0c6d7267dcc1cac30b2234f9f9020f48754a66d120f25f54e
rf_importance,k,k:32,,32,19993,logistic,none,2384661508,0.6844919786096256,0.7357388316151202,0.234857684221096,0.1912193999448079,0.2324723103284627,,,0.3424223507074472,,1.5561497326203209,0.9037433155080212,,0.1890423730767464,smk_can_187,22,44.305,eea1cc34fd9d82b0c6d7267dcc1cac30b2234f9f9020f48754a66d120f25f54e
rf_importance,k,k:64,,64,19993,logistic,none,2384661508,0.6684491978609626,0.7458190148911799,0.2447870435134251,0.2210706056795501,0.2049476617945729,,,0.3391386581720174,,1.53475935828877,0.9037433155080212,,0.2241310095442099,smk_can_187,22,44.305,eea1cc34fd9d82b0c6d7267dcc1cac30b2234f9f9020f48754a66d120f25f54e
rf_importance,k,k:128,,128,19993,logistic,none,2384661508,0.7058823529411765,0.7451317296678122,0.2442037293887793,0.2207501506098447,0.2062402503251068,,,0.3412045311169393,,1.5614973262032086,0.9037433155080212,,0.2425927898638155,smk_can_187,22,44.305,eea1cc34fd9d82b0c6d7267dcc1cac30b2234f9f9020f48754a66d120f25f54e
rf_importance,k,k:256,,256,19993,logistic,none,2384661508,0.7112299465240641,0.761397479954181,0.2278078946552654,0.1834899504596281,0.1964160214159959,,,0.3554452167174161,,1.5401069518716577,0.9037433155080212,,0.1938038656546755,smk_can_187,22,44.305,eea1cc34fd9d82b0c6d7267dcc1cac30b2234f9f9020f48754a66d120f25f54e
rf_importance,frac,frac:1,1.0,19993,19993,logistic,none,848276510,0.7005347593582888,0.7737686139747996,0.235714208337033,0.2226643690195159,0.1826956341934915,,,0.3539689100087553,,1.4866310160427807,0.9037433155080212,,0.2111296865799001,smk_can_187,23,44.605,eea1cc34fd9d82b0c6d7267dcc1cac30b2234f9f9020f48754a66d120f25f54e
rf_importance,k,k:1,,1,19993,logistic,none,848276510,0.5454545454545454,0.5530927835051547,0.2623587992385656,0.1250136191561069,0.4252233898484329,,,0.30039741369284,,1.7486631016042782,0.9037433155080212,,0.1490729295938137,smk_can_187,23,44.605,eea1cc34fd9d82b0c6d7267dcc1cac30b2234f9f9020f48754a66d120f25f54e
rf_importance,k,k:2,,2,19993,logistic,none,848276510,0.5508021390374331,0.5877434135166094,0.2579363301728282,0.1348210693988547,0.3700982252534044,,,0.3016167527558571,,1.6844919786096255,0.9037433155080212,,0.1656822314356679,smk_can_187,23,44.605,eea1cc34fd9d82b0c6d7267dcc1cac30b2234f9f9020f48754a66d120f25f54e
rf_importance,k,k:4,,4,19993,logistic,none,848276510,0.5935828877005348,0.6450171821305841,0.2471822158598463,0.1500738843132105,0.322828090676026,,,0.3261021988929423,,1.6363636363636365,0.9037433155080212,,0.1531022214665891,smk_can_187,23,44.605,eea1cc34fd9d82b0c6d7267dcc1cac30b2234f9f9020f48754a66d120f25f54e
rf_importance,k,k:8,,8,19993,logistic,none,848276510,0.5989304812834224,0.6389461626575028,0.2562587556722364,0.1588473013513657,0.3193827701290478,,,0.3280781548505058,,1.6631016042780749,0.9037433155080212,,0.1684995049636194,smk_can_187,23,44.605,eea1cc34fd9d82b0c6d7267dcc1cac30b2234f9f9020f48754a66d120f25f54e
rf_importance,k,k:16,,16,19993,logistic,none,848276510,0.6310160427807486,0.6668957617411225,0.2513106345355215,0.1848696244000004,0.2898999001513666,,,0.3374424131572532,,1.625668449197861,0.9037433155080212,,0.1913457732634943,smk_can_187,23,44.605,eea1cc34fd9d82b0c6d7267dcc1cac30b2234f9f9020f48754a66d120f25f54e
rf_importance,k,k:32,,32,19993,logistic,none,848276510,0.6577540106951871,0.6996563573883161,0.2476264754162232,0.1666313618108203,0.2862773818308953,,,0.3315616556218105,,1.5775401069518715,0.9037433155080212,,0.193081733585907,smk_can_187,23,44.605,eea1cc34fd9d82b0c6d7267dcc1cac30b2234f9f9020f48754a66d120f25f54e
rf_importance,k,k:64,,64,19993,logistic,none,848276510,0.679144385026738,0.7200458190148912,0.2452348810668285,0.2145446065418155,0.2540295048207953,,,0.3444509002155507,,1.609625668449198,0.9037433155080212,,0.2227916051552341,smk_can_187,23,44.605,eea1cc34fd9d82b0c6d7267dcc1cac30b2234f9f9020f48754a66d120f25f54e
rf_importance,k,k:128,,128,19993,logistic,none,848276510,0.6898395721925134,0.7707903780068728,0.2459768689611028,0.2272564369631619,0.1770822695186418,,,0.3378683478567957,,1.4491978609625669,0.9037433155080212,,0.2285020326087043,smk_can_187,23,44.605,eea1cc34fd9d82b0c6d7267dcc1cac30b2234f9f9020f48754a66d120f25f54e
rf_importance,k,k:256,,256,19993,logistic,none,848276510,0.7005347593582888,0.7562428407789232,0.2450900668437043,0.2232342733843824,0.1847922912066099,,,0.33564228349744,,1.5133689839572193,0.9037433155080212,,0.2171576870676401,smk_can_187,23,44.605,eea1cc34fd9d82b0c6d7267dcc1cac30b2234f9f9020f48754a66d120f25f54e
rf_importance,frac,frac:1,1.0,19993,19993,logistic,none,3746832585,0.7486631016042781,0.7985108820160366,0.2049727693679061,0.1974195050288049,0.1576455186812613,,,0.3711603530733915,,1.5133689839572193,0.9037433155080212,,0.1764152695690387,smk_can_187,24,38.607,eea1cc34fd9d82b0c6d7267dcc1cac30b2234f9f9020f48754a66d120f25f54e
rf_importance,k,k:1,,1,19993,logistic,none,3746832585,0.5347593582887701,0.5828751431844216,0.2462136143876704,0.1394910259018895,0.3888859199013829,,,0.3090719631676673,,1.7486631016042782,0.9037433155080212,,0.1297842695439471,smk_can_187,24,38.607,eea1cc34fd9d82b0c6d7267dcc1cac30b2234f9f9020f48754a66d120f25f54e
rf_importance,k,k:2,,2,19993,logistic,none,3746832585,0.5133689839572193,0.5666666666666667,0.2613340318351949,0.1113328775196111,0.4168233215304236,,,0.3033166705248372,,1.7593582887700534,0.9037433155080212,,0.137502282115406,smk_can_187,24,38.607,eea1cc34fd9d82b0c6d7267dcc1cac30b2234f9f9020f48754a66d120f25f54e
rf_importance,k,k:4,,4,19993,logistic,none,3746832585,0.5775401069518716,0.6300114547537228,0.2455484111116456,0.1679683782560506,0.3190326316170593,,,0.3297200188526834,,1.6470588235294117,0.9037433155080212,,0.1477590566168204,smk_can_187,24,38.607,eea1cc34fd9d82b0c6d7267dcc1cac30b2234f9f9020f48754a66d120f25f54e
rf_importance,k,k:8,,8,19993,logistic,none,3746832585,0.6042780748663101,0.6650630011454753,0.2365922359266219,0.1249184733035652,0.3014894358452432,,,0.3405510017298678,,1.6470588235294117,0.9037433155080212,,0.1192965590965479,smk_can_187,24,38.607,eea1cc34fd9d82b0c6d7267dcc1cac30b2234f9f9020f48754a66d120f25f54e
rf_importance,k,k:16,,16,19993,logistic,none,3746832585,0.6684491978609626,0.7280641466208476,0.2131590560599645,0.1258977313924237,0.2154149644928009,,,0.3562304387517277,,1.5240641711229947,0.9037433155080212,,0.1390019975162899,smk_can_187,24,38.607,eea1cc34fd9d82b0c6d7267dcc1cac30b2234f9f9020f48754a66d120f25f54e
rf_importance,k,k:32,,32,19993,logistic,none,3746832585,0.6844919786096256,0.7468499427262314,0.2180898931282739,0.134288054443144,0.2145202719121184,,,0.3471124558095376,,1.5614973262032086,0.9037433155080212,,0.1556012430532234,smk_can_187,24,38.607,eea1cc34fd9d82b0c6d7267dcc1cac30b2234f9f9020f48754a66d120f25f54e
rf_importance,k,k:64,,64,19993,logistic,none,3746832585,0.6417112299465241,0.7285223367697594,0.2583353251025292,0.2315171868995221,0.1993351133639875,,,0.3323446587175333,,1.5240641711229947,0.9037433155080212,,0.2351825795572568,smk_can_187,24,38.607,eea1cc34fd9d82b0c6d7267dcc1cac30b2234f9f9020f48754a66d120f25f54e
rf_importance,k,k:128,,128,19993,logistic,none,3746832585,0.6631016042780749,0.7290950744558992,0.2669095150820533,0.2507177263610555,0.2226635749439617,,,0.3237617957473625,,1.5828877005347597,0.9037433155080212,,0.2644476844473196,smk_can_187,24,38.607,eea1cc34fd9d82b0c6d7267dcc1cac30b2234f9f9020f48754a66d120f25f54e
rf_importance,k,k:256,,256,19993,logistic,none,3746832585,0.6898395721925134,0.7495990836197022,0.2507098256047313,0.2308876329768314,0.1872271211533018,,,0.3362787251398369,,1.5401069518716577,0.9037433155080212,,0.2333563450592547,smk_can_187,24,38.607,eea1cc34fd9d82b0c6d7267dcc1cac30b2234f9f9020f48754a66d120f25f54e
rf_importance,frac,frac:1,1.0,19993,19993,logistic,none,3160841117,0.7112299465240641,0.7745704467353951,0.2344907953475493,0.2243635672152597,0.1839627793915347,,,0.3614036057804024,,1.4064171122994653,0.9037433155080212,,0.2207448743666699,smk_can_187,25,44.133,eea1cc34fd9d82b0c6d7267dcc1cac30b2234f9f9020f48754a66d120f25f54e
rf_importance,k,k:1,,1,19993,logistic,none,3160841117,0.6096256684491979,0.6498854524627721,0.2361194997381733,0.0610087073812927,0.3434297949540708,,,0.3240954445780548,,1.6684491978609626,0.9037433155080212,,0.0782918921225487,smk_can_187,25,44.133,eea1cc34fd9d82b0c6d7267dcc1cac30b2234f9f9020f48754a66d120f25f54e
rf_importance,k,k:2,,2,19993,logistic,none,3160841117,0.6096256684491979,0.6553264604810997,0.2380241350466423,0.0835691675870437,0.3433845379301607,,,0.3266247417999617,,1.6737967914438503,0.9037433155080212,,0.0863834176784489,smk_can_187,25,44.133,eea1cc34fd9d82b0c6d7267dcc1cac30b2234f9f9020f48754a66d120f25f54e
rf_importance,k,k:4,,4,19993,logistic,none,3160841117,0.6470588235294118,0.6747995418098511,0.2330897642250035,0.1204223377192957,0.3229848366449339,,,0.3424581044038099,,1.6470588235294117,0.9037433155080212,,0.1252559155994643,smk_can_187,25,44.133,eea1cc34fd9d82b0c6d7267dcc1cac30b2234f9f9020f48754a66d120f25f54e
rf_importance,k,k:8,,8,19993,logistic,none,3160841117,0.6203208556149733,0.6805269186712486,0.2352564127827018,0.1667328799911558,0.2974765968305876,,,0.3459786379173365,,1.5508021390374331,0.9037433155080212,,0.1540685967335158,smk_can_187,25,44.133,eea1cc34fd9d82b0c6d7267dcc1cac30b2234f9f9020f48754a66d120f25f54e
rf_importance,k,k:16,,16,19993,logistic,none,3160841117,0.6524064171122995,0.688659793814433,0.2354093585441868,0.1583151507669782,0.2819589757519739,,,0.3468978150679552,,1.5935828877005347,0.9037433155080212,,0.1607378652870027,smk_can_187,25,44.133,eea1cc34fd9d82b0c6d7267dcc1cac30b2234f9f9020f48754a66d120f25f54e
rf_importance,k,k:32,,32,19993,logistic,none,3160841117,0.6310160427807486,0.6663230240549828,0.2621241927136833,0.202548207307504,0.280497746032683,,,0.3260029144392705,,1.6149732620320856,0.9037433155080212,,0.2315849763750915,smk_can_187,25,44.133,eea1cc34fd9d82b0c6d7267dcc1cac30b2234f9f9020f48754a66d120f25f54e
rf_importance,k,k:64,,64,19993,logistic,none,3160841117,0.6631016042780749,0.6917525773195877,0.2719718871870874,0.2222618366303261,0.2648646378255758,,,0.3213661221113577,,1.5935828877005347,0.9037433155080212,,0.2569800623420272,smk_can_187,25,44.133,eea1cc34fd9d82b0c6d7267dcc1cac30b2234f9f9020f48754a66d120f25f54e
rf_importance,k,k:128,,128,19993,logistic,none,3160841117,0.6417112299465241,0.677434135166094,0.2920609903739412,0.2726106870745756,0.290135399297742,,,0.3019617921769837,,1.6898395721925137,0.9037433155080212,,0.2767577570956192,smk_can_187,25,44.133,eea1cc34fd9d82b0c6d7267dcc1cac30b2234f9f9020f48754a66d120f25f54e
rf_importance,k,k:256,,256,19993,logistic,none,3160841117,0.6844919786096256,0.7443298969072165,0.2471006342086111,0.231543277400481,0.2161538385567313,,,0.3441010968347859,,1.5614973262032086,0.9037433155080212,,0.2271186180712464,smk_can_187,25,44.133,eea1cc34fd9d82b0c6d7267dcc1cac30b2234f9f9020f48754a66d120f25f54e
rf_importance,frac,frac:1,1.0,19993,19993,logistic,none,2921127564,0.7112299465240641,0.7774341351660939,0.2356495839758368,0.2180114346104902,0.1781325736593059,,,0.3588711751314381,,1.4759358288770053,0.9037433155080212,,0.2263178097135208,smk_can_187,26,47.363,eea1cc34fd9d82b0c6d7267dcc1cac30b2234f9f9020f48754a66d120f25f54e
rf_importance,k,k:1,,1,19993,logistic,none,2921127564,0.5828877005347594,0.5671248568155784,0.2599691469335893,0.1145556018655005,0.4280532850916133,,,0.3099059927279701,,1.7700534759358288,0.9037433155080212,,0.1263585907584263,smk_can_187,26,47.363,eea1cc34fd9d82b0c6d7267dcc1cac30b2234f9f9020f48754a66d120f25f54e
rf_importance,k,k:2,,2,19993,logistic,none,2921127564,0.6149732620320856,0.5956471935853379,0.2554087266301731,0.1131527591086118,0.4115637569974406,,,0.3195633377696631,,1.7754010695187166,0.9037433155080212,,0.1159281857840531,smk_can_187,26,47.363,eea1cc34fd9d82b0c6d7267dcc1cac30b2234f9f9020f48754a66d120f25f54e
rf_importance,k,k:4,,4,19993,logistic,none,2921127564,0.6149732620320856,0.634020618556701,0.2461718541578612,0.1219400649512443,0.3698991236715996,,,0.3288143106704271,,1.7379679144385027,0.9037433155080212,,0.1271001964820192,smk_can_187,26,47.363,eea1cc34fd9d82b0c6d7267dcc1cac30b2234f9f9020f48754a66d120f25f54e
rf_importance,k,k:8,,8,19993,logistic,none,2921127564,0.6310160427807486,0.6686139747995418,0.2382795825268095,0.109145717883775,0.3281353598389265,,,0.3329197257199605,,1.6737967914438503,0.9037433155080212,,0.104068746283976,smk_can_187,26,47.363,eea1cc34fd9d82b0c6d7267dcc1cac30b2234f9f9020f48754a66d120f25f54e
rf_importance,k,k:16,,16,19993,logistic,none,2921127564,0.6310160427807486,0.6741122565864833,0.2464592274911786,0.1502681938881035,0.3178188945065616,,,0.3308421151177828,,1.711229946524064,0.9037433155080212,,0.144118620919627,smk_can_187,26,47.363,eea1cc34fd9d82b0c6d7267dcc1cac30b2234f9f9020f48754a66d120f25f54e
rf_importance,k,k:32,,32,19993,logistic,none,2921127564,0.6577540106951871,0.7087056128293242,0.2411382998731421,0.1731195947331528,0.2813577367222751,,,0.3358603980512781,,1.5828877005347597,0.9037433155080212,,0.1881868238935169,smk_can_187,26,47.363,eea1cc34fd9d82b0c6d7267dcc1cac30b2234f9f9020f48754a66d120f25f54e
rf_importance,k,k:64,,64,19993,logistic,none,2921127564,0.6203208556149733,0.7029782359679267,0.2611637986259629,0.2350533261577736,0.2802485968178115,,,0.3236236362700769,,1.6363636363636365,0.9037433155080212,,0.2431442993925106,smk_can_187,26,47.363,eea1cc34fd9d82b0c6d7267dcc1cac30b2234f9f9020f48754a66d120f25f54e
rf_importance,k,k:128,,128,19993,logistic,none,2921127564,0.6684491978609626,0.718213058419244,0.2595635178670575,0.2347350874973652,0.2437648867240968,,,0.3301066046961101,,1.6631016042780749,0.9037433155080212,,0.2441705731408813,smk_can_187,26,47.363,eea1cc34fd9d82b0c6d7267dcc1cac30b2234f9f9020f48754a66d120f25f54e
rf_importance,k,k:256,,256,19993,logistic,none,2921127564,0.6524064171122995,0.7254295532646048,0.2718452222771499,0.2547230719349069,0.2044393435027942,,,0.3212063906812156,,1.5668449197860963,0.9037433155080212,,0.2721106062617994,smk_can_187,26,47.363,eea1cc34fd9d82b0c6d7267dcc1cac30b2234f9f9020f48754a66d120f25f54e
rf_importance,frac,frac:1,1.0,19993,19993,logistic,none,2818237155,0.7540106951871658,0.8175257731958763,0.2019947864612336,0.1935287925732886,0.1324834285050198,,,0.3761879942718276,,1.4224598930481285,0.9037433155080212,,0.1893722734604846,smk_can_187,27,39.15,eea1cc34fd9d82b0c6d7267dcc1cac30b2234f9f9020f48754a66d120f25f54e
rf_importance,k,k:1,,1,19993,logistic,none,2818237155,0.5882352941176471,0.6414089347079038,0.2343594284188372,0.0809581305654136,0.3008157450997761,,,0.3209221231191878,,1.6524064171122994,0.9037433155080212,,0.095111094620416,smk_can_187,27,39.15,eea1cc34fd9d82b0c6d7267dcc1cac30b2234f9f9020f48754a66d120f25f54e
rf_importance,k,k:2,,2,19993,logistic,none,2818237155,0.6417112299465241,0.7145475372279497,0.2154975569471388,0.0703800797278821,0.2455637594800052,,,0.3468428408066462,,1.5401069518716577,0.9037433155080212,,0.0789990696582646,smk_can_187,27,39.15,eea1cc34fd9d82b0c6d7267dcc1cac30b2234f9f9020f48754a66d120f25f54e
rf_importance,k,k:4,,4,19993,logistic,none,2818237155,0.6844919786096256,0.7256586483390608,0.2137803805160406,0.092441889191215,0.243694635127502,,,0.3417422028607594,,1.5561497326203209,0.9037433155080212,,0.1138528838564582,smk_can_187,27,39.15,eea1cc34fd9d82b0c6d7267dcc1cac30b2234f9f9020f48754a66d120f25f54e
rf_importance,k,k:8,,8,19993,logistic,none,2818237155,0.7112299465240641,0.7728522336769759,0.1963674997279552,0.0815868362232122,0.214192905726162,,,0.361988342765955,,1.5454545454545454,0.9037433155080212,,0.0832702249592277,smk_can_187,27,39.15,eea1cc34fd9d82b0c6d7267dcc1cac30b2234f9f9020f48754a66d120f25f54e
rf_importance,k,k:16,,16,19993,logistic,none,2818237155,0.7005347593582888,0.7712485681557846,0.1993719459121157,0.1143783677144781,0.2029652948134527,,,0.3602863409472054,,1.4705882352941178,0.9037433155080212,,0.0922887276526274,smk_can_187,27,39.15,eea1cc34fd9d82b0c6d7267dcc1cac30b2234f9f9020f48754a66d120f25f54e
rf_importance,k,k:32,,32,19993,logistic,none,2818237155,0.7219251336898396,0.7883161512027492,0.1979260168331984,0.1373816374555326,0.1851088125180061,,,0.3607162963564283,,1.4705882352941178,0.9037433155080212,,0.141133444882778,smk_can_187,27,39.15,eea1cc34fd9d82b0c6d7267dcc1cac30b2234f9f9020f48754a66d120f25f54e
rf_importance,k,k:64,,64,19993,logistic,none,2818237155,0.6898395721925134,0.7392898052691866,0.249786519076537,0.2084966368623418,0.2060549276995184,,,0.3342126784710244,,1.5454545454545454,0.9037433155080212,,0.2308549674935491,smk_can_187,27,39.15,eea1cc34fd9d82b0c6d7267dcc1cac30b2234f9f9020f48754a66d120f25f54e
rf_importance,k,k:128,,128,19993,logistic,none,2818237155,0.6737967914438503,0.7416953035509737,0.2396573698124874,0.2116908594445141,0.2095158117869166,,,0.3560589199952645,,1.5508021390374331,0.9037433155080212,,0.1967070175418359,smk_can_187,27,39.15,eea1cc34fd9d82b0c6d7267dcc1cac30b2234f9f9020f48754a66d120f25f54e
rf_importance,k,k:256,,256,19993,logistic,none,2818237155,0.7433155080213903,0.7893470790378007,0.205765421012413,0.1899979011656603,0.1478640001657848,,,0.3903624716304753,,1.4385026737967914,0.9037433155080212,,0.1913102061342249,smk_can_187,27,39.15,eea1cc34fd9d82b0c6d7267dcc1cac30b2234f9f9020f48754a66d120f25f54e
rf_importance,frac,frac:1,1.0,19993,19993,logistic,none,2975612410,0.7593582887700535,0.8025200458190148,0.2057511560681195,0.1912264160348848,0.1583816919641562,,,0.3671209057216857,,1.427807486631016,0.9037433155080212,,0.1797446074471622,smk_can_187,28,43.724,eea1cc34fd9d82b0c6d7267dcc1cac30b2234f9f9020f48754a66d120f25f54e
rf_importance,k,k:1,,1,19993,logistic,none,2975612410,0.6310160427807486,0.6689576174112257,0.2293205730017835,0.0440349501236485,0.3037686023843351,,,0.3273845032419994,,1.6844919786096255,0.9037433155080212,,0.0521024659172599,smk_can_187,28,43.724,eea1cc34fd9d82b0c6d7267dcc1cac30b2234f9f9020f48754a66d120f25f54e
rf_importance,k,k:2,,2,19993,logistic,none,2975612410,0.6684491978609626,0.7056128293241695,0.2198504186760242,0.1023745816671215,0.2677933283824844,,,0.3465572127339392,,1.6310160427807487,0.9037433155080212,,0.1104533172802416,smk_can_187,28,43.724,eea1cc34fd9d82b0c6d7267dcc1cac30b2234f9f9020f48754a66d120f25f54e
rf_importance,k,k:4,,4,19993,logistic,none,2975612410,0.6470588235294118,0.6910652920962199,0.2252216829507675,0.0936908474738619,0.2841720482838366,,,0.3376653121771206,,1.5935828877005347,0.9037433155080212,,0.1018847385244132,smk_can_187,28,43.724,eea1cc34fd9d82b0c6d7267dcc1cac30b2234f9f9020f48754a66d120f25f54e
rf_importance,k,k:8,,8,19993,logistic,none,2975612410,0.6524064171122995,0.7073310423825888,0.2222652274267443,0.1271256934070971,0.2685434199183692,,,0.3423489698206965,,1.5935828877005347,0.9037433155080212,,0.1328031901482713,smk_can_187,28,43.724,eea1cc34fd9d82b0c6d7267dcc1cac30b2234f9f9020f48754a66d120f25f54e
rf_importance,k,k:16,,16,19993,logistic,none,2975612410,0.6631016042780749,0.7399770904925544,0.2173575796541537,0.1325249956990549,0.2316856286272271,,,0.3495402506793648,,1.53475935828877,0.9037433155080212,,0.1418230057084299,smk_can_187,28,43.724,eea1cc34fd9d82b0c6d7267dcc1cac30b2234f9f9020f48754a66d120f25f54e
rf_importance,k,k:32,,32,19993,logistic,none,2975612410,0.6470588235294118,0.7103092783505155,0.2440843654640918,0.1990426472830648,0.2630541404189428,,,0.3410799257317244,,1.6577540106951871,0.9037433155080212,,0.1853822089090172,smk_can_187,28,43.724,eea1cc34fd9d82b0c6d7267dcc1cac30b2234f9f9020f48754a66d120f25f54e
rf_importance,k,k:64,,64,19993,logistic,none,2975612410,0.6256684491978609,0.6966781214203894,0.2820709616944061,0.2561714287320205,0.273250690267608,,,0.300614908802246,,1.5828877005347597,0.9037433155080212,,0.2672226597889703,smk_can_187,28,43.724,eea1cc34fd9d82b0c6d7267dcc1cac30b2234f9f9020f48754a66d120f25f54e
rf_importance,k,k:128,,128,19993,logistic,none,2975612410,0.6363636363636364,0.7246277205040091,0.2710202503715723,0.244478159094044,0.2304885844948437,,,0.3089498524531691,,1.572192513368984,0.9037433155080212,,0.2575335066348454,smk_can_187,28,43.724,eea1cc34fd9d82b0c6d7267dcc1cac30b2234f9f9020f48754a66d120f25f54e
rf_importance,k,k:256,,256,19993,logistic,none,2975612410,0.6577540106951871,0.7490263459335624,0.2573638263715299,0.2370054818738166,0.1872241768015432,,,0.3212138766058204,,1.5508021390374331,0.9037433155080212,,0.2286091329975018,smk_can_187,28,43.724,eea1cc34fd9d82b0c6d7267dcc1cac30b2234f9f9020f48754a66d120f25f54e
rf_importance,frac,frac:1,1.0,19993,19993,logistic,none,2239354085,0.6737967914438503,0.7684994272623138,0.2483010102113227,0.2409603354616125,0.1715500964183912,,,0.3367062141742829,,1.4545454545454546,0.9037433155080212,,0.2403916796855394,smk_can_187,29,42.374,eea1cc34fd9d82b0c6d7267dcc1cac30b2234f9f9020f48754a66d120f25f54e
rf_importance,k,k:1,,1,19993,logistic,none,2239354085,0.5989304812834224,0.6329896907216495,0.2436074127264928,0.0951638975181825,0.3690287493747221,,,0.3132962187469723,,1.7754010695187166,0.9037433155080212,,0.1021994871692786,smk_can_187,29,42.374,eea1cc34fd9d82b0c6d7267dcc1cac30b2234f9f9020f48754a66d120f25f54e
rf_importance,k,k:2,,2,19993,logistic,none,2239354085,0.6684491978609626,0.6380297823596792,0.2428112629553378,0.1405822679535516,0.3792911173922286,,,0.3236317314722399,,1.711229946524064,0.9037433155080212,,0.1331482622641376,smk_can_187,29,42.374,eea1cc34fd9d82b0c6d7267dcc1cac30b2234f9f9020f48754a66d120f25f54e
rf_importance,k,k:4,,4,19993,logistic,none,2239354085,0.6577540106951871,0.6403207331042383,0.2435969329712426,0.1496963936174606,0.3632967400691776,,,0.3301732794070005,,1.7272727272727273,0.9037433155080212,,0.1581901499209591,smk_can_187,29,42.374,eea1cc34fd9d82b0c6d7267dcc1cac30b2234f9f9020f48754a66d120f25f54e
rf_importance,k,k:8,,8,19993,logistic,none,2239354085,0.6310160427807486,0.6662084765177548,0.2382460637374694,0.1341498378863068,0.2953392040607742,,,0.3336766272894984,,1.6577540106951871,0.9037433155080212,,0.1315750342330347,smk_can_187,29,42.374,eea1cc34fd9d82b0c6d7267dcc1cac30b2234f9f9020f48754a66d120f25f54e
rf_importance,k,k:16,,16,19993,logistic,none,2239354085,0.5989304812834224,0.6469644902634594,0.2673851886897354,0.1975471080245049,0.2986047330375052,,,0.3029323361070823,,1.6577540106951871,0.9037433155080212,,0.2320364527938233,smk_can_187,29,42.374,eea1cc34fd9d82b0c6d7267dcc1cac30b2234f9f9020f48754a66d120f25f54e
rf_importance,k,k:32,,32,19993,logistic,none,2239354085,0.5935828877005348,0.6584192439862543,0.2805739679140375,0.2234529865432096,0.2864362981201229,,,0.2850591745334349,,1.6149732620320856,0.9037433155080212,,0.254344720169797,smk_can_187,29,42.374,eea1cc34fd9d82b0c6d7267dcc1cac30b2234f9f9020f48754a66d120f25f54e
rf_importance,k,k:64,,64,19993,logistic,none,2239354085,0.6042780748663101,0.6776632302405499,0.2992263616039584,0.2861216780078754,0.302144062169119,,,0.2712981256253372,,1.609625668449198,0.9037433155080212,,0.3082938463742784,smk_can_187,29,42.374,eea1cc34fd9d82b0c6d7267dcc1cac30b2234f9f9020f48754a66d120f25f54e
rf_importance,k,k:128,,128,19993,logistic,none,2239354085,0.6898395721925134,0.7217640320733104,0.2588963513274867,0.2148344338400668,0.2552532401068557,,,0.3142635559996761,,1.5561497326203209,0.9037433155080212,,0.2422625793021133,smk_can_187,29,42.374,eea1cc34fd9d82b0c6d7267dcc1cac30b2234f9f9020f48754a66d120f25f54e
rf_importance,k,k:256,,256,19993,logistic,none,2239354085,0.6524064171122995,0.7286368843069874,0.2660279766878676,0.231408025219449,0.2369409662141023,,,0.3117332058320747,,1.5401069518716577,0.9037433155080212,,0.2461854429450622,smk_can_187,29,42.374,eea1cc34fd9d82b0c6d7267dcc1cac30b2234f9f9020f48754a66d120f25f54e
rf_importance,frac,frac:1,1.0,19993,19993,rf,none,3169101256,0.679144385026738,0.7530355097365407,0.2000439691027927,0.0597147950089126,0.1998073150444344,,,0.3630203130967234,,1.5401069518716577,0.9090909090909092,,0.0689333333333333,smk_can_187,0,42.94,eea1cc34fd9d82b0c6d7267dcc1cac30b2234f9f9020f48754a66d120f25f54e
rf_importance,k,k:1,,1,19993,rf,none,3169101256,0.5454545454545454,0.522852233676976,0.3691674924856961,0.3197118382706618,0.5009617548442429,,,0.2485535023283425,,1.8342245989304813,0.9090909090909092,,0.3723977248677248,smk_can_187,0,42.94,eea1cc34fd9d82b0c6d7267dcc1cac30b2234f9f9020f48754a66d120f25f54e
rf_importance,k,k:2,,2,19993,rf,none,3169101256,0.5828877005347594,0.6322451317296678,0.280015210932858,0.2159714795008912,0.3351633562294672,,,0.2961278139312008,,1.700534759358289,0.9090909090909092,,0.2420888888888888,smk_can_187,0,42.94,eea1cc34fd9d82b0c6d7267dcc1cac30b2234f9f9020f48754a66d120f25f54e
rf_importance,k,k:4,,4,19993,rf,none,3169101256,0.5882352941176471,0.6743986254295533,0.2414550207961972,0.1607130124777183,0.2524125596981463,,,0.3217832943830119,,1.5989304812834224,0.9037433155080212,,0.1824444444444444,smk_can_187,0,42.94,eea1cc34fd9d82b0c6d7267dcc1cac30b2234f9f9020f48754a66d120f25f54e
rf_importance,k,k:8,,8,19993,rf,none,3169101256,0.6363636363636364,0.6684994272623138,0.2354844919786096,0.1091978609625668,0.2993317401998682,,,0.3337258878387741,,1.6737967914438503,0.9090909090909092,,0.1153777777777778,smk_can_187,0,42.94,eea1cc34fd9d82b0c6d7267dcc1cac30b2234f9f9020f48754a66d120f25f54e
rf_importance,k,k:16,,16,19993,rf,none,3169101256,0.6631016042780749,0.7039518900343643,0.2202766488413547,0.1011764705882353,0.259834906428933,,,0.3449356577358068,,1.6203208556149733,0.9037433155080212,,0.1110666666666667,smk_can_187,0,42.94,eea1cc34fd9d82b0c6d7267dcc1cac30b2234f9f9020f48754a66d120f25f54e
rf_importance,k,k:32,,32,19993,rf,none,3169101256,0.6951871657754011,0.7222222222222222,0.2102652406417112,0.106060606060606,0.2438918515919419,,,0.3587622583611552,,1.641711229946524,0.9037433155080212,,0.0971555555555555,smk_can_187,0,42.94,eea1cc34fd9d82b0c6d7267dcc1cac30b2234f9f9020f48754a66d120f25f54e
rf_importance,k,k:64,,64,19993,rf,none,3169101256,0.7165775401069518,0.727205040091638,0.2073221628045157,0.116934046345811,0.2257374274692104,,,0.3624877230613232,,1.53475935828877,0.9090909090909092,,0.1023555555555555,smk_can_187,0,42.94,eea1cc34fd9d82b0c6d7267dcc1cac30b2234f9f9020f48754a66d120f25f54e
rf_importance,k,k:128,,128,19993,rf,none,3169101256,0.6737967914438503,0.7379152348224512,0.202321330956625,0.0500178253119429,0.212332747446886,,,0.3655334430288252,,1.5454545454545454,0.9037433155080212,,0.0480444444444444,smk_can_187,0,42.94,eea1cc34fd9d82b0c6d7267dcc1cac30b2234f9f9020f48754a66d120f25f54e
rf_importance,k,k:256,,256,19993,rf,none,3169101256,0.7005347593582888,0.7673539518900344,0.1919377302436125,0.0740106951871657,0.1798255207802416,,,0.3765130883589695,,1.4866310160427807,0.9090909090909092,,0.0826666666666666,smk_can_187,0,42.94,eea1cc34fd9d82b0c6d7267dcc1cac30b2234f9f9020f48754a66d120f25f54e
rf_importance,frac,frac:1,1.0,19993,19993,rf,none,3330746745,0.6737967914438503,0.7191294387170677,0.2093877599524658,0.086524064171123,0.2293513840313208,,,0.3619237010532599,,1.5401069518716577,0.9037433155080212,,0.0927555555555555,smk_can_187,1,50.07,eea1cc34fd9d82b0c6d7267dcc1cac30b2234f9f9020f48754a66d120f25f54e
rf_importance,k,k:1,,1,19993,rf,none,3330746745,0.5454545454545454,0.5955326460481101,0.3171196595473206,0.2938422035480859,0.3631326902684352,,,0.2675092786858026,,1.732620320855615,0.9037433155080212,,0.2810851851851851,smk_can_187,1,50.07,eea1cc34fd9d82b0c6d7267dcc1cac30b2234f9f9020f48754a66d120f25f54e
rf_importance,k,k:2,,2,19993,rf,none,3330746745,0.6256684491978609,0.6534936998854525,0.2500549019607843,0.1595008912655971,0.2996856089053141,,,0.3277050296447164,,1.7165775401069518,0.9037433155080212,,0.1972888888888889,smk_can_187,1,50.07,eea1cc34fd9d82b0c6d7267dcc1cac30b2234f9f9020f48754a66d120f25f54e
rf_importance,k,k:4,,4,19993,rf,none,3330746745,0.6310160427807486,0.6737113402061855,0.2434638146167557,0.1823172905525846,0.3014494999622051,,,0.340321916592901,,1.5989304812834224,0.9037433155080212,,0.1753333333333333,smk_can_187,1,50.07,eea1cc34fd9d82b0c6d7267dcc1cac30b2234f9f9020f48754a66d120f25f54e
rf_importance,k,k:8,,8,19993,rf,none,3330746745,0.6417112299465241,0.684135166093929,0.2339082590612002,0.1467023172905525,0.2951857454806861,,,0.3507559423471419,,1.609625668449198,0.9037433155080212,,0.1541777777777777,smk_can_187,1,50.07,eea1cc34fd9d82b0c6d7267dcc1cac30b2234f9f9020f48754a66d120f25f54e
rf_importance,k,k:16,,16,19993,rf,none,3330746745,0.6524064171122995,0.7101374570446735,0.2187229946524064,0.1559714795008912,0.2566107781894797,,,0.3644734659078028,,1.5828877005347597,0.9037433155080212,,0.1326222222222222,smk_can_187,1,50.07,eea1cc34fd9d82b0c6d7267dcc1cac30b2234f9f9020f48754a66d120f25f54e
rf_importance,k,k:32,,32,19993,rf,none,3330746745,0.6844919786096256,0.7151202749140894,0.2149464052287581,0.0892335115864527,0.2534208922646553,,,0.3587264356972522,,1.588235294117647,0.9037433155080212,,0.0860444444444444,smk_can_187,1,50.07,eea1cc34fd9d82b0c6d7267dcc1cac30b2234f9f9020f48754a66d120f25f54e
rf_importance,k,k:64,,64,19993,rf,none,3330746745,0.6631016042780749,0.7256013745704467,0.2086179441473559,0.0954010695187165,0.226488361391206,,,0.3601250851488703,,1.572192513368984,0.9037433155080212,,0.0974666666666666,smk_can_187,1,50.07,eea1cc34fd9d82b0c6d7267dcc1cac30b2234f9f9020f48754a66d120f25f54e
rf_importance,k,k:128,,128,19993,rf,none,3330746745,0.6577540106951871,0.7335624284077892,0.2048831847890671,0.0938324420677361,0.2057326008515289,,,0.3657398696978093,,1.5561497326203209,0.9090909090909092,,0.0842222222222222,smk_can_187,1,50.07,eea1cc34fd9d82b0c6d7267dcc1cac30b2234f9f9020f48754a66d120f25f54e
rf_importance,k,k:256,,256,19993,rf,none,3330746745,0.6898395721925134,0.7305841924398625,0.2027679144385026,0.1237789661319073,0.1969838145848193,,,0.3706714729145254,,1.5401069518716577,0.9037433155080212,,0.1284888888888888,smk_can_187,1,50.07,eea1cc34fd9d82b0c6d7267dcc1cac30b2234f9f9020f48754a66d120f25f54e
rf_importance,frac,frac:1,1.0,19993,19993,rf,none,2359742947,0.6844919786096256,0.7322451317296678,0.203260606060606,0.1045632798573975,0.2019540892123384,,,0.3671188601785172,,1.5668449197860963,0.9037433155080212,,0.1177333333333333,smk_can_187,2,46.185,eea1cc34fd9d82b0c6d7267dcc1cac30b2234f9f9020f48754a66d120f25f54e
rf_importance,k,k:1,,1,19993,rf,none,2359742947,0.5721925133689839,0.6089919816723941,0.3304687563975085,0.3159712248535778,0.3282027306484334,,,0.2615940221570384,,1.695187165775401,0.9037433155080212,,0.3453550264550264,smk_can_187,2,46.185,eea1cc34fd9d82b0c6d7267dcc1cac30b2234f9f9020f48754a66d120f25f54e
rf_importance,k,k:2,,2,19993,rf,none,2359742947,0.6042780748663101,0.634306987399771,0.2761532976827094,0.2050267379679144,0.3225511166138156,,,0.2967414656995088,,1.695187165775401,0.9037433155080212,,0.2404,smk_can_187,2,46.185,eea1cc34fd9d82b0c6d7267dcc1cac30b2234f9f9020f48754a66d120f25f54e
rf_importance,k,k:4,,4,19993,rf,none,2359742947,0.5935828877005348,0.6292668957617411,0.2671431966726084,0.1807843137254902,0.3249208622960355,,,0.312104561641933,,1.732620320855615,0.9037433155080212,,0.2053333333333333,smk_can_187,2,46.185,eea1cc34fd9d82b0c6d7267dcc1cac30b2234f9f9020f48754a66d120f25f54e
rf_importance,k,k:8,,8,19993,rf,none,2359742947,0.6417112299465241,0.684077892325315,0.2315348781937017,0.1183957219251336,0.2700159233929957,,,0.3407510791445267,,1.6524064171122994,0.9037433155080212,,0.1221333333333333,smk_can_187,2,46.185,eea1cc34fd9d82b0c6d7267dcc1cac30b2234f9f9020f48754a66d120f25f54e
rf_importance,k,k:16,,16,19993,rf,none,2359742947,0.6898395721925134,0.6990836197021764,0.2215068330362448,0.1085918003565062,0.2696667728983823,,,0.3566134782436023,,1.6203208556149733,0.9037433155080212,,0.1312888888888888,smk_can_187,2,46.185,eea1cc34fd9d82b0c6d7267dcc1cac30b2234f9f9020f48754a66d120f25f54e
rf_importance,k,k:32,,32,19993,rf,none,2359742947,0.6577540106951871,0.7241122565864834,0.2091158645276292,0.0731907308377896,0.2226971530212433,,,0.3559299025934045,,1.5614973262032086,0.9037433155080212,,0.0818222222222222,smk_can_187,2,46.185,eea1cc34fd9d82b0c6d7267dcc1cac30b2234f9f9020f48754a66d120f25f54e
rf_importance,k,k:64,,64,19993,rf,none,2359742947,0.6844919786096256,0.7360252004581902,0.2057544860368389,0.0650267379679144,0.2202117539633103,,,0.3576378948555895,,1.5240641711229947,0.9037433155080212,,0.0743555555555555,smk_can_187,2,46.185,eea1cc34fd9d82b0c6d7267dcc1cac30b2234f9f9020f48754a66d120f25f54e
rf_importance,k,k:128,,128,19993,rf,none,2359742947,0.7058823529411765,0.7596219931271477,0.194802376708259,0.082602495543672,0.1836456982473474,,,0.37192400827567,,1.497326203208556,0.9037433155080212,,0.0935111111111111,smk_can_187,2,46.185,eea1cc34fd9d82b0c6d7267dcc1cac30b2234f9f9020f48754a66d120f25f54e
rf_importance,k,k:256,,256,19993,rf,none,2359742947,0.679144385026738,0.7461053837342497,0.1972439691027926,0.0424242424242424,0.1839911914268631,,,0.3694844399083364,,1.497326203208556,0.9037433155080212,,0.0414666666666666,smk_can_187,2,46.185,eea1cc34fd9d82b0c6d7267dcc1cac30b2234f9f9020f48754a66d120f25f54e
rf_importance,frac,frac:1,1.0,19993,19993,rf,none,1692680338,0.7112299465240641,0.7297250859106529,0.204987284610814,0.110873440285205,0.2193976861611175,,,0.3713669639091865,,1.5508021390374331,0.9037433155080212,,0.1125777777777777,smk_can_187,3,51.83,eea1cc34fd9d82b0c6d7267dcc1cac30b2234f9f9020f48754a66d120f25f54e
rf_importance,k,k:1,,1,19993,rf,none,1692680338,0.481283422459893,0.5115693012600229,0.3797381311878286,0.3486002886002886,0.4834119681357094,,,0.2211960414705727,,1.7914438502673795,0.9037433155080212,,0.4023574603174602,smk_can_187,3,51.83,eea1cc34fd9d82b0c6d7267dcc1cac30b2234f9f9020f48754a66d120f25f54e
rf_importance,k,k:2,,2,19993,rf,none,1692680338,0.6042780748663101,0.625028636884307,0.2773226381461675,0.1844206773618538,0.3495994253635505,,,0.3003157264963595,,1.7219251336898396,0.9037433155080212,,0.2190222222222222,smk_can_187,3,51.83,eea1cc34fd9d82b0c6d7267dcc1cac30b2234f9f9020f48754a66d120f25f54e
rf_importance,k,k:4,,4,19993,rf,none,1692680338,0.6363636363636364,0.6767468499427263,0.2419049316696375,0.1511229946524064,0.278785639324285,,,0.3360793027991164,,1.679144385026738,0.9037433155080212,,0.1452444444444444,smk_can_187,3,51.83,eea1cc34fd9d82b0c6d7267dcc1cac30b2234f9f9020f48754a66d120f25f54e
rf_importance,k,k:8,,8,19993,rf,none,1692680338,0.6470588235294118,0.7160939289805269,0.2140180629827688,0.1061319073083778,0.232485075072066,,,0.354664330850589,,1.5508021390374331,0.9090909090909092,,0.0988444444444444,smk_can_187,3,51.83,eea1cc34fd9d82b0c6d7267dcc1cac30b2234f9f9020f48754a66d120f25f54e
rf_importance,k,k:16,,16,19993,rf,none,1692680338,0.6951871657754011,0.722794959908362,0.2110008318478906,0.0926916221033867,0.2297069325767646,,,0.360237893219585,,1.5828877005347597,0.9037433155080212,,0.0808444444444444,smk_can_187,3,51.83,eea1cc34fd9d82b0c6d7267dcc1cac30b2234f9f9020f48754a66d120f25f54e
rf_importance,k,k:32,,32,19993,rf,none,1692680338,0.7058823529411765,0.734077892325315,0.205080926916221,0.0871301247771836,0.2094926385925715,,,0.3643248615336191,,1.5775401069518715,0.9037433155080212,,0.0634222222222222,smk_can_187,3,51.83,eea1cc34fd9d82b0c6d7267dcc1cac30b2234f9f9020f48754a66d120f25f54e
rf_importance,k,k:64,,64,19993,rf,none,1692680338,0.7112299465240641,0.7427262313860252,0.2001908496732026,0.0918716577540107,0.1972099616344239,,,0.368363605300311,,1.53475935828877,0.9037433155080212,,0.0977777777777777,smk_can_187,3,51.83,eea1cc34fd9d82b0c6d7267dcc1cac30b2234f9f9020f48754a66d120f25f54e
rf_importance,k,k:128,,128,19993,rf,none,1692680338,0.6737967914438503,0.7491981672394044,0.1976620320855615,0.0654188948306595,0.1870042783462128,,,0.367818186596269,,1.53475935828877,0.9037433155080212,,0.0820444444444444,smk_can_187,3,51.83,eea1cc34fd9d82b0c6d7267dcc1cac30b2234f9f9020f48754a66d120f25f54e
rf_importance,k,k:256,,256,19993,rf,none,1692680338,0.679144385026738,0.7346506300114547,0.2021159833630421,0.0827450980392156,0.2010266080612732,,,0.3690136328204339,,1.5294117647058822,0.9037433155080212,,0.0930222222222222,smk_can_187,3,51.83,eea1cc34fd9d82b0c6d7267dcc1cac30b2234f9f9020f48754a66d120f25f54e
rf_importance,frac,frac:1,1.0,19993,19993,rf,none,794801633,0.6844919786096256,0.7268041237113403,0.2053841948900772,0.086488413547237,0.2178587657930743,,,0.3626771856316959,,1.5828877005347597,0.9037433155080212,,0.0911999999999999,smk_can_187,4,45.05,eea1cc34fd9d82b0c6d7267dcc1cac30b2234f9f9020f48754a66d120f25f54e
rf_importance,k,k:1,,1,19993,rf,none,794801633,0.5614973262032086,0.6073310423825888,0.3284644512269554,0.2977519735166793,0.3666169074554173,,,0.2662466139945136,,1.700534759358289,0.9037433155080212,,0.3378385185185185,smk_can_187,4,45.05,eea1cc34fd9d82b0c6d7267dcc1cac30b2234f9f9020f48754a66d120f25f54e
rf_importance,k,k:2,,2,19993,rf,none,794801633,0.5935828877005348,0.6391179839633447,0.2622590612002377,0.1563279857397504,0.3060642474282453,,,0.2995936864202236,,1.6631016042780749,0.9037433155080212,,0.1949333333333333,smk_can_187,4,45.05,eea1cc34fd9d82b0c6d7267dcc1cac30b2234f9f9020f48754a66d120f25f54e
rf_importance,k,k:4,,4,19993,rf,none,794801633,0.6631016042780749,0.7147193585337915,0.2230134284016637,0.1472727272727273,0.2305954437080257,,,0.3564111663656746,,1.572192513368984,0.9037433155080212,,0.1524888888888888,smk_can_187,4,45.05,eea1cc34fd9d82b0c6d7267dcc1cac30b2234f9f9020f48754a66d120f25f54e
rf_importance,k,k:8,,8,19993,rf,none,794801633,0.6256684491978609,0.6980526918671249,0.2244743909685086,0.1507308377896613,0.2586357205829587,,,0.3515475908419909,,1.609625668449198,0.9090909090909092,,0.1617777777777778,smk_can_187,4,45.05,eea1cc34fd9d82b0c6d7267dcc1cac30b2234f9f9020f48754a66d120f25f54e
rf_importance,k,k:16,,16,19993,rf,none,794801633,0.6524064171122995,0.7235967926689577,0.2124163992869875,0.1172905525846702,0.2171871855256195,,,0.3528495703578387,,1.5775401069518715,0.9090909090909092,,0.1213777777777777,smk_can_187,4,45.05,eea1cc34fd9d82b0c6d7267dcc1cac30b2234f9f9020f48754a66d120f25f54e
rf_importance,k,k:32,,32,19993,rf,none,794801633,0.679144385026738,0.7406071019473082,0.2045098039215686,0.0577183600713012,0.2103231668105295,,,0.361513015109157,,1.5508021390374331,0.9037433155080212,,0.0574666666666666,smk_can_187,4,45.05,eea1cc34fd9d82b0c6d7267dcc1cac30b2234f9f9020f48754a66d120f25f54e
rf_importance,k,k:64,,64,19993,rf,none,794801633,0.6844919786096256,0.7415234822451318,0.2026236482471776,0.0893761140819964,0.201020509917313,,,0.3616399784704898,,1.5561497326203209,0.9037433155080212,,0.0881777777777777,smk_can_187,4,45.05,eea1cc34fd9d82b0c6d7267dcc1cac30b2234f9f9020f48754a66d120f25f54e
rf_importance,k,k:128,,128,19993,rf,none,794801633,0.6737967914438503,0.7388316151202748,0.2010300653594771,0.0870588235294117,0.1971270074343967,,,0.3665697416457167,,1.5561497326203209,0.9144385026737968,,0.0977333333333333,smk_can_187,4,45.05,eea1cc34fd9d82b0c6d7267dcc1cac30b2234f9f9020f48754a66d120f25f54e
rf_importance,k,k:256,,256,19993,rf,none,794801633,0.6684491978609626,0.7343642611683848,0.2024515745692216,0.0806773618538324,0.2025555775670582,,,0.3655890332086415,,1.502673796791444,0.9037433155080212,,0.0884444444444444,smk_can_187,4,45.05,eea1cc34fd9d82b0c6d7267dcc1cac30b2234f9f9020f48754a66d120f25f54e
rf_importance,frac,frac:1,1.0,19993,19993,rf,none,1236196286,0.7165775401069518,0.7368270332187857,0.2034821152703506,0.1045632798573975,0.2211955217789856,,,0.3711065870258693,,1.609625668449198,0.9144385026737968,,0.1052,smk_can_187,5,45.936,eea1cc34fd9d82b0c6d7267dcc1cac30b2234f9f9020f48754a66d120f25f54e
rf_importance,k,k:1,,1,19993,rf,none,1236196286,0.5721925133689839,0.5997136311569301,0.3405097860302369,0.3040445632798574,0.3516613373068409,,,0.2504637798475264,,1.7219251336898396,0.9144385026737968,,0.3341185185185183,smk_can_187,5,45.936,eea1cc34fd9d82b0c6d7267dcc1cac30b2234f9f9020f48754a66d120f25f54e
rf_importance,k,k:2,,2,19993,rf,none,1236196286,0.5721925133689839,0.6381443298969072,0.2723840760546643,0.2161853832442067,0.3477333166715585,,,0.312433440673715,,1.695187165775401,0.9090909090909092,,0.2263555555555555,smk_can_187,5,45.936,eea1cc34fd9d82b0c6d7267dcc1cac30b2234f9f9020f48754a66d120f25f54e
rf_importance,k,k:4,,4,19993,rf,none,1236196286,0.6470588235294118,0.6858533791523482,0.2441639928698752,0.1849554367201425,0.2476911052119138,,,0.3364383031515353,,1.5989304812834224,0.9037433155080212,,0.1866666666666667,smk_can_187,5,45.936,eea1cc34fd9d82b0c6d7267dcc1cac30b2234f9f9020f48754a66d120f25f54e
rf_importance,k,k:8,,8,19993,rf,none,1236196286,0.5775401069518716,0.6628865979381443,0.2418388591800356,0.171301247771836,0.2712307158304946,,,0.3423904879587773,,1.6470588235294117,0.9037433155080212,,0.1551555555555556,smk_can_187,5,45.936,eea1cc34fd9d82b0c6d7267dcc1cac30b2234f9f9020f48754a66d120f25f54e
rf_importance,k,k:16,,16,19993,rf,none,1236196286,0.679144385026738,0.725028636884307,0.2086524064171123,0.1229590017825311,0.2043640986925027,,,0.3644923512763701,,1.53475935828877,0.9037433155080212,,0.1231111111111111,smk_can_187,5,45.936,eea1cc34fd9d82b0c6d7267dcc1cac30b2234f9f9020f48754a66d120f25f54e
rf_importance,k,k:32,,32,19993,rf,none,1236196286,0.6737967914438503,0.7267468499427263,0.2086688057040998,0.0990374331550802,0.2211189558559608,,,0.3650381180950648,,1.5775401069518715,0.9090909090909092,,0.0940444444444444,smk_can_187,5,45.936,eea1cc34fd9d82b0c6d7267dcc1cac30b2234f9f9020f48754a66d120f25f54e
rf_importance,k,k:64,,64,19993,rf,none,1236196286,0.7005347593582888,0.7380870561282933,0.2041266785502079,0.0647771836007129,0.2111617280052876,,,0.3689645395609294,,1.5401069518716577,0.9090909090909092,,0.0610666666666666,smk_can_187,5,45.936,eea1cc34fd9d82b0c6d7267dcc1cac30b2234f9f9020f48754a66d120f25f54e
rf_importance,k,k:128,,128,19993,rf,none,1236196286,0.7272727272727273,0.7546964490263459,0.196771954842543,0.095614973262032,0.199189589286021,,,0.3769845940930893,,1.5454545454545454,0.9144385026737968,,0.1121777777777777,smk_can_187,5,45.936,eea1cc34fd9d82b0c6d7267dcc1cac30b2234f9f9020f48754a66d120f25f54e
rf_importance,k,k:256,,256,19993,rf,none,1236196286,0.7112299465240641,0.7559564719358534,0.1945445038621508,0.0776470588235294,0.1838043419676745,,,0.3763808634246318,,1.4705882352941178,0.9037433155080212,,0.0766666666666667,smk_can_187,5,45.936,eea1cc34fd9d82b0c6d7267dcc1cac30b2234f9f9020f48754a66d120f25f54e
rf_importance,frac,frac:1,1.0,19993,19993,rf,none,2890939313,0.7272727272727273,0.7588201603665522,0.1952781937017231,0.1227450980392156,0.1853612940599459,,,0.3761672254913435,,1.5668449197860963,0.9037433155080212,,0.127511111111111,smk_can_187,6,51.331,eea1cc34fd9d82b0c6d7267dcc1cac30b2234f9f9020f48754a66d120f25f54e
rf_importance,k,k:1,,1,19993,rf,none,2890939313,0.5935828877005348,0.6231386025200458,0.3094983623227068,0.2546423054070112,0.3525314465486626,,,0.2892550688710999,,1.6898395721925137,0.9090909090909092,,0.2912665608465608,smk_can_187,6,51.331,eea1cc34fd9d82b0c6d7267dcc1cac30b2234f9f9020f48754a66d120f25f54e
rf_importance,k,k:2,,2,19993,rf,none,2890939313,0.6042780748663101,0.6310996563573883,0.2666697563874035,0.155614973262032,0.3433828916817238,,,0.2977088204917541,,1.700534759358289,0.9037433155080212,,0.1931555555555555,smk_can_187,6,51.331,eea1cc34fd9d82b0c6d7267dcc1cac30b2234f9f9020f48754a66d120f25f54e
rf_importance,k,k:4,,4,19993,rf,none,2890939313,0.6363636363636364,0.6987399770904926,0.2307187165775401,0.1204634581105169,0.2582992264380961,,,0.331720254092862,,1.5935828877005347,0.9037433155080212,,0.1287111111111111,smk_can_187,6,51.331,eea1cc34fd9d82b0c6d7267dcc1cac30b2234f9f9020f48754a66d120f25f54e
rf_importance,k,k:8,,8,19993,rf,none,2890939313,0.6898395721925134,0.722794959908362,0.2139308377896613,0.0858467023172906,0.2262869034444016,,,0.3522064064364782,,1.5614973262032086,0.9090909090909092,,0.0943111111111111,smk_can_187,6,51.331,eea1cc34fd9d82b0c6d7267dcc1cac30b2234f9f9020f48754a66d120f25f54e
rf_importance,k,k:16,,16,19993,rf,none,2890939313,0.6844919786096256,0.7449599083619702,0.2037606654783125,0.0885918003565062,0.207403511669869,,,0.3616264812378796,,1.5294117647058822,0.9037433155080212,,0.0804444444444444,smk_can_187,6,51.331,eea1cc34fd9d82b0c6d7267dcc1cac30b2234f9f9020f48754a66d120f25f54e
rf_importance,k,k:32,,32,19993,rf,none,2890939313,0.7005347593582888,0.7564719358533791,0.197688413547237,0.0755793226381461,0.2052497574128262,,,0.3690612146790574,,1.4866310160427807,0.9037433155080212,,0.0670666666666667,smk_can_187,6,51.331,eea1cc34fd9d82b0c6d7267dcc1cac30b2234f9f9020f48754a66d120f25f54e
rf_importance,k,k:64,,64,19993,rf,none,2890939313,0.732620320855615,0.7766323024054983,0.1899208556149732,0.0664527629233511,0.1784239480884243,,,0.3737178854700844,,1.4919786096256684,0.9037433155080212,,0.0671999999999999,smk_can_187,6,51.331,eea1cc34fd9d82b0c6d7267dcc1cac30b2234f9f9020f48754a66d120f25f54e
rf_importance,k,k:128,,128,19993,rf,none,2890939313,0.7379679144385026,0.7714776632302405,0.1912670231729055,0.0863458110516934,0.1913137413787789,,,0.3790602258969069,,1.497326203208556,0.9037433155080212,,0.0948888888888889,smk_can_187,6,51.331,eea1cc34fd9d82b0c6d7267dcc1cac30b2234f9f9020f48754a66d120f25f54e
rf_importance,k,k:256,,256,19993,rf,none,2890939313,0.7272727272727273,0.761225658648339,0.1952389780154486,0.0946880570409982,0.1932046781744817,,,0.3730369699273732,,1.46524064171123,0.9037433155080212,,0.1074222222222221,smk_can_187,6,51.331,eea1cc34fd9d82b0c6d7267dcc1cac30b2234f9f9020f48754a66d120f25f54e
rf_importance,frac,frac:1,1.0,19993,19993,rf,none,3092069268,0.679144385026738,0.7008018327605956,0.2128045157456922,0.0795365418894831,0.2360995390857027,,,0.3637256654973271,,1.5828877005347597,0.9090909090909092,,0.0633333333333333,smk_can_187,7,48.857,eea1cc34fd9d82b0c6d7267dcc1cac30b2234f9f9020f48754a66d120f25f54e
rf_importance,k,k:1,,1,19993,rf,none,3092069268,0.5828877005347594,0.6164948453608248,0.3152112265205745,0.2630219421101774,0.3436502026187067,,,0.2636579445648841,,1.679144385026738,0.9037433155080212,,0.2859790476190475,smk_can_187,7,48.857,eea1cc34fd9d82b0c6d7267dcc1cac30b2234f9f9020f48754a66d120f25f54e
rf_importance,k,k:2,,2,19993,rf,none,3092069268,0.6096256684491979,0.6508591065292096,0.2564503862150921,0.1601069518716577,0.3106198378973137,,,0.3136381789079821,,1.6737967914438503,0.9037433155080212,,0.1914222222222221,smk_can_187,7,48.857,eea1cc34fd9d82b0c6d7267dcc1cac30b2234f9f9020f48754a66d120f25f54e
rf_importance,k,k:4,,4,19993,rf,none,3092069268,0.6363636363636364,0.670561282932417,0.2465580510992275,0.1720142602495543,0.3011236229553199,,,0.3338765585842848,,1.695187165775401,0.9037433155080212,,0.1956,smk_can_187,7,48.857,eea1cc34fd9d82b0c6d7267dcc1cac30b2234f9f9020f48754a66d120f25f54e
rf_importance,k,k:8,,8,19993,rf,none,3092069268,0.6631016042780749,0.6920962199312714,0.2248009506833036,0.1157219251336898,0.24523271783561,,,0.3561025173241077,,1.6149732620320856,0.9037433155080212,,0.1306666666666667,smk_can_187,7,48.857,eea1cc34fd9d82b0c6d7267dcc1cac30b2234f9f9020f48754a66d120f25f54e
rf_importance,k,k:16,,16,19993,rf,none,3092069268,0.6631016042780749,0.7146620847651776,0.2123781342840166,0.1065597147950089,0.2131157607439842,,,0.3658238040477335,,1.5668449197860963,0.9037433155080212,,0.1076,smk_can_187,7,48.857,eea1cc34fd9d82b0c6d7267dcc1cac30b2234f9f9020f48754a66d120f25f54e
rf_importance,k,k:32,,32,19993,rf,none,3092069268,0.7058823529411765,0.7038946162657502,0.2133397504456327,0.106488413547237,0.2363030374534367,,,0.3673228572042107,,1.5989304812834224,0.9037433155080212,,0.1166666666666666,smk_can_187,7,48.857,eea1cc34fd9d82b0c6d7267dcc1cac30b2234f9f9020f48754a66d120f25f54e
rf_importance,k,k:64,,64,19993,rf,none,3092069268,0.6844919786096256,0.7132875143184422,0.2074932857991681,0.0925490196078431,0.2126109723869016,,,0.3691855877060085,,1.5935828877005347,0.9090909090909092,,0.1066666666666666,smk_can_187,7,48.857,eea1cc34fd9d82b0c6d7267dcc1cac30b2234f9f9020f48754a66d120f25f54e
rf_importance,k,k:128,,128,19993,rf,none,3092069268,0.6737967914438503,0.7288659793814433,0.2043655377302436,0.1062388591800357,0.2062855314537278,,,0.3679832743908638,,1.5828877005347597,0.9090909090909092,,0.0868888888888889,smk_can_187,7,48.857,eea1cc34fd9d82b0c6d7267dcc1cac30b2234f9f9020f48754a66d120f25f54e
rf_importance,k,k:256,,256,19993,rf,none,3092069268,0.6737967914438503,0.7097365406643757,0.2100194890077243,0.083458110516934,0.2249801815733031,,,0.3643547113627288,,1.5935828877005347,0.9090909090909092,,0.0872444444444444,smk_can_187,7,48.857,eea1cc34fd9d82b0c6d7267dcc1cac30b2234f9f9020f48754a66d120f25f54e
rf_importance,frac,frac:1,1.0,19993,19993,rf,none,371449821,0.6737967914438503,0.7231958762886598,0.2064917409387997,0.1006060606060605,0.2158201214123567,,,0.366384061370408,,1.5508021390374331,0.9037433155080212,,0.0833333333333332,smk_can_187,8,53.675,eea1cc34fd9d82b0c6d7267dcc1cac30b2234f9f9020f48754a66d120f25f54e
rf_importance,k,k:1,,1,19993,rf,none,371449821,0.4919786096256685,0.5048682703321878,0.3908327638802996,0.3800709192768016,0.4916578182581093,,,0.2164823258961748,,1.839572192513369,0.9197860962566844,,0.4151240740740741,smk_can_187,8,53.675,eea1cc34fd9d82b0c6d7267dcc1cac30b2234f9f9020f48754a66d120f25f54e
rf_importance,k,k:2,,2,19993,rf,none,371449821,0.5828877005347594,0.5869415807560138,0.2917889483065953,0.1999999999999999,0.3950186024347799,,,0.293701353940908,,1.7647058823529411,0.9090909090909092,,0.2343111111111111,smk_can_187,8,53.675,eea1cc34fd9d82b0c6d7267dcc1cac30b2234f9f9020f48754a66d120f25f54e
rf_importance,k,k:4,,4,19993,rf,none,371449821,0.5989304812834224,0.6384306987399772,0.2624848484848485,0.1785739750445633,0.3205057997434351,,,0.3217861726955705,,1.695187165775401,0.9037433155080212,,0.1965333333333333,smk_can_187,8,53.675,eea1cc34fd9d82b0c6d7267dcc1cac30b2234f9f9020f48754a66d120f25f54e
rf_importance,k,k:8,,8,19993,rf,none,371449821,0.6310160427807486,0.6872279495990836,0.2270448009506832,0.1280213903743315,0.260702855765137,,,0.3509282365238179,,1.5828877005347597,0.9037433155080212,,0.1418222222222222,smk_can_187,8,53.675,eea1cc34fd9d82b0c6d7267dcc1cac30b2234f9f9020f48754a66d120f25f54e
rf_importance,k,k:16,,16,19993,rf,none,371449821,0.6577540106951871,0.7033791523482246,0.2208313725490196,0.1058110516934046,0.2543228097537303,,,0.3555950232936956,,1.5614973262032086,0.9090909090909092,,0.1029777777777777,smk_can_187,8,53.675,eea1cc34fd9d82b0c6d7267dcc1cac30b2234f9f9020f48754a66d120f25f54e
rf_importance,k,k:32,,32,19993,rf,none,371449821,0.6631016042780749,0.6953608247422681,0.2240639334521687,0.1298039215686274,0.2618980182727919,,,0.3585691961608133,,1.6310160427807487,0.9090909090909092,,0.1308,smk_can_187,8,53.675,eea1cc34fd9d82b0c6d7267dcc1cac30b2234f9f9020f48754a66d120f25f54e
rf_importance,k,k:64,,64,19993,rf,none,371449821,0.6684491978609626,0.6981672394043529,0.218460606060606,0.1211051693404634,0.2407465169340467,,,0.3600564041744664,,1.609625668449198,0.9037433155080212,,0.1212888888888889,smk_can_187,8,53.675,eea1cc34fd9d82b0c6d7267dcc1cac30b2234f9f9020f48754a66d120f25f54e
rf_importance,k,k:128,,128,19993,rf,none,371449821,0.7058823529411765,0.7248568155784652,0.2072432560903149,0.1085204991087343,0.2155325521601058,,,0.3698103734590595,,1.588235294117647,0.9090909090909092,,0.0882222222222222,smk_can_187,8,53.675,eea1cc34fd9d82b0c6d7267dcc1cac30b2234f9f9020f48754a66d120f25f54e
rf_importance,k,k:256,,256,19993,rf,none,371449821,0.6737967914438503,0.718213058419244,0.2089083778966131,0.1171479500891265,0.2230005232668664,,,0.3671865220158142,,1.588235294117647,0.9037433155080212,,0.1048888888888889,smk_can_187,8,53.675,eea1cc34fd9d82b0c6d7267dcc1cac30b2234f9f9020f48754a66d120f25f54e
rf_importance,frac,frac:1,1.0,19993,19993,rf,none,329888820,0.7005347593582888,0.7421534936998854,0.2014723707664884,0.1158288770053476,0.204725856594735,,,0.3715182821756302,,1.609625668449198,0.9037433155080212,,0.1225333333333333,smk_can_187,9,47.134,eea1cc34fd9d82b0c6d7267dcc1cac30b2234f9f9020f48754a66d120f25f54e
rf_importance,k,k:1,,1,19993,rf,none,329888820,0.5080213903743316,0.5309278350515464,0.3601496619577123,0.3413095662507426,0.4689029811855851,,,0.2445601931866737,,1.8288770053475936,0.9090909090909092,,0.3401556613756613,smk_can_187,9,47.134,eea1cc34fd9d82b0c6d7267dcc1cac30b2234f9f9020f48754a66d120f25f54e
rf_importance,k,k:2,,2,19993,rf,none,329888820,0.5721925133689839,0.5943871706758305,0.2887731431966726,0.2016042780748663,0.3670943528459141,,,0.2875302060634503,,1.732620320855615,0.9037433155080212,,0.2231555555555556,smk_can_187,9,47.134,eea1cc34fd9d82b0c6d7267dcc1cac30b2234f9f9020f48754a66d120f25f54e
rf_importance,k,k:4,,4,19993,rf,none,329888820,0.6096256684491979,0.6521764032073311,0.2542440879382056,0.1848841354723707,0.2895569706750515,,,0.3124059294608913,,1.6524064171122994,0.9144385026737968,,0.1926666666666667,smk_can_187,9,47.134,eea1cc34fd9d82b0c6d7267dcc1cac30b2234f9f9020f48754a66d120f25f54e
rf_importance,k,k:8,,8,19993,rf,none,329888820,0.6096256684491979,0.6641466208476517,0.2399631610219845,0.1535472370766488,0.2826254984183918,,,0.3329653150925259,,1.6470588235294117,0.9144385026737968,,0.1751555555555555,smk_can_187,9,47.134,eea1cc34fd9d82b0c6d7267dcc1cac30b2234f9f9020f48754a66d120f25f54e
rf_importance,k,k:16,,16,19993,rf,none,329888820,0.6310160427807486,0.6879725085910653,0.2255225193107545,0.1452406417112299,0.2477976277185238,,,0.3518571647652393,,1.5828877005347597,0.9037433155080212,,0.1597777777777777,smk_can_187,9,47.134,eea1cc34fd9d82b0c6d7267dcc1cac30b2234f9f9020f48754a66d120f25f54e
rf_importance,k,k:32,,32,19993,rf,none,329888820,0.6310160427807486,0.7098510882016037,0.2124161616161616,0.1206060606060606,0.2215547930585927,,,0.3690385953453615,,1.5508021390374331,0.9037433155080212,,0.1039111111111111,smk_can_187,9,47.134,eea1cc34fd9d82b0c6d7267dcc1cac30b2234f9f9020f48754a66d120f25f54e
rf_importance,k,k:64,,64,19993,rf,none,329888820,0.679144385026738,0.7469072164948454,0.1980363636363636,0.0804991087344028,0.1979734756136495,,,0.3745531611068175,,1.5454545454545454,0.9037433155080212,,0.0849333333333333,smk_can_187,9,47.134,eea1cc34fd9d82b0c6d7267dcc1cac30b2234f9f9020f48754a66d120f25f54e
rf_importance,k,k:128,,128,19993,rf,none,329888820,0.6844919786096256,0.7346506300114547,0.2030433749257278,0.0880926916221033,0.2054817799069622,,,0.370683696831438,,1.5561497326203209,0.9090909090909092,,0.1047111111111111,smk_can_187,9,47.134,eea1cc34fd9d82b0c6d7267dcc1cac30b2234f9f9020f48754a66d120f25f54e
rf_importance,k,k:256,,256,19993,rf,none,329888820,0.7165775401069518,0.7332187857961054,0.2025459298871063,0.1500178253119429,0.2134574619009032,,,0.3743009216334089,,1.5935828877005347,0.9037433155080212,,0.1317777777777777,smk_can_187,9,47.134,eea1cc34fd9d82b0c6d7267dcc1cac30b2234f9f9020f48754a66d120f25f54e
rf_importance,frac,frac:1,1.0,19993,19993,rf,none,3563851831,0.7165775401069518,0.7512027491408935,0.1987562685680332,0.0772549019607842,0.1931505368385446,,,0.3698200634978006,,1.5508021390374331,0.9144385026737968,,0.0944888888888889,smk_can_187,10,55.396,eea1cc34fd9d82b0c6d7267dcc1cac30b2234f9f9020f48754a66d120f25f54e
rf_importance,k,k:1,,1,19993,rf,none,3563851831,0.5401069518716578,0.6024627720504009,0.3304717079084158,0.3027088107970461,0.3682541193484253,,,0.2602019027891942,,1.711229946524064,0.9037433155080212,,0.3204110582010582,smk_can_187,10,55.396,eea1cc34fd9d82b0c6d7267dcc1cac30b2234f9f9020f48754a66d120f25f54e
rf_importance,k,k:2,,2,19993,rf,none,3563851831,0.5882352941176471,0.5978235967926689,0.2861525846702317,0.224777183600713,0.3961071146128745,,,0.3053308709185965,,1.7593582887700534,0.9037433155080212,,0.2523111111111111,smk_can_187,10,55.396,eea1cc34fd9d82b0c6d7267dcc1cac30b2234f9f9020f48754a66d120f25f54e
rf_importance,k,k:4,,4,19993,rf,none,3563851831,0.6898395721925134,0.686483390607102,0.2365609031491384,0.1457397504456327,0.2838742951470792,,,0.3397533805530944,,1.6898395721925137,0.9090909090909092,,0.1619555555555556,smk_can_187,10,55.396,eea1cc34fd9d82b0c6d7267dcc1cac30b2234f9f9020f48754a66d120f25f54e
rf_importance,k,k:8,,8,19993,rf,none,3563851831,0.6631016042780749,0.7274341351660939,0.2099702911467617,0.1045989304812834,0.2155588650909702,,,0.3581593171382298,,1.5935828877005347,0.9037433155080212,,0.1343111111111111,smk_can_187,10,55.396,eea1cc34fd9d82b0c6d7267dcc1cac30b2234f9f9020f48754a66d120f25f54e
rf_importance,k,k:16,,16,19993,rf,none,3563851831,0.679144385026738,0.752290950744559,0.2000995840760547,0.1089839572192513,0.1923124249161318,,,0.3621261072735889,,1.4759358288770053,0.9037433155080212,,0.1322222222222222,smk_can_187,10,55.396,eea1cc34fd9d82b0c6d7267dcc1cac30b2234f9f9020f48754a66d120f25f54e
rf_importance,k,k:32,,32,19993,rf,none,3563851831,0.7379679144385026,0.7606529209621994,0.1943234699940582,0.1137254901960784,0.1857303462881637,,,0.3744366543178886,,1.5561497326203209,0.9037433155080212,,0.1065777777777777,smk_can_187,10,55.396,eea1cc34fd9d82b0c6d7267dcc1cac30b2234f9f9020f48754a66d120f25f54e
rf_importance,k,k:64,,64,19993,rf,none,3563851831,0.679144385026738,0.766151202749141,0.1940525252525252,0.1076648841354723,0.1766103667663593,,,0.3687827550034859,,1.5240641711229947,0.9037433155080212,,0.1053777777777778,smk_can_187,10,55.396,eea1cc34fd9d82b0c6d7267dcc1cac30b2234f9f9020f48754a66d120f25f54e
rf_importance,k,k:128,,128,19993,rf,none,3563851831,0.6951871657754011,0.7504581901489118,0.1963812240047534,0.0655258467023173,0.1866737363681699,,,0.371385199332104,,1.502673796791444,0.9037433155080212,,0.0582666666666666,smk_can_187,10,55.396,eea1cc34fd9d82b0c6d7267dcc1cac30b2234f9f9020f48754a66d120f25f54e
rf_importance,k,k:256,,256,19993,rf,none,3563851831,0.6898395721925134,0.7457617411225659,0.198984670231729,0.063030303030303,0.197104892568653,,,0.3703789310231685,,1.53475935828877,0.9037433155080212,,0.0771555555555555,smk_can_187,10,55.396,eea1cc34fd9d82b0c6d7267dcc1cac30b2234f9f9020f48754a66d120f25f54e
rf_importance,frac,frac:1,1.0,19993,19993,rf,none,3696765287,0.7165775401069518,0.7546391752577319,0.1975203802733214,0.0870231729055258,0.1921251449486268,,,0.3731859079200025,,1.518716577540107,0.9037433155080212,,0.0996888888888888,smk_can_187,11,55.699,eea1cc34fd9d82b0c6d7267dcc1cac30b2234f9f9020f48754a66d120f25f54e
rf_importance,k,k:1,,1,19993,rf,none,3696765287,0.5080213903743316,0.5239404352806415,0.3636359670777401,0.3256201510907393,0.4724510219117053,,,0.240339582510706,,1.8021390374331552,0.9037433155080212,,0.328423492063492,smk_can_187,11,55.699,eea1cc34fd9d82b0c6d7267dcc1cac30b2234f9f9020f48754a66d120f25f54e
rf_importance,k,k:2,,2,19993,rf,none,3696765287,0.6256684491978609,0.627319587628866,0.2705879976232917,0.1698039215686274,0.3614490482830538,,,0.3007427696086086,,1.7379679144385027,0.9037433155080212,,0.1896444444444444,smk_can_187,11,55.699,eea1cc34fd9d82b0c6d7267dcc1cac30b2234f9f9020f48754a66d120f25f54e
rf_importance,k,k:4,,4,19993,rf,none,3696765287,0.6310160427807486,0.6781786941580756,0.2392021390374331,0.1280213903743315,0.2679043087425326,,,0.33154237094063,,1.6203208556149733,0.9037433155080212,,0.1460888888888888,smk_can_187,11,55.699,eea1cc34fd9d82b0c6d7267dcc1cac30b2234f9f9020f48754a66d120f25f54e
rf_importance,k,k:8,,8,19993,rf,none,3696765287,0.6631016042780749,0.7443871706758305,0.2046274509803921,0.0839928698752228,0.2126709644840016,,,0.3624777584194245,,1.5240641711229947,0.9037433155080212,,0.0848888888888889,smk_can_187,11,55.699,eea1cc34fd9d82b0c6d7267dcc1cac30b2234f9f9020f48754a66d120f25f54e
rf_importance,k,k:16,,16,19993,rf,none,3696765287,0.7005347593582888,0.7473654066437572,0.2004411170528817,0.1284848484848485,0.1974623945859917,,,0.3674466747283873,,1.5401069518716577,0.9037433155080212,,0.1377777777777777,smk_can_187,11,55.699,eea1cc34fd9d82b0c6d7267dcc1cac30b2234f9f9020f48754a66d120f25f54e
rf_importance,k,k:32,,32,19993,rf,none,3696765287,0.7005347593582888,0.7403780068728523,0.2015199049316696,0.1098395721925133,0.2004640438342839,,,0.3640469829974277,,1.5454545454545454,0.9037433155080212,,0.1284888888888889,smk_can_187,11,55.699,eea1cc34fd9d82b0c6d7267dcc1cac30b2234f9f9020f48754a66d120f25f54e
rf_importance,k,k:64,,64,19993,rf,none,3696765287,0.6844919786096256,0.7463917525773196,0.1982017825311942,0.1001782531194295,0.1911260476873389,,,0.3713987263407418,,1.5133689839572193,0.9037433155080212,,0.0948444444444444,smk_can_187,11,55.699,eea1cc34fd9d82b0c6d7267dcc1cac30b2234f9f9020f48754a66d120f25f54e
rf_importance,k,k:128,,128,19993,rf,none,3696765287,0.7058823529411765,0.7536655211912944,0.19603018419489,0.0773262032085561,0.1827853305841846,,,0.3715627588733564,,1.4866310160427807,0.9037433155080212,,0.0856888888888889,smk_can_187,11,55.699,eea1cc34fd9d82b0c6d7267dcc1cac30b2234f9f9020f48754a66d120f25f54e
rf_importance,k,k:256,,256,19993,rf,none,3696765287,0.7112299465240641,0.7659221076746849,0.1915455733808674,0.0985383244206773,0.1744701967372018,,,0.3762871591632974,,1.4759358288770053,0.9037433155080212,,0.1251555555555555,smk_can_187,11,55.699,eea1cc34fd9d82b0c6d7267dcc1cac30b2234f9f9020f48754a66d120f25f54e
rf_importance,frac,frac:1,1.0,19993,19993,rf,none,2861731412,0.6898395721925134,0.731729667812142,0.2035092097445038,0.1126916221033868,0.2102788728621906,,,0.3707740276073557,,1.5775401069518715,0.9090909090909092,,0.1054666666666666,smk_can_187,12,43.423,eea1cc34fd9d82b0c6d7267dcc1cac30b2234f9f9020f48754a66d120f25f54e
rf_importance,k,k:1,,1,19993,rf,none,2861731412,0.5561497326203209,0.5856242840778924,0.3373767615517586,0.3078916900093371,0.4231623276773626,,,0.2660707063045365,,1.7647058823529411,0.9037433155080212,,0.3301042328042328,smk_can_187,12,43.423,eea1cc34fd9d82b0c6d7267dcc1cac30b2234f9f9020f48754a66d120f25f54e
rf_importance,k,k:2,,2,19993,rf,none,2861731412,0.5935828877005348,0.666151202749141,0.2571313131313131,0.1950089126559714,0.301282857685233,,,0.3214363155603928,,1.6631016042780749,0.9037433155080212,,0.1910666666666667,smk_can_187,12,43.423,eea1cc34fd9d82b0c6d7267dcc1cac30b2234f9f9020f48754a66d120f25f54e
rf_importance,k,k:4,,4,19993,rf,none,2861731412,0.6631016042780749,0.7037227949599084,0.2287170528817587,0.1206060606060605,0.2629897121940361,,,0.3446955443709432,,1.588235294117647,0.9037433155080212,,0.1325333333333333,smk_can_187,12,43.423,eea1cc34fd9d82b0c6d7267dcc1cac30b2234f9f9020f48754a66d120f25f54e
rf_importance,k,k:8,,8,19993,rf,none,2861731412,0.679144385026738,0.7286941580756015,0.2110131907308378,0.1151515151515151,0.2158573756021536,,,0.3527920964178037,,1.6203208556149733,0.9197860962566844,,0.1210222222222222,smk_can_187,12,43.423,eea1cc34fd9d82b0c6d7267dcc1cac30b2234f9f9020f48754a66d120f25f54e
rf_importance,k,k:16,,16,19993,rf,none,2861731412,0.6951871657754011,0.7398625429553265,0.2054414735591206,0.0503030303030302,0.2126714624038134,,,0.3626121781294299,,1.5508021390374331,0.9037433155080212,,0.0682666666666666,smk_can_187,12,43.423,eea1cc34fd9d82b0c6d7267dcc1cac30b2234f9f9020f48754a66d120f25f54e
rf_importance,k,k:32,,32,19993,rf,none,2861731412,0.6898395721925134,0.7343642611683848,0.2043933452168746,0.0774688057040998,0.2230756893779684,,,0.3714632742554319,,1.5668449197860963,0.9037433155080212,,0.0794222222222222,smk_can_187,12,43.423,eea1cc34fd9d82b0c6d7267dcc1cac30b2234f9f9020f48754a66d120f25f54e
rf_importance,k,k:64,,64,19993,rf,none,2861731412,0.6737967914438503,0.7372852233676976,0.2015227569815805,0.0989304812834224,0.2011581300313903,,,0.3723971723878336,,1.5508021390374331,0.9197860962566844,,0.096711111111111,smk_can_187,12,43.423,eea1cc34fd9d82b0c6d7267dcc1cac30b2234f9f9020f48754a66d120f25f54e
rf_importance,k,k:128,,128,19993,rf,none,2861731412,0.7005347593582888,0.7449599083619702,0.1983089720736779,0.095222816399287,0.195900631413963,,,0.3733444163382618,,1.5614973262032086,0.9037433155080212,,0.0970666666666666,smk_can_187,12,43.423,eea1cc34fd9d82b0c6d7267dcc1cac30b2234f9f9020f48754a66d120f25f54e
rf_importance,k,k:256,,256,19993,rf,none,2861731412,0.6951871657754011,0.7290950744558992,0.2015655377302436,0.1207486631016043,0.1997735532611207,,,0.3726770223033955,,1.5240641711229947,0.9037433155080212,,0.1372444444444444,smk_can_187,12,43.423,eea1cc34fd9d82b0c6d7267dcc1cac30b2234f9f9020f48754a66d120f25f54e
rf_importance,frac,frac:1,1.0,19993,19993,rf,none,3153881227,0.7112299465240641,0.740836197021764,0.2005704099821746,0.1185739750445632,0.2005009565138058,,,0.3703574551959807,,1.5828877005347597,0.9037433155080212,,0.1224,smk_can_187,13,49.747,eea1cc34fd9d82b0c6d7267dcc1cac30b2234f9f9020f48754a66d120f25f54e
rf_importance,k,k:1,,1,19993,rf,none,3153881227,0.5187165775401069,0.554639175257732,0.3688659114194125,0.3392889398183516,0.4156656733054482,,,0.2262526227915477,,1.8021390374331552,0.9251336898395722,,0.3786019753086419,smk_can_187,13,49.747,eea1cc34fd9d82b0c6d7267dcc1cac30b2234f9f9020f48754a66d120f25f54e
rf_importance,k,k:2,,2,19993,rf,none,3153881227,0.6470588235294118,0.6320160366552119,0.2713761140819964,0.2316221033868092,0.3342133792617121,,,0.3221162277185146,,1.7058823529411764,0.9144385026737968,,0.2323555555555555,smk_can_187,13,49.747,eea1cc34fd9d82b0c6d7267dcc1cac30b2234f9f9020f48754a66d120f25f54e
rf_importance,k,k:4,,4,19993,rf,none,3153881227,0.6417112299465241,0.697594501718213,0.2316525252525252,0.1257754010695187,0.2757265574005103,,,0.3273801123368214,,1.588235294117647,0.9037433155080212,,0.1429333333333333,smk_can_187,13,49.747,eea1cc34fd9d82b0c6d7267dcc1cac30b2234f9f9020f48754a66d120f25f54e
rf_importance,k,k:8,,8,19993,rf,none,3153881227,0.6684491978609626,0.7067583046964491,0.2209169340463458,0.0906238859180035,0.2730503467702879,,,0.3522279252029438,,1.6149732620320856,0.9037433155080212,,0.0946222222222222,smk_can_187,13,49.747,eea1cc34fd9d82b0c6d7267dcc1cac30b2234f9f9020f48754a66d120f25f54e
rf_importance,k,k:16,,16,19993,rf,none,3153881227,0.6684491978609626,0.7183276059564719,0.2088993464052288,0.1365418894830659,0.2113822304149163,,,0.3702750955143735,,1.53475935828877,0.9037433155080212,,0.1205777777777778,smk_can_187,13,49.747,eea1cc34fd9d82b0c6d7267dcc1cac30b2234f9f9020f48754a66d120f25f54e
rf_importance,k,k:32,,32,19993,rf,none,3153881227,0.6844919786096256,0.729438717067583,0.2057288175876411,0.1353297682709447,0.2069697387989599,,,0.3755528220467696,,1.5561497326203209,0.9090909090909092,,0.1163111111111111,smk_can_187,13,49.747,eea1cc34fd9d82b0c6d7267dcc1cac30b2234f9f9020f48754a66d120f25f54e
rf_importance,k,k:64,,64,19993,rf,none,3153881227,0.6951871657754011,0.7408361970217641,0.2008337492572786,0.1183600713012477,0.1997824249771004,,,0.3769239951514421,,1.5240641711229947,0.9144385026737968,,0.1060444444444444,smk_can_187,13,49.747,eea1cc34fd9d82b0c6d7267dcc1cac30b2234f9f9020f48754a66d120f25f54e
rf_importance,k,k:128,,128,19993,rf,none,3153881227,0.7058823529411765,0.7526345933562428,0.1947035056446821,0.101711229946524,0.1810324143565949,,,0.3777222465580175,,1.5828877005347597,0.9144385026737968,,0.0997777777777778,smk_can_187,13,49.747,eea1cc34fd9d82b0c6d7267dcc1cac30b2234f9f9020f48754a66d120f25f54e
rf_importance,k,k:256,,256,19993,rf,none,3153881227,0.7219251336898396,0.7434707903780069,0.1963767082590612,0.1146880570409982,0.1954502792740483,,,0.379963028793675,,1.502673796791444,0.9037433155080212,,0.1072444444444444,smk_can_187,13,49.747,eea1cc34fd9d82b0c6d7267dcc1cac30b2234f9f9020f48754a66d120f25f54e
rf_importance,frac,frac:1,1.0,19993,19993,rf,none,3428598450,0.6844919786096256,0.6981099656357388,0.214645513963161,0.1010695187165775,0.2577406193708005,,,0.3579116574273746,,1.6363636363636365,0.9144385026737968,,0.0845333333333333,smk_can_187,14,41.941,eea1cc34fd9d82b0c6d7267dcc1cac30b2234f9f9020f48754a66d120f25f54e
rf_importance,k,k:1,,1,19993,rf,none,3428598450,0.5561497326203209,0.5845360824742268,0.3313683628400855,0.2931008403361343,0.4185623097382163,,,0.2476927931461299,,1.7593582887700534,0.9090909090909092,,0.3169597883597884,smk_can_187,14,41.941,eea1cc34fd9d82b0c6d7267dcc1cac30b2234f9f9020f48754a66d120f25f54e
rf_importance,k,k:2,,2,19993,rf,none,3428598450,0.5775401069518716,0.6118556701030927,0.2824713012477718,0.214331550802139,0.3848651756796979,,,0.305888700965316,,1.7272727272727273,0.9037433155080212,,0.2506222222222222,smk_can_187,14,41.941,eea1cc34fd9d82b0c6d7267dcc1cac30b2234f9f9020f48754a66d120f25f54e
rf_importance,k,k:4,,4,19993,rf,none,3428598450,0.5989304812834224,0.6014318442153495,0.2832831847890671,0.1988591800356506,0.3931127327351619,,,0.3068162699376472,,1.7647058823529411,0.9037433155080212,,0.2304,smk_can_187,14,41.941,eea1cc34fd9d82b0c6d7267dcc1cac30b2234f9f9020f48754a66d120f25f54e
rf_importance,k,k:8,,8,19993,rf,none,3428598450,0.6310160427807486,0.6252004581901489,0.2550217468805704,0.1829590017825312,0.350007469349464,,,0.3303296416363328,,1.7058823529411764,0.9037433155080212,,0.2068444444444445,smk_can_187,14,41.941,eea1cc34fd9d82b0c6d7267dcc1cac30b2234f9f9020f48754a66d120f25f54e
rf_importance,k,k:16,,16,19993,rf,none,3428598450,0.6363636363636364,0.6673539518900343,0.2366673796791444,0.1266310160427807,0.2878202548564724,,,0.3398131608020676,,1.6577540106951871,0.9037433155080212,,0.1546666666666666,smk_can_187,14,41.941,eea1cc34fd9d82b0c6d7267dcc1cac30b2234f9f9020f48754a66d120f25f54e
rf_importance,k,k:32,,32,19993,rf,none,3428598450,0.6684491978609626,0.6983963344788087,0.2230868686868687,0.126488413547237,0.2611999498353057,,,0.3496886211244371,,1.6524064171122994,0.9037433155080212,,0.1489777777777778,smk_can_187,14,41.941,eea1cc34fd9d82b0c6d7267dcc1cac30b2234f9f9020f48754a66d120f25f54e
rf_importance,k,k:64,,64,19993,rf,none,3428598450,0.6737967914438503,0.7103665521191295,0.2155522281639929,0.1248484848484848,0.2485163660397565,,,0.3581704374973103,,1.5828877005347597,0.9037433155080212,,0.1218222222222222,smk_can_187,14,41.941,eea1cc34fd9d82b0c6d7267dcc1cac30b2234f9f9020f48754a66d120f25f54e
rf_importance,k,k:128,,128,19993,rf,none,3428598450,0.6844919786096256,0.7166093928980527,0.2107360665478312,0.1075222816399286,0.2400076182262167,,,0.3581129791312231,,1.5668449197860963,0.9037433155080212,,0.1101333333333333,smk_can_187,14,41.941,eea1cc34fd9d82b0c6d7267dcc1cac30b2234f9f9020f48754a66d120f25f54e
rf_importance,k,k:256,,256,19993,rf,none,3428598450,0.6898395721925134,0.7096219931271478,0.2131712418300654,0.0825668449197861,0.2491419469709515,,,0.3611094538524789,,1.5775401069518715,0.9037433155080212,,0.0941777777777777,smk_can_187,14,41.941,eea1cc34fd9d82b0c6d7267dcc1cac30b2234f9f9020f48754a66d120f25f54e
rf_importance,frac,frac:1,1.0,19993,19993,rf,none,3153714388,0.6631016042780749,0.7286941580756013,0.2053447415329768,0.076078431372549,0.2112325466570569,,,0.364337763646215,,1.5508021390374331,0.9037433155080212,,0.0888444444444444,smk_can_187,15,49.794,eea1cc34fd9d82b0c6d7267dcc1cac30b2234f9f9020f48754a66d120f25f54e
rf_importance,k,k:1,,1,19993,rf,none,3153714388,0.5347593582887701,0.5660366552119129,0.3352024021958952,0.2887032509973685,0.4243637110297733,,,0.2466059702924794,,1.7486631016042782,0.9037433155080212,,0.3091796825396825,smk_can_187,15,49.794,eea1cc34fd9d82b0c6d7267dcc1cac30b2234f9f9020f48754a66d120f25f54e
rf_importance,k,k:2,,2,19993,rf,none,3153714388,0.5668449197860963,0.5827605956471936,0.2987961972667855,0.245597147950089,0.4006415835516314,,,0.265884214715917,,1.711229946524064,0.9037433155080212,,0.2769333333333333,smk_can_187,15,49.794,eea1cc34fd9d82b0c6d7267dcc1cac30b2234f9f9020f48754a66d120f25f54e
rf_importance,k,k:4,,4,19993,rf,none,3153714388,0.6363636363636364,0.6414662084765178,0.2598390968508615,0.1668092691622103,0.345432125987426,,,0.3095106285644415,,1.695187165775401,0.9037433155080212,,0.1839111111111111,smk_can_187,15,49.794,eea1cc34fd9d82b0c6d7267dcc1cac30b2234f9f9020f48754a66d120f25f54e
rf_importance,k,k:8,,8,19993,rf,none,3153714388,0.6203208556149733,0.7010309278350515,0.2236798573975044,0.1080570409982174,0.2647479784794133,,,0.3482100828606542,,1.588235294117647,0.9037433155080212,,0.1015555555555556,smk_can_187,15,49.794,eea1cc34fd9d82b0c6d7267dcc1cac30b2234f9f9020f48754a66d120f25f54e
rf_importance,k,k:16,,16,19993,rf,none,3153714388,0.6684491978609626,0.7140893470790378,0.2130887700534759,0.1225311942959001,0.2348250493309779,,,0.3640526364747504,,1.5401069518716577,0.9037433155080212,,0.1442222222222222,smk_can_187,15,49.794,eea1cc34fd9d82b0c6d7267dcc1cac30b2234f9f9020f48754a66d120f25f54e
rf_importance,k,k:32,,32,19993,rf,none,3153714388,0.6684491978609626,0.7247995418098511,0.2097590017825311,0.1337967914438503,0.2352161377238726,,,0.3675560988429795,,1.5240641711229947,0.9037433155080212,,0.1370222222222222,smk_can_187,15,49.794,eea1cc34fd9d82b0c6d7267dcc1cac30b2234f9f9020f48754a66d120f25f54e
rf_importance,k,k:64,,64,19993,rf,none,3153714388,0.7112299465240641,0.7422107674684995,0.2001178847296494,0.1135828877005347,0.2036269613747973,,,0.377177376611666,,1.4919786096256684,0.9037433155080212,,0.1061333333333333,smk_can_187,15,49.794,eea1cc34fd9d82b0c6d7267dcc1cac30b2234f9f9020f48754a66d120f25f54e
rf_importance,k,k:128,,128,19993,rf,none,3153714388,0.6898395721925134,0.7400916380297823,0.2019610219845513,0.0893761140819964,0.2056257440235038,,,0.3719809024639148,,1.5454545454545454,0.9037433155080212,,0.0932888888888888,smk_can_187,15,49.794,eea1cc34fd9d82b0c6d7267dcc1cac30b2234f9f9020f48754a66d120f25f54e
rf_importance,k,k:256,,256,19993,rf,none,3153714388,0.6951871657754011,0.7428407789232532,0.2022509803921568,0.1089839572192513,0.2069460132545585,,,0.3699553819343423,,1.5561497326203209,0.9090909090909092,,0.1210222222222222,smk_can_187,15,49.794,eea1cc34fd9d82b0c6d7267dcc1cac30b2234f9f9020f48754a66d120f25f54e
rf_importance,frac,frac:1,1.0,19993,19993,rf,none,487357414,0.7058823529411765,0.7347651775486828,0.2042017825311942,0.1007130124777183,0.2205008175393341,,,0.3699678535269599,,1.518716577540107,0.9037433155080212,,0.0962222222222222,smk_can_187,16,45.643,eea1cc34fd9d82b0c6d7267dcc1cac30b2234f9f9020f48754a66d120f25f54e
rf_importance,k,k:1,,1,19993,rf,none,487357414,0.5294117647058824,0.5616838487972509,0.3515459465900838,0.3251711229946524,0.4179085902318407,,,0.2234426091065741,,1.7914438502673795,0.9144385026737968,,0.3285162962962962,smk_can_187,16,45.643,eea1cc34fd9d82b0c6d7267dcc1cac30b2234f9f9020f48754a66d120f25f54e
rf_importance,k,k:2,,2,19993,rf,none,487357414,0.6417112299465241,0.654581901489118,0.260881045751634,0.1934046345811051,0.3535681292060165,,,0.3120535979780938,,1.732620320855615,0.9090909090909092,,0.2017333333333333,smk_can_187,16,45.643,eea1cc34fd9d82b0c6d7267dcc1cac30b2234f9f9020f48754a66d120f25f54e
rf_importance,k,k:4,,4,19993,rf,none,487357414,0.6844919786096256,0.7187857961053837,0.2182894830659536,0.1263814616755793,0.2817007308677819,,,0.3569012795775709,,1.60427807486631,0.9037433155080212,,0.1396,smk_can_187,16,45.643,eea1cc34fd9d82b0c6d7267dcc1cac30b2234f9f9020f48754a66d120f25f54e
rf_importance,k,k:8,,8,19993,rf,none,487357414,0.6951871657754011,0.7330469644902635,0.2083519904931669,0.1313725490196078,0.2399628340891197,,,0.3667870454132442,,1.588235294117647,0.9090909090909092,,0.1210222222222222,smk_can_187,16,45.643,eea1cc34fd9d82b0c6d7267dcc1cac30b2234f9f9020f48754a66d120f25f54e
rf_importance,k,k:16,,16,19993,rf,none,487357414,0.6631016042780749,0.7369415807560137,0.2079256090314913,0.0985026737967914,0.2043469819106103,,,0.3517048753248517,,1.5561497326203209,0.9037433155080212,,0.0984888888888889,smk_can_187,16,45.643,eea1cc34fd9d82b0c6d7267dcc1cac30b2234f9f9020f48754a66d120f25f54e
rf_importance,k,k:32,,32,19993,rf,none,487357414,0.6844919786096256,0.7387170675830469,0.2053967914438502,0.1109803921568627,0.2107409959543699,,,0.3645008532135574,,1.5614973262032086,0.9037433155080212,,0.1271555555555555,smk_can_187,16,45.643,eea1cc34fd9d82b0c6d7267dcc1cac30b2234f9f9020f48754a66d120f25f54e
rf_importance,k,k:64,,64,19993,rf,none,487357414,0.7058823529411765,0.7506300114547537,0.2004793820558526,0.0975757575757575,0.2023090943533709,,,0.3675974553784345,,1.5294117647058822,0.9037433155080212,,0.0951999999999999,smk_can_187,16,45.643,eea1cc34fd9d82b0c6d7267dcc1cac30b2234f9f9020f48754a66d120f25f54e
rf_importance,k,k:128,,128,19993,rf,none,487357414,0.7165775401069518,0.7604238258877435,0.1961387997623291,0.0691622103386809,0.1818995970807784,,,0.3719955769613658,,1.5133689839572193,0.9144385026737968,,0.0675999999999999,smk_can_187,16,45.643,eea1cc34fd9d82b0c6d7267dcc1cac30b2234f9f9020f48754a66d120f25f54e
rf_importance,k,k:256,,256,19993,rf,none,487357414,0.7219251336898396,0.7556701030927836,0.1950431372549019,0.0959001782531193,0.18336359072675,,,0.3777429437301707,,1.5508021390374331,0.9144385026737968,,0.0852444444444444,smk_can_187,16,45.643,eea1cc34fd9d82b0c6d7267dcc1cac30b2234f9f9020f48754a66d120f25f54e
rf_importance,frac,frac:1,1.0,19993,19993,rf,none,3186277845,0.6684491978609626,0.7072737686139748,0.2117435531788473,0.1063458110516933,0.2283510514112542,,,0.3606124156704101,,1.5989304812834224,0.9090909090909092,,0.1095555555555555,smk_can_187,17,48.201,eea1cc34fd9d82b0c6d7267dcc1cac30b2234f9f9020f48754a66d120f25f54e
rf_importance,k,k:1,,1,19993,rf,none,3186277845,0.5401069518716578,0.5728522336769759,0.3442759027543303,0.3209026539908892,0.4137898355437562,,,0.2444906306166298,,1.7540106951871657,0.9037433155080212,,0.3411694356261022,smk_can_187,17,48.201,eea1cc34fd9d82b0c6d7267dcc1cac30b2234f9f9020f48754a66d120f25f54e
rf_importance,k,k:2,,2,19993,rf,none,3186277845,0.5614973262032086,0.5656357388316151,0.2991360665478312,0.1978966131907308,0.4209744945499138,,,0.2964205434734768,,1.7647058823529411,0.9037433155080212,,0.2282666666666666,smk_can_187,17,48.201,eea1cc34fd9d82b0c6d7267dcc1cac30b2234f9f9020f48754a66d120f25f54e
rf_importance,k,k:4,,4,19993,rf,none,3186277845,0.5721925133689839,0.6164948453608248,0.2691039809863339,0.1767201426024955,0.3460781910347582,,,0.3096515588680781,,1.7219251336898396,0.9037433155080212,,0.1764444444444445,smk_can_187,17,48.201,eea1cc34fd9d82b0c6d7267dcc1cac30b2234f9f9020f48754a66d120f25f54e
rf_importance,k,k:8,,8,19993,rf,none,3186277845,0.6256684491978609,0.679324169530355,0.2385383244206773,0.1044563279857397,0.3067769793934911,,,0.3293669188247154,,1.6737967914438503,0.9090909090909092,,0.1156,smk_can_187,17,48.201,eea1cc34fd9d82b0c6d7267dcc1cac30b2234f9f9020f48754a66d120f25f54e
rf_importance,k,k:16,,16,19993,rf,none,3186277845,0.6470588235294118,0.6996563573883162,0.2273418894830659,0.1457754010695187,0.2462723570311065,,,0.3420239658870592,,1.6737967914438503,0.9197860962566844,,0.1509777777777777,smk_can_187,17,48.201,eea1cc34fd9d82b0c6d7267dcc1cac30b2234f9f9020f48754a66d120f25f54e
rf_importance,k,k:32,,32,19993,rf,none,3186277845,0.6363636363636364,0.6764604810996564,0.2293744503862151,0.1299465240641711,0.266194446258492,,,0.3480563052843379,,1.609625668449198,0.9037433155080212,,0.1357777777777777,smk_can_187,17,48.201,eea1cc34fd9d82b0c6d7267dcc1cac30b2234f9f9020f48754a66d120f25f54e
rf_importance,k,k:64,,64,19993,rf,none,3186277845,0.6363636363636364,0.6825887743413517,0.2235320261437908,0.1106238859180035,0.2581796484917072,,,0.3525278045757552,,1.6203208556149733,0.9037433155080212,,0.1042222222222222,smk_can_187,17,48.201,eea1cc34fd9d82b0c6d7267dcc1cac30b2234f9f9020f48754a66d120f25f54e
rf_importance,k,k:128,,128,19993,rf,none,3186277845,0.6363636363636364,0.6754868270332188,0.2246949494949494,0.1022459893048128,0.2748513977515004,,,0.3544409834147836,,1.6149732620320856,0.9037433155080212,,0.0914666666666667,smk_can_187,17,48.201,eea1cc34fd9d82b0c6d7267dcc1cac30b2234f9f9020f48754a66d120f25f54e
rf_importance,k,k:256,,256,19993,rf,none,3186277845,0.6577540106951871,0.6941580756013747,0.2160114081996434,0.0891978609625668,0.2493022483407198,,,0.3603673464645134,,1.6203208556149733,0.9037433155080212,,0.0796,smk_can_187,17,48.201,eea1cc34fd9d82b0c6d7267dcc1cac30b2234f9f9020f48754a66d120f25f54e
rf_importance,frac,frac:1,1.0,19993,19993,rf,none,1505705370,0.6684491978609626,0.7375715922107675,0.2076962566844919,0.0857754010695187,0.2414186871208916,,,0.3558765588059547,,1.5401069518716577,0.9037433155080212,,0.1012444444444444,smk_can_187,18,44.518,eea1cc34fd9d82b0c6d7267dcc1cac30b2234f9f9020f48754a66d120f25f54e
rf_importance,k,k:1,,1,19993,rf,none,1505705370,0.5294117647058824,0.5756586483390608,0.3460035112994692,0.3271677276971394,0.4207500122334102,,,0.2412471973567027,,1.7486631016042782,0.9037433155080212,,0.3263548148148148,smk_can_187,18,44.518,eea1cc34fd9d82b0c6d7267dcc1cac30b2234f9f9020f48754a66d120f25f54e
rf_importance,k,k:2,,2,19993,rf,none,1505705370,0.5935828877005348,0.6269759450171821,0.2658336304218657,0.1929768270944741,0.3619387180907845,,,0.2911933043842987,,1.6844919786096255,0.9037433155080212,,0.2069333333333333,smk_can_187,18,44.518,eea1cc34fd9d82b0c6d7267dcc1cac30b2234f9f9020f48754a66d120f25f54e
rf_importance,k,k:4,,4,19993,rf,none,1505705370,0.5882352941176471,0.6556701030927835,0.2461000594177065,0.1365418894830659,0.3023683167370684,,,0.3163643082044188,,1.60427807486631,0.9037433155080212,,0.1381333333333333,smk_can_187,18,44.518,eea1cc34fd9d82b0c6d7267dcc1cac30b2234f9f9020f48754a66d120f25f54e
rf_importance,k,k:8,,8,19993,rf,none,1505705370,0.6042780748663101,0.6639747995418098,0.2344270944741532,0.1413190730837789,0.2871729835397608,,,0.3358502346348917,,1.6631016042780749,0.9037433155080212,,0.1291999999999999,smk_can_187,18,44.518,eea1cc34fd9d82b0c6d7267dcc1cac30b2234f9f9020f48754a66d120f25f54e
rf_importance,k,k:16,,16,19993,rf,none,1505705370,0.6363636363636364,0.6632875143184421,0.2330231729055258,0.1075579322638146,0.2867063739605582,,,0.337822709080786,,1.6577540106951871,0.9197860962566844,,0.1223111111111111,smk_can_187,18,44.518,eea1cc34fd9d82b0c6d7267dcc1cac30b2234f9f9020f48754a66d120f25f54e
rf_importance,k,k:32,,32,19993,rf,none,1505705370,0.6844919786096256,0.697651775486827,0.2215294117647059,0.0995721925133689,0.2579331780019857,,,0.3485556570140289,,1.6363636363636365,0.9037433155080212,,0.1083999999999999,smk_can_187,18,44.518,eea1cc34fd9d82b0c6d7267dcc1cac30b2234f9f9020f48754a66d120f25f54e
rf_importance,k,k:64,,64,19993,rf,none,1505705370,0.6737967914438503,0.7025773195876289,0.2178417112299465,0.0903743315508021,0.2532951022454602,,,0.3523145914076988,,1.6684491978609626,0.9197860962566844,,0.1027111111111111,smk_can_187,18,44.518,eea1cc34fd9d82b0c6d7267dcc1cac30b2234f9f9020f48754a66d120f25f54e
rf_importance,k,k:128,,128,19993,rf,none,1505705370,0.6737967914438503,0.7222794959908362,0.2091976232917409,0.0886631016042781,0.2336145652137546,,,0.3603300870716454,,1.609625668449198,0.9037433155080212,,0.0797333333333333,smk_can_187,18,44.518,eea1cc34fd9d82b0c6d7267dcc1cac30b2234f9f9020f48754a66d120f25f54e
rf_importance,k,k:256,,256,19993,rf,none,1505705370,0.6898395721925134,0.727147766323024,0.2083184789067142,0.081283422459893,0.2276413740961561,,,0.3564681244480175,,1.6524064171122994,0.9090909090909092,,0.1064888888888888,smk_can_187,18,44.518,eea1cc34fd9d82b0c6d7267dcc1cac30b2234f9f9020f48754a66d120f25f54e
rf_importance,frac,frac:1,1.0,19993,19993,rf,none,3890062411,0.679144385026738,0.7436998854524627,0.2012256684491978,0.0779679144385026,0.2082744524578001,,,0.3677855357333877,,1.497326203208556,0.9037433155080212,,0.0843555555555555,smk_can_187,19,41.101,eea1cc34fd9d82b0c6d7267dcc1cac30b2234f9f9020f48754a66d120f25f54e
rf_importance,k,k:1,,1,19993,rf,none,3890062411,0.5668449197860963,0.606701030927835,0.3083086987212393,0.2615503777268483,0.3725954143670424,,,0.2714013365086682,,1.7058823529411764,0.9037433155080212,,0.2733823280423281,smk_can_187,19,41.101,eea1cc34fd9d82b0c6d7267dcc1cac30b2234f9f9020f48754a66d120f25f54e
rf_importance,k,k:2,,2,19993,rf,none,3890062411,0.6203208556149733,0.6484536082474227,0.2627805109922757,0.1588235294117647,0.3466979105293703,,,0.3009327968782985,,1.786096256684492,0.9090909090909092,,0.1771555555555555,smk_can_187,19,41.101,eea1cc34fd9d82b0c6d7267dcc1cac30b2234f9f9020f48754a66d120f25f54e
rf_importance,k,k:4,,4,19993,rf,none,3890062411,0.6577540106951871,0.6951317296678122,0.232701128936423,0.1454545454545454,0.2689684810105534,,,0.3409172256867033,,1.625668449197861,0.9037433155080212,,0.1376444444444444,smk_can_187,19,41.101,eea1cc34fd9d82b0c6d7267dcc1cac30b2234f9f9020f48754a66d120f25f54e
rf_importance,k,k:8,,8,19993,rf,none,3890062411,0.6684491978609626,0.729667812142039,0.2124268568033274,0.1259180035650624,0.2410239127929384,,,0.3561662657234978,,1.5935828877005347,0.9090909090909092,,0.138311111111111,smk_can_187,19,41.101,eea1cc34fd9d82b0c6d7267dcc1cac30b2234f9f9020f48754a66d120f25f54e
rf_importance,k,k:16,,16,19993,rf,none,3890062411,0.679144385026738,0.7134020618556701,0.2154462269756387,0.0798573975044563,0.2313692352472469,,,0.3549969944315504,,1.60427807486631,0.9037433155080212,,0.0952888888888888,smk_can_187,19,41.101,eea1cc34fd9d82b0c6d7267dcc1cac30b2234f9f9020f48754a66d120f25f54e
rf_importance,k,k:32,,32,19993,rf,none,3890062411,0.7112299465240641,0.7532646048109966,0.1957043374925728,0.0903386809269162,0.2023730560818378,,,0.3745790082595089,,1.572192513368984,0.9037433155080212,,0.0967111111111111,smk_can_187,19,41.101,eea1cc34fd9d82b0c6d7267dcc1cac30b2234f9f9020f48754a66d120f25f54e
rf_importance,k,k:64,,64,19993,rf,none,3890062411,0.6951871657754011,0.7542382588774341,0.1956171122994652,0.119108734402852,0.1924968827173724,,,0.3702050645357829,,1.4545454545454546,0.9037433155080212,,0.1295555555555555,smk_can_187,19,41.101,eea1cc34fd9d82b0c6d7267dcc1cac30b2234f9f9020f48754a66d120f25f54e
rf_importance,k,k:128,,128,19993,rf,none,3890062411,0.6844919786096256,0.7628293241695303,0.1948487225193107,0.1170053475935828,0.1987632904365016,,,0.3726621143379213,,1.4491978609625669,0.9037433155080212,,0.1207999999999999,smk_can_187,19,41.101,eea1cc34fd9d82b0c6d7267dcc1cac30b2234f9f9020f48754a66d120f25f54e
rf_importance,k,k:256,,256,19993,rf,none,3890062411,0.7058823529411765,0.7518327605956472,0.1963581699346405,0.0809625668449198,0.1975137997474621,,,0.3758452206753448,,1.502673796791444,0.9090909090909092,,0.0751111111111111,smk_can_187,19,41.101,eea1cc34fd9d82b0c6d7267dcc1cac30b2234f9f9020f48754a66d120f25f54e
rf_importance,frac,frac:1,1.0,19993,19993,rf,none,1044159210,0.6737967914438503,0.7265750286368844,0.2051082590612002,0.1355793226381461,0.2158972309075098,,,0.3686961869912338,,1.5775401069518715,0.9037433155080212,,0.1476,smk_can_187,20,49.295,eea1cc34fd9d82b0c6d7267dcc1cac30b2234f9f9020f48754a66d120f25f54e
rf_importance,k,k:1,,1,19993,rf,none,1044159210,0.5240641711229946,0.5760595647193586,0.3376198452734629,0.3053141499023852,0.3842955013540952,,,0.2459156142746165,,1.732620320855615,0.9037433155080212,,0.3330420634920634,smk_can_187,20,49.295,eea1cc34fd9d82b0c6d7267dcc1cac30b2234f9f9020f48754a66d120f25f54e
rf_importance,k,k:2,,2,19993,rf,none,1044159210,0.5882352941176471,0.6549255441008017,0.2614003565062389,0.1955080213903743,0.2970805973461607,,,0.3101556148654931,,1.6577540106951871,0.9037433155080212,,0.2020444444444444,smk_can_187,20,49.295,eea1cc34fd9d82b0c6d7267dcc1cac30b2234f9f9020f48754a66d120f25f54e
rf_importance,k,k:4,,4,19993,rf,none,1044159210,0.6310160427807486,0.6754295532646049,0.2400168746286393,0.1670231729055258,0.2757582346018621,,,0.3383311448883908,,1.6524064171122994,0.9037433155080212,,0.1743999999999999,smk_can_187,20,49.295,eea1cc34fd9d82b0c6d7267dcc1cac30b2234f9f9020f48754a66d120f25f54e
rf_importance,k,k:8,,8,19993,rf,none,1044159210,0.6684491978609626,0.7117411225658649,0.2178010695187165,0.1409625668449198,0.2361902901668406,,,0.3652939943960335,,1.609625668449198,0.9037433155080212,,0.1448888888888889,smk_can_187,20,49.295,eea1cc34fd9d82b0c6d7267dcc1cac30b2234f9f9020f48754a66d120f25f54e
rf_importance,k,k:16,,16,19993,rf,none,1044159210,0.7005347593582888,0.7054982817869416,0.2174866310160428,0.1535472370766488,0.2347565113901956,,,0.3674991568069292,,1.5989304812834224,0.9037433155080212,,0.1495555555555556,smk_can_187,20,49.295,eea1cc34fd9d82b0c6d7267dcc1cac30b2234f9f9020f48754a66d120f25f54e
rf_importance,k,k:32,,32,19993,rf,none,1044159210,0.6684491978609626,0.7180985108820161,0.2081725490196078,0.1199286987522281,0.2160474068889122,,,0.3674293733203639,,1.5989304812834224,0.9090909090909092,,0.1201777777777777,smk_can_187,20,49.295,eea1cc34fd9d82b0c6d7267dcc1cac30b2234f9f9020f48754a66d120f25f54e
rf_importance,k,k:64,,64,19993,rf,none,1044159210,0.6898395721925134,0.7439289805269187,0.1972525252525252,0.1162210338680927,0.1845543196704967,,,0.3777398348608188,,1.5401069518716577,0.9144385026737968,,0.1106222222222221,smk_can_187,20,49.295,eea1cc34fd9d82b0c6d7267dcc1cac30b2234f9f9020f48754a66d120f25f54e
rf_importance,k,k:128,,128,19993,rf,none,1044159210,0.6363636363636364,0.7334478808705613,0.2016156862745098,0.1015329768270944,0.1950010229807223,,,0.3695480104585023,,1.4919786096256684,0.9037433155080212,,0.0996444444444444,smk_can_187,20,49.295,eea1cc34fd9d82b0c6d7267dcc1cac30b2234f9f9020f48754a66d120f25f54e
rf_importance,k,k:256,,256,19993,rf,none,1044159210,0.6684491978609626,0.7460481099656358,0.1993292929292929,0.0959714795008912,0.1934358479581326,,,0.3707512823469957,,1.46524064171123,0.9037433155080212,,0.1039999999999999,smk_can_187,20,49.295,eea1cc34fd9d82b0c6d7267dcc1cac30b2234f9f9020f48754a66d120f25f54e
rf_importance,frac,frac:1,1.0,19993,19993,rf,none,2118960618,0.6951871657754011,0.7129438717067583,0.2072629827688651,0.1144028520499108,0.2168218516067165,,,0.3676338161024446,,1.5668449197860963,0.9037433155080212,,0.119511111111111,smk_can_187,21,43.369,eea1cc34fd9d82b0c6d7267dcc1cac30b2234f9f9020f48754a66d120f25f54e
rf_importance,k,k:1,,1,19993,rf,none,2118960618,0.5775401069518716,0.6462199312714776,0.3017006353440365,0.272053857906799,0.3138131552523353,,,0.2554475319315032,,1.6631016042780749,0.9037433155080212,,0.2883631746031746,smk_can_187,21,43.369,eea1cc34fd9d82b0c6d7267dcc1cac30b2234f9f9020f48754a66d120f25f54e
rf_importance,k,k:2,,2,19993,rf,none,2118960618,0.6203208556149733,0.6769186712485681,0.2546265002970885,0.1727985739750445,0.2800406628700992,,,0.3197195437391399,,1.60427807486631,0.9037433155080212,,0.1958222222222222,smk_can_187,21,43.369,eea1cc34fd9d82b0c6d7267dcc1cac30b2234f9f9020f48754a66d120f25f54e
rf_importance,k,k:4,,4,19993,rf,none,2118960618,0.6524064171122995,0.7195876288659793,0.220473440285205,0.1209982174688057,0.2222434889874017,,,0.3457464492067612,,1.5561497326203209,0.9090909090909092,,0.1421333333333333,smk_can_187,21,43.369,eea1cc34fd9d82b0c6d7267dcc1cac30b2234f9f9020f48754a66d120f25f54e
rf_importance,k,k:8,,8,19993,rf,none,2118960618,0.6577540106951871,0.7008591065292097,0.2218975638740344,0.1006773618538324,0.2409473853277633,,,0.3533624042103525,,1.5775401069518715,0.9037433155080212,,0.1145777777777777,smk_can_187,21,43.369,eea1cc34fd9d82b0c6d7267dcc1cac30b2234f9f9020f48754a66d120f25f54e
rf_importance,k,k:16,,16,19993,rf,none,2118960618,0.6577540106951871,0.7028636884306987,0.2206398098633392,0.1093048128342245,0.2611545169051765,,,0.3552512817424013,,1.5454545454545454,0.9037433155080212,,0.1048444444444444,smk_can_187,21,43.369,eea1cc34fd9d82b0c6d7267dcc1cac30b2234f9f9020f48754a66d120f25f54e
rf_importance,k,k:32,,32,19993,rf,none,2118960618,0.6898395721925134,0.7147193585337914,0.2116308972073677,0.148270944741533,0.2212887466562173,,,0.3638920963652639,,1.5454545454545454,0.9037433155080212,,0.1513333333333333,smk_can_187,21,43.369,eea1cc34fd9d82b0c6d7267dcc1cac30b2234f9f9020f48754a66d120f25f54e
rf_importance,k,k:64,,64,19993,rf,none,2118960618,0.7005347593582888,0.729667812142039,0.2058497920380273,0.1085561497326203,0.2068606887621223,,,0.3669720467967347,,1.6310160427807487,0.9144385026737968,,0.1281333333333333,smk_can_187,21,43.369,eea1cc34fd9d82b0c6d7267dcc1cac30b2234f9f9020f48754a66d120f25f54e
rf_importance,k,k:128,,128,19993,rf,none,2118960618,0.7165775401069518,0.77290950744559,0.1909989304812833,0.1068092691622103,0.1733479086607718,,,0.3744254517628745,,1.5508021390374331,0.9037433155080212,,0.132711111111111,smk_can_187,21,43.369,eea1cc34fd9d82b0c6d7267dcc1cac30b2234f9f9020f48754a66d120f25f54e
rf_importance,k,k:256,,256,19993,rf,none,2118960618,0.7112299465240641,0.752290950744559,0.1967134878193701,0.0505525846702317,0.1930657050270534,,,0.3726017011484187,,1.5454545454545454,0.9090909090909092,,0.0444888888888888,smk_can_187,21,43.369,eea1cc34fd9d82b0c6d7267dcc1cac30b2234f9f9020f48754a66d120f25f54e
rf_importance,frac,frac:1,1.0,19993,19993,rf,none,3263291167,0.7058823529411765,0.7270332187857961,0.2075622103386809,0.1120855614973261,0.2300123421769491,,,0.3668866172029313,,1.572192513368984,0.9090909090909092,,0.1073333333333333,smk_can_187,22,45.161,eea1cc34fd9d82b0c6d7267dcc1cac30b2234f9f9020f48754a66d120f25f54e
rf_importance,k,k:1,,1,19993,rf,none,3263291167,0.5187165775401069,0.5612256586483391,0.3437351003713868,0.3130698299521828,0.4004855057102495,,,0.2520908966695327,,1.7272727272727273,0.9090909090909092,,0.3314875132275131,smk_can_187,22,45.161,eea1cc34fd9d82b0c6d7267dcc1cac30b2234f9f9020f48754a66d120f25f54e
rf_importance,k,k:2,,2,19993,rf,none,3263291167,0.5721925133689839,0.6324169530355097,0.273858110516934,0.2002852049910873,0.3289794710874453,,,0.2963971699598194,,1.695187165775401,0.9037433155080212,,0.2102222222222222,smk_can_187,22,45.161,eea1cc34fd9d82b0c6d7267dcc1cac30b2234f9f9020f48754a66d120f25f54e
rf_importance,k,k:4,,4,19993,rf,none,3263291167,0.6256684491978609,0.667983963344788,0.2471363042186571,0.178680926916221,0.274025521754043,,,0.3285137165324716,,1.6470588235294117,0.9090909090909092,,0.1779555555555555,smk_can_187,22,45.161,eea1cc34fd9d82b0c6d7267dcc1cac30b2234f9f9020f48754a66d120f25f54e
rf_importance,k,k:8,,8,19993,rf,none,3263291167,0.6203208556149733,0.6731386025200459,0.2350690433749257,0.1553297682709447,0.2718377035786452,,,0.3430965456320208,,1.6524064171122994,0.9037433155080212,,0.1502222222222222,smk_can_187,22,45.161,eea1cc34fd9d82b0c6d7267dcc1cac30b2234f9f9020f48754a66d120f25f54e
rf_importance,k,k:16,,16,19993,rf,none,3263291167,0.6684491978609626,0.6969644902634594,0.2217815805109922,0.1231372549019607,0.2394122447636911,,,0.3576568676372827,,1.588235294117647,0.9037433155080212,,0.1227999999999999,smk_can_187,22,45.161,eea1cc34fd9d82b0c6d7267dcc1cac30b2234f9f9020f48754a66d120f25f54e
rf_importance,k,k:32,,32,19993,rf,none,3263291167,0.6203208556149733,0.6751431844215349,0.2288185383244206,0.1635650623885917,0.2753178637163171,,,0.3508742491320392,,1.6577540106951871,0.9037433155080212,,0.1462222222222222,smk_can_187,22,45.161,eea1cc34fd9d82b0c6d7267dcc1cac30b2234f9f9020f48754a66d120f25f54e
rf_importance,k,k:64,,64,19993,rf,none,3263291167,0.6470588235294118,0.6784650630011455,0.2239103980986334,0.1469875222816399,0.2547211854278751,,,0.3533894335726585,,1.60427807486631,0.9037433155080212,,0.1605333333333334,smk_can_187,22,45.161,eea1cc34fd9d82b0c6d7267dcc1cac30b2234f9f9020f48754a66d120f25f54e
rf_importance,k,k:128,,128,19993,rf,none,3263291167,0.6524064171122995,0.7019473081328751,0.2177730243612596,0.1234937611408199,0.2433613525001332,,,0.3556287664770126,,1.5775401069518715,0.9090909090909092,,0.1178666666666666,smk_can_187,22,45.161,eea1cc34fd9d82b0c6d7267dcc1cac30b2234f9f9020f48754a66d120f25f54e
rf_importance,k,k:256,,256,19993,rf,none,3263291167,0.6524064171122995,0.713631156930126,0.2093105169340464,0.0857754010695187,0.2261907620787105,,,0.3645783582365622,,1.53475935828877,0.9090909090909092,,0.0945777777777778,smk_can_187,22,45.161,eea1cc34fd9d82b0c6d7267dcc1cac30b2234f9f9020f48754a66d120f25f54e
rf_importance,frac,frac:1,1.0,19993,19993,rf,none,4283389261,0.679144385026738,0.7102520045819015,0.2124751039809863,0.1428520499108734,0.2432644332420003,,,0.3602345239767857,,1.6203208556149733,0.9090909090909092,,0.1420888888888888,smk_can_187,23,41.63,eea1cc34fd9d82b0c6d7267dcc1cac30b2234f9f9020f48754a66d120f25f54e
rf_importance,k,k:1,,1,19993,rf,none,4283389261,0.5294117647058824,0.5650057273768614,0.3363127280558688,0.2974629912571089,0.4145924360501524,,,0.2596194558238613,,1.7807486631016043,0.9090909090909092,,0.3073214814814815,smk_can_187,23,41.63,eea1cc34fd9d82b0c6d7267dcc1cac30b2234f9f9020f48754a66d120f25f54e
rf_importance,k,k:2,,2,19993,rf,none,4283389261,0.6203208556149733,0.6551546391752577,0.2570010695187165,0.1644206773618538,0.3147193739063399,,,0.3193464830518633,,1.6470588235294117,0.9037433155080212,,0.1883111111111111,smk_can_187,23,41.63,eea1cc34fd9d82b0c6d7267dcc1cac30b2234f9f9020f48754a66d120f25f54e
rf_importance,k,k:4,,4,19993,rf,none,4283389261,0.6577540106951871,0.7006872852233678,0.2213459298871063,0.1272370766488413,0.2481855411559004,,,0.3566243047215031,,1.5668449197860963,0.9037433155080212,,0.1359111111111111,smk_can_187,23,41.63,eea1cc34fd9d82b0c6d7267dcc1cac30b2234f9f9020f48754a66d120f25f54e
rf_importance,k,k:8,,8,19993,rf,none,4283389261,0.6684491978609626,0.7226231386025199,0.2124513368983956,0.092156862745098,0.2236468893328438,,,0.349813262226885,,1.5561497326203209,0.9037433155080212,,0.0837333333333333,smk_can_187,23,41.63,eea1cc34fd9d82b0c6d7267dcc1cac30b2234f9f9020f48754a66d120f25f54e
rf_importance,k,k:16,,16,19993,rf,none,4283389261,0.6631016042780749,0.7457044673539519,0.2013178847296494,0.0814616755793226,0.1969892927531802,,,0.3639483170199839,,1.5401069518716577,0.9037433155080212,,0.0730666666666666,smk_can_187,23,41.63,eea1cc34fd9d82b0c6d7267dcc1cac30b2234f9f9020f48754a66d120f25f54e
rf_importance,k,k:32,,32,19993,rf,none,4283389261,0.6363636363636364,0.7085337915234823,0.2148777183600712,0.1216399286987522,0.2318478749351379,,,0.3502385736659241,,1.5935828877005347,0.9037433155080212,,0.1288444444444444,smk_can_187,23,41.63,eea1cc34fd9d82b0c6d7267dcc1cac30b2234f9f9020f48754a66d120f25f54e
rf_importance,k,k:64,,64,19993,rf,none,4283389261,0.6737967914438503,0.7328751431844215,0.2060163992869875,0.1058110516934046,0.2158917263774573,,,0.3629516051195445,,1.5454545454545454,0.9090909090909092,,0.1099555555555556,smk_can_187,23,41.63,eea1cc34fd9d82b0c6d7267dcc1cac30b2234f9f9020f48754a66d120f25f54e
rf_importance,k,k:128,,128,19993,rf,none,4283389261,0.6631016042780749,0.7331042382588774,0.2036213903743315,0.0803208556149732,0.2091145925867825,,,0.3639548132566405,,1.5454545454545454,0.9037433155080212,,0.0665333333333333,smk_can_187,23,41.63,eea1cc34fd9d82b0c6d7267dcc1cac30b2234f9f9020f48754a66d120f25f54e
rf_importance,k,k:256,,256,19993,rf,none,4283389261,0.679144385026738,0.7310996563573884,0.2049428401663696,0.0942959001782531,0.2080988708463005,,,0.3623634185851855,,1.60427807486631,0.9197860962566844,,0.0965777777777778,smk_can_187,23,41.63,eea1cc34fd9d82b0c6d7267dcc1cac30b2234f9f9020f48754a66d120f25f54e
rf_importance,frac,frac:1,1.0,19993,19993,rf,none,2109269022,0.6844919786096256,0.7585910652920962,0.1975303624480094,0.0667023172905525,0.1925251414368713,,,0.3679861288478009,,1.4866310160427807,0.9037433155080212,,0.0883555555555554,smk_can_187,24,44.625,eea1cc34fd9d82b0c6d7267dcc1cac30b2234f9f9020f48754a66d120f25f54e
rf_importance,k,k:1,,1,19993,rf,none,2109269022,0.5668449197860963,0.5997136311569301,0.325317697567916,0.2912063492063492,0.3706107918127282,,,0.2735100829135592,,1.7379679144385027,0.9090909090909092,,0.324619365079365,smk_can_187,24,44.625,eea1cc34fd9d82b0c6d7267dcc1cac30b2234f9f9020f48754a66d120f25f54e
rf_importance,k,k:2,,2,19993,rf,none,2109269022,0.5721925133689839,0.6096792668957617,0.2853079025549614,0.2153654188948306,0.3684370658482462,,,0.3003340884076765,,1.732620320855615,0.9090909090909092,,0.2167111111111111,smk_can_187,24,44.625,eea1cc34fd9d82b0c6d7267dcc1cac30b2234f9f9020f48754a66d120f25f54e
rf_importance,k,k:4,,4,19993,rf,none,2109269022,0.6417112299465241,0.656930126002291,0.2494490790255496,0.1687344028520499,0.2945472573552763,,,0.3315514386587057,,1.6737967914438503,0.9037433155080212,,0.1875999999999999,smk_can_187,24,44.625,eea1cc34fd9d82b0c6d7267dcc1cac30b2234f9f9020f48754a66d120f25f54e
rf_importance,k,k:8,,8,19993,rf,none,2109269022,0.6042780748663101,0.6745131729667814,0.2351933452168746,0.1237789661319072,0.2689286658171979,,,0.3321534310179615,,1.6310160427807487,0.9037433155080212,,0.1360444444444444,smk_can_187,24,44.625,eea1cc34fd9d82b0c6d7267dcc1cac30b2234f9f9020f48754a66d120f25f54e
rf_importance,k,k:16,,16,19993,rf,none,2109269022,0.6684491978609626,0.711397479954181,0.2171893048128342,0.0966131907308378,0.2394407205064198,,,0.3521478793768227,,1.60427807486631,0.9037433155080212,,0.1130666666666666,smk_can_187,24,44.625,eea1cc34fd9d82b0c6d7267dcc1cac30b2234f9f9020f48754a66d120f25f54e
rf_importance,k,k:32,,32,19993,rf,none,2109269022,0.6951871657754011,0.7229667812142039,0.209187165775401,0.0993582887700534,0.2244129165167012,,,0.3648043181201989,,1.572192513368984,0.9037433155080212,,0.0935999999999999,smk_can_187,24,44.625,eea1cc34fd9d82b0c6d7267dcc1cac30b2234f9f9020f48754a66d120f25f54e
rf_importance,k,k:64,,64,19993,rf,none,2109269022,0.679144385026738,0.7466208476517755,0.1991876411170528,0.0859180035650623,0.1920121124675447,,,0.3666731074396324,,1.5240641711229947,0.9090909090909092,,0.1028444444444444,smk_can_187,24,44.625,eea1cc34fd9d82b0c6d7267dcc1cac30b2234f9f9020f48754a66d120f25f54e
rf_importance,k,k:128,,128,19993,rf,none,2109269022,0.6898395721925134,0.7516609392898053,0.1983705288175876,0.0972549019607843,0.1909080752152972,,,0.3673798179921139,,1.5133689839572193,0.9037433155080212,,0.1102222222222222,smk_can_187,24,44.625,eea1cc34fd9d82b0c6d7267dcc1cac30b2234f9f9020f48754a66d120f25f54e
rf_importance,k,k:256,,256,19993,rf,none,2109269022,0.7165775401069518,0.7444444444444445,0.2023938205585264,0.0844206773618538,0.2095301319439302,,,0.365507277002552,,1.502673796791444,0.9037433155080212,,0.0908444444444444,smk_can_187,24,44.625,eea1cc34fd9d82b0c6d7267dcc1cac30b2234f9f9020f48754a66d120f25f54e
rf_importance,frac,frac:1,1.0,19993,19993,rf,none,1413253226,0.6898395721925134,0.7373424971363116,0.2030319667260844,0.0613547237076649,0.198603889315369,,,0.3662084292058745,,1.518716577540107,0.9037433155080212,,0.0536444444444444,smk_can_187,25,47.299,eea1cc34fd9d82b0c6d7267dcc1cac30b2234f9f9020f48754a66d120f25f54e
rf_importance,k,k:1,,1,19993,rf,none,1413253226,0.5401069518716578,0.5882588774341352,0.336184537590457,0.3054673202614379,0.3902805849751041,,,0.2460532794799618,,1.695187165775401,0.9037433155080212,,0.3285531216931215,smk_can_187,25,47.299,eea1cc34fd9d82b0c6d7267dcc1cac30b2234f9f9020f48754a66d120f25f54e
rf_importance,k,k:2,,2,19993,rf,none,1413253226,0.5828877005347594,0.677205040091638,0.2599241830065359,0.1889839572192513,0.3160040443878658,,,0.3109441876622094,,1.6577540106951871,0.9037433155080212,,0.1890222222222222,smk_can_187,25,47.299,eea1cc34fd9d82b0c6d7267dcc1cac30b2234f9f9020f48754a66d120f25f54e
rf_importance,k,k:4,,4,19993,rf,none,1413253226,0.6524064171122995,0.7033218785796105,0.23592917409388,0.1651336898395722,0.289302457918599,,,0.3335054506442923,,1.6898395721925137,0.9037433155080212,,0.1737777777777777,smk_can_187,25,47.299,eea1cc34fd9d82b0c6d7267dcc1cac30b2234f9f9020f48754a66d120f25f54e
rf_importance,k,k:8,,8,19993,rf,none,1413253226,0.6417112299465241,0.6837915234822451,0.2316228163992869,0.1057754010695187,0.2844890550888804,,,0.3444767793024155,,1.641711229946524,0.9090909090909092,,0.1178666666666666,smk_can_187,25,47.299,eea1cc34fd9d82b0c6d7267dcc1cac30b2234f9f9020f48754a66d120f25f54e
rf_importance,k,k:16,,16,19993,rf,none,1413253226,0.6951871657754011,0.7099083619702176,0.2189083778966132,0.1106238859180036,0.2594109570503971,,,0.3502814049846363,,1.6577540106951871,0.9037433155080212,,0.1261333333333333,smk_can_187,25,47.299,eea1cc34fd9d82b0c6d7267dcc1cac30b2234f9f9020f48754a66d120f25f54e
rf_importance,k,k:32,,32,19993,rf,none,1413253226,0.6844919786096256,0.7344788087056128,0.2064442067736185,0.0791443850267379,0.2232825653728558,,,0.3589417947684163,,1.5828877005347597,0.9037433155080212,,0.0859555555555555,smk_can_187,25,47.299,eea1cc34fd9d82b0c6d7267dcc1cac30b2234f9f9020f48754a66d120f25f54e
rf_importance,k,k:64,,64,19993,rf,none,1413253226,0.679144385026738,0.7487972508591065,0.2000344622697564,0.0971479500891265,0.2064934849964422,,,0.3774597404794838,,1.53475935828877,0.9037433155080212,,0.0861777777777778,smk_can_187,25,47.299,eea1cc34fd9d82b0c6d7267dcc1cac30b2234f9f9020f48754a66d120f25f54e
rf_importance,k,k:128,,128,19993,rf,none,1413253226,0.6684491978609626,0.733848797250859,0.203136541889483,0.1044206773618538,0.2068902909416629,,,0.3665093465844599,,1.5561497326203209,0.9197860962566844,,0.1128,smk_can_187,25,47.299,eea1cc34fd9d82b0c6d7267dcc1cac30b2234f9f9020f48754a66d120f25f54e
rf_importance,k,k:256,,256,19993,rf,none,1413253226,0.6470588235294118,0.7213631156930126,0.2072522875816993,0.0742245989304812,0.2130807572952494,,,0.3627301247756111,,1.5561497326203209,0.9037433155080212,,0.0875555555555555,smk_can_187,25,47.299,eea1cc34fd9d82b0c6d7267dcc1cac30b2234f9f9020f48754a66d120f25f54e
rf_importance,frac,frac:1,1.0,19993,19993,rf,none,3451242057,0.7005347593582888,0.7376288659793815,0.2041860962566845,0.115614973262032,0.2294761527518249,,,0.3696384569153246,,1.5508021390374331,0.9037433155080212,,0.1050666666666666,smk_can_187,26,41.855,eea1cc34fd9d82b0c6d7267dcc1cac30b2234f9f9020f48754a66d120f25f54e
rf_importance,k,k:1,,1,19993,rf,none,3451242057,0.6096256684491979,0.6197594501718213,0.300151850613983,0.2508588829471182,0.3701089647815243,,,0.2952069836127134,,1.7433155080213905,0.9037433155080212,,0.2885170370370369,smk_can_187,26,41.855,eea1cc34fd9d82b0c6d7267dcc1cac30b2234f9f9020f48754a66d120f25f54e
rf_importance,k,k:2,,2,19993,rf,none,3451242057,0.6310160427807486,0.6916953035509735,0.245176945929887,0.1686987522281639,0.2660529148783339,,,0.3254683610057536,,1.588235294117647,0.9037433155080212,,0.1835999999999999,smk_can_187,26,41.855,eea1cc34fd9d82b0c6d7267dcc1cac30b2234f9f9020f48754a66d120f25f54e
rf_importance,k,k:4,,4,19993,rf,none,3451242057,0.6524064171122995,0.7052119129438716,0.2244468211527035,0.1421033868092691,0.2376025150913941,,,0.3384863253092173,,1.5508021390374331,0.9037433155080212,,0.1538222222222222,smk_can_187,26,41.855,eea1cc34fd9d82b0c6d7267dcc1cac30b2234f9f9020f48754a66d120f25f54e
rf_importance,k,k:8,,8,19993,rf,none,3451242057,0.6631016042780749,0.7332187857961053,0.2066424242424242,0.113868092691622,0.2007005550068445,,,0.3640755241273051,,1.5133689839572193,0.9037433155080212,,0.1210666666666666,smk_can_187,26,41.855,eea1cc34fd9d82b0c6d7267dcc1cac30b2234f9f9020f48754a66d120f25f54e
rf_importance,k,k:16,,16,19993,rf,none,3451242057,0.6631016042780749,0.7446735395189003,0.2012760546642899,0.090873440285205,0.1882879955456938,,,0.3678268771394339,,1.5133689839572193,0.9090909090909092,,0.0960888888888888,smk_can_187,26,41.855,eea1cc34fd9d82b0c6d7267dcc1cac30b2234f9f9020f48754a66d120f25f54e
rf_importance,k,k:32,,32,19993,rf,none,3451242057,0.6631016042780749,0.7343642611683848,0.2036035650623885,0.1456684491978609,0.2009526026254332,,,0.3647654254158159,,1.5454545454545454,0.9090909090909092,,0.1660444444444444,smk_can_187,26,41.855,eea1cc34fd9d82b0c6d7267dcc1cac30b2234f9f9020f48754a66d120f25f54e
rf_importance,k,k:64,,64,19993,rf,none,3451242057,0.6631016042780749,0.7340206185567011,0.2033036244800951,0.0922638146167558,0.2151390914912943,,,0.372053416672632,,1.502673796791444,0.9037433155080212,,0.0748,smk_can_187,26,41.855,eea1cc34fd9d82b0c6d7267dcc1cac30b2234f9f9020f48754a66d120f25f54e
rf_importance,k,k:128,,128,19993,rf,none,3451242057,0.679144385026738,0.7357388316151202,0.2006968508615567,0.1249197860962566,0.2032623400569027,,,0.374911203515129,,1.53475935828877,0.9090909090909092,,0.1075111111111111,smk_can_187,26,41.855,eea1cc34fd9d82b0c6d7267dcc1cac30b2234f9f9020f48754a66d120f25f54e
rf_importance,k,k:256,,256,19993,rf,none,3451242057,0.7165775401069518,0.7488545246277205,0.1978490790255496,0.0865597147950089,0.2090096638522956,,,0.3758520242417092,,1.4866310160427807,0.9037433155080212,,0.0922222222222222,smk_can_187,26,41.855,eea1cc34fd9d82b0c6d7267dcc1cac30b2234f9f9020f48754a66d120f25f54e
rf_importance,frac,frac:1,1.0,19993,19993,rf,none,3228365254,0.6898395721925134,0.7583046964490263,0.1971303624480094,0.0773618538324421,0.1838038841120907,,,0.3684211056682222,,1.481283422459893,0.9037433155080212,,0.0950222222222222,smk_can_187,27,45.919,eea1cc34fd9d82b0c6d7267dcc1cac30b2234f9f9020f48754a66d120f25f54e
rf_importance,k,k:1,,1,19993,rf,none,3228365254,0.5026737967914439,0.5617411225658648,0.3509970723575626,0.3327064765300059,0.4049813606756337,,,0.2303097649193259,,1.7165775401069518,0.9037433155080212,,0.3665733333333333,smk_can_187,27,45.919,eea1cc34fd9d82b0c6d7267dcc1cac30b2234f9f9020f48754a66d120f25f54e
rf_importance,k,k:2,,2,19993,rf,none,3228365254,0.5668449197860963,0.5956471935853379,0.2828610814022579,0.2111942959001782,0.3637566390512423,,,0.2854602430455153,,1.7700534759358288,0.9144385026737968,,0.2646666666666667,smk_can_187,27,45.919,eea1cc34fd9d82b0c6d7267dcc1cac30b2234f9f9020f48754a66d120f25f54e
rf_importance,k,k:4,,4,19993,rf,none,3228365254,0.6096256684491979,0.670217640320733,0.2368841354723707,0.135187165775401,0.2727420960424111,,,0.3347017132570861,,1.6524064171122994,0.9037433155080212,,0.1358222222222222,smk_can_187,27,45.919,eea1cc34fd9d82b0c6d7267dcc1cac30b2234f9f9020f48754a66d120f25f54e
rf_importance,k,k:8,,8,19993,rf,none,3228365254,0.6203208556149733,0.6870561282932417,0.2260230540701129,0.0906238859180035,0.2613718676151866,,,0.3375097429559181,,1.6310160427807487,0.9037433155080212,,0.1040444444444444,smk_can_187,27,45.919,eea1cc34fd9d82b0c6d7267dcc1cac30b2234f9f9020f48754a66d120f25f54e
rf_importance,k,k:16,,16,19993,rf,none,3228365254,0.6363636363636364,0.6950171821305842,0.2191710041592394,0.1111586452762923,0.2444805947873279,,,0.3501281647770797,,1.5989304812834224,0.9090909090909092,,0.1026666666666666,smk_can_187,27,45.919,eea1cc34fd9d82b0c6d7267dcc1cac30b2234f9f9020f48754a66d120f25f54e
rf_importance,k,k:32,,32,19993,rf,none,3228365254,0.7112299465240641,0.7328751431844215,0.2033525846702317,0.1245632798573974,0.191895204473439,,,0.3668020096890481,,1.5828877005347597,0.9197860962566844,,0.1451999999999999,smk_can_187,27,45.919,eea1cc34fd9d82b0c6d7267dcc1cac30b2234f9f9020f48754a66d120f25f54e
rf_importance,k,k:64,,64,19993,rf,none,3228365254,0.6898395721925134,0.7310423825887743,0.2037765894236482,0.1180035650623885,0.2048671163807479,,,0.3659583518148553,,1.5989304812834224,0.9090909090909092,,0.1423555555555556,smk_can_187,27,45.919,eea1cc34fd9d82b0c6d7267dcc1cac30b2234f9f9020f48754a66d120f25f54e
rf_importance,k,k:128,,128,19993,rf,none,3228365254,0.6684491978609626,0.7340778923253151,0.203564349376114,0.0644919786096256,0.2061614561507034,,,0.3618553351294355,,1.5454545454545454,0.9037433155080212,,0.0772444444444444,smk_can_187,27,45.919,eea1cc34fd9d82b0c6d7267dcc1cac30b2234f9f9020f48754a66d120f25f54e
rf_importance,k,k:256,,256,19993,rf,none,3228365254,0.6844919786096256,0.7328178694158076,0.2030547831253713,0.0821033868092691,0.2067810903883477,,,0.3673056847369743,,1.5935828877005347,0.9090909090909092,,0.0769777777777777,smk_can_187,27,45.919,eea1cc34fd9d82b0c6d7267dcc1cac30b2234f9f9020f48754a66d120f25f54e
rf_importance,frac,frac:1,1.0,19993,19993,rf,none,2124149723,0.6951871657754011,0.729553264604811,0.2051334521687463,0.0860962566844919,0.2152914920316144,,,0.371850298960706,,1.5614973262032086,0.9037433155080212,,0.0680888888888889,smk_can_187,28,41.596,eea1cc34fd9d82b0c6d7267dcc1cac30b2234f9f9020f48754a66d120f25f54e
rf_importance,k,k:1,,1,19993,rf,none,2124149723,0.6096256684491979,0.6486254295532646,0.2970393069254637,0.2766726084373144,0.339552117277969,,,0.2807132696053535,,1.695187165775401,0.9037433155080212,,0.279142962962963,smk_can_187,28,41.596,eea1cc34fd9d82b0c6d7267dcc1cac30b2234f9f9020f48754a66d120f25f54e
rf_importance,k,k:2,,2,19993,rf,none,2124149723,0.6524064171122995,0.6859679266895762,0.2440979203802733,0.1795365418894831,0.2557426087527451,,,0.332796185288064,,1.679144385026738,0.9144385026737968,,0.1892888888888889,smk_can_187,28,41.596,eea1cc34fd9d82b0c6d7267dcc1cac30b2234f9f9020f48754a66d120f25f54e
rf_importance,k,k:4,,4,19993,rf,none,2124149723,0.6042780748663101,0.6786368843069874,0.237810101010101,0.1398930481283422,0.2734596215076496,,,0.3333733197311264,,1.5668449197860963,0.9037433155080212,,0.1647555555555555,smk_can_187,28,41.596,eea1cc34fd9d82b0c6d7267dcc1cac30b2234f9f9020f48754a66d120f25f54e
rf_importance,k,k:8,,8,19993,rf,none,2124149723,0.6898395721925134,0.7424971363115693,0.2048976827094474,0.0995721925133689,0.2084043226959283,,,0.3642460122966975,,1.5668449197860963,0.9037433155080212,,0.1092444444444444,smk_can_187,28,41.596,eea1cc34fd9d82b0c6d7267dcc1cac30b2234f9f9020f48754a66d120f25f54e
rf_importance,k,k:16,,16,19993,rf,none,2124149723,0.679144385026738,0.7427835051546392,0.2001326203208556,0.0963992869875222,0.195420158474052,,,0.3727478452061399,,1.53475935828877,0.9037433155080212,,0.0740444444444444,smk_can_187,28,41.596,eea1cc34fd9d82b0c6d7267dcc1cac30b2234f9f9020f48754a66d120f25f54e
rf_importance,k,k:32,,32,19993,rf,none,2124149723,0.6631016042780749,0.725028636884307,0.2042533571004159,0.0960427807486631,0.2004868602202768,,,0.3716666593082273,,1.5080213903743316,0.9037433155080212,,0.0974222222222222,smk_can_187,28,41.596,eea1cc34fd9d82b0c6d7267dcc1cac30b2234f9f9020f48754a66d120f25f54e
rf_importance,k,k:64,,64,19993,rf,none,2124149723,0.7005347593582888,0.761454753722795,0.1916598930481283,0.0776114081996434,0.1704723893691875,,,0.3794184572310113,,1.5240641711229947,0.9037433155080212,,0.0757333333333333,smk_can_187,28,41.596,eea1cc34fd9d82b0c6d7267dcc1cac30b2234f9f9020f48754a66d120f25f54e
rf_importance,k,k:128,,128,19993,rf,none,2124149723,0.6898395721925134,0.7437571592210768,0.1988648841354723,0.1083065953654188,0.1933232312750549,,,0.3747505046499918,,1.5240641711229947,0.9037433155080212,,0.1064444444444444,smk_can_187,28,41.596,eea1cc34fd9d82b0c6d7267dcc1cac30b2234f9f9020f48754a66d120f25f54e
rf_importance,k,k:256,,256,19993,rf,none,2124149723,0.7058823529411765,0.7524627720504008,0.1964622697563874,0.0792513368983957,0.182786093035237,,,0.3708912340336634,,1.5240641711229947,0.9037433155080212,,0.0819999999999999,smk_can_187,28,41.596,eea1cc34fd9d82b0c6d7267dcc1cac30b2234f9f9020f48754a66d120f25f54e
rf_importance,frac,frac:1,1.0,19993,19993,rf,none,52759310,0.6470588235294118,0.7285796105383734,0.2041573380867498,0.1204278074866309,0.2027979863353796,,,0.3658462223473268,,1.5080213903743316,0.9037433155080212,,0.1243555555555555,smk_can_187,29,44.315,eea1cc34fd9d82b0c6d7267dcc1cac30b2234f9f9020f48754a66d120f25f54e
rf_importance,k,k:1,,1,19993,rf,none,52759310,0.5454545454545454,0.5740549828178695,0.3629094498580577,0.346574569221628,0.3786266794995915,,,0.2483068430832253,,1.7433155080213905,0.9090909090909092,,0.3717518518518519,smk_can_187,29,44.315,eea1cc34fd9d82b0c6d7267dcc1cac30b2234f9f9020f48754a66d120f25f54e
rf_importance,k,k:2,,2,19993,rf,none,52759310,0.5614973262032086,0.6072164948453608,0.283470944741533,0.2141889483065954,0.3456318281496686,,,0.301431995769134,,1.700534759358289,0.9037433155080212,,0.2455555555555556,smk_can_187,29,44.315,eea1cc34fd9d82b0c6d7267dcc1cac30b2234f9f9020f48754a66d120f25f54e
rf_importance,k,k:4,,4,19993,rf,none,52759310,0.6417112299465241,0.6812714776632303,0.2398930481283422,0.1447415329768271,0.2602671518888426,,,0.3375358036685985,,1.6631016042780749,0.9090909090909092,,0.1642666666666666,smk_can_187,29,44.315,eea1cc34fd9d82b0c6d7267dcc1cac30b2234f9f9020f48754a66d120f25f54e
rf_importance,k,k:8,,8,19993,rf,none,52759310,0.6577540106951871,0.6920962199312715,0.2254383838383838,0.1331194295900178,0.2592931530173388,,,0.3540132980728321,,1.6363636363636365,0.9037433155080212,,0.1359555555555555,smk_can_187,29,44.315,eea1cc34fd9d82b0c6d7267dcc1cac30b2234f9f9020f48754a66d120f25f54e
rf_importance,k,k:16,,16,19993,rf,none,52759310,0.6524064171122995,0.7202749140893471,0.2114188948306595,0.1252406417112299,0.2190057476464666,,,0.359391595143896,,1.5454545454545454,0.9037433155080212,,0.1051555555555555,smk_can_187,29,44.315,eea1cc34fd9d82b0c6d7267dcc1cac30b2234f9f9020f48754a66d120f25f54e
rf_importance,k,k:32,,32,19993,rf,none,52759310,0.6684491978609626,0.7396907216494846,0.2043039809863339,0.079536541889483,0.2102806846218885,,,0.3642948421518519,,1.5401069518716577,0.9037433155080212,,0.0768,smk_can_187,29,44.315,eea1cc34fd9d82b0c6d7267dcc1cac30b2234f9f9020f48754a66d120f25f54e
rf_importance,k,k:64,,64,19993,rf,none,52759310,0.6577540106951871,0.7363115693012601,0.2030464646464646,0.1091622103386809,0.1999286420776502,,,0.3662717174905349,,1.5240641711229947,0.9144385026737968,,0.0922222222222222,smk_can_187,29,44.315,eea1cc34fd9d82b0c6d7267dcc1cac30b2234f9f9020f48754a66d120f25f54e
rf_importance,k,k:128,,128,19993,rf,none,52759310,0.6524064171122995,0.7416380297823596,0.2018174688057041,0.0721925133689839,0.205253073265054,,,0.3675069699272778,,1.4866310160427807,0.9037433155080212,,0.0685333333333333,smk_can_187,29,44.315,eea1cc34fd9d82b0c6d7267dcc1cac30b2234f9f9020f48754a66d120f25f54e
rf_importance,k,k:256,,256,19993,rf,none,52759310,0.679144385026738,0.745589919816724,0.2010723707664884,0.1055258467023173,0.2113797708273808,,,0.368227026812869,,1.4705882352941178,0.9037433155080212,,0.1125333333333333,smk_can_187,29,44.315,eea1cc34fd9d82b0c6d7267dcc1cac30b2234f9f9020f48754a66d120f25f54e
