dataset,method,classifier,rep,penalty_margin,penalty_d
cleveland,mutual_info,rf,0,0.0409968909317536,-0.0086300028197493
cleveland,mutual_info,rf,1,0.0661946701479676,0.0001997295141964
cleveland,mutual_info,rf,2,0.0339452374957215,-0.0141869852018541
cleveland,mutual_info,rf,3,0.1085846621425604,0.052286071576231
cleveland,mutual_info,rf,4,0.0709797658418069,0.0150243703186398
cleveland,mutual_info,rf,5,0.081451324069031,0.0344587986830429
cleveland,mutual_info,rf,6,0.0653759733177579,0.0146917719305951
cleveland,mutual_info,rf,7,0.0822291724683707,0.0294158195231735
cleveland,mutual_info,rf,8,0.0531006231834498,-0.0037243112055924
cleveland,mutual_info,rf,9,0.0600779200584866,0.0387788236111598
cleveland,mutual_info,rf,10,0.0711364118881472,0.0059018458105007
cleveland,mutual_info,rf,11,0.056868983631177,0.0129907884322131
cleveland,mutual_info,rf,12,0.0791353688175545,0.0138986836359313
cleveland,mutual_info,rf,13,0.0579264728423409,-0.0058799169537999
cleveland,mutual_info,rf,14,0.0696899113580903,0.0192383105737795
cleveland,mutual_info,rf,15,0.0320038374356977,-0.012299749728143
cleveland,mutual_info,rf,16,0.0687511360290589,0.0165056215294532
cleveland,mutual_info,rf,17,0.0346557014580042,-0.0231019297167247
cleveland,mutual_info,rf,18,0.0482978116137536,0.0263741058280074
cleveland,mutual_info,rf,19,0.0671766299297447,0.0363590653168986
cleveland,mutual_info,rf,20,0.0615723546981244,0.0345067115146342
cleveland,mutual_info,rf,21,0.0624752974080776,0.0173201708640522
cleveland,mutual_info,rf,22,0.0793903217955179,0.0193829448048921
cleveland,mutual_info,rf,23,0.0606333073610438,0.0581909663378219
cleveland,mutual_info,rf,24,0.0480192393922586,0.0117143804480988
cleveland,mutual_info,rf,25,0.0572042782121652,0.0007281334219887
cleveland,mutual_info,rf,26,0.0505845132975179,0.0223243684702227
cleveland,mutual_info,rf,27,0.068110070477598,0.047830385554208
cleveland,mutual_info,rf,28,0.0340149851603046,-0.0025246752266512
cleveland,mutual_info,rf,29,0.1219761534409629,0.0316576248578239
cleveland,mutual_info,logistic,0,0.0529699600307284,0.0254193615989831
cleveland,mutual_info,logistic,1,0.0309907396027411,0.0270227184100673
cleveland,mutual_info,logistic,2,0.0452171033116136,0.038313223502473
cleveland,mutual_info,logistic,3,0.0554554530027965,0.0082206117976049
cleveland,mutual_info,logistic,4,0.0563519833109007,0.0268878710646028
cleveland,mutual_info,logistic,5,0.0577175456330593,0.025411474655302
cleveland,mutual_info,logistic,6,0.0581232035093512,0.0123278129605436
cleveland,mutual_info,logistic,7,0.0212867260056499,0.0072374846208088
cleveland,mutual_info,logistic,8,0.065185428316964,0.0149068513817894
cleveland,mutual_info,logistic,9,0.0595966449626844,0.0027275375226298
cleveland,mutual_info,logistic,10,0.0576544963024345,0.013989715611371
cleveland,mutual_info,logistic,11,0.0664737281792738,0.0260276973881412
cleveland,mutual_info,logistic,12,0.0637668920240489,0.0154355015226763
cleveland,mutual_info,logistic,13,0.0505907122223324,0.0293051479889211
cleveland,mutual_info,logistic,14,0.0637996004533047,0.0237293560688478
cleveland,mutual_info,logistic,15,0.0357546149768137,0.0116536023741786
cleveland,mutual_info,logistic,16,0.0358869189892958,0.0249597869586751
cleveland,mutual_info,logistic,17,0.0576324366539027,0.0215372678745593
cleveland,mutual_info,logistic,18,0.0583147814660056,0.008955092791394
cleveland,mutual_info,logistic,19,0.0326337074358034,0.0031583302870428
cleveland,mutual_info,logistic,20,0.0598302449340389,0.0238156755606654
cleveland,mutual_info,logistic,21,0.0115610683276845,0.0082421757246851
cleveland,mutual_info,logistic,22,0.0433276823551068,0.0052538851723272
cleveland,mutual_info,logistic,23,0.0485290350296088,0.0240569383773826
cleveland,mutual_info,logistic,24,0.0539628915620748,0.018492707863208
cleveland,mutual_info,logistic,25,0.0541840207746874,0.0224896276545863
cleveland,mutual_info,logistic,26,0.0439838552297103,0.0193946071282745
cleveland,mutual_info,logistic,27,0.0496469114747775,0.0219347492612588
cleveland,mutual_info,logistic,28,0.0262085636565606,0.0180411659836209
cleveland,mutual_info,logistic,29,0.0604356879021037,0.0104824558244489
cleveland,rf_importance,rf,0,0.0773335120784117,0.0871230872809005
cleveland,rf_importance,rf,1,0.0742199838525702,0.0448573275575322
cleveland,rf_importance,rf,2,0.1069547439838261,0.0788565238014764
cleveland,rf_importance,rf,3,0.077126009678479,0.0232220868509765
cleveland,rf_importance,rf,4,0.0814262409441793,0.092025816170077
cleveland,rf_importance,rf,5,0.0830575791346125,0.0606881761352328
cleveland,rf_importance,rf,6,0.0847127558418516,0.0944941496271282
cleveland,rf_importance,rf,7,0.1021162422244714,0.0942516720488484
cleveland,rf_importance,rf,8,0.0771226539772097,0.0407515694577376
cleveland,rf_importance,rf,9,0.1130386492643983,0.0679081361125778
cleveland,rf_importance,rf,10,0.0906746055847086,0.0816912483439553
cleveland,rf_importance,rf,11,0.1063121675051283,0.0558585448899965
cleveland,rf_importance,rf,12,0.0751429080161066,0.0835957267450729
cleveland,rf_importance,rf,13,0.1011271361286455,0.0703598554733022
cleveland,rf_importance,rf,14,0.1318090102824326,0.0939532689273986
cleveland,rf_importance,rf,15,0.1445182038354558,0.1292378869949824
cleveland,rf_importance,rf,16,0.0910085473738811,0.0830100834048789
cleveland,rf_importance,rf,17,0.0996065504017241,0.0675767215915791
cleveland,rf_importance,rf,18,0.0593350232282738,0.0158157130981118
cleveland,rf_importance,rf,19,0.0645741470968038,0.0211682906357957
cleveland,rf_importance,rf,20,0.1100492601194257,0.1008589664565719
cleveland,rf_importance,rf,21,0.106804805654112,0.0830319571184227
cleveland,rf_importance,rf,22,0.097829533352825,0.0846001253826172
cleveland,rf_importance,rf,23,0.0692957439643678,0.0571914269695686
cleveland,rf_importance,rf,24,0.1028120070779352,0.0683935445922732
cleveland,rf_importance,rf,25,0.1172215673929363,0.0559356668120252
cleveland,rf_importance,rf,26,0.0812777713807496,0.0704286873253722
cleveland,rf_importance,rf,27,0.1138540144961643,0.0649044147781642
cleveland,rf_importance,rf,28,0.08351400986844,0.0416638436344212
cleveland,rf_importance,rf,29,0.0945323753288029,0.0605418733069481
cleveland,rf_importance,logistic,0,0.0635710757491004,0.0371853308583535
cleveland,rf_importance,logistic,1,0.0471879867055919,0.0447058426273842
cleveland,rf_importance,logistic,2,0.0498208352109356,0.0457831706558573
cleveland,rf_importance,logistic,3,0.0706075503573248,0.0212472574187691
cleveland,rf_importance,logistic,4,0.0284637881776848,0.0142361798721036
cleveland,rf_importance,logistic,5,0.0847570969670359,0.0297804614193858
cleveland,rf_importance,logistic,6,0.0810735989548255,0.0558187642438217
cleveland,rf_importance,logistic,7,0.0597383396256996,0.0154895693552257
cleveland,rf_importance,logistic,8,0.0583784697540309,0.0330647183715021
cleveland,rf_importance,logistic,9,0.0664818578294989,0.0364996765142707
cleveland,rf_importance,logistic,10,0.0841490620715977,0.0445716662963937
cleveland,rf_importance,logistic,11,0.0544380095264329,0.0332289981719421
cleveland,rf_importance,logistic,12,0.0627130269318335,0.0255610926641599
cleveland,rf_importance,logistic,13,0.0672780637571946,0.0159027696160912
cleveland,rf_importance,logistic,14,0.0704275168696237,0.0510783448229832
cleveland,rf_importance,logistic,15,0.0543839895376843,0.0169683434783222
cleveland,rf_importance,logistic,16,0.0519380247701481,0.0166728836344133
cleveland,rf_importance,logistic,17,0.0694372089058424,0.0558748282559938
cleveland,rf_importance,logistic,18,0.04199178651779,0.0280920459130318
cleveland,rf_importance,logistic,19,0.0863317088985355,0.0407034069311694
cleveland,rf_importance,logistic,20,0.0582771484736546,0.016592279511601
cleveland,rf_importance,logistic,21,0.0697220829403376,0.0501963601146959
cleveland,rf_importance,logistic,22,0.0717257054990071,0.0274373655144672
cleveland,rf_importance,logistic,23,0.0600064312873206,0.0373512401589973
cleveland,rf_importance,logistic,24,0.1026235854258068,0.042619710999711
cleveland,rf_importance,logistic,25,0.0543288455386709,0.0333228451270465
cleveland,rf_importance,logistic,26,0.0845781096908804,0.0475208379956952
cleveland,rf_importance,logistic,27,0.0729763816091705,0.0371088286345368
cleveland,rf_importance,logistic,28,0.0781396204632846,0.0385008867573731
cleveland,rf_importance,logistic,29,0.0854340225545995,0.0333277998547466
cleveland,l1_logistic,rf,0,0.0303322378591043,-0.002941519017433
cleveland,l1_logistic,rf,1,0.0870256399976,0.0132284595470877
cleveland,l1_logistic,rf,2,0.0684913475828318,-0.0073850685859196
cleveland,l1_logistic,rf,3,0.0402508062735105,0.0051157273730256
cleveland,l1_logistic,rf,4,0.0628799955217224,-0.0180915889395584
cleveland,l1_logistic,rf,5,0.051212890746692,-0.0252561080313483
cleveland,l1_logistic,rf,6,0.0508430564495763,-0.0065762955368572
cleveland,l1_logistic,rf,7,0.0526919198053662,0.028762093003078
cleveland,l1_logistic,rf,8,0.0664021291834663,-0.0105186195190284
cleveland,l1_logistic,rf,9,0.053349611887141,0.0113281167174722
cleveland,l1_logistic,rf,10,0.0443433015918967,-0.0025782689097488
cleveland,l1_logistic,rf,11,0.085287661958794,0.0175463959939829
cleveland,l1_logistic,rf,12,0.039822367301033,-0.0187352348950792
cleveland,l1_logistic,rf,13,0.0826678705257107,0.0177993559881679
cleveland,l1_logistic,rf,14,0.0557435539025818,0.0121884164582844
cleveland,l1_logistic,rf,15,0.0397812460618034,0.0005706322889158
cleveland,l1_logistic,rf,16,0.060129930846224,0.0052969006547403
cleveland,l1_logistic,rf,17,0.0602986377926299,0.0058250911288909
cleveland,l1_logistic,rf,18,0.0501941067224143,0.0030323351313601
cleveland,l1_logistic,rf,19,0.0629175512266354,0.0279082390785146
cleveland,l1_logistic,rf,20,0.0785301219188594,-0.0021235616503553
cleveland,l1_logistic,rf,21,0.0446804094583435,-0.01298659470951
cleveland,l1_logistic,rf,22,0.0329496799482449,0.0073069139206904
cleveland,l1_logistic,rf,23,0.0853327011231316,7.665722073495196e-05
cleveland,l1_logistic,rf,24,0.101021713881418,0.0245986961746682
cleveland,l1_logistic,rf,25,0.0472313844063519,-0.00539954649439
cleveland,l1_logistic,rf,26,0.018965219241742,0.0008132897838522
cleveland,l1_logistic,rf,27,0.0820984325075163,0.0237611461489926
cleveland,l1_logistic,rf,28,0.0467341189957178,0.0237898999295572
cleveland,l1_logistic,rf,29,0.0574440998144239,-0.0057807452006196
cleveland,l1_logistic,logistic,0,0.0449493127467481,0.0055642761011317
cleveland,l1_logistic,logistic,1,0.0409582637519535,0.0193633933051467
cleveland,l1_logistic,logistic,2,0.0489659194773183,-0.0017482077303655
cleveland,l1_logistic,logistic,3,0.0486392510951255,0.0191280632076618
cleveland,l1_logistic,logistic,4,0.0425591808706307,0.014353018698298
cleveland,l1_logistic,logistic,5,0.0421208472518279,0.0103470090005317
cleveland,l1_logistic,logistic,6,0.0448133873842497,0.0173542208748625
cleveland,l1_logistic,logistic,7,0.0560390388663001,0.0041997879120991
cleveland,l1_logistic,logistic,8,0.0484021647536437,0.0031465835406864
cleveland,l1_logistic,logistic,9,0.0256615991930168,0.0150190183138575
cleveland,l1_logistic,logistic,10,0.0398182843982169,0.0231518583450166
cleveland,l1_logistic,logistic,11,0.0427480367663391,-0.0004370173914762
cleveland,l1_logistic,logistic,12,0.0447636551231531,0.0243800804349651
cleveland,l1_logistic,logistic,13,0.0431124740320517,0.0162966652666484
cleveland,l1_logistic,logistic,14,0.0361376574006216,-0.0003828486591698
cleveland,l1_logistic,logistic,15,0.0385464810485575,0.0099238410287508
cleveland,l1_logistic,logistic,16,0.0426113804007398,0.0109190915089355
cleveland,l1_logistic,logistic,17,0.0392648143027879,0.0076316297795927
cleveland,l1_logistic,logistic,18,0.0340400463218783,0.0031058393031557
cleveland,l1_logistic,logistic,19,0.0371437054549178,0.0079473470546084
cleveland,l1_logistic,logistic,20,0.0467700647859945,0.0052043012437723
cleveland,l1_logistic,logistic,21,0.0316407490734824,0.0109821009550365
cleveland,l1_logistic,logistic,22,0.0438247693020497,0.0099870741907822
cleveland,l1_logistic,logistic,23,0.0496338689131428,0.0302846841273494
cleveland,l1_logistic,logistic,24,0.0477159250665777,0.0059479833761377
cleveland,l1_logistic,logistic,25,0.0398752876502074,0.0014832513676112
cleveland,l1_logistic,logistic,26,0.0422983575937365,0.0132582731216651
cleveland,l1_logistic,logistic,27,0.040037513475394,0.0140233357492295
cleveland,l1_logistic,logistic,28,0.038574050119294,0.0020273508844461
cleveland,l1_logistic,logistic,29,0.0453584495916017,0.00378333017393
pima,mutual_info,rf,0,0.0514606192533905,0.0080578122136151
pima,mutual_info,rf,1,0.0437264587851745,0.0895283792078132
pima,mutual_info,rf,2,0.0423569880507682,0.0245773611366441
pima,mutual_info,rf,3,0.0508015752246573,0.0851046069968335
pima,mutual_info,rf,4,0.0511296576324937,0.0622025157442899
pima,mutual_info,rf,5,0.0474021728916721,0.0373688418834568
pima,mutual_info,rf,6,0.0594674964013945,0.0782132812486761
pima,mutual_info,rf,7,0.0694212021227741,0.0590002851213538
pima,mutual_info,rf,8,0.0653141792325128,0.0642261783934003
pima,mutual_info,rf,9,0.0502815393081667,0.0678504845843366
pima,mutual_info,rf,10,0.0671628931099307,0.0631510816374746
pima,mutual_info,rf,11,0.0849126843552453,0.066523594543367
pima,mutual_info,rf,12,0.0475028087264031,0.0557236794032535
pima,mutual_info,rf,13,0.0412183068954606,0.035558196608485
pima,mutual_info,rf,14,0.0573924520654176,0.0383406253391381
pima,mutual_info,rf,15,0.043262506800656,0.0413124182167336
pima,mutual_info,rf,16,0.0404630808839282,0.0351268472615537
pima,mutual_info,rf,17,0.0547217599938151,0.0441853445396468
pima,mutual_info,rf,18,0.0636076981550836,0.0638944462538895
pima,mutual_info,rf,19,0.053155403075972,0.0210940198557012
pima,mutual_info,rf,20,0.0473820131401842,0.0719330567922285
pima,mutual_info,rf,21,0.0421372576607602,0.0479576836940899
pima,mutual_info,rf,22,0.0502171187805972,0.0422789065329629
pima,mutual_info,rf,23,0.0561250920052508,0.0354339314031827
pima,mutual_info,rf,24,0.0629082663756702,0.050330016499112
pima,mutual_info,rf,25,0.0426558949106824,0.0558386933990585
pima,mutual_info,rf,26,0.0518218643868611,0.0388678113769796
pima,mutual_info,rf,27,0.0436667670133544,0.0334413910878145
pima,mutual_info,rf,28,0.0515555988255171,0.0697257956468279
pima,mutual_info,rf,29,0.0602452727324793,0.0588212882710706
pima,mutual_info,logistic,0,0.0073849084865871,0.0053225773905696
pima,mutual_info,logistic,1,0.0105993453617719,0.0043408850199231
pima,mutual_info,logistic,2,0.0175767130773697,0.0017826386286325
pima,mutual_info,logistic,3,0.0186410705791211,0.0087537065027063
pima,mutual_info,logistic,4,0.0172326372168128,0.0033299208138343
pima,mutual_info,logistic,5,0.0101127863771438,-0.0010708365893322
pima,mutual_info,logistic,6,0.010308259285231,0.0079912394452228
pima,mutual_info,logistic,7,0.0115394764788549,0.0021451541272935
pima,mutual_info,logistic,8,0.0043485846771682,0.0039925138730624
pima,mutual_info,logistic,9,0.0176543137257264,0.0143642540803897
pima,mutual_info,logistic,10,0.0040473909952229,0.0078725848739833
pima,mutual_info,logistic,11,0.0118705306542995,0.0041776306039542
pima,mutual_info,logistic,12,0.0051500615943051,-0.0012649682376222
pima,mutual_info,logistic,13,0.0152612906186755,0.0047146179795653
pima,mutual_info,logistic,14,0.0110491743915217,0.0034525144680956
pima,mutual_info,logistic,15,0.0220054099437279,0.0107665204084969
pima,mutual_info,logistic,16,0.0129599654726332,0.0072697308490134
pima,mutual_info,logistic,17,0.0082702372926537,0.002092350325717
pima,mutual_info,logistic,18,0.0113104716745572,0.0017913311567073
pima,mutual_info,logistic,19,0.0151521792859897,0.0009947923315402
pima,mutual_info,logistic,20,0.0126929685806496,0.00904529661006
pima,mutual_info,logistic,21,0.0078933995450757,0.0066183288678383
pima,mutual_info,logistic,22,0.0057454397340767,0.0030124798592845
pima,mutual_info,logistic,23,0.0065180999537537,0.0046351867504502
pima,mutual_info,logistic,24,0.0206594528494309,0.0128723832859787
pima,mutual_info,logistic,25,0.0169865986896961,0.0040722864112222
pima,mutual_info,logistic,26,0.0173440821337855,-0.0001355368134252
pima,mutual_info,logistic,27,0.0202534942880066,0.0065419318262192
pima,mutual_info,logistic,28,0.0141488718162218,0.0132492822311295
pima,mutual_info,logistic,29,0.0144001063794766,0.0048823613974607
pima,rf_importance,rf,0,0.0493620781954565,0.0341721995512304
pima,rf_importance,rf,1,0.0481603341307576,0.0513200029391328
pima,rf_importance,rf,2,0.0508578237522431,0.0213550514401103
pima,rf_importance,rf,3,0.0443561117732341,0.0200388600014863
pima,rf_importance,rf,4,0.049954629497055,0.0482544833526009
pima,rf_importance,rf,5,0.0570220861263668,0.0703218573636686
pima,rf_importance,rf,6,0.0535515894995697,0.0560773604910647
pima,rf_importance,rf,7,0.049093780783046,0.0513799988601682
pima,rf_importance,rf,8,0.0509243779707309,0.0668449540130705
pima,rf_importance,rf,9,0.0508183500785691,0.0616281774919744
pima,rf_importance,rf,10,0.0373366791009659,0.0421140902758761
pima,rf_importance,rf,11,0.0563099545505517,0.0605729304215906
pima,rf_importance,rf,12,0.0620799550121966,0.0408762762129923
pima,rf_importance,rf,13,0.0610969376944916,0.0557479888128509
pima,rf_importance,rf,14,0.0429830667868902,0.0238925345362893
pima,rf_importance,rf,15,0.053013730413118,0.0363000889554371
pima,rf_importance,rf,16,0.0379007908094482,0.0791523378127669
pima,rf_importance,rf,17,0.0541039142807389,0.0115901355411141
pima,rf_importance,rf,18,0.0637308381373634,0.0225507793753599
pima,rf_importance,rf,19,0.0381597525750605,0.0327477166092477
pima,rf_importance,rf,20,0.0535346713017464,0.0435683151612329
pima,rf_importance,rf,21,0.0524905913588755,0.0725085735599489
pima,rf_importance,rf,22,0.0544111787833495,0.0585692892149858
pima,rf_importance,rf,23,0.0401441929426401,0.0583647353266918
pima,rf_importance,rf,24,0.0590480054204025,0.0293378689797928
pima,rf_importance,rf,25,0.0482296265966701,0.0323802083902502
pima,rf_importance,rf,26,0.0356381959510804,0.0332536324199854
pima,rf_importance,rf,27,0.0435322453253808,0.0497291390697672
pima,rf_importance,rf,28,0.0498936004758025,0.0415693321968532
pima,rf_importance,rf,29,0.0616132711576229,0.0547444375076931
pima,rf_importance,logistic,0,0.0046365586997561,0.0040278320964002
pima,rf_importance,logistic,1,0.0121868402738124,0.0040423847246404
pima,rf_importance,logistic,2,0.006778297836707,0.0044290289300218
pima,rf_importance,logistic,3,0.0055837249300273,0.0010426442300716
pima,rf_importance,logistic,4,0.005569264191734,0.0082241180159881
pima,rf_importance,logistic,5,0.0094045325216583,0.0011810282243548
pima,rf_importance,logistic,6,0.0091722128058212,0.0023451459964815
pima,rf_importance,logistic,7,0.0015815930275235,-0.0044030948481106
pima,rf_importance,logistic,8,0.0110041831478394,0.0010356210367907
pima,rf_importance,logistic,9,0.0110842988055634,0.002984672399598
pima,rf_importance,logistic,10,0.0075297313226366,-0.0043223456715597
pima,rf_importance,logistic,11,0.0090841309010935,0.0023068644821382
pima,rf_importance,logistic,12,0.0096435176398461,0.0038883131079109
pima,rf_importance,logistic,13,0.0092849256446671,-0.0032463511442576
pima,rf_importance,logistic,14,0.0075300310506974,0.0034120282251127
pima,rf_importance,logistic,15,0.0089449753430195,0.0014693671722675
pima,rf_importance,logistic,16,0.0037825496826071,0.0056690961407331
pima,rf_importance,logistic,17,0.0111261490521128,0.004414469287353
pima,rf_importance,logistic,18,0.0097281510152104,0.007803633538871
pima,rf_importance,logistic,19,0.0073749026645245,0.0018409565714047
pima,rf_importance,logistic,20,0.0063059126239751,-0.000804359981157
pima,rf_importance,logistic,21,0.0102170835126744,0.0072445433395537
pima,rf_importance,logistic,22,0.0132184450833128,0.003211233190389
pima,rf_importance,logistic,23,0.0129865172200357,0.0041808170137431
pima,rf_importance,logistic,24,0.0125085158175291,0.003427492272286
pima,rf_importance,logistic,25,0.0102028599810867,-0.0005518288101871
pima,rf_importance,logistic,26,0.0090920864159029,0.00140119609287
pima,rf_importance,logistic,27,0.0105116483523325,0.0024217617453521
pima,rf_importance,logistic,28,0.0052336010971861,-0.002592970792818
pima,rf_importance,logistic,29,0.0050641319851298,0.0002823287524589
pima,l1_logistic,rf,0,0.0571130050288595,0.0502208645465239
pima,l1_logistic,rf,1,0.0477345837161741,0.0628853237774598
pima,l1_logistic,rf,2,0.0526776079597764,0.0584291534457113
pima,l1_logistic,rf,3,0.0483383383768624,0.0454810604475367
pima,l1_logistic,rf,4,0.0563763349832866,0.0415232560015192
pima,l1_logistic,rf,5,0.0409602755322859,0.0415419222980632
pima,l1_logistic,rf,6,0.0594688682730781,0.0564165831625831
pima,l1_logistic,rf,7,0.0389653231740934,0.0349824351267651
pima,l1_logistic,rf,8,0.0446908548732339,0.047766973124697
pima,l1_logistic,rf,9,0.045716082745189,0.0500999131769874
pima,l1_logistic,rf,10,0.0512168359052976,0.0682124135902397
pima,l1_logistic,rf,11,0.0374402870473475,0.0595059524632812
pima,l1_logistic,rf,12,0.0503213330367584,0.0466151477543584
pima,l1_logistic,rf,13,0.0535053784198273,0.0391349583104765
pima,l1_logistic,rf,14,0.0399151838729472,0.0434514988436574
pima,l1_logistic,rf,15,0.0401360985118397,0.0412393211781862
pima,l1_logistic,rf,16,0.0559847174459983,0.0396369654235969
pima,l1_logistic,rf,17,0.0536771082296429,0.0546053475296943
pima,l1_logistic,rf,18,0.0361355302177033,0.0366414615502039
pima,l1_logistic,rf,19,0.0470328420448568,0.0420577562941596
pima,l1_logistic,rf,20,0.0588372462576545,0.0494139296104714
pima,l1_logistic,rf,21,0.0752771699330769,0.055630590002733
pima,l1_logistic,rf,22,0.0513757641168609,0.049837987979501
pima,l1_logistic,rf,23,0.0487747275637882,0.0938381249135914
pima,l1_logistic,rf,24,0.0654597868098368,0.0478278352589505
pima,l1_logistic,rf,25,0.0472557823125624,0.0363119139534055
pima,l1_logistic,rf,26,0.0518287539741867,0.0484148376449677
pima,l1_logistic,rf,27,0.0494694488804165,0.0515055595547582
pima,l1_logistic,rf,28,0.0533644937938356,0.0510382054438175
pima,l1_logistic,rf,29,0.0555891714763961,0.0555967540800465
pima,l1_logistic,logistic,0,0.010073483257788,-0.0040871207323974
pima,l1_logistic,logistic,1,0.0211680460263221,0.0116020007057257
pima,l1_logistic,logistic,2,0.0065665878985793,0.0006052039601953
pima,l1_logistic,logistic,3,0.0060298275869126,-0.0055310907616231
pima,l1_logistic,logistic,4,0.0078807862515712,0.0008388642838421
pima,l1_logistic,logistic,5,0.0100745373432965,-0.0005162819070761
pima,l1_logistic,logistic,6,0.0083055228041639,0.0043332544995111
pima,l1_logistic,logistic,7,0.0077330903850498,0.0061205915411877
pima,l1_logistic,logistic,8,0.0100877269677244,0.0025268945500363
pima,l1_logistic,logistic,9,0.0008089507713857,0.0013288273137086
pima,l1_logistic,logistic,10,0.006283562558828,0.0041936062567532
pima,l1_logistic,logistic,11,0.0116817767449323,0.008396637866588
pima,l1_logistic,logistic,12,0.0116674641787741,-9.960252238094824e-06
pima,l1_logistic,logistic,13,0.0087944790604932,0.0023840531957615
pima,l1_logistic,logistic,14,0.0091534761720592,0.0048669846394535
pima,l1_logistic,logistic,15,0.0037581823601797,0.001680615071423
pima,l1_logistic,logistic,16,0.0039833539938147,-0.0024068927282935
pima,l1_logistic,logistic,17,0.0093298434245882,-0.0012016599292478
pima,l1_logistic,logistic,18,0.0062264470362623,0.0021736427455765
pima,l1_logistic,logistic,19,0.0049378743216789,0.0006069110702753
pima,l1_logistic,logistic,20,0.0094408226690033,-0.0004017334844212
pima,l1_logistic,logistic,21,0.0062994634599301,-0.000532331432684
pima,l1_logistic,logistic,22,0.0109849225149202,0.0056355273626864
pima,l1_logistic,logistic,23,0.0052928228596047,0.002627351728056
pima,l1_logistic,logistic,24,0.0036909557304742,0.0037112758662273
pima,l1_logistic,logistic,25,0.0040512312735752,-8.729094667203618e-05
pima,l1_logistic,logistic,26,0.0069256893807145,0.0094933781388501
pima,l1_logistic,logistic,27,0.0054610140135817,0.003858905299944
pima,l1_logistic,logistic,28,0.0090487234782578,0.0024846764771335
pima,l1_logistic,logistic,29,0.0082470033634242,0.0023283778770901
ilpd,mutual_info,rf,0,0.068002070412416,-0.0106863716578296
ilpd,mutual_info,rf,1,0.046867951945278,-0.0586878327389081
ilpd,mutual_info,rf,2,0.0567207474808375,-0.0159026571169217
ilpd,mutual_info,rf,3,0.0466958301365371,-0.0321211302273743
ilpd,mutual_info,rf,4,0.0835612542653988,-0.0327845937569868
ilpd,mutual_info,rf,5,0.033152815709525,-0.0709463087464686
ilpd,mutual_info,rf,6,0.0476049233639977,-0.0414000938915057
ilpd,mutual_info,rf,7,0.0675808527356902,0.0193015718183975
ilpd,mutual_info,rf,8,0.0712305131654007,0.0332092716151973
ilpd,mutual_info,rf,9,0.0378704035347794,-0.0232186396815058
ilpd,mutual_info,rf,10,0.0654323337845213,0.0314273487344522
ilpd,mutual_info,rf,11,0.0685354489014306,-0.005369459476499
ilpd,mutual_info,rf,12,0.0516023539629986,0.000985729020953
ilpd,mutual_info,rf,13,0.0532262199157173,-0.0411245900108081
ilpd,mutual_info,rf,14,0.0600191548805939,-0.0235663532906305
ilpd,mutual_info,rf,15,0.0699382302870273,-0.0006090094020249
ilpd,mutual_info,rf,16,0.0144340859390583,-0.0280131586981293
ilpd,mutual_info,rf,17,0.0437411374129343,-0.0334179669034883
ilpd,mutual_info,rf,18,0.0573904940434103,-0.0566412989607753
ilpd,mutual_info,rf,19,0.0711790442214613,-0.0108791431057959
ilpd,mutual_info,rf,20,0.0999241183147893,0.0187537690232534
ilpd,mutual_info,rf,21,0.0491982683493849,-0.046611731446082
ilpd,mutual_info,rf,22,0.070823309844291,-0.0409972263692107
ilpd,mutual_info,rf,23,0.0586688166907304,0.0047571081775217
ilpd,mutual_info,rf,24,0.0473977790396033,-0.0425859562901985
ilpd,mutual_info,rf,25,0.0537416520956441,-0.0291544733557742
ilpd,mutual_info,rf,26,0.0482492481043382,-0.0065396469491421
ilpd,mutual_info,rf,27,0.0714505743212512,-0.0614154879744096
ilpd,mutual_info,rf,28,0.0741205024494341,0.0132569306750348
ilpd,mutual_info,rf,29,0.0430251123836825,-0.0371823722226942
ilpd,mutual_info,logistic,0,0.023350441477996,0.0329559991939817
ilpd,mutual_info,logistic,1,0.025226399110817,-0.0025092789833182
ilpd,mutual_info,logistic,2,0.0129702734213434,0.0192355441738576
ilpd,mutual_info,logistic,3,0.0299438053235781,0.0336962663488003
ilpd,mutual_info,logistic,4,0.0234905485413569,0.0236940588398771
ilpd,mutual_info,logistic,5,0.0325264814941237,0.0372927794568779
ilpd,mutual_info,logistic,6,0.0189145865208522,0.0217964340150872
ilpd,mutual_info,logistic,7,0.0223419801988944,0.0269763723794111
ilpd,mutual_info,logistic,8,0.0300765429901567,0.0137170630369902
ilpd,mutual_info,logistic,9,0.0223241766146942,0.015856104341389
ilpd,mutual_info,logistic,10,0.0189016317129603,0.0315048614872872
ilpd,mutual_info,logistic,11,0.0152732811515979,0.0049571941026378
ilpd,mutual_info,logistic,12,0.0165812084985494,0.0161442893271659
ilpd,mutual_info,logistic,13,0.0191676623797039,0.0300564925224212
ilpd,mutual_info,logistic,14,0.0230796330731891,0.0165586244894047
ilpd,mutual_info,logistic,15,0.0212529187071762,0.0148418646923967
ilpd,mutual_info,logistic,16,0.0090751348585291,0.0251253440670637
ilpd,mutual_info,logistic,17,0.0238682965505282,0.032531303049301
ilpd,mutual_info,logistic,18,0.0336696977688471,0.0318988824526257
ilpd,mutual_info,logistic,19,0.0203798173211994,0.0107054937745072
ilpd,mutual_info,logistic,20,0.0161569802777848,0.0264737419684416
ilpd,mutual_info,logistic,21,0.0196651509162371,0.0308590450675042
ilpd,mutual_info,logistic,22,0.0270500111731952,0.0215639893444757
ilpd,mutual_info,logistic,23,0.0225802158942113,0.0308112662320275
ilpd,mutual_info,logistic,24,0.0133789015974619,0.0202545199264358
ilpd,mutual_info,logistic,25,0.0263895395720616,0.0216025507071824
ilpd,mutual_info,logistic,26,0.0225137565673663,0.0256291599299068
ilpd,mutual_info,logistic,27,0.0191918664762374,-0.0049766536051491
ilpd,mutual_info,logistic,28,0.0225735018243661,0.0033391390072029
ilpd,mutual_info,logistic,29,0.0288670535855908,0.0115004745243484
ilpd,rf_importance,rf,0,0.0616416699685249,-0.0169010817379252
ilpd,rf_importance,rf,1,0.0602175303019136,0.0077368584206767
ilpd,rf_importance,rf,2,0.0656166532890178,-0.019248937672244
ilpd,rf_importance,rf,3,0.0718286786610545,0.003257745375929
ilpd,rf_importance,rf,4,0.0754071843259422,-0.0444243180499981
ilpd,rf_importance,rf,5,0.0682212707193944,-0.0130261021562615
ilpd,rf_importance,rf,6,0.061997901399096,0.0548800001133898
ilpd,rf_importance,rf,7,0.048654957655611,0.0116419773889884
ilpd,rf_importance,rf,8,0.0817410871586212,-0.0157113276483621
ilpd,rf_importance,rf,9,0.0618466117158985,-0.0286954761124963
ilpd,rf_importance,rf,10,0.0556906243121082,-0.0680639162366127
ilpd,rf_importance,rf,11,0.0827078622326928,0.0192020179727011
ilpd,rf_importance,rf,12,0.0821791018648188,0.0036864368824041
ilpd,rf_importance,rf,13,0.0966335514269857,0.071783278110493
ilpd,rf_importance,rf,14,0.0593541842038647,-0.0046462185496976
ilpd,rf_importance,rf,15,0.0430549576345087,-0.0148388446423148
ilpd,rf_importance,rf,16,0.0654381380656261,0.010810009387937
ilpd,rf_importance,rf,17,0.0564287907967552,-0.002388390985253
ilpd,rf_importance,rf,18,0.0640973099305284,-0.0294668421869074
ilpd,rf_importance,rf,19,0.0800330924969666,-0.0001767091118224
ilpd,rf_importance,rf,20,0.0819816966755818,0.0215496093019031
ilpd,rf_importance,rf,21,0.0467273267568148,-0.03319961000521
ilpd,rf_importance,rf,22,0.0392697685901335,-0.0166206383965983
ilpd,rf_importance,rf,23,0.0639422481748114,0.0205046891087223
ilpd,rf_importance,rf,24,0.0758603890097279,-0.0308045872473127
ilpd,rf_importance,rf,25,0.0779002151082151,-0.0372568826232914
ilpd,rf_importance,rf,26,0.067571038446416,-0.0034582959568634
ilpd,rf_importance,rf,27,0.0791532283853277,0.0430406169476637
ilpd,rf_importance,rf,28,0.0643014631262089,-0.0366442452248508
ilpd,rf_importance,rf,29,0.0612806112870255,0.0164632909884505
ilpd,rf_importance,logistic,0,0.0439483242421235,0.0102222614561411
ilpd,rf_importance,logistic,1,0.0292601407125338,-0.0148672731233283
ilpd,rf_importance,logistic,2,0.0389063812178033,0.0312620100500602
ilpd,rf_importance,logistic,3,0.0252383938696718,0.0322575693605673
ilpd,rf_importance,logistic,4,0.0300745657499785,0.0270137184942771
ilpd,rf_importance,logistic,5,0.0356784991782691,0.0317277027797908
ilpd,rf_importance,logistic,6,0.0301775494960376,0.0360484617248611
ilpd,rf_importance,logistic,7,0.0240799687694847,0.0202380940948471
ilpd,rf_importance,logistic,8,0.0410572262113914,0.0172377635548013
ilpd,rf_importance,logistic,9,0.0287904907202048,0.0241257920913302
ilpd,rf_importance,logistic,10,0.0246439085624115,0.0358250311554794
ilpd,rf_importance,logistic,11,0.0304887321652548,0.0362215285045279
ilpd,rf_importance,logistic,12,0.0285424934620234,0.0370094899697366
ilpd,rf_importance,logistic,13,0.042267430691882,0.0325651057495595
ilpd,rf_importance,logistic,14,0.0338595227435738,0.0173355867057412
ilpd,rf_importance,logistic,15,0.0383350143409057,0.0172321525410814
ilpd,rf_importance,logistic,16,0.0306635256959578,0.0242935354242604
ilpd,rf_importance,logistic,17,0.0274745317826338,0.0362868104563471
ilpd,rf_importance,logistic,18,0.0306258073542799,0.038659202106608
ilpd,rf_importance,logistic,19,0.0333326068611696,0.0238352139315775
ilpd,rf_importance,logistic,20,0.0347459397098306,0.0194989600025105
ilpd,rf_importance,logistic,21,0.035720696903769,0.0166674236540411
ilpd,rf_importance,logistic,22,0.033636200628035,0.0154551268851426
ilpd,rf_importance,logistic,23,0.0326124810671148,0.0206653888416477
ilpd,rf_importance,logistic,24,0.0504627594457165,0.0255762113224032
ilpd,rf_importance,logistic,25,0.0376143617011374,0.0210340467293955
ilpd,rf_importance,logistic,26,0.0257744765759536,0.0324603243981757
ilpd,rf_importance,logistic,27,0.0228511850101844,0.0294927027472666
ilpd,rf_importance,logistic,28,0.0370148331439889,0.0502377222623301
ilpd,rf_importance,logistic,29,0.0342911000785694,0.0145367219316879
ilpd,l1_logistic,rf,0,0.0356626941593206,-0.0916572081640514
ilpd,l1_logistic,rf,1,0.0439511192165977,-0.0495972244114247
ilpd,l1_logistic,rf,2,0.049660835709659,-0.099851549726727
ilpd,l1_logistic,rf,3,0.0277325867668547,-0.0693661925040141
ilpd,l1_logistic,rf,4,0.0602484533645282,-0.0463801832173257
ilpd,l1_logistic,rf,5,0.0498142134448789,-0.0995799665771737
ilpd,l1_logistic,rf,6,0.0566574634454307,-0.0547197416411305
ilpd,l1_logistic,rf,7,0.0769268921035672,0.0034241504953914
ilpd,l1_logistic,rf,8,0.036432588777445,-0.0751767179846398
ilpd,l1_logistic,rf,9,0.0342226335603074,-0.0904840781692102
ilpd,l1_logistic,rf,10,0.0489654633271004,-0.0467607231592614
ilpd,l1_logistic,rf,11,0.0444622250397209,-0.0164324247886855
ilpd,l1_logistic,rf,12,0.0621629174320505,0.0319684695256943
ilpd,l1_logistic,rf,13,0.0639824548311377,-0.0487989282926944
ilpd,l1_logistic,rf,14,0.072509359532551,-0.0682342315319819
ilpd,l1_logistic,rf,15,0.0321763485290084,-0.0601523647057125
ilpd,l1_logistic,rf,16,0.0350792404373329,-0.0394227414023352
ilpd,l1_logistic,rf,17,0.0698541250197239,-0.0713685241488191
ilpd,l1_logistic,rf,18,0.0386114496634827,-0.0601993179815373
ilpd,l1_logistic,rf,19,0.0672671473808294,-0.0150188657002199
ilpd,l1_logistic,rf,20,0.0534918330737262,-0.0226122850054494
ilpd,l1_logistic,rf,21,0.0366332916431611,-0.1039000589166255
ilpd,l1_logistic,rf,22,0.0506855250299632,-0.071457563988071
ilpd,l1_logistic,rf,23,0.0587560310734417,-0.0258567430653094
ilpd,l1_logistic,rf,24,0.0624733480276399,0.0078141864322306
ilpd,l1_logistic,rf,25,0.0185656583333933,-0.0988477361720076
ilpd,l1_logistic,rf,26,0.0418830056122156,-0.0644400939910963
ilpd,l1_logistic,rf,27,0.060469685555308,-0.014780001068998
ilpd,l1_logistic,rf,28,0.0964268813807717,0.023674373664679
ilpd,l1_logistic,rf,29,0.0466127149794723,-0.0470538579397141
ilpd,l1_logistic,logistic,0,0.006318868059507,0.0242226107399841
ilpd,l1_logistic,logistic,1,0.0093360758276914,0.0354202805930516
ilpd,l1_logistic,logistic,2,0.0046039635244772,0.0283958031364601
ilpd,l1_logistic,logistic,3,0.0084533973909197,0.0212485169576147
ilpd,l1_logistic,logistic,4,0.0089510898158639,0.027854098119114
ilpd,l1_logistic,logistic,5,0.0081338193446107,0.0313454021422928
ilpd,l1_logistic,logistic,6,0.0168647997984246,0.0312701389806981
ilpd,l1_logistic,logistic,7,0.0082913735066292,0.0169472356346221
ilpd,l1_logistic,logistic,8,0.0023641502771205,0.0020509755943018
ilpd,l1_logistic,logistic,9,0.0105268111201763,0.0366832881725396
ilpd,l1_logistic,logistic,10,0.0068709352568368,0.0385447708218551
ilpd,l1_logistic,logistic,11,0.0117338521604325,0.0211373190411957
ilpd,l1_logistic,logistic,12,0.0059228931602064,0.0189358307757395
ilpd,l1_logistic,logistic,13,0.0089707199914431,0.0462540953675141
ilpd,l1_logistic,logistic,14,0.0066724293796376,0.0268335033340895
ilpd,l1_logistic,logistic,15,0.0088784693889975,0.0241276272713655
ilpd,l1_logistic,logistic,16,0.0083476078066978,0.0207738168411579
ilpd,l1_logistic,logistic,17,0.00687014804504,0.0122336093076365
ilpd,l1_logistic,logistic,18,0.0049930801564714,0.0229828354201743
ilpd,l1_logistic,logistic,19,0.0082577630470471,0.0115558848578215
ilpd,l1_logistic,logistic,20,0.0075316440562156,0.0261852184273541
ilpd,l1_logistic,logistic,21,0.0098381252141018,0.0272658470140296
ilpd,l1_logistic,logistic,22,0.008911613376958,0.0410697624290963
ilpd,l1_logistic,logistic,23,0.0074510486632049,0.0302066339483864
ilpd,l1_logistic,logistic,24,0.0094456693882754,0.0300829711871867
ilpd,l1_logistic,logistic,25,0.008708564634835,0.0329005281562714
ilpd,l1_logistic,logistic,26,0.0072021736343151,0.0252504601809743
ilpd,l1_logistic,logistic,27,0.0085864881126468,0.022060110973412
ilpd,l1_logistic,logistic,28,0.0069061690002386,0.0297326292645683
ilpd,l1_logistic,logistic,29,0.0049533837435019,0.0286643839242279
heartfailure,mutual_info,rf,0,0.0161504960689086,0.024056365968886
heartfailure,mutual_info,rf,1,0.0089532359797251,0.0245526971323065
heartfailure,mutual_info,rf,2,0.0035823552919812,0.0301907915207456
heartfailure,mutual_info,rf,3,0.0248990029528494,0.0112855524850764
heartfailure,mutual_info,rf,4,0.0056434773172231,0.0051520183392928
heartfailure,mutual_info,rf,5,0.0231920738896651,0.0441865708494767
heartfailure,mutual_info,rf,6,0.0290037841609606,0.0202394878198693
heartfailure,mutual_info,rf,7,0.0064094933567343,0.0100367909342663
heartfailure,mutual_info,rf,8,0.012698832188343,0.0118453264457902
heartfailure,mutual_info,rf,9,0.0372826408064832,0.0445503003223716
heartfailure,mutual_info,rf,10,0.0507568427681411,0.0385371220994341
heartfailure,mutual_info,rf,11,0.0369149308776405,0.0418763159480093
heartfailure,mutual_info,rf,12,0.0549448533080439,-0.0007062154693138
heartfailure,mutual_info,rf,13,-0.0023053567025477,0.0095945843518988
heartfailure,mutual_info,rf,14,0.02185184853279,0.0250865465270977
heartfailure,mutual_info,rf,15,0.0034310853067015,0.0382868337601368
heartfailure,mutual_info,rf,16,0.0327999021571609,-0.0085855855028273
heartfailure,mutual_info,rf,17,0.0079270872995016,0.022875185168153
heartfailure,mutual_info,rf,18,0.0014965831873664,-0.0080379721971242
heartfailure,mutual_info,rf,19,0.0123053832718727,-0.0075009754227173
heartfailure,mutual_info,rf,20,0.0338566301569873,0.0238434073714273
heartfailure,mutual_info,rf,21,-0.0026671243887519,0.0030114669808095
heartfailure,mutual_info,rf,22,0.0200261774133118,-0.004520612274655
heartfailure,mutual_info,rf,23,0.0050716198313145,0.008891086907376
heartfailure,mutual_info,rf,24,0.0336101493687062,0.0490720193364614
heartfailure,mutual_info,rf,25,0.0212403743184558,0.0214250093113068
heartfailure,mutual_info,rf,26,0.0185031782613867,0.0275826513531654
heartfailure,mutual_info,rf,27,-0.0023478381516916,0.0164597387984995
heartfailure,mutual_info,rf,28,0.0143258253101035,-0.014159558540459
heartfailure,mutual_info,rf,29,0.0117394288723386,0.0039103958023047
heartfailure,mutual_info,logistic,0,0.0300174356640796,0.0148141073850105
heartfailure,mutual_info,logistic,1,0.0112191652379665,-0.0036909403515542
heartfailure,mutual_info,logistic,2,0.0065730588140035,0.0024246458467964
heartfailure,mutual_info,logistic,3,-0.0012681485898011,0.0195053593760152
heartfailure,mutual_info,logistic,4,0.0089204048010927,0.0133335096097034
heartfailure,mutual_info,logistic,5,0.0027455534498236,0.0139626735647458
heartfailure,mutual_info,logistic,6,-0.0031429812948476,0.0064001728832798
heartfailure,mutual_info,logistic,7,0.0124793474709234,0.0104718117211908
heartfailure,mutual_info,logistic,8,0.0148220810326376,-0.0008872313349588
heartfailure,mutual_info,logistic,9,0.0017858251662203,-0.0073118401361841
heartfailure,mutual_info,logistic,10,0.0010344219116174,0.0106349291444443
heartfailure,mutual_info,logistic,11,0.0115216697659379,0.0102814481553633
heartfailure,mutual_info,logistic,12,0.0174734323548033,0.0029228188095113
heartfailure,mutual_info,logistic,13,0.0112420846121752,0.0079456679813775
heartfailure,mutual_info,logistic,14,0.0060432544152987,0.0133843553055522
heartfailure,mutual_info,logistic,15,0.0174371100728348,-0.0045028596345346
heartfailure,mutual_info,logistic,16,0.0133554463910706,0.0110330904477701
heartfailure,mutual_info,logistic,17,0.0019490936050507,0.0073894341982254
heartfailure,mutual_info,logistic,18,0.016234251395744,0.015360000316816
heartfailure,mutual_info,logistic,19,0.0223659450158685,-0.0010611241829743
heartfailure,mutual_info,logistic,20,0.0106739717154547,-0.0157465113278771
heartfailure,mutual_info,logistic,21,0.013585139116678,0.0083066114696225
heartfailure,mutual_info,logistic,22,0.0005566818319159,-0.0134854056057565
heartfailure,mutual_info,logistic,23,0.0047657467910536,0.0174451516015533
heartfailure,mutual_info,logistic,24,0.0283333467062241,-0.019391685510834
heartfailure,mutual_info,logistic,25,0.0109026208244292,0.015494665470905
heartfailure,mutual_info,logistic,26,0.0028870773485947,0.0415712388731338
heartfailure,mutual_info,logistic,27,0.0032687786030526,0.0139806141161414
heartfailure,mutual_info,logistic,28,0.0178872637682025,0.0108097824975049
heartfailure,mutual_info,logistic,29,0.0132518134042342,0.0043623405490718
heartfailure,rf_importance,rf,0,0.0196485129762775,0.0051739610594707
heartfailure,rf_importance,rf,1,-0.005871573761116,-0.0146129611515489
heartfailure,rf_importance,rf,2,0.0145320395740916,-0.0072462937302263
heartfailure,rf_importance,rf,3,0.0027759062978498,0.006771960998888
heartfailure,rf_importance,rf,4,0.0055829188683873,-0.0098233762682402
heartfailure,rf_importance,rf,5,0.0190994350446768,-0.0037914923954518
heartfailure,rf_importance,rf,6,-0.0064852994421852,-0.0191622018950501
heartfailure,rf_importance,rf,7,-0.0047624101987923,0.0270839951449284
heartfailure,rf_importance,rf,8,0.0061404192390131,-0.0094861329312121
heartfailure,rf_importance,rf,9,0.0160247352161538,0.0231349512145582
heartfailure,rf_importance,rf,10,0.0028380116849634,0.0202660145461583
heartfailure,rf_importance,rf,11,-0.0037135680892833,-0.0060702998797499
heartfailure,rf_importance,rf,12,0.0069346719603842,0.0126778466974735
heartfailure,rf_importance,rf,13,0.0074357090991635,3.666378048702845e-05
heartfailure,rf_importance,rf,14,0.0057900065799775,0.0023991680548869
heartfailure,rf_importance,rf,15,-0.0016218459197837,0.0043953610209196
heartfailure,rf_importance,rf,16,0.0331103887122203,0.0410484109863287
heartfailure,rf_importance,rf,17,0.0207567474116966,-0.0130116805857984
heartfailure,rf_importance,rf,18,0.0108819073792326,0.013507200655314
heartfailure,rf_importance,rf,19,0.047102811957934,0.0209097361234524
heartfailure,rf_importance,rf,20,0.0021211593214917,0.0205898069737941
heartfailure,rf_importance,rf,21,-0.0027293630796586,0.0073046130432249
heartfailure,rf_importance,rf,22,0.0069786557188084,0.0126715790696202
heartfailure,rf_importance,rf,23,0.0051442213577909,0.0050491583858943
heartfailure,rf_importance,rf,24,0.0013750247230858,0.0002702643728545
heartfailure,rf_importance,rf,25,0.0069633034080179,0.0006454704866178
heartfailure,rf_importance,rf,26,0.0151391309753849,-0.0068191277597915
heartfailure,rf_importance,rf,27,0.0266522683562098,0.0013947599380953
heartfailure,rf_importance,rf,28,-0.0099423589958259,0.009283749927766
heartfailure,rf_importance,rf,29,0.0264094775031125,0.0488597786193372
heartfailure,rf_importance,logistic,0,0.0018874435693158,0.0112836461633879
heartfailure,rf_importance,logistic,1,-0.0005218873057854,0.007803287982826
heartfailure,rf_importance,logistic,2,-0.0035190163405072,0.0138064038165683
heartfailure,rf_importance,logistic,3,-0.0041692377836779,0.0146113369414132
heartfailure,rf_importance,logistic,4,-0.0012772418493299,0.0235120589194434
heartfailure,rf_importance,logistic,5,0.0068816555617315,-0.0060978678055901
heartfailure,rf_importance,logistic,6,0.0024166597008997,0.0292222309180287
heartfailure,rf_importance,logistic,7,-0.0041268988940647,0.0077012484240133
heartfailure,rf_importance,logistic,8,0.0005218344888619,-0.0057538079974319
heartfailure,rf_importance,logistic,9,0.001002159406092,0.0151147171321989
heartfailure,rf_importance,logistic,10,-0.000744235805543,0.0066295786301261
heartfailure,rf_importance,logistic,11,-0.0067248185827069,0.0120807107268275
heartfailure,rf_importance,logistic,12,-0.0023851410930851,0.0135256865336151
heartfailure,rf_importance,logistic,13,0.0010316506051574,0.0095704059777748
heartfailure,rf_importance,logistic,14,0.0001381463131124,0.0050446510694963
heartfailure,rf_importance,logistic,15,0.0187585842233735,0.0111361656922795
heartfailure,rf_importance,logistic,16,-0.0080759957144153,-0.0013892746298835
heartfailure,rf_importance,logistic,17,-0.0039028211527108,0.0213412700780369
heartfailure,rf_importance,logistic,18,0.0099899877313282,-0.0007065487403082
heartfailure,rf_importance,logistic,19,-0.0013746968147906,0.0126238966430576
heartfailure,rf_importance,logistic,20,0.0043688607419924,0.0132090325711843
heartfailure,rf_importance,logistic,21,0.0019234547281369,0.0189741912824679
heartfailure,rf_importance,logistic,22,-0.0018024029023381,0.0184078101938184
heartfailure,rf_importance,logistic,23,-0.0011081194442351,0.0261264839161343
heartfailure,rf_importance,logistic,24,-0.0008834292820859,0.0238641739847082
heartfailure,rf_importance,logistic,25,0.0118275015868214,0.0056024344119389
heartfailure,rf_importance,logistic,26,-0.0050180000015464,0.0091289553330739
heartfailure,rf_importance,logistic,27,-0.0017179855052842,0.0028662351419067
heartfailure,rf_importance,logistic,28,-0.0003222268191563,0.0137460199468844
heartfailure,rf_importance,logistic,29,0.0056376494577108,0.0383158388103776
heartfailure,l1_logistic,rf,0,0.0176580794582498,0.0189669806392716
heartfailure,l1_logistic,rf,1,0.0002278982743645,-0.0063816915240915
heartfailure,l1_logistic,rf,2,0.0052777646700677,-0.0149969515831543
heartfailure,l1_logistic,rf,3,0.00411505660945,0.0205658626324756
heartfailure,l1_logistic,rf,4,0.020014112862527,0.0102601624486331
heartfailure,l1_logistic,rf,5,0.0244579409483633,0.0152212149986437
heartfailure,l1_logistic,rf,6,0.0046561042445785,0.0139744656690506
heartfailure,l1_logistic,rf,7,0.0020251259295465,0.0271179713051428
heartfailure,l1_logistic,rf,8,0.0072912493900829,0.0225823129594947
heartfailure,l1_logistic,rf,9,0.0105395001978827,-0.000545818485698
heartfailure,l1_logistic,rf,10,-0.0081451662662167,-0.0093993264963004
heartfailure,l1_logistic,rf,11,0.0017294665182562,-0.004451428423751
heartfailure,l1_logistic,rf,12,0.0107819121939242,-0.0128905577699949
heartfailure,l1_logistic,rf,13,0.0250141312766249,-0.0159628225607538
heartfailure,l1_logistic,rf,14,0.008006631314128,-0.0288184016583058
heartfailure,l1_logistic,rf,15,0.0296437621145938,-0.0140155709566782
heartfailure,l1_logistic,rf,16,0.0028925394513788,-0.0013337477594119
heartfailure,l1_logistic,rf,17,-0.0016481240719021,-0.0155717259594082
heartfailure,l1_logistic,rf,18,0.0288227717187393,-0.0145777954813807
heartfailure,l1_logistic,rf,19,0.0059706174299612,0.0196483384720361
heartfailure,l1_logistic,rf,20,0.0037473684197046,0.0174398380329755
heartfailure,l1_logistic,rf,21,0.0129192058331726,0.0263789060545613
heartfailure,l1_logistic,rf,22,0.0046366770795161,0.0226956300584193
heartfailure,l1_logistic,rf,23,0.0108450092010354,0.0058743274139411
heartfailure,l1_logistic,rf,24,0.0277164023311716,0.0204979078288668
heartfailure,l1_logistic,rf,25,0.0081736592323189,-0.0122119760114692
heartfailure,l1_logistic,rf,26,-0.000137462781107,0.0340637477641728
heartfailure,l1_logistic,rf,27,0.0106019646300032,0.0162145852936939
heartfailure,l1_logistic,rf,28,0.0003043177677142,0.0085872404608155
heartfailure,l1_logistic,rf,29,0.0014131955703332,0.0235675165354068
heartfailure,l1_logistic,logistic,0,0.011491712473997,0.0171654537022703
heartfailure,l1_logistic,logistic,1,0.0004757026668067,-0.0010943066655763
heartfailure,l1_logistic,logistic,2,-0.0019718374053777,0.0158874407246211
heartfailure,l1_logistic,logistic,3,0.0129033108785602,0.0293552630172557
heartfailure,l1_logistic,logistic,4,-0.0067308242099944,-0.0028733941871113
heartfailure,l1_logistic,logistic,5,0.0067487878198905,0.0194073968480103
heartfailure,l1_logistic,logistic,6,0.0101591294499392,0.0118279958541728
heartfailure,l1_logistic,logistic,7,-0.003102091843384,0.0121638817237687
heartfailure,l1_logistic,logistic,8,0.0157585020473448,0.0251538284684457
heartfailure,l1_logistic,logistic,9,0.0099769792455941,0.0175557748328542
heartfailure,l1_logistic,logistic,10,0.0146403090076565,0.012976997082401
heartfailure,l1_logistic,logistic,11,-0.0024400317565646,0.0046993055256292
heartfailure,l1_logistic,logistic,12,-0.0023257663254318,0.0084029473050946
heartfailure,l1_logistic,logistic,13,0.015208638642972,0.0204874683751919
heartfailure,l1_logistic,logistic,14,0.0141637015514487,0.0142523619909241
heartfailure,l1_logistic,logistic,15,0.0256599902445961,-0.0028451501470588
heartfailure,l1_logistic,logistic,16,0.0127134992173541,0.0074664065685789
heartfailure,l1_logistic,logistic,17,-0.0040047490162854,0.0075892902261894
heartfailure,l1_logistic,logistic,18,-0.0042459308078198,0.0050927887541617
heartfailure,l1_logistic,logistic,19,0.0080108925313469,0.0093424087452699
heartfailure,l1_logistic,logistic,20,-0.0025600212085926,0.0138094348548155
heartfailure,l1_logistic,logistic,21,-0.0006728630481518,0.0080928270897453
heartfailure,l1_logistic,logistic,22,0.0067959515468871,0.0039740673272247
heartfailure,l1_logistic,logistic,23,0.0134711342721063,0.0182452752489158
heartfailure,l1_logistic,logistic,24,0.0077602264379219,0.0032487076030729
heartfailure,l1_logistic,logistic,25,0.008710913444802,0.0178047777912549
heartfailure,l1_logistic,logistic,26,0.0197100921711163,0.0264910891037926
heartfailure,l1_logistic,logistic,27,0.0218316323949311,0.0108396205702863
heartfailure,l1_logistic,logistic,28,0.0154645045818741,0.0156871832088512
heartfailure,l1_logistic,logistic,29,0.0153732264818913,0.0251147597012273
wdbc,mutual_info,rf,0,0.0029781218806347,0.0030870751654232
wdbc,mutual_info,rf,1,0.0036341794348077,0.0071430607203295
wdbc,mutual_info,rf,2,0.0030132943382693,0.0082670605975431
wdbc,mutual_info,rf,3,0.0100558462318402,0.010873795225742
wdbc,mutual_info,rf,4,0.003782223901845,0.0089899367874028
wdbc,mutual_info,rf,5,0.0058081548877074,0.0074803763724581
wdbc,mutual_info,rf,6,0.0100584304613391,0.0101219523147522
wdbc,mutual_info,rf,7,0.002065594844087,0.0150383813055042
wdbc,mutual_info,rf,8,0.0025685946877541,0.0085997457987318
wdbc,mutual_info,rf,9,0.0058413370508607,0.0104584120950382
wdbc,mutual_info,rf,10,0.0018907717518533,0.012240771320737
wdbc,mutual_info,rf,11,0.0024769283257925,0.009512485748949
wdbc,mutual_info,rf,12,0.0027332932060574,0.0058572273910842
wdbc,mutual_info,rf,13,0.0051073535967527,0.0033457032600304
wdbc,mutual_info,rf,14,0.0026976291621933,0.0092425947668391
wdbc,mutual_info,rf,15,0.0011460894999949,0.0112699113711014
wdbc,mutual_info,rf,16,0.0027413934356152,0.0018678238379541
wdbc,mutual_info,rf,17,0.0058515078201083,0.0092804020608589
wdbc,mutual_info,rf,18,0.0060780278798343,0.0007663317275046
wdbc,mutual_info,rf,19,0.0030491978694187,0.0080249020771944
wdbc,mutual_info,rf,20,0.0029058128757051,0.0057986061583498
wdbc,mutual_info,rf,21,0.0059801424685744,0.0135897336046333
wdbc,mutual_info,rf,22,0.0031730446566496,0.0153929512317053
wdbc,mutual_info,rf,23,0.0036109857886165,0.010583117147223
wdbc,mutual_info,rf,24,0.0035826045035445,0.0061865741912057
wdbc,mutual_info,rf,25,0.0058728218243234,0.0156287010229796
wdbc,mutual_info,rf,26,0.0033153451265901,0.0142753025643452
wdbc,mutual_info,rf,27,0.0023055126671131,0.0058321975790644
wdbc,mutual_info,rf,28,0.0065421431834055,0.0115940019934606
wdbc,mutual_info,rf,29,0.0050023110445369,0.0049972949237401
wdbc,mutual_info,logistic,0,0.0036340730222968,0.0208137394507923
wdbc,mutual_info,logistic,1,0.0022283336923094,0.0197203628775721
wdbc,mutual_info,logistic,2,0.0040058305274232,0.0150031101201415
wdbc,mutual_info,logistic,3,0.0030144867651544,0.0237718111914099
wdbc,mutual_info,logistic,4,0.0031472997001722,0.0208978193624737
wdbc,mutual_info,logistic,5,0.0044062098840821,0.0216251068463054
wdbc,mutual_info,logistic,6,0.0043564018004933,0.024475938370042
wdbc,mutual_info,logistic,7,0.0034300328377569,0.0166864204646535
wdbc,mutual_info,logistic,8,0.0028149577506487,0.0159363271099715
wdbc,mutual_info,logistic,9,0.0037343852564738,0.0257776846154433
wdbc,mutual_info,logistic,10,0.0046591592064153,0.0167576042116791
wdbc,mutual_info,logistic,11,0.0031274100257017,0.021037268152195
wdbc,mutual_info,logistic,12,0.0038492189651508,0.0184873166708115
wdbc,mutual_info,logistic,13,0.0040326276431122,0.0209184754301857
wdbc,mutual_info,logistic,14,0.0043651987235849,0.0271102331375811
wdbc,mutual_info,logistic,15,0.0033634173546817,0.0187845498709181
wdbc,mutual_info,logistic,16,0.0043001724454046,0.0119614029310727
wdbc,mutual_info,logistic,17,0.0039606641486301,0.0199978629275171
wdbc,mutual_info,logistic,18,0.0035270995079681,0.0155062860041506
wdbc,mutual_info,logistic,19,0.0038901327444444,0.0161617925634171
wdbc,mutual_info,logistic,20,0.0039244129643965,0.0179866294715503
wdbc,mutual_info,logistic,21,0.0038181533965125,0.0240726375452031
wdbc,mutual_info,logistic,22,0.0030911303105318,0.0146328274637596
wdbc,mutual_info,logistic,23,0.0029674695668476,0.0217758904016876
wdbc,mutual_info,logistic,24,0.0032016513799227,0.0075573263236611
wdbc,mutual_info,logistic,25,0.0039669083203055,0.0140659194479281
wdbc,mutual_info,logistic,26,0.0041001623038609,0.0164688576890107
wdbc,mutual_info,logistic,27,0.0035951205608369,0.0213487630831043
wdbc,mutual_info,logistic,28,0.0028745326202273,0.0172345470302492
wdbc,mutual_info,logistic,29,0.0039009611701916,0.015347318881531
wdbc,rf_importance,rf,0,0.0056202243657639,0.0066748084030902
wdbc,rf_importance,rf,1,0.0030237184724285,0.0137146409098984
wdbc,rf_importance,rf,2,0.0036053897634241,0.0070066630357382
wdbc,rf_importance,rf,3,0.0006855461085673,0.0057537219368373
wdbc,rf_importance,rf,4,0.0010439094288237,0.0107055332718508
wdbc,rf_importance,rf,5,0.0021588374951183,0.0074590605575877
wdbc,rf_importance,rf,6,0.0096940235087076,0.0087765518534471
wdbc,rf_importance,rf,7,0.0060619519560018,0.00641032296294
wdbc,rf_importance,rf,8,0.0027589473984294,0.0113770850825341
wdbc,rf_importance,rf,9,0.0014736427557115,0.005895473280017
wdbc,rf_importance,rf,10,0.0051589444749367,0.010722519714292
wdbc,rf_importance,rf,11,0.0011754512740375,0.0141310950328098
wdbc,rf_importance,rf,12,0.0055325839722882,0.0172013913002452
wdbc,rf_importance,rf,13,-0.0028581271703797,0.0067086297161509
wdbc,rf_importance,rf,14,0.0051715361623604,0.0185483369487317
wdbc,rf_importance,rf,15,0.0022430474454813,0.0119978482966755
wdbc,rf_importance,rf,16,0.0029426438050518,0.0074684598662253
wdbc,rf_importance,rf,17,0.0027952304587047,0.0045896103774875
wdbc,rf_importance,rf,18,0.0023306997436082,0.0074306495086961
wdbc,rf_importance,rf,19,0.001361930867991,0.0070187890686926
wdbc,rf_importance,rf,20,0.0022038499202978,0.0125195951865085
wdbc,rf_importance,rf,21,0.0028757026585209,0.0091268632633226
wdbc,rf_importance,rf,22,-0.0004475536715272,0.007738042096972
wdbc,rf_importance,rf,23,0.0052348472405562,0.0060335495052831
wdbc,rf_importance,rf,24,-0.0025117351411076,0.0175705863703549
wdbc,rf_importance,rf,25,0.0031354621823452,0.0113264965793581
wdbc,rf_importance,rf,26,0.0028558800637032,0.0067479278415369
wdbc,rf_importance,rf,27,0.0010074726409936,0.015770237648478
wdbc,rf_importance,rf,28,0.0027311991599534,0.0138867618313709
wdbc,rf_importance,rf,29,0.0059626813614963,0.0158401240363222
wdbc,rf_importance,logistic,0,0.0028154728299694,0.0212375508718315
wdbc,rf_importance,logistic,1,0.0032094335925111,0.0110481970372511
wdbc,rf_importance,logistic,2,0.0023454808307456,0.0160109074950654
wdbc,rf_importance,logistic,3,0.0043607759316059,0.0225348579415343
wdbc,rf_importance,logistic,4,0.0021817881900977,0.0159724226340364
wdbc,rf_importance,logistic,5,0.0041456093531916,0.0175806635547931
wdbc,rf_importance,logistic,6,0.0032174597956965,0.0222462723881177
wdbc,rf_importance,logistic,7,0.0043503378163038,0.0212452841753445
wdbc,rf_importance,logistic,8,0.002434656630221,0.0157254138081086
wdbc,rf_importance,logistic,9,0.003431185138355,0.0189519317117433
wdbc,rf_importance,logistic,10,0.0039561860987508,0.0097738426005432
wdbc,rf_importance,logistic,11,0.0045912440793973,0.0225252162359915
wdbc,rf_importance,logistic,12,0.0039521680691545,0.0181970632742239
wdbc,rf_importance,logistic,13,0.0033876054308973,0.0130147079198619
wdbc,rf_importance,logistic,14,0.0045970902998707,0.0189164726264214
wdbc,rf_importance,logistic,15,0.002702719969686,0.0097754958987202
wdbc,rf_importance,logistic,16,0.0041703632130228,0.0234445426863311
wdbc,rf_importance,logistic,17,0.0041673345213143,0.0210017008836123
wdbc,rf_importance,logistic,18,0.0036695663754236,0.0195222256641653
wdbc,rf_importance,logistic,19,0.0019969777526582,0.0154811975627732
wdbc,rf_importance,logistic,20,0.0032350449933436,0.0110146667164853
wdbc,rf_importance,logistic,21,0.0040931018216769,0.0167152848403353
wdbc,rf_importance,logistic,22,0.0042032257352348,0.0212622176238842
wdbc,rf_importance,logistic,23,0.0041222480142903,0.0146285727246247
wdbc,rf_importance,logistic,24,0.0024409209696453,0.0173554610966943
wdbc,rf_importance,logistic,25,0.0038106824178625,0.0115248435827931
wdbc,rf_importance,logistic,26,0.0018521824439574,0.0202238933231692
wdbc,rf_importance,logistic,27,0.0026377055008107,0.0189860920299373
wdbc,rf_importance,logistic,28,0.003960836280876,0.0275761700958208
wdbc,rf_importance,logistic,29,0.0038008102950052,0.0243028185882397
wdbc,l1_logistic,rf,0,-0.0037420064773569,-0.0007615134901975
wdbc,l1_logistic,rf,1,-0.0008067045307352,-0.0043270457200244
wdbc,l1_logistic,rf,2,-0.0044625417874879,-0.0020344339074945
wdbc,l1_logistic,rf,3,-0.0005032893341247,0.0004742492849833
wdbc,l1_logistic,rf,4,-0.0050254339385304,-0.0017911088423429
wdbc,l1_logistic,rf,5,0.0019707175365616,-0.0059731668868491
wdbc,l1_logistic,rf,6,-0.0035538823370941,-0.005065048005009
wdbc,l1_logistic,rf,7,0.0001667430997701,-0.0063082935063318
wdbc,l1_logistic,rf,8,-0.0005810367444809,0.0026706085413345
wdbc,l1_logistic,rf,9,-0.0040633167601441,-0.0007106535894688
wdbc,l1_logistic,rf,10,0.0043702745938667,-0.0038130246152809
wdbc,l1_logistic,rf,11,-0.0031737343567591,0.0069837836824388
wdbc,l1_logistic,rf,12,0.0077077730760266,0.0007585705330722
wdbc,l1_logistic,rf,13,0.0004890670735418,-0.0147207905476544
wdbc,l1_logistic,rf,14,-0.0023488620195819,0.0004100314779245
wdbc,l1_logistic,rf,15,0.0006540035078657,0.0024342852624704
wdbc,l1_logistic,rf,16,-0.0039118291566286,-0.004253195393405
wdbc,l1_logistic,rf,17,0.0023369397451979,0.0035287258468178
wdbc,l1_logistic,rf,18,-0.0034107865413304,0.0046141309844616
wdbc,l1_logistic,rf,19,-0.0001576673261425,0.0002993605977283
wdbc,l1_logistic,rf,20,-0.0041507083621139,-0.0045768326653126
wdbc,l1_logistic,rf,21,-0.0009050857650908,0.0044653427989824
wdbc,l1_logistic,rf,22,-0.0026272127908467,0.0062977624360883
wdbc,l1_logistic,rf,23,0.0015755744050856,0.00065209919234
wdbc,l1_logistic,rf,24,0.0036462485729032,-0.0045600369526019
wdbc,l1_logistic,rf,25,-0.002496922886942,0.0065829950973718
wdbc,l1_logistic,rf,26,-0.0043636772997156,-0.0072252589996596
wdbc,l1_logistic,rf,27,-0.0029500530761974,-0.0025059262476587
wdbc,l1_logistic,rf,28,-0.0033336224695923,0.0043136308170081
wdbc,l1_logistic,rf,29,-0.0029309726390413,0.0001231327878592
wdbc,l1_logistic,logistic,0,0.0004053076232623,0.0104547756305665
wdbc,l1_logistic,logistic,1,0.0001563507743066,0.0064915372020586
wdbc,l1_logistic,logistic,2,0.0003026563504707,0.0095734115065094
wdbc,l1_logistic,logistic,3,3.076441342987407e-05,0.0043052427662544
wdbc,l1_logistic,logistic,4,-0.0001520930169363,0.0015998694682149
wdbc,l1_logistic,logistic,5,0.0004885733120901,0.0008410737614323
wdbc,l1_logistic,logistic,6,-0.0003164638074106,0.0019706758120936
wdbc,l1_logistic,logistic,7,0.0003235134417409,0.0043302577876836
wdbc,l1_logistic,logistic,8,0.0002763786939177,0.0033530709620667
wdbc,l1_logistic,logistic,9,-0.0003586396128688,0.0015834494912002
wdbc,l1_logistic,logistic,10,0.0015789626455151,0.007696308508136
wdbc,l1_logistic,logistic,11,0.0024830151688933,0.0074893582574898
wdbc,l1_logistic,logistic,12,0.0004145531466507,0.0043745231005453
wdbc,l1_logistic,logistic,13,0.0002651182521349,0.006202535131124
wdbc,l1_logistic,logistic,14,-8.830970986309578e-05,0.0071107219778028
wdbc,l1_logistic,logistic,15,0.0009465791161353,0.0097994057988108
wdbc,l1_logistic,logistic,16,0.0003556705119736,0.0069789252694107
wdbc,l1_logistic,logistic,17,0.0008099149386034,0.0116100792968006
wdbc,l1_logistic,logistic,18,-3.2318508471089816e-05,0.0033636001211263
wdbc,l1_logistic,logistic,19,-0.0001594691153677,0.0042336303988416
wdbc,l1_logistic,logistic,20,0.0002606690922378,0.010146032508478
wdbc,l1_logistic,logistic,21,0.0003479672369766,0.0068047264986296
wdbc,l1_logistic,logistic,22,0.0003419852266966,0.005575136645794
wdbc,l1_logistic,logistic,23,0.0001894343636832,0.0033045640073576
wdbc,l1_logistic,logistic,24,0.0004764828685283,0.0030806433443992
wdbc,l1_logistic,logistic,25,0.0004072458171368,0.004984791436053
wdbc,l1_logistic,logistic,26,0.0002510229198816,0.0046585614762799
wdbc,l1_logistic,logistic,27,0.0001036308164737,0.0023227014033801
wdbc,l1_logistic,logistic,28,0.0002681527740061,-0.0019848236814819
wdbc,l1_logistic,logistic,29,0.0007493901208454,0.0021670328919131
statlogheart,mutual_info,rf,0,0.0848645174595362,0.0103762682704049
statlogheart,mutual_info,rf,1,0.071561680317037,0.0095954236436068
statlogheart,mutual_info,rf,2,0.0875234787072967,0.0043706649509048
statlogheart,mutual_info,rf,3,0.1079778615463012,0.0115920753923217
statlogheart,mutual_info,rf,4,0.1100273572546035,0.0328998038668186
statlogheart,mutual_info,rf,5,0.0698101546077131,0.0068114567142975
statlogheart,mutual_info,rf,6,0.0553773906682708,0.0107963512114326
statlogheart,mutual_info,rf,7,0.0904519065273824,0.0360027565691403
statlogheart,mutual_info,rf,8,0.0498169018927419,0.0035650289366218
statlogheart,mutual_info,rf,9,0.067936329985135,0.0514834363401261
statlogheart,mutual_info,rf,10,0.0502560599140302,0.0077640361006313
statlogheart,mutual_info,rf,11,0.1228968330854672,0.0689553253745772
statlogheart,mutual_info,rf,12,0.0852835167276935,-0.0008350657210864
statlogheart,mutual_info,rf,13,0.0908849082046219,0.0341853578358926
statlogheart,mutual_info,rf,14,0.1100916041708484,0.0321362509543847
statlogheart,mutual_info,rf,15,0.1152929758126522,0.027580584042084
statlogheart,mutual_info,rf,16,0.0540900910145257,0.0409458391935463
statlogheart,mutual_info,rf,17,0.0892824574015555,0.0481881843479648
statlogheart,mutual_info,rf,18,0.0735752234078834,-0.025865061760619
statlogheart,mutual_info,rf,19,0.092791697262309,0.0260376980665499
statlogheart,mutual_info,rf,20,0.0399847428904897,0.0061213324963172
statlogheart,mutual_info,rf,21,0.0682365961003305,0.0251688349444792
statlogheart,mutual_info,rf,22,0.1104339602486624,0.0198118630805303
statlogheart,mutual_info,rf,23,0.1072088494495278,0.0586443561764543
statlogheart,mutual_info,rf,24,0.0686136788575731,0.0277661076613506
statlogheart,mutual_info,rf,25,0.0580922174195686,0.0273432188922174
statlogheart,mutual_info,rf,26,0.1048717029896719,0.0502290267320318
statlogheart,mutual_info,rf,27,0.0779518952891711,0.0561365890349295
statlogheart,mutual_info,rf,28,0.0866394610300329,0.0785206085872273
statlogheart,mutual_info,rf,29,0.1062292800200627,0.0424609354828259
statlogheart,mutual_info,logistic,0,0.0550985485584909,0.019785991934832
statlogheart,mutual_info,logistic,1,0.0355787240141637,0.0126544700014166
statlogheart,mutual_info,logistic,2,0.0684845813210655,0.0014572703413763
statlogheart,mutual_info,logistic,3,0.0605739045627943,0.0251674957205887
statlogheart,mutual_info,logistic,4,0.0511883802754658,0.0198347162461062
statlogheart,mutual_info,logistic,5,0.0639013994996051,0.0216145296647094
statlogheart,mutual_info,logistic,6,0.0475715291707899,0.0002681260252446
statlogheart,mutual_info,logistic,7,0.0474191311866467,0.0378979168109223
statlogheart,mutual_info,logistic,8,0.0239112066547197,0.0199475663465391
statlogheart,mutual_info,logistic,9,0.0336939485207116,0.0252635747513366
statlogheart,mutual_info,logistic,10,0.0513682545989775,0.0278559161549178
statlogheart,mutual_info,logistic,11,0.0643051503335377,0.0375606784493757
statlogheart,mutual_info,logistic,12,0.0459536941582028,0.0123818526267434
statlogheart,mutual_info,logistic,13,0.0443749347957832,0.0103385117777485
statlogheart,mutual_info,logistic,14,0.0736902330005671,0.041857943751479
statlogheart,mutual_info,logistic,15,0.0578533172407069,0.0259759026295858
statlogheart,mutual_info,logistic,16,0.0653620831013925,0.0334287045553373
statlogheart,mutual_info,logistic,17,0.0527775335459906,0.0367639786779941
statlogheart,mutual_info,logistic,18,0.0270521056678113,0.0233515948829395
statlogheart,mutual_info,logistic,19,0.0549436247260526,0.0160625635492147
statlogheart,mutual_info,logistic,20,0.0513608598557541,0.0187103331609573
statlogheart,mutual_info,logistic,21,0.0429496523807038,0.0196630366848931
statlogheart,mutual_info,logistic,22,0.0332599795584767,0.0207086472831633
statlogheart,mutual_info,logistic,23,0.0328262345473583,0.0114552659121174
statlogheart,mutual_info,logistic,24,0.0662491181248705,0.0223582667318208
statlogheart,mutual_info,logistic,25,0.0444521363599276,0.0232874037341779
statlogheart,mutual_info,logistic,26,0.0574199705540777,0.0158653519963058
statlogheart,mutual_info,logistic,27,0.0476170850763832,0.0237319663396575
statlogheart,mutual_info,logistic,28,0.0607512247589692,0.02300501076885
statlogheart,mutual_info,logistic,29,0.0527924113080466,0.0181922858178409
statlogheart,rf_importance,rf,0,0.0977958693487707,0.0470150397233171
statlogheart,rf_importance,rf,1,0.1072359066211122,0.1006572589375489
statlogheart,rf_importance,rf,2,0.1021110958802371,0.1265909971831355
statlogheart,rf_importance,rf,3,0.0534995717070786,0.0201143074687865
statlogheart,rf_importance,rf,4,0.090805980667398,0.1061972670011204
statlogheart,rf_importance,rf,5,0.1069204221995184,0.0468129657932454
statlogheart,rf_importance,rf,6,0.1172989301192322,0.0762439122813191
statlogheart,rf_importance,rf,7,0.0784991676325632,0.0703174513584209
statlogheart,rf_importance,rf,8,0.0920512501849335,0.026020753215452
statlogheart,rf_importance,rf,9,0.1050040588341594,0.0466070928445209
statlogheart,rf_importance,rf,10,0.1500619546619021,0.0742727322411038
statlogheart,rf_importance,rf,11,0.1346463589698269,0.0808727727804695
statlogheart,rf_importance,rf,12,0.127426646979821,0.1298131251900244
statlogheart,rf_importance,rf,13,0.1075958391333519,0.0673241641592524
statlogheart,rf_importance,rf,14,0.1316618013600409,0.0550754612991618
statlogheart,rf_importance,rf,15,0.1343611843108014,0.1208481937566311
statlogheart,rf_importance,rf,16,0.1030027275445494,0.0646766785908748
statlogheart,rf_importance,rf,17,0.0739161965135306,0.063716433294689
statlogheart,rf_importance,rf,18,0.1299804143839417,0.0979531074348181
statlogheart,rf_importance,rf,19,0.0833250721884388,0.0282018554675109
statlogheart,rf_importance,rf,20,0.1168396566347596,0.0509491953451204
statlogheart,rf_importance,rf,21,0.1078367371242262,0.0667896022278959
statlogheart,rf_importance,rf,22,0.1176540353760336,0.0853579043893066
statlogheart,rf_importance,rf,23,0.0883611281970594,0.082088885082819
statlogheart,rf_importance,rf,24,0.1495972062786044,0.1139422971487305
statlogheart,rf_importance,rf,25,0.1262150420740768,0.0718772686933211
statlogheart,rf_importance,rf,26,0.1364505511730533,0.031654827553706
statlogheart,rf_importance,rf,27,0.1101881650604025,0.0408940716421508
statlogheart,rf_importance,rf,28,0.1148647096371409,0.1138837792319836
statlogheart,rf_importance,rf,29,0.1291364235236942,0.049559004592229
statlogheart,rf_importance,logistic,0,0.0700554515730181,0.0290246880580986
statlogheart,rf_importance,logistic,1,0.0727487192971798,0.0345995667871569
statlogheart,rf_importance,logistic,2,0.0605440832610905,0.0198805280977899
statlogheart,rf_importance,logistic,3,0.0467825745029883,0.0203441025312736
statlogheart,rf_importance,logistic,4,0.0644930640367392,0.0113260571525491
statlogheart,rf_importance,logistic,5,0.0724701677301624,0.039999092487153
statlogheart,rf_importance,logistic,6,0.0837534384068805,0.0320328659985684
statlogheart,rf_importance,logistic,7,0.0640576494355781,0.0287146654753044
statlogheart,rf_importance,logistic,8,0.0495603254162771,0.0521884621242705
statlogheart,rf_importance,logistic,9,0.0585829156034793,0.0315595567079504
statlogheart,rf_importance,logistic,10,0.0745484458538255,0.0548070289275014
statlogheart,rf_importance,logistic,11,0.0463646874262405,0.0076234448086485
statlogheart,rf_importance,logistic,12,0.063379221094576,0.0280860057061643
statlogheart,rf_importance,logistic,13,0.0713052753486101,0.0283205572914443
statlogheart,rf_importance,logistic,14,0.0702083379006087,0.0455266774487757
statlogheart,rf_importance,logistic,15,0.0708118062794211,0.0174871960979367
statlogheart,rf_importance,logistic,16,0.0628394046680094,0.029948349819222
statlogheart,rf_importance,logistic,17,0.0385419952255613,0.0319481529413391
statlogheart,rf_importance,logistic,18,0.0484873905804348,0.0137771115700718
statlogheart,rf_importance,logistic,19,0.0193887465695333,0.0221678903610022
statlogheart,rf_importance,logistic,20,0.0739305002205094,0.0305906544606114
statlogheart,rf_importance,logistic,21,0.080909288541656,0.0472292507342543
statlogheart,rf_importance,logistic,22,0.0625856143204386,0.0190750551160043
statlogheart,rf_importance,logistic,23,0.0783719841701016,0.0264985614219639
statlogheart,rf_importance,logistic,24,0.038462098091498,0.0229884119105795
statlogheart,rf_importance,logistic,25,0.0471234919519083,0.0284083432989203
statlogheart,rf_importance,logistic,26,0.0522685275818026,0.036844985353136
statlogheart,rf_importance,logistic,27,0.0737769103466822,0.0404539562247606
statlogheart,rf_importance,logistic,28,0.0241163001394166,0.0183545018904227
statlogheart,rf_importance,logistic,29,0.0697397810600896,0.0342235467788773
statlogheart,l1_logistic,rf,0,0.0872663416904075,0.0048161762722731
statlogheart,l1_logistic,rf,1,0.0518111457118832,0.0106765672293698
statlogheart,l1_logistic,rf,2,0.0825286426946094,-0.0298673622856472
statlogheart,l1_logistic,rf,3,0.1163022182547736,0.0043515482469305
statlogheart,l1_logistic,rf,4,0.0842221761219186,0.020199518404527
statlogheart,l1_logistic,rf,5,0.0800464954550458,0.0078344829248003
statlogheart,l1_logistic,rf,6,0.0742141686323938,-0.0148854236621586
statlogheart,l1_logistic,rf,7,0.0846105066304543,-0.0030006294573988
statlogheart,l1_logistic,rf,8,0.0959083957551068,0.0142369039738494
statlogheart,l1_logistic,rf,9,0.0602144018697109,0.0121112770715345
statlogheart,l1_logistic,rf,10,0.0665019453327652,-0.0075122771420677
statlogheart,l1_logistic,rf,11,0.0810617224766466,0.0054256441717499
statlogheart,l1_logistic,rf,12,0.1054213916517438,0.0082264085072541
statlogheart,l1_logistic,rf,13,0.0897100695725091,-0.0024049439433143
statlogheart,l1_logistic,rf,14,0.0490653621724746,-0.0084367505937142
statlogheart,l1_logistic,rf,15,0.0505275729566664,-0.0014369658872934
statlogheart,l1_logistic,rf,16,0.0824062562091154,0.0050465112263302
statlogheart,l1_logistic,rf,17,0.1042005990114419,0.018178283714346
statlogheart,l1_logistic,rf,18,0.100753309794089,0.0006419783144229
statlogheart,l1_logistic,rf,19,0.0844501579763875,0.0010958200243876
statlogheart,l1_logistic,rf,20,0.057746492417919,0.0031589941701551
statlogheart,l1_logistic,rf,21,0.0710062093326344,0.0165949917901133
statlogheart,l1_logistic,rf,22,0.0604721296047048,-0.0024814694774616
statlogheart,l1_logistic,rf,23,0.1157875010816583,0.0236269830953709
statlogheart,l1_logistic,rf,24,0.0672287261051027,0.0048056407589113
statlogheart,l1_logistic,rf,25,0.0769984225689842,-0.0091728876336343
statlogheart,l1_logistic,rf,26,0.0865072420149003,-0.0072763614566666
statlogheart,l1_logistic,rf,27,0.0503733444754591,-0.0097424685740722
statlogheart,l1_logistic,rf,28,0.0550424455585493,-0.0221617804736419
statlogheart,l1_logistic,rf,29,0.0786055983837012,0.0144524032904631
statlogheart,l1_logistic,logistic,0,0.0455144824665768,0.0183742385304518
statlogheart,l1_logistic,logistic,1,0.0559358269800634,-0.0033432912615497
statlogheart,l1_logistic,logistic,2,0.0563412967008849,0.0077058805113681
statlogheart,l1_logistic,logistic,3,0.0571205652703007,0.0241784173007144
statlogheart,l1_logistic,logistic,4,0.0561482244854158,0.0222243183597126
statlogheart,l1_logistic,logistic,5,0.0570438275386803,0.0144554094974728
statlogheart,l1_logistic,logistic,6,0.034611301015859,0.0091566755781851
statlogheart,l1_logistic,logistic,7,0.0423935620461056,0.0181017846073663
statlogheart,l1_logistic,logistic,8,0.0442118129445444,0.0056598327958531
statlogheart,l1_logistic,logistic,9,0.0506244976491574,0.0244878672397958
statlogheart,l1_logistic,logistic,10,0.0402174864829761,0.0203141164806793
statlogheart,l1_logistic,logistic,11,0.0411403639524066,-0.00103097986357
statlogheart,l1_logistic,logistic,12,0.0413533917898762,0.0236478846267855
statlogheart,l1_logistic,logistic,13,0.0571822792465876,0.0203966308995808
statlogheart,l1_logistic,logistic,14,0.0539621687384023,0.0161075000039517
statlogheart,l1_logistic,logistic,15,0.0402118588120964,0.0038220936966098
statlogheart,l1_logistic,logistic,16,0.0549754402084009,0.0089529293522705
statlogheart,l1_logistic,logistic,17,0.0656814963182433,0.0286185116465269
statlogheart,l1_logistic,logistic,18,0.0377974982132928,0.0230155622059684
statlogheart,l1_logistic,logistic,19,0.0415020771537834,0.0240518344753918
statlogheart,l1_logistic,logistic,20,0.0272220213511203,0.0164686168455279
statlogheart,l1_logistic,logistic,21,0.0409982645939507,0.0171684575073971
statlogheart,l1_logistic,logistic,22,0.048519990259897,0.0097935602086884
statlogheart,l1_logistic,logistic,23,0.0323642278615357,0.0076871341067617
statlogheart,l1_logistic,logistic,24,0.0410975746755415,0.0160341510829484
statlogheart,l1_logistic,logistic,25,0.0458413150096176,0.0102414894228384
statlogheart,l1_logistic,logistic,26,0.0483086095986882,0.0314355352637487
statlogheart,l1_logistic,logistic,27,0.0441724168795145,0.0241622373920701
statlogheart,l1_logistic,logistic,28,0.0499661749842173,0.0184266617728144
statlogheart,l1_logistic,logistic,29,0.0498885853518666,0.0114649645305788
haberman,mutual_info,rf,0,0.1865789682760785,-0.0312293260126465
haberman,mutual_info,rf,1,0.1512246653217211,-0.0655460771033306
haberman,mutual_info,rf,2,0.0961927941297741,-0.0832806516774429
haberman,mutual_info,rf,3,0.0956403851736592,-0.0578673144053035
haberman,mutual_info,rf,4,0.0727750995652748,-0.0632757642543266
haberman,mutual_info,rf,5,0.095142755654962,-0.0536872117215652
haberman,mutual_info,rf,6,0.0890680268097445,-0.0295524155492077
haberman,mutual_info,rf,7,0.1213481005331475,-0.0594989466844943
haberman,mutual_info,rf,8,0.1382114423455284,-0.0488022230673104
haberman,mutual_info,rf,9,0.1179141276165876,-0.0548373112022452
haberman,mutual_info,rf,10,0.1423953172331579,0.0042565620991077
haberman,mutual_info,rf,11,0.1427227441927803,-0.0695593534425422
haberman,mutual_info,rf,12,0.1499882249350055,-0.0356043698335655
haberman,mutual_info,rf,13,0.0873347278657855,-0.0657524089980977
haberman,mutual_info,rf,14,0.2132711413868031,-0.0486979882633232
haberman,mutual_info,rf,15,0.106512785510435,-0.0694524524821111
haberman,mutual_info,rf,16,0.1126994673351926,-0.0175242789061398
haberman,mutual_info,rf,17,0.1367612109424664,-0.0438622405771881
haberman,mutual_info,rf,18,0.1492017966325832,0.001169943527011
haberman,mutual_info,rf,19,0.1503469383009239,-0.0764716561608198
haberman,mutual_info,rf,20,0.1706713695930459,-0.0360522958270917
haberman,mutual_info,rf,21,0.1276199566041205,-0.0837614432030027
haberman,mutual_info,rf,22,0.1320072698808305,-0.0065192711042675
haberman,mutual_info,rf,23,0.1599315905775631,-0.0691123550085921
haberman,mutual_info,rf,24,0.1834812682411978,-0.0577765642384139
haberman,mutual_info,rf,25,0.1272253839828133,-0.042418075167483
haberman,mutual_info,rf,26,0.0889087820812315,-0.0981173173394359
haberman,mutual_info,rf,27,0.1269928813617871,-0.0467248077546533
haberman,mutual_info,rf,28,0.1340031205043089,-0.0683001847497413
haberman,mutual_info,rf,29,0.1442596468865972,-0.038424012266325
haberman,mutual_info,logistic,0,-0.007923997665085,7.301333065073967e-05
haberman,mutual_info,logistic,1,-0.0297720344536419,0.0003280012805109
haberman,mutual_info,logistic,2,-0.0274799212448598,0.0009118275526567
haberman,mutual_info,logistic,3,-0.0158484403356297,0.0003615817724498
haberman,mutual_info,logistic,4,0.0110925122358394,-0.0015345229658757
haberman,mutual_info,logistic,5,0.0092482066792193,0.0005009987796544
haberman,mutual_info,logistic,6,-0.0303288547607801,0.0001576940526005
haberman,mutual_info,logistic,7,-0.0024029303512123,-9.472120032835708e-05
haberman,mutual_info,logistic,8,-0.0052290446095104,0.0006934021685871
haberman,mutual_info,logistic,9,-0.0107892390584402,-0.0007880047088585
haberman,mutual_info,logistic,10,-0.0157639231703443,0.0002944700600739
haberman,mutual_info,logistic,11,-0.0243351761492827,0.0003872435796054
haberman,mutual_info,logistic,12,-0.0052855814566289,7.118819633034068e-05
haberman,mutual_info,logistic,13,-0.005294630835477,0.0005701080430088
haberman,mutual_info,logistic,14,-0.0096767665040221,0.0007347486083567
haberman,mutual_info,logistic,15,-0.0429228505817026,0.0006332289603778
haberman,mutual_info,logistic,16,-0.0009281621521655,0.0002629402936892
haberman,mutual_info,logistic,17,-0.0062676271518699,0.0006266536574349
haberman,mutual_info,logistic,18,-0.0181661326859608,0.000228314076497
haberman,mutual_info,logistic,19,-0.0209886785058651,0.000316453544781
haberman,mutual_info,logistic,20,0.0312291119722824,-0.0002999845571365
haberman,mutual_info,logistic,21,0.0125296144763803,-9.090650608345464e-05
haberman,mutual_info,logistic,22,-0.003508924369451,0.0003336018963054
haberman,mutual_info,logistic,23,-0.0193173606270827,-0.0005050209324013
haberman,mutual_info,logistic,24,-0.0051873294173124,0.0007812487049735
haberman,mutual_info,logistic,25,0.0192618109881463,2.2733799933699617e-05
haberman,mutual_info,logistic,26,-0.0113104034425955,-0.0003330071035346
haberman,mutual_info,logistic,27,-0.0106696835097644,0.0010008307530716
haberman,mutual_info,logistic,28,0.0095156971516227,0.0004537321760281
haberman,mutual_info,logistic,29,-0.0184419287089492,-0.0009348354139474
haberman,rf_importance,rf,0,0.0986060933354388,0.0245874619492715
haberman,rf_importance,rf,1,0.0922860692180497,0.0189947207840982
haberman,rf_importance,rf,2,0.0907225134839216,0.0461370198037783
haberman,rf_importance,rf,3,0.1117154927026239,0.0048126601016351
haberman,rf_importance,rf,4,0.1406784817444077,0.0471186250449817
haberman,rf_importance,rf,5,0.0889691593740779,-0.0109928963043492
haberman,rf_importance,rf,6,0.117763171351906,-0.0499379396836208
haberman,rf_importance,rf,7,0.1117607413455656,0.0249016793562951
haberman,rf_importance,rf,8,0.1438779382662108,0.0482939049425156
haberman,rf_importance,rf,9,0.1173857904819964,0.0753390436311564
haberman,rf_importance,rf,10,0.121264479469328,0.0714251970804781
haberman,rf_importance,rf,11,0.0990286687316051,0.028289374764281
haberman,rf_importance,rf,12,0.1379119986078207,0.0672112416469527
haberman,rf_importance,rf,13,0.1176079384867364,0.0069964702980134
haberman,rf_importance,rf,14,0.0832300918567566,0.040821765571686
haberman,rf_importance,rf,15,0.1102373842763785,0.0655633104657415
haberman,rf_importance,rf,16,0.1258446295647945,0.05434230941159
haberman,rf_importance,rf,17,0.1076604004074024,0.0171324055137602
haberman,rf_importance,rf,18,0.085163225521285,0.009337286736418
haberman,rf_importance,rf,19,0.17519362631734,0.0239260480146824
haberman,rf_importance,rf,20,0.0670595062932267,-0.0227994906866121
haberman,rf_importance,rf,21,0.1658128846377938,0.0478204818879757
haberman,rf_importance,rf,22,0.1243590386745927,0.047282548629522
haberman,rf_importance,rf,23,0.073961837546146,0.007635443544276
haberman,rf_importance,rf,24,0.1166151232799312,0.0219001613124347
haberman,rf_importance,rf,25,0.106982446146089,-0.0010123421601864
haberman,rf_importance,rf,26,0.1164773974323304,-0.0038267635122777
haberman,rf_importance,rf,27,0.1127994679196514,0.0603684795267007
haberman,rf_importance,rf,28,0.1202969093989364,0.0714266094826284
haberman,rf_importance,rf,29,0.1510906121015209,0.0370561296818015
haberman,rf_importance,logistic,0,0.0426535858591601,0.000538292491842
haberman,rf_importance,logistic,1,0.0173042811703292,0.0009638817648344
haberman,rf_importance,logistic,2,0.0457548086990322,0.000874745033397
haberman,rf_importance,logistic,3,0.0556492490333944,0.0015710653282576
haberman,rf_importance,logistic,4,0.0550047968760936,0.0010599725169132
haberman,rf_importance,logistic,5,0.0353937374018678,0.0001121722398341
haberman,rf_importance,logistic,6,0.0357699566604557,0.0005108428036726
haberman,rf_importance,logistic,7,0.0230136443789666,0.0005997756214433
haberman,rf_importance,logistic,8,0.0182766426606056,0.0009330433651804
haberman,rf_importance,logistic,9,0.0121685663448727,0.000482082561279
haberman,rf_importance,logistic,10,0.0299519166253377,5.1368753444386295e-05
haberman,rf_importance,logistic,11,0.0354152417677401,0.0006484487123437
haberman,rf_importance,logistic,12,0.0307857058418216,0.0006149880091936
haberman,rf_importance,logistic,13,0.049172517961033,0.0006703009393729
haberman,rf_importance,logistic,14,0.0201828391291936,-0.0002030393261084
haberman,rf_importance,logistic,15,0.0600349416607816,0.0003644752758376
haberman,rf_importance,logistic,16,0.0516333666627864,-6.921622587183207e-05
haberman,rf_importance,logistic,17,0.0303528944941471,0.0007071125349971
haberman,rf_importance,logistic,18,0.0464572554244213,0.0011191760773464
haberman,rf_importance,logistic,19,0.0183587039964136,0.0007749412065025
haberman,rf_importance,logistic,20,0.0463732655565988,0.0004106922413547
haberman,rf_importance,logistic,21,0.028471836116951,0.0016704253706886
haberman,rf_importance,logistic,22,0.0420862522234817,0.0012457819161793
haberman,rf_importance,logistic,23,0.011621553717948,0.0002787277461294
haberman,rf_importance,logistic,24,0.0188885371413994,0.0006487107323653
haberman,rf_importance,logistic,25,0.0450549345066594,0.0013481833515519
haberman,rf_importance,logistic,26,0.0390311276320137,0.00054157778596
haberman,rf_importance,logistic,27,0.0353015390846029,0.0011255526215981
haberman,rf_importance,logistic,28,0.0056928961869932,0.0011837675047283
haberman,rf_importance,logistic,29,0.0722543949673207,0.0009253845192023
haberman,l1_logistic,rf,0,0.1497139965684382,-0.0420063040809577
haberman,l1_logistic,rf,1,0.1615863281105758,-0.0444777297713799
haberman,l1_logistic,rf,2,0.1227860348639319,-0.084922051677954
haberman,l1_logistic,rf,3,0.1327269553097774,-0.062746962453091
haberman,l1_logistic,rf,4,0.1201154196124811,-0.0487292183303427
haberman,l1_logistic,rf,5,0.1352897083525309,-0.0322951638711592
haberman,l1_logistic,rf,6,0.1425659517363083,-0.0215935654946743
haberman,l1_logistic,rf,7,0.1439606437706655,-0.0521434635203673
haberman,l1_logistic,rf,8,0.1781725340151659,-0.0385235348113469
haberman,l1_logistic,rf,9,0.1448670910276652,-1.2042445432625117e-05
haberman,l1_logistic,rf,10,0.1306356798366378,-0.084051970418658
haberman,l1_logistic,rf,11,0.1143884431348313,-0.0676572127018075
haberman,l1_logistic,rf,12,0.1466118118851746,-0.0616853957583492
haberman,l1_logistic,rf,13,0.1656455605716604,-0.0643947048819167
haberman,l1_logistic,rf,14,0.151641393834699,-0.032704353520429
haberman,l1_logistic,rf,15,0.156592479496095,-0.0146589156682921
haberman,l1_logistic,rf,16,0.1348176465445644,-0.0399879114627737
haberman,l1_logistic,rf,17,0.1320493514130735,-0.0523551071609168
haberman,l1_logistic,rf,18,0.109817863387548,-0.0920672417393539
haberman,l1_logistic,rf,19,0.1437894431748045,-0.0477350685482574
haberman,l1_logistic,rf,20,0.2122683769775937,-0.0597589638532507
haberman,l1_logistic,rf,21,0.1595272979318089,-0.0574754211417309
haberman,l1_logistic,rf,22,0.1681361669214846,-0.1047416936013507
haberman,l1_logistic,rf,23,0.1797174060623631,-0.0518863750702885
haberman,l1_logistic,rf,24,0.1450137071859229,-0.0215739414973882
haberman,l1_logistic,rf,25,0.1455359339803676,-0.0345473616588918
haberman,l1_logistic,rf,26,0.1726472152353066,-0.0236496185786824
haberman,l1_logistic,rf,27,0.1769533462096183,-0.0901597231205917
haberman,l1_logistic,rf,28,0.1633357831876083,-0.0420221398611123
haberman,l1_logistic,rf,29,0.136616427371899,-0.0327380848159472
haberman,l1_logistic,logistic,0,-0.0393825211072942,-0.0010044747687043
haberman,l1_logistic,logistic,1,-0.0067960455461185,-0.0004712174951466
haberman,l1_logistic,logistic,2,-0.0103170223991768,-1.209687775702295e-05
haberman,l1_logistic,logistic,3,-0.0319384653159761,0.0003504149699483
haberman,l1_logistic,logistic,4,-0.0219430391652188,-0.0003161047326419
haberman,l1_logistic,logistic,5,0.0020989638262004,0.0003968693565711
haberman,l1_logistic,logistic,6,-0.0073293818148728,0.000121721343568
haberman,l1_logistic,logistic,7,-0.0027086542426497,0.0003548311179696
haberman,l1_logistic,logistic,8,0.0027594847477069,-4.841090669296944e-05
haberman,l1_logistic,logistic,9,-0.0072009425794629,0.0001564455613938
haberman,l1_logistic,logistic,10,0.0087034564557633,0.0012242618891785
haberman,l1_logistic,logistic,11,-0.0258230511875799,-3.598979832208915e-05
haberman,l1_logistic,logistic,12,-0.0099570307747327,0.000283832023314
haberman,l1_logistic,logistic,13,-0.0241514311388549,-1.4839297584223754e-05
haberman,l1_logistic,logistic,14,-0.0320677516280958,-0.0006260011747343
haberman,l1_logistic,logistic,15,-0.037009006100058,0.0002731361870946
haberman,l1_logistic,logistic,16,-0.0060757343542909,-2.6367175498920314e-05
haberman,l1_logistic,logistic,17,0.0048222018304691,-0.0001625118804391
haberman,l1_logistic,logistic,18,-0.0065364316413807,0.0002665350321988
haberman,l1_logistic,logistic,19,-0.0298988595503473,7.687340296821943e-05
haberman,l1_logistic,logistic,20,-0.0116101230120499,0.0004245646948106
haberman,l1_logistic,logistic,21,-0.0300736105978826,0.0005423842913173
haberman,l1_logistic,logistic,22,0.0096714183730048,0.0005454415563581
haberman,l1_logistic,logistic,23,0.0083492125420917,0.0004447497017386
haberman,l1_logistic,logistic,24,0.0002380568846193,-0.0005152497704818
haberman,l1_logistic,logistic,25,-0.0214960471727871,0.0002131900019529
haberman,l1_logistic,logistic,26,-0.0304436483301882,0.000325384873801
haberman,l1_logistic,logistic,27,-0.0121680122755259,0.0002605886666384
haberman,l1_logistic,logistic,28,-0.0148281872811787,-0.0007004863746069
haberman,l1_logistic,logistic,29,-0.0200734001319818,0.0003270775751773
hepatitis,mutual_info,rf,0,0.0035431744996946,0.0065948125514578
hepatitis,mutual_info,rf,1,0.0268971871515007,0.009204125622348
hepatitis,mutual_info,rf,2,0.0596244750118786,0.0074697153176755
hepatitis,mutual_info,rf,3,0.0455004861607761,0.0395430334074585
hepatitis,mutual_info,rf,4,0.0179627677438334,0.0252545157609211
hepatitis,mutual_info,rf,5,0.0308836716960504,-0.0061428006790273
hepatitis,mutual_info,rf,6,0.0339430511445069,0.0365732913849193
hepatitis,mutual_info,rf,7,0.0396785247913393,0.0254083512008781
hepatitis,mutual_info,rf,8,0.0446761050893159,0.0155762224657434
hepatitis,mutual_info,rf,9,0.0469393516922828,0.0138841885407028
hepatitis,mutual_info,rf,10,0.0222750184881796,0.0121765862214768
hepatitis,mutual_info,rf,11,0.0478186598653665,0.0251939773967993
hepatitis,mutual_info,rf,12,0.0385087789388045,0.0250495847634449
hepatitis,mutual_info,rf,13,0.0300388317739781,0.0339637986125449
hepatitis,mutual_info,rf,14,0.0431296392472636,0.015353153436674
hepatitis,mutual_info,rf,15,0.0669369443126194,0.0038503775193491
hepatitis,mutual_info,rf,16,0.0823839942371932,0.0147923842897394
hepatitis,mutual_info,rf,17,0.0149850563693332,0.0418428308976195
hepatitis,mutual_info,rf,18,0.0213191089463594,0.0106448245068792
hepatitis,mutual_info,rf,19,0.0199634547635021,0.0085737809136968
hepatitis,mutual_info,rf,20,0.0560956050635802,0.0087577362090239
hepatitis,mutual_info,rf,21,0.0697917037422776,0.0180987564241035
hepatitis,mutual_info,rf,22,0.0461904263820946,0.0127059406074669
hepatitis,mutual_info,rf,23,0.041439510084258,0.019118664688966
hepatitis,mutual_info,rf,24,0.0393627191600817,0.0230538297236671
hepatitis,mutual_info,rf,25,0.0840042356976708,0.033097211667415
hepatitis,mutual_info,rf,26,0.0550411105577241,0.0236938283616255
hepatitis,mutual_info,rf,27,0.0514625236955956,0.0199869816339701
hepatitis,mutual_info,rf,28,0.0332574421771601,0.0311441161708868
hepatitis,mutual_info,rf,29,0.0276839706647403,0.0048409858548077
hepatitis,mutual_info,logistic,0,-0.0100131439863493,0.007046769081334
hepatitis,mutual_info,logistic,1,0.0007843173420983,0.0020835184416596
hepatitis,mutual_info,logistic,2,-0.0066027870987768,-0.0026973149450519
hepatitis,mutual_info,logistic,3,-0.0463128186903433,-0.0057397015322058
hepatitis,mutual_info,logistic,4,-0.0175825592915308,0.0019864589658853
hepatitis,mutual_info,logistic,5,-0.0294949433883343,-0.0010967738446455
hepatitis,mutual_info,logistic,6,-0.0088410586007166,0.0126155323752831
hepatitis,mutual_info,logistic,7,-0.0555022720923525,-0.0077594431800342
hepatitis,mutual_info,logistic,8,-0.0219982122429472,0.0118245731225041
hepatitis,mutual_info,logistic,9,0.0004005321762159,0.007025981602899
hepatitis,mutual_info,logistic,10,-0.000239359343538,0.0098064252021852
hepatitis,mutual_info,logistic,11,-0.0250042198706822,0.0060350995314607
hepatitis,mutual_info,logistic,12,0.0140553066350011,-0.0097468558728713
hepatitis,mutual_info,logistic,13,-0.0529358333720728,-0.0059771261278721
hepatitis,mutual_info,logistic,14,-0.0265428135035911,0.002027701998562
hepatitis,mutual_info,logistic,15,-0.0069473106005048,-0.0056349500472937
hepatitis,mutual_info,logistic,16,-0.0048122962718514,0.0091477824476876
hepatitis,mutual_info,logistic,17,-0.0177275165124838,0.0124040437919233
hepatitis,mutual_info,logistic,18,-0.01373530216849,0.0053195145500716
hepatitis,mutual_info,logistic,19,-0.0080248038547045,-0.0003780448888657
hepatitis,mutual_info,logistic,20,-0.0203896938664062,-0.0126304459485169
hepatitis,mutual_info,logistic,21,-0.0527341312543838,-0.0032108090233665
hepatitis,mutual_info,logistic,22,-0.0517355502114624,0.0170593539099386
hepatitis,mutual_info,logistic,23,0.0028508459521657,0.0052724766594353
hepatitis,mutual_info,logistic,24,-0.0382404942384235,0.0096365343714924
hepatitis,mutual_info,logistic,25,-0.0136673551967164,0.0169357601289679
hepatitis,mutual_info,logistic,26,-0.0421091495676266,-0.004782403388728
hepatitis,mutual_info,logistic,27,-0.0214497429785202,0.003705294326463
hepatitis,mutual_info,logistic,28,-0.0086850256802376,-0.0045005579107457
hepatitis,mutual_info,logistic,29,-0.0244946627438275,0.0114413676942303
hepatitis,rf_importance,rf,0,0.0355516262280653,0.0181576318305889
hepatitis,rf_importance,rf,1,0.0262516810293199,-0.0015387324722667
hepatitis,rf_importance,rf,2,0.0441197429754735,0.0083415047436475
hepatitis,rf_importance,rf,3,0.0257295645325674,0.0080913707601349
hepatitis,rf_importance,rf,4,0.0266947085546308,0.0116225390160101
hepatitis,rf_importance,rf,5,0.0444437780332403,0.0256362309701062
hepatitis,rf_importance,rf,6,0.040130535135753,0.0136472016167185
hepatitis,rf_importance,rf,7,0.0314885971395108,0.0132054876501116
hepatitis,rf_importance,rf,8,0.0349135326507566,0.0267600472523254
hepatitis,rf_importance,rf,9,0.0334768080212567,0.0154495292228423
hepatitis,rf_importance,rf,10,0.0534814957831645,0.0211021893453722
hepatitis,rf_importance,rf,11,0.0295348463217892,0.0031501440633169
hepatitis,rf_importance,rf,12,0.0362591719164698,0.0306068823513337
hepatitis,rf_importance,rf,13,0.0440238935323536,0.0183830639667939
hepatitis,rf_importance,rf,14,0.0293032160574616,0.0102402718778187
hepatitis,rf_importance,rf,15,0.0464273628570196,0.0261179126851337
hepatitis,rf_importance,rf,16,0.0292350082497657,0.0276160278675584
hepatitis,rf_importance,rf,17,0.051271877823854,0.0192710936346764
hepatitis,rf_importance,rf,18,0.0443251985158974,0.025108915984008
hepatitis,rf_importance,rf,19,0.0416060096824197,0.011405131948818
hepatitis,rf_importance,rf,20,0.0290426186779915,0.0021646490376732
hepatitis,rf_importance,rf,21,0.0392491875806903,0.0138478056402653
hepatitis,rf_importance,rf,22,0.0581561024457888,0.0189043711171275
hepatitis,rf_importance,rf,23,0.0224636341088228,0.0102388259953246
hepatitis,rf_importance,rf,24,0.0548967879225381,0.0354741985919963
hepatitis,rf_importance,rf,25,0.037825482863192,0.0247146749118127
hepatitis,rf_importance,rf,26,0.0580939998245055,0.0495958963086172
hepatitis,rf_importance,rf,27,0.066742499033861,0.0150245253258488
hepatitis,rf_importance,rf,28,0.053306402338143,0.00517084381787
hepatitis,rf_importance,rf,29,0.0402457698690285,0.0239105366947611
hepatitis,rf_importance,logistic,0,-0.0251094606577661,0.0054902178058221
hepatitis,rf_importance,logistic,1,-0.0368446173971993,0.0015652457925745
hepatitis,rf_importance,logistic,2,-0.0055128757558103,0.0084898086320359
hepatitis,rf_importance,logistic,3,-0.0329706396005078,0.0024076949210262
hepatitis,rf_importance,logistic,4,-0.0149548667570232,0.0169451277954796
hepatitis,rf_importance,logistic,5,-0.0321654019402185,0.0047817396540596
hepatitis,rf_importance,logistic,6,-0.0324647283673963,-0.0052058380812924
hepatitis,rf_importance,logistic,7,-0.0306878222284022,0.0007653330135504
hepatitis,rf_importance,logistic,8,-0.0251786659806131,0.0103589650668271
hepatitis,rf_importance,logistic,9,-0.0346224518925942,-0.003230427495118
hepatitis,rf_importance,logistic,10,-0.036276321117423,0.0057799876246503
hepatitis,rf_importance,logistic,11,-0.0120176055978726,0.010547576809187
hepatitis,rf_importance,logistic,12,-0.0236698361427854,-0.0073782036612049
hepatitis,rf_importance,logistic,13,-0.0064451593140811,0.0043221012600741
hepatitis,rf_importance,logistic,14,-0.0126090986628714,0.0052934606109635
hepatitis,rf_importance,logistic,15,-0.021070008139494,0.0015502539004939
hepatitis,rf_importance,logistic,16,-0.0125086129114678,0.003184644401165
hepatitis,rf_importance,logistic,17,-0.0315100548907093,0.0129086001927811
hepatitis,rf_importance,logistic,18,-0.0397368785385332,0.0022355419788859
hepatitis,rf_importance,logistic,19,-0.0354090752163147,0.002641931665064
hepatitis,rf_importance,logistic,20,-0.0379820690084045,0.0098580279516839
hepatitis,rf_importance,logistic,21,-0.0212368666607509,-0.0022096224088309
hepatitis,rf_importance,logistic,22,-0.0307415470289155,-0.0058150900028307
hepatitis,rf_importance,logistic,23,-0.0111540819093027,0.0204533512996562
hepatitis,rf_importance,logistic,24,-0.009055414032504,0.0150335325256407
hepatitis,rf_importance,logistic,25,-0.0250252422058263,-0.0022704290379667
hepatitis,rf_importance,logistic,26,-0.0191481566008687,0.0103712363462773
hepatitis,rf_importance,logistic,27,-0.0308634632246123,0.0046777645875198
hepatitis,rf_importance,logistic,28,-0.04284798940009,-0.0012659191732137
hepatitis,rf_importance,logistic,29,-0.0354937407199404,0.0114123550860257
hepatitis,l1_logistic,rf,0,0.0722479636073379,0.0480416576650462
hepatitis,l1_logistic,rf,1,0.048374509530015,0.0244384632418598
hepatitis,l1_logistic,rf,2,0.088399038221575,0.0647509234796076
hepatitis,l1_logistic,rf,3,0.0647511597793049,0.0184783915576558
hepatitis,l1_logistic,rf,4,0.0487918003805794,0.0199223195279646
hepatitis,l1_logistic,rf,5,0.074289742638101,0.0448865040382266
hepatitis,l1_logistic,rf,6,0.0691565316422698,0.0380130335937981
hepatitis,l1_logistic,rf,7,0.0484587478053859,0.0507254569152932
hepatitis,l1_logistic,rf,8,0.0548169432394426,0.0340667168338926
hepatitis,l1_logistic,rf,9,0.0823016078489734,0.0314567349730995
hepatitis,l1_logistic,rf,10,0.0767968721851874,0.0549515487983579
hepatitis,l1_logistic,rf,11,0.0485758861082746,0.0523182689274012
hepatitis,l1_logistic,rf,12,0.0450171272999013,0.0318463982990366
hepatitis,l1_logistic,rf,13,0.0611460664520609,0.0352448897242324
hepatitis,l1_logistic,rf,14,0.0856311067090233,0.0481490747898765
hepatitis,l1_logistic,rf,15,0.0538524877753934,0.0162673371471893
hepatitis,l1_logistic,rf,16,0.087404203834565,0.0733860123951856
hepatitis,l1_logistic,rf,17,0.0499960649786917,0.0359054626664769
hepatitis,l1_logistic,rf,18,0.0484162320373721,0.0287093805995864
hepatitis,l1_logistic,rf,19,0.0539536410146355,0.0344803514634381
hepatitis,l1_logistic,rf,20,0.0306306184321712,0.0222767044635286
hepatitis,l1_logistic,rf,21,0.0553970125774141,0.0503895788673552
hepatitis,l1_logistic,rf,22,0.0749536891558489,0.0491015011976586
hepatitis,l1_logistic,rf,23,0.0693120629706847,0.0505327061848763
hepatitis,l1_logistic,rf,24,0.0609719768179514,0.0231042654493556
hepatitis,l1_logistic,rf,25,0.0645379972733718,0.03599735284488
hepatitis,l1_logistic,rf,26,0.0758249253469914,0.0392475176825185
hepatitis,l1_logistic,rf,27,0.0694415342245383,0.0128518323316317
hepatitis,l1_logistic,rf,28,0.0516424062628711,0.0463064359808042
hepatitis,l1_logistic,rf,29,0.0249108387959672,0.0385968085356891
hepatitis,l1_logistic,logistic,0,-0.0106204583704975,0.0097244873325667
hepatitis,l1_logistic,logistic,1,0.0017685198690273,0.0159553984396521
hepatitis,l1_logistic,logistic,2,0.0038931757867731,0.0010325256368435
hepatitis,l1_logistic,logistic,3,-0.0052068738735651,0.0073922671730088
hepatitis,l1_logistic,logistic,4,0.0154420533423698,0.013940624577293
hepatitis,l1_logistic,logistic,5,0.0197801653533724,0.0040667113438331
hepatitis,l1_logistic,logistic,6,-0.0073586723780945,-0.0079493635189352
hepatitis,l1_logistic,logistic,7,0.0034239146431643,0.0131557809386341
hepatitis,l1_logistic,logistic,8,0.0278881148036564,0.011926934883189
hepatitis,l1_logistic,logistic,9,0.0194269232131705,0.0300794221262641
hepatitis,l1_logistic,logistic,10,-0.009678538900615,-0.0044535884287882
hepatitis,l1_logistic,logistic,11,0.0193156393689491,-0.0032594564679199
hepatitis,l1_logistic,logistic,12,0.0154334609241278,0.0186649188388641
hepatitis,l1_logistic,logistic,13,0.048037375431947,0.0187203746175747
hepatitis,l1_logistic,logistic,14,-0.0026508706288099,0.0109890272310239
hepatitis,l1_logistic,logistic,15,0.0208536982549638,0.0284793662340735
hepatitis,l1_logistic,logistic,16,0.0145949916571202,0.004907851274276
hepatitis,l1_logistic,logistic,17,0.0350734713081377,0.0146314980221124
hepatitis,l1_logistic,logistic,18,0.0168658447190944,0.0129524072983044
hepatitis,l1_logistic,logistic,19,-0.0027296897950064,0.0247669741816206
hepatitis,l1_logistic,logistic,20,0.0138516344350252,0.0179451376384867
hepatitis,l1_logistic,logistic,21,0.0198254255978197,0.01304575091234
hepatitis,l1_logistic,logistic,22,-0.0108790824008703,0.0015074556624203
hepatitis,l1_logistic,logistic,23,0.0148777511522697,0.0084334728880747
hepatitis,l1_logistic,logistic,24,0.0167046156161515,0.0074269156959844
hepatitis,l1_logistic,logistic,25,-0.0144990326780407,0.0028992640075942
hepatitis,l1_logistic,logistic,26,-0.0074099954816786,0.0103666489917335
hepatitis,l1_logistic,logistic,27,0.0062199098001605,0.0049431345195329
hepatitis,l1_logistic,logistic,28,-0.0018133451641687,0.0037475545225612
hepatitis,l1_logistic,logistic,29,0.0241601331674185,0.0121005530086341
mammographic,mutual_info,rf,0,0.0473223705848012,-0.0129504600872002
mammographic,mutual_info,rf,1,0.0366906945836179,-0.0227647878122397
mammographic,mutual_info,rf,2,0.0319591408762723,-0.0204708259152632
mammographic,mutual_info,rf,3,0.0503006328607812,-0.022241624723662
mammographic,mutual_info,rf,4,0.0525209353775346,-0.0055337667994744
mammographic,mutual_info,rf,5,0.0428035202997107,-0.0231688334040273
mammographic,mutual_info,rf,6,0.0218086896905279,-0.0237585872521238
mammographic,mutual_info,rf,7,0.0408522401447164,-0.0146668019069406
mammographic,mutual_info,rf,8,0.0354201719346873,-0.0118868266560465
mammographic,mutual_info,rf,9,0.0391631795003442,-0.0299182691434937
mammographic,mutual_info,rf,10,0.0417812574496657,-0.0267083754557883
mammographic,mutual_info,rf,11,0.0400812055409744,-0.0256146392788485
mammographic,mutual_info,rf,12,0.0293952634753108,-0.0161515568396891
mammographic,mutual_info,rf,13,0.0360787468344704,-0.0143011836584857
mammographic,mutual_info,rf,14,0.0371219011255088,-0.0209467974368421
mammographic,mutual_info,rf,15,0.040992572654616,-0.0147925069571046
mammographic,mutual_info,rf,16,0.0386128947436795,-0.0209390931007228
mammographic,mutual_info,rf,17,0.0275476423643673,-0.0442063671920389
mammographic,mutual_info,rf,18,0.0373538392189065,-0.020973130003692
mammographic,mutual_info,rf,19,0.0346333441340299,-0.0245543425262826
mammographic,mutual_info,rf,20,0.0341117741291192,-0.0265090890474782
mammographic,mutual_info,rf,21,0.0474789889215766,-0.0097475706918959
mammographic,mutual_info,rf,22,0.0381438080341104,-0.0384041516732811
mammographic,mutual_info,rf,23,0.0414933914540363,-0.0177594015937594
mammographic,mutual_info,rf,24,0.0489693016333861,-0.0146600066955647
mammographic,mutual_info,rf,25,0.03842555753696,-0.0088440168299143
mammographic,mutual_info,rf,26,0.0426521841864301,-0.0331387687116561
mammographic,mutual_info,rf,27,0.0564055378605816,-0.023670926599187
mammographic,mutual_info,rf,28,0.0413220131222098,-0.0115701402117797
mammographic,mutual_info,rf,29,0.0393805365522884,-0.0327005117169365
mammographic,mutual_info,logistic,0,0.068805777986402,0.0086279218971049
mammographic,mutual_info,logistic,1,0.0644900958787623,0.0093516591062581
mammographic,mutual_info,logistic,2,0.0684306503722205,0.0093652030606895
mammographic,mutual_info,logistic,3,0.075878679556761,0.0091495746339083
mammographic,mutual_info,logistic,4,0.0748055238529788,0.0053893131268815
mammographic,mutual_info,logistic,5,0.0713175445179691,0.0094383135165637
mammographic,mutual_info,logistic,6,0.070005915192198,0.0074822047538289
mammographic,mutual_info,logistic,7,0.0706219960778443,0.0083386233246507
mammographic,mutual_info,logistic,8,0.0693730700446614,0.007382488888265
mammographic,mutual_info,logistic,9,0.0721320125809088,0.0109517427055595
mammographic,mutual_info,logistic,10,0.0747017486663463,0.0045507717198791
mammographic,mutual_info,logistic,11,0.0790707239490572,0.0085801369169878
mammographic,mutual_info,logistic,12,0.0806525180927798,0.0080025300906712
mammographic,mutual_info,logistic,13,0.0699203743316197,0.005269792846789
mammographic,mutual_info,logistic,14,0.0641058551671007,0.011403050178804
mammographic,mutual_info,logistic,15,0.0715576317367689,0.0086313082910054
mammographic,mutual_info,logistic,16,0.0715650240443518,0.009990771279666
mammographic,mutual_info,logistic,17,0.0730557346199912,0.0069938993588253
mammographic,mutual_info,logistic,18,0.0809115256661688,0.0132170282590372
mammographic,mutual_info,logistic,19,0.0709264867155078,0.0072553658387471
mammographic,mutual_info,logistic,20,0.0681316736352984,0.0073441908473459
mammographic,mutual_info,logistic,21,0.0724118176266239,0.0088447992900481
mammographic,mutual_info,logistic,22,0.0695164500978421,0.0089536908330528
mammographic,mutual_info,logistic,23,0.0727601882865778,0.0115590206029817
mammographic,mutual_info,logistic,24,0.0662493614638698,0.0104877312603249
mammographic,mutual_info,logistic,25,0.0662606015949049,0.0109683909167141
mammographic,mutual_info,logistic,26,0.0754202052425116,0.0135950511474826
mammographic,mutual_info,logistic,27,0.0654885139668942,0.0094187657519079
mammographic,mutual_info,logistic,28,0.069117844806254,0.0065867611151987
mammographic,mutual_info,logistic,29,0.0745851711840469,0.0084563568759387
mammographic,rf_importance,rf,0,0.0957678810033277,0.1533883466948087
mammographic,rf_importance,rf,1,0.1082668673474755,0.1103890117088848
mammographic,rf_importance,rf,2,0.1465066411059302,0.1141103519509716
mammographic,rf_importance,rf,3,0.0926424409591852,0.0894819605266529
mammographic,rf_importance,rf,4,0.0982822369516478,0.1017324498705514
mammographic,rf_importance,rf,5,0.0683695572281115,0.0522139698945943
mammographic,rf_importance,rf,6,0.0842952962092431,0.080092731190456
mammographic,rf_importance,rf,7,0.1348425367603252,0.1482363571148865
mammographic,rf_importance,rf,8,0.1446670333867561,0.1780580270670967
mammographic,rf_importance,rf,9,0.1381627517858479,0.1492802592996393
mammographic,rf_importance,rf,10,0.0484294164286824,0.0210926831950214
mammographic,rf_importance,rf,11,0.0949762481607829,0.1174684833631324
mammographic,rf_importance,rf,12,0.1166761610735324,0.1146244506341136
mammographic,rf_importance,rf,13,0.085132073818487,0.1025621304470262
mammographic,rf_importance,rf,14,0.1049127319717246,0.1007787617080963
mammographic,rf_importance,rf,15,0.1316456911436654,0.1408983169306901
mammographic,rf_importance,rf,16,0.1048814405510145,0.1162262501086503
mammographic,rf_importance,rf,17,0.0493058682521567,0.0249080208964043
mammographic,rf_importance,rf,18,0.047565807030955,-0.011540078955693
mammographic,rf_importance,rf,19,0.0412706774888216,0.0027486092472853
mammographic,rf_importance,rf,20,0.068390494624151,0.065431545994566
mammographic,rf_importance,rf,21,0.1059277753023465,0.1144205859184505
mammographic,rf_importance,rf,22,0.1410512748980165,0.1438252126517727
mammographic,rf_importance,rf,23,0.0525077430310013,0.0092679589943381
mammographic,rf_importance,rf,24,0.1338492034859732,0.1449823277475203
mammographic,rf_importance,rf,25,0.0605128282741747,0.0233345751905096
mammographic,rf_importance,rf,26,0.078949130229689,0.0671450485266985
mammographic,rf_importance,rf,27,0.1252874233521339,0.1399554061791347
mammographic,rf_importance,rf,28,0.0934511337793399,0.1068796023181481
mammographic,rf_importance,rf,29,0.0401102868331419,0.0844151142995353
mammographic,rf_importance,logistic,0,0.1047984035495051,0.1426266489923467
mammographic,rf_importance,logistic,1,0.0775888760370096,0.0911282087938721
mammographic,rf_importance,logistic,2,0.0726451619625719,0.0453381530712539
mammographic,rf_importance,logistic,3,0.1080678656004484,0.1561368144117577
mammographic,rf_importance,logistic,4,0.0798567108719401,0.0419033151470598
mammographic,rf_importance,logistic,5,0.0812529074938694,0.0436660924762553
mammographic,rf_importance,logistic,6,0.1074512955613354,0.1224906424519675
mammographic,rf_importance,logistic,7,0.0713397784038054,0.008679540532133
mammographic,rf_importance,logistic,8,0.1103612353799926,0.1465979283481301
mammographic,rf_importance,logistic,9,0.0962134187667669,0.1343569636112294
mammographic,rf_importance,logistic,10,0.1039683554948797,0.1265376279168086
mammographic,rf_importance,logistic,11,0.1108422321105717,0.1482675329728612
mammographic,rf_importance,logistic,12,0.0793417942991276,0.0743975020480362
mammographic,rf_importance,logistic,13,0.1052943337787167,0.113996711372151
mammographic,rf_importance,logistic,14,0.1133060588452933,0.1348846132730778
mammographic,rf_importance,logistic,15,0.1091550653596784,0.1489281493559889
mammographic,rf_importance,logistic,16,0.0838357749315824,0.0729744130549601
mammographic,rf_importance,logistic,17,0.0772012525630438,0.0723174610739189
mammographic,rf_importance,logistic,18,0.0714039454653716,0.0138636125809585
mammographic,rf_importance,logistic,19,0.1126322599562934,0.1407425448213026
mammographic,rf_importance,logistic,20,0.1060483552385862,0.1029178638181572
mammographic,rf_importance,logistic,21,0.0900014682709936,0.0984272996278087
mammographic,rf_importance,logistic,22,0.1093705283774677,0.0858985776547938
mammographic,rf_importance,logistic,23,0.1142279549325145,0.1473381681160758
mammographic,rf_importance,logistic,24,0.1125348515521025,0.1353475654300013
mammographic,rf_importance,logistic,25,0.1184342149532401,0.1123314587684706
mammographic,rf_importance,logistic,26,0.1087642168998407,0.1543110743648106
mammographic,rf_importance,logistic,27,0.1102336971410481,0.1569702187430562
mammographic,rf_importance,logistic,28,0.0790240794748609,0.1142209148725353
mammographic,rf_importance,logistic,29,0.1001135174916942,0.0991500516608389
mammographic,l1_logistic,rf,0,0.0573537587464919,-0.0228687526243535
mammographic,l1_logistic,rf,1,0.0358039149559998,-0.0291372084246054
mammographic,l1_logistic,rf,2,0.0315188890950257,-0.0273726458011379
mammographic,l1_logistic,rf,3,0.0311667076617604,-0.0178190594612625
mammographic,l1_logistic,rf,4,0.0398127351808307,-0.036353717510421
mammographic,l1_logistic,rf,5,0.039601553756126,-0.020374564118964
mammographic,l1_logistic,rf,6,0.0418997865080783,-0.0154434446009562
mammographic,l1_logistic,rf,7,0.0582473446055837,-0.0290151751946192
mammographic,l1_logistic,rf,8,0.0477641013592182,-0.028476413808579
mammographic,l1_logistic,rf,9,0.0398924246461731,-0.0057244479153529
mammographic,l1_logistic,rf,10,0.0318944284507387,-0.0208390549743135
mammographic,l1_logistic,rf,11,0.0356266040524539,-0.0213651532009473
mammographic,l1_logistic,rf,12,0.0236023303896761,-0.0385057354389763
mammographic,l1_logistic,rf,13,0.0398569454541015,-0.0242778990012055
mammographic,l1_logistic,rf,14,0.0470282582547396,-0.0203456848170858
mammographic,l1_logistic,rf,15,0.0361364338690878,-0.0261188922620601
mammographic,l1_logistic,rf,16,0.0392140013186437,-0.0246818887742487
mammographic,l1_logistic,rf,17,0.0454321643532738,-0.0338170066339325
mammographic,l1_logistic,rf,18,0.0492517817822686,-0.0372385740750941
mammographic,l1_logistic,rf,19,0.0450074224330774,-0.0261933734757221
mammographic,l1_logistic,rf,20,0.0318818377397128,-0.0190837721763938
mammographic,l1_logistic,rf,21,0.0524820760246002,-0.0198067905344637
mammographic,l1_logistic,rf,22,0.0440342843287736,-0.0227426529714266
mammographic,l1_logistic,rf,23,0.0355330807662927,-0.0311669973940666
mammographic,l1_logistic,rf,24,0.0443598009902281,-0.0245927465509848
mammographic,l1_logistic,rf,25,0.037985968530279,-0.0256633439986463
mammographic,l1_logistic,rf,26,0.0340642124353709,-0.0172001102237766
mammographic,l1_logistic,rf,27,0.0375111071174586,-0.0243607797118698
mammographic,l1_logistic,rf,28,0.0650872879299458,-0.0182137410464408
mammographic,l1_logistic,rf,29,0.0499150200640973,-0.0251062611324581
mammographic,l1_logistic,logistic,0,0.0698860043916259,0.0082746693908003
mammographic,l1_logistic,logistic,1,0.064485416074132,0.0059906604043344
mammographic,l1_logistic,logistic,2,0.0754601362458086,0.0046734394636759
mammographic,l1_logistic,logistic,3,0.0680740530546656,0.0088071799125047
mammographic,l1_logistic,logistic,4,0.0712212906752432,0.0093609006855855
mammographic,l1_logistic,logistic,5,0.0665637991606472,0.012312744432063
mammographic,l1_logistic,logistic,6,0.0740972367407639,0.0064995207180127
mammographic,l1_logistic,logistic,7,0.0701896034858799,0.0053622563214498
mammographic,l1_logistic,logistic,8,0.0687078367634518,0.0143299427614853
mammographic,l1_logistic,logistic,9,0.0700748714437483,0.0106620183423448
mammographic,l1_logistic,logistic,10,0.0722438555268076,0.0078067589578219
mammographic,l1_logistic,logistic,11,0.0696942755261001,0.0068650088150925
mammographic,l1_logistic,logistic,12,0.0696823874942506,0.0087510304825888
mammographic,l1_logistic,logistic,13,0.0735418275308589,0.0072210791995317
mammographic,l1_logistic,logistic,14,0.0720458072832525,0.0108489606709991
mammographic,l1_logistic,logistic,15,0.0744294348577507,0.0099298255583807
mammographic,l1_logistic,logistic,16,0.0708183848135096,0.008055879146306
mammographic,l1_logistic,logistic,17,0.0696530222751344,0.0050550936633895
mammographic,l1_logistic,logistic,18,0.0682133904615656,0.0085135882654092
mammographic,l1_logistic,logistic,19,0.0655938620172369,0.0060876179496288
mammographic,l1_logistic,logistic,20,0.0638888120428325,0.007115745631787
mammographic,l1_logistic,logistic,21,0.0763980734595764,0.0081822014844742
mammographic,l1_logistic,logistic,22,0.0755368151380835,0.0097309247581361
mammographic,l1_logistic,logistic,23,0.0716673923361057,0.0094836906553665
mammographic,l1_logistic,logistic,24,0.0688648649715983,0.0078101164454468
mammographic,l1_logistic,logistic,25,0.0723847012542613,0.0069077940839144
mammographic,l1_logistic,logistic,26,0.0742774624482527,0.0052755895028002
mammographic,l1_logistic,logistic,27,0.078312868168179,0.0090634578646595
mammographic,l1_logistic,logistic,28,0.0707836201384349,0.0074273743969912
mammographic,l1_logistic,logistic,29,0.0701755201095551,0.0088773845792516
bcw,mutual_info,rf,0,0.0407534440014044,0.0139736352253201
bcw,mutual_info,rf,1,0.037233994174807,0.0142644600411727
bcw,mutual_info,rf,2,0.0370654290857201,0.0121552818388541
bcw,mutual_info,rf,3,0.0458870885546388,0.013360522243946
bcw,mutual_info,rf,4,0.0399553860344235,0.0124823398407761
bcw,mutual_info,rf,5,0.0487325929657504,0.0128835668945706
bcw,mutual_info,rf,6,0.0388806496788729,0.0143433557083161
bcw,mutual_info,rf,7,0.0416593013113893,0.017856546149225
bcw,mutual_info,rf,8,0.0508205743648874,0.0116488086508986
bcw,mutual_info,rf,9,0.0398519062054278,0.015425214955458
bcw,mutual_info,rf,10,0.0389030093786589,0.0141220443735746
bcw,mutual_info,rf,11,0.0448378618294096,0.0119868545252743
bcw,mutual_info,rf,12,0.0456662816949548,0.0131359528655293
bcw,mutual_info,rf,13,0.041405363526596,0.0143552547404918
bcw,mutual_info,rf,14,0.0387144618260402,0.0127039916030357
bcw,mutual_info,rf,15,0.0411269749201386,0.0132661931601935
bcw,mutual_info,rf,16,0.0472199288659907,0.0104208284437096
bcw,mutual_info,rf,17,0.0383665721207868,0.0156198168691353
bcw,mutual_info,rf,18,0.0401026134255727,0.0121106014129302
bcw,mutual_info,rf,19,0.0442770360537634,0.0120654766682218
bcw,mutual_info,rf,20,0.0376111816930472,0.0136809697073148
bcw,mutual_info,rf,21,0.0481147681144905,0.0155017071630804
bcw,mutual_info,rf,22,0.0433958173677392,0.0144213801452758
bcw,mutual_info,rf,23,0.0418514049976604,0.0113278251387167
bcw,mutual_info,rf,24,0.0417278192227267,0.0149298597117428
bcw,mutual_info,rf,25,0.0459680893362063,0.0159350754774397
bcw,mutual_info,rf,26,0.0434278623581346,0.0152539286519411
bcw,mutual_info,rf,27,0.0495526419655391,0.0148781062265379
bcw,mutual_info,rf,28,0.0386929350361077,0.0139606126136087
bcw,mutual_info,rf,29,0.041244822483175,0.0146870975084142
bcw,mutual_info,logistic,0,0.0140957348013296,0.0072982172604496
bcw,mutual_info,logistic,1,0.0162882965938828,0.0067629676492861
bcw,mutual_info,logistic,2,0.016248042723171,0.0070939113417517
bcw,mutual_info,logistic,3,0.0129894701352119,0.0075377523627817
bcw,mutual_info,logistic,4,0.0114839354231303,0.0082004032827731
bcw,mutual_info,logistic,5,0.0163687390269067,0.0079262957613594
bcw,mutual_info,logistic,6,0.0160503268419555,0.0066189485233598
bcw,mutual_info,logistic,7,0.0163691917551556,0.0064541496538189
bcw,mutual_info,logistic,8,0.0135101913137859,0.0070546350365902
bcw,mutual_info,logistic,9,0.0147347671893965,0.0080157451819782
bcw,mutual_info,logistic,10,0.0149673070099964,0.004492688107862
bcw,mutual_info,logistic,11,0.0159505607952577,0.0073438525527316
bcw,mutual_info,logistic,12,0.0147005569635526,0.0064237364962039
bcw,mutual_info,logistic,13,0.0151440997495365,0.0082056827562315
bcw,mutual_info,logistic,14,0.0168487002067603,0.0067006341347086
bcw,mutual_info,logistic,15,0.0162129484333248,0.0052760276451322
bcw,mutual_info,logistic,16,0.0151698166031915,0.006063364215667
bcw,mutual_info,logistic,17,0.0150339447513945,0.0081666946134257
bcw,mutual_info,logistic,18,0.0166492042072083,0.0058573113727173
bcw,mutual_info,logistic,19,0.0150633707582896,0.0074141391791478
bcw,mutual_info,logistic,20,0.0139090775382318,0.006948919126579
bcw,mutual_info,logistic,21,0.01434872579826,0.0082270069182805
bcw,mutual_info,logistic,22,0.0137835305665539,0.0066128706977556
bcw,mutual_info,logistic,23,0.0153944040876435,0.009109411227156
bcw,mutual_info,logistic,24,0.01491369240779,0.0089322211251074
bcw,mutual_info,logistic,25,0.0162172301736963,0.006926121139533
bcw,mutual_info,logistic,26,0.0148294397071548,0.0074216562838657
bcw,mutual_info,logistic,27,0.0144836653709609,0.0069753531367095
bcw,mutual_info,logistic,28,0.0145920638394259,0.0059608080574689
bcw,mutual_info,logistic,29,0.0165662888618315,0.0080750657447773
bcw,rf_importance,rf,0,0.0458960127433349,0.0125562014847269
bcw,rf_importance,rf,1,0.033305874012162,0.0143811409605115
bcw,rf_importance,rf,2,0.0394905513109432,0.0116817764351487
bcw,rf_importance,rf,3,0.0329983178071296,0.0148741782705819
bcw,rf_importance,rf,4,0.0494604500783051,0.0143947035637208
bcw,rf_importance,rf,5,0.0405189642313298,0.0130553121232581
bcw,rf_importance,rf,6,0.0291209449613139,0.0111474444895276
bcw,rf_importance,rf,7,0.0246725946412823,0.0088076611231311
bcw,rf_importance,rf,8,0.0419825267513619,0.0135898165350975
bcw,rf_importance,rf,9,0.0310441728104325,0.0104468463567267
bcw,rf_importance,rf,10,0.0349159301655488,0.0117828043720457
bcw,rf_importance,rf,11,0.0339850335265076,0.0112589898018453
bcw,rf_importance,rf,12,0.0281913610984697,0.0114609669653463
bcw,rf_importance,rf,13,0.0249353086573547,0.0023402180283262
bcw,rf_importance,rf,14,0.0498886196832559,0.0097595203572088
bcw,rf_importance,rf,15,0.0317429055132995,0.0089982529139378
bcw,rf_importance,rf,16,0.0293035478454995,0.0069848493730798
bcw,rf_importance,rf,17,0.0360490407586506,0.0116817480108202
bcw,rf_importance,rf,18,0.028407064692774,0.010761569941326
bcw,rf_importance,rf,19,0.0327524724983547,0.0137721594575615
bcw,rf_importance,rf,20,0.0401675257040922,0.0136280828724075
bcw,rf_importance,rf,21,0.035592665590252,0.0124386976259307
bcw,rf_importance,rf,22,0.0224176435342169,0.008076677826575
bcw,rf_importance,rf,23,0.0444931687420151,0.0122826427154446
bcw,rf_importance,rf,24,0.0409656733089447,0.0111814277341432
bcw,rf_importance,rf,25,0.0245846526583094,0.0099359090418943
bcw,rf_importance,rf,26,0.0437853180485479,0.0110061731690814
bcw,rf_importance,rf,27,0.0378637284913031,0.0124880709209293
bcw,rf_importance,rf,28,0.041203777105369,0.0127411313475439
bcw,rf_importance,rf,29,0.0404855180278518,0.0135387803672161
bcw,rf_importance,logistic,0,0.0150244353046676,0.0072648573671116
bcw,rf_importance,logistic,1,0.0120177274023812,0.0068166337673222
bcw,rf_importance,logistic,2,0.0089984394560105,0.0053686795797736
bcw,rf_importance,logistic,3,0.011234481559479,0.0049434954299126
bcw,rf_importance,logistic,4,0.016292841823938,0.0078274801841947
bcw,rf_importance,logistic,5,0.014146727356416,0.0066946441200456
bcw,rf_importance,logistic,6,0.0163775146181963,0.0062905453843255
bcw,rf_importance,logistic,7,0.0165564202167695,0.0064353348042164
bcw,rf_importance,logistic,8,0.0117481652438471,0.0073879799002487
bcw,rf_importance,logistic,9,0.0150671315588947,0.0073564502873601
bcw,rf_importance,logistic,10,0.0140643609575746,0.0052183740224566
bcw,rf_importance,logistic,11,0.0167960403704259,0.0076914601236577
bcw,rf_importance,logistic,12,0.0089487823727575,0.0071535823289529
bcw,rf_importance,logistic,13,0.0117052609258866,0.0058210555715892
bcw,rf_importance,logistic,14,0.0119642514496528,0.0071752816106536
bcw,rf_importance,logistic,15,0.0089516007366102,0.0042777653358482
bcw,rf_importance,logistic,16,0.0074870977681561,0.0038335321475258
bcw,rf_importance,logistic,17,0.0172382507797253,0.0072992215565088
bcw,rf_importance,logistic,18,0.0162195176643289,0.0086708633398718
bcw,rf_importance,logistic,19,0.0108359649759201,0.003199019701629
bcw,rf_importance,logistic,20,0.0151679126624793,0.0078151763669433
bcw,rf_importance,logistic,21,0.0129798654354056,0.007652009348647
bcw,rf_importance,logistic,22,0.0132355537269321,0.0040161122671327
bcw,rf_importance,logistic,23,0.0086010564790752,0.0056461970917626
bcw,rf_importance,logistic,24,0.0170046227546395,0.0068416456634437
bcw,rf_importance,logistic,25,0.0124577133779572,0.0055377634994796
bcw,rf_importance,logistic,26,0.0123484469747778,0.0057066485447158
bcw,rf_importance,logistic,27,0.0131154408576164,0.0077828526394153
bcw,rf_importance,logistic,28,0.0126056286347,0.0082505542089432
bcw,rf_importance,logistic,29,0.0109981650050907,0.0072249556416777
bcw,l1_logistic,rf,0,0.0300206734237759,0.005541126743207
bcw,l1_logistic,rf,1,0.0228244362262503,0.0072611152879242
bcw,l1_logistic,rf,2,0.0210807439335673,0.0034651768037594
bcw,l1_logistic,rf,3,0.0209398313852992,0.0040684010034205
bcw,l1_logistic,rf,4,0.0214698845579932,0.0026514157301469
bcw,l1_logistic,rf,5,0.0255942466006362,0.0017966971472544
bcw,l1_logistic,rf,6,0.0218533313722575,0.0013784452356091
bcw,l1_logistic,rf,7,0.0270810392244867,0.0069264388603264
bcw,l1_logistic,rf,8,0.0213050779387188,0.0041973951265589
bcw,l1_logistic,rf,9,0.0225803145419534,0.0070279424316824
bcw,l1_logistic,rf,10,0.030473065786531,0.0062525279962228
bcw,l1_logistic,rf,11,0.0284667061958673,0.0062159605754982
bcw,l1_logistic,rf,12,0.0209990420405868,0.0010625675621986
bcw,l1_logistic,rf,13,0.0292056844097357,0.0037495053631072
bcw,l1_logistic,rf,14,0.0204323909583047,0.0038033350891333
bcw,l1_logistic,rf,15,0.028297123228257,0.0074396898440779
bcw,l1_logistic,rf,16,0.0236454909741959,9.372907662360402e-05
bcw,l1_logistic,rf,17,0.0391289365765818,0.0084013094813949
bcw,l1_logistic,rf,18,0.014074060971614,0.0042116219603604
bcw,l1_logistic,rf,19,0.0213132663696253,0.0079207600703897
bcw,l1_logistic,rf,20,0.0234041251348029,0.0078880473515569
bcw,l1_logistic,rf,21,0.0217876540803631,0.0068066824375901
bcw,l1_logistic,rf,22,0.0354988896234356,0.0075335757765515
bcw,l1_logistic,rf,23,0.0271589558724225,0.0059134018161562
bcw,l1_logistic,rf,24,0.0315166276459231,0.0060526417503146
bcw,l1_logistic,rf,25,0.014034533863985,0.0036100132953354
bcw,l1_logistic,rf,26,0.0233237358439594,0.0046746657816813
bcw,l1_logistic,rf,27,0.0228045617794174,0.0042089419543209
bcw,l1_logistic,rf,28,0.023295342257557,0.0040759197288054
bcw,l1_logistic,rf,29,0.0263518093879063,0.0034607239627448
bcw,l1_logistic,logistic,0,0.0054389255821052,0.0025258497759513
bcw,l1_logistic,logistic,1,0.0084400233434187,0.0026442965302992
bcw,l1_logistic,logistic,2,0.0083850070222439,0.0024372879317784
bcw,l1_logistic,logistic,3,0.0096409874880204,0.0025235903830491
bcw,l1_logistic,logistic,4,0.0078941664941374,0.0024857025795952
bcw,l1_logistic,logistic,5,0.0103413008163566,0.0031090294941215
bcw,l1_logistic,logistic,6,0.0087644523630867,0.0032395390188351
bcw,l1_logistic,logistic,7,0.0069917680362067,0.0021512280534254
bcw,l1_logistic,logistic,8,0.0055681220121946,0.0016249025991101
bcw,l1_logistic,logistic,9,0.007281763136209,0.0024197155113477
bcw,l1_logistic,logistic,10,0.0076665234040055,0.0012488469933546
bcw,l1_logistic,logistic,11,0.0082900825314574,0.0051859830597407
bcw,l1_logistic,logistic,12,0.0079072155659851,0.0011950711771819
bcw,l1_logistic,logistic,13,0.0078609031492936,0.0023112040260701
bcw,l1_logistic,logistic,14,0.006313819601465,0.000735002691379
bcw,l1_logistic,logistic,15,0.0100057920645593,0.0021325256109278
bcw,l1_logistic,logistic,16,0.0078135569609398,0.0025031132959131
bcw,l1_logistic,logistic,17,0.0078468980084411,0.0009630762606149
bcw,l1_logistic,logistic,18,0.0103590772869624,0.0027917284061897
bcw,l1_logistic,logistic,19,0.0084105403837554,0.0025840965158427
bcw,l1_logistic,logistic,20,0.0107202739423866,0.0039732913555721
bcw,l1_logistic,logistic,21,0.0078012900893389,0.0017906027600377
bcw,l1_logistic,logistic,22,0.0062287256874628,0.0028746682636545
bcw,l1_logistic,logistic,23,0.0062631383588331,0.0014099757934972
bcw,l1_logistic,logistic,24,0.0065819429233147,0.0016928892272249
bcw,l1_logistic,logistic,25,0.0063787256541092,0.0015271165463669
bcw,l1_logistic,logistic,26,0.0074448478846885,0.0004914113228578
bcw,l1_logistic,logistic,27,0.0121623805384097,0.0041960529154501
bcw,l1_logistic,logistic,28,0.0069304238348933,0.0024781921736142
bcw,l1_logistic,logistic,29,0.0087148143836654,0.0028186202214113
spectf,mutual_info,rf,0,0.0136522061623417,0.0267444773365505
spectf,mutual_info,rf,1,0.0106382050620834,0.0505578598640407
spectf,mutual_info,rf,2,0.004807700132053,0.0138033363023756
spectf,mutual_info,rf,3,0.0051391229880695,0.066199233897254
spectf,mutual_info,rf,4,0.0059372331754568,-0.0063385826298075
spectf,mutual_info,rf,5,0.0029720565340467,0.0639083089809529
spectf,mutual_info,rf,6,0.0103782704123133,0.0213044972656467
spectf,mutual_info,rf,7,-0.0029784632921408,-0.05412855947145
spectf,mutual_info,rf,8,0.0030527246538815,0.0150564708512652
spectf,mutual_info,rf,9,0.0013501501279576,-0.0216937514304321
spectf,mutual_info,rf,10,0.0122245895503046,-0.0441648269022323
spectf,mutual_info,rf,11,0.0153074467625356,0.0565211086637104
spectf,mutual_info,rf,12,0.0148089435382759,0.0246443305242407
spectf,mutual_info,rf,13,0.0043685485908739,-0.0175815619079199
spectf,mutual_info,rf,14,0.0049363175026757,-0.0050676044790451
spectf,mutual_info,rf,15,0.0054294778836616,-0.0061501888820597
spectf,mutual_info,rf,16,0.0091597261142048,-0.0267700967174188
spectf,mutual_info,rf,17,0.001773893289032,-0.0367337175474093
spectf,mutual_info,rf,18,0.0167204136907067,-0.0441895938256379
spectf,mutual_info,rf,19,0.0075698126489525,-0.0634074272325933
spectf,mutual_info,rf,20,0.0103403528290205,0.0085409379036207
spectf,mutual_info,rf,21,0.0083352879932551,0.0547225697787872
spectf,mutual_info,rf,22,0.0043650977030221,-8.708633172760383e-05
spectf,mutual_info,rf,23,0.0077419998983698,0.0511295547450328
spectf,mutual_info,rf,24,0.0092680763193376,-0.0270588112403421
spectf,mutual_info,rf,25,0.0055949145935644,0.0330488334476517
spectf,mutual_info,rf,26,0.0068798039113864,0.0195737340032915
spectf,mutual_info,rf,27,0.0085992704073369,-0.0272121038120516
spectf,mutual_info,rf,28,-0.0008040943960284,-0.0440863091969646
spectf,mutual_info,rf,29,0.0081195885481006,0.0258836777610597
spectf,mutual_info,logistic,0,0.0032104444539363,0.0165397911431576
spectf,mutual_info,logistic,1,-0.0081478330794254,-0.0560389415152889
spectf,mutual_info,logistic,2,-0.0118565817812563,-0.0528012827165332
spectf,mutual_info,logistic,3,-0.0069159063955287,0.0192033400095811
spectf,mutual_info,logistic,4,-0.0041068606771987,7.463131473761653e-05
spectf,mutual_info,logistic,5,-0.001463457783061,0.004893074784137
spectf,mutual_info,logistic,6,-0.0019865800846369,0.0129178793563132
spectf,mutual_info,logistic,7,0.0039511602098506,0.0400454197850708
spectf,mutual_info,logistic,8,-0.0070485345632391,-0.0044056165347974
spectf,mutual_info,logistic,9,-0.0012053944399389,0.0111214412004175
spectf,mutual_info,logistic,10,-0.001424574993075,-0.0187438534818849
spectf,mutual_info,logistic,11,-0.0104210535961075,-0.0077620624602849
spectf,mutual_info,logistic,12,-0.0058196146703541,0.055010957175666
spectf,mutual_info,logistic,13,-0.005524457138409,-0.0251760768609342
spectf,mutual_info,logistic,14,0.0020553274308613,-0.010788863555933
spectf,mutual_info,logistic,15,-0.0124922915709978,-0.0047870729066584
spectf,mutual_info,logistic,16,-0.0058496494322607,0.0331481721566369
spectf,mutual_info,logistic,17,-0.0002277011144408,-0.002222607104684
spectf,mutual_info,logistic,18,-0.0070873603975884,-0.0142675526590707
spectf,mutual_info,logistic,19,0.0009636037333216,0.005254100296918
spectf,mutual_info,logistic,20,-0.0135806277375409,-0.0255617548628526
spectf,mutual_info,logistic,21,-0.0055012727341822,-0.0199467567839257
spectf,mutual_info,logistic,22,-0.012468519700952,-0.0262949274823896
spectf,mutual_info,logistic,23,-0.0112808689210502,0.0247809267228064
spectf,mutual_info,logistic,24,-0.0032982856152204,0.0336864648829122
spectf,mutual_info,logistic,25,-0.0008996305624542,0.015522531154232
spectf,mutual_info,logistic,26,-0.0064037955517002,-0.0070907050034076
spectf,mutual_info,logistic,27,-0.0090605808857444,-0.0021582303480294
spectf,mutual_info,logistic,28,-0.0080201960666988,-0.0234531149630873
spectf,mutual_info,logistic,29,-0.0005896060004966,0.0269403431331128
spectf,rf_importance,rf,0,0.0064136453819005,0.0324499292594921
spectf,rf_importance,rf,1,0.0046647133934484,-0.0146853784348477
spectf,rf_importance,rf,2,0.0053306672027093,-0.0320565488467846
spectf,rf_importance,rf,3,0.0030380864153977,0.0016333196983506
spectf,rf_importance,rf,4,0.0060431893269788,-0.0273819799307619
spectf,rf_importance,rf,5,0.0048012555893955,0.0020574803605754
spectf,rf_importance,rf,6,0.0075756011314026,0.0133448895606336
spectf,rf_importance,rf,7,-0.0012813829278077,-0.0395487011124404
spectf,rf_importance,rf,8,0.0057575491255668,0.0019965511859862
spectf,rf_importance,rf,9,0.0080748429153786,0.0609163815093233
spectf,rf_importance,rf,10,0.009010835695675,0.0009742774225994
spectf,rf_importance,rf,11,0.002708100043429,-0.0189719868729356
spectf,rf_importance,rf,12,0.0039157588586348,-0.029751933683086
spectf,rf_importance,rf,13,0.0033495997537116,0.0132776036213472
spectf,rf_importance,rf,14,0.0066695805085725,0.0158981349060571
spectf,rf_importance,rf,15,0.0067111168902308,0.0055642357785392
spectf,rf_importance,rf,16,0.0062370795835774,-0.0077478572035952
spectf,rf_importance,rf,17,0.0150741059541898,0.0202828184165246
spectf,rf_importance,rf,18,0.0079407241385541,0.0217482609621738
spectf,rf_importance,rf,19,0.0075288162314784,0.0548586186817728
spectf,rf_importance,rf,20,0.0113517851914125,-0.00811183799926
spectf,rf_importance,rf,21,0.0052167501917468,0.044763431947888
spectf,rf_importance,rf,22,0.0053254088064811,0.0004070518747442
spectf,rf_importance,rf,23,0.011254407871781,0.0202376813271979
spectf,rf_importance,rf,24,0.0138251874300709,0.0288095955456139
spectf,rf_importance,rf,25,0.0043419240764024,-0.0120099671215661
spectf,rf_importance,rf,26,0.0092401191199071,0.0143436250365794
spectf,rf_importance,rf,27,0.0137129960119323,-0.0357942966666804
spectf,rf_importance,rf,28,-0.0014033063054297,-0.0484499631238005
spectf,rf_importance,rf,29,0.0068330564377638,0.0137548717698928
spectf,rf_importance,logistic,0,-0.0127781117079087,-0.0264556126915017
spectf,rf_importance,logistic,1,-0.0003338703346348,0.0085420784418308
spectf,rf_importance,logistic,2,-0.0147353825793006,-0.017743924976412
spectf,rf_importance,logistic,3,-0.0110699607279726,-0.0447216997798552
spectf,rf_importance,logistic,4,-0.0058467012066051,-0.0401923354290119
spectf,rf_importance,logistic,5,-0.0073702186793594,0.0059970936941874
spectf,rf_importance,logistic,6,-0.0064674710878006,-0.0341959034066198
spectf,rf_importance,logistic,7,-0.0098920525811828,-0.0268722434433553
spectf,rf_importance,logistic,8,-0.0108250355823847,-0.0036148113400747
spectf,rf_importance,logistic,9,-0.0087969540758462,0.0051603864971744
spectf,rf_importance,logistic,10,-0.0102285987199486,0.0150506205219173
spectf,rf_importance,logistic,11,-0.0111542791934555,-0.0205801897220561
spectf,rf_importance,logistic,12,-0.0037553222718089,-0.0243168959324867
spectf,rf_importance,logistic,13,-0.0107128169235575,0.0436448616526163
spectf,rf_importance,logistic,14,-0.0056409377893686,0.0064724264046098
spectf,rf_importance,logistic,15,-0.0160344399030942,-0.0341065263190342
spectf,rf_importance,logistic,16,-0.0036580126135432,2.508162267261804e-05
spectf,rf_importance,logistic,17,-0.0046056948965462,-0.0409565098109227
spectf,rf_importance,logistic,18,-0.0081237379861141,-0.0450515583262894
spectf,rf_importance,logistic,19,-0.0066629178772699,-0.029152952090273
spectf,rf_importance,logistic,20,-0.0061957781791828,-0.0340147228461021
spectf,rf_importance,logistic,21,-0.0038351439554235,-0.0021966274110101
spectf,rf_importance,logistic,22,-0.0116672808141605,-0.0173101956644757
spectf,rf_importance,logistic,23,-0.0114630799893079,-0.0454803556483247
spectf,rf_importance,logistic,24,-0.0028008016553046,0.0026730660418053
spectf,rf_importance,logistic,25,-0.0034435620756074,0.0086614893934244
spectf,rf_importance,logistic,26,-0.0114378070253012,-0.0314801086865244
spectf,rf_importance,logistic,27,0.0010867394673745,0.0388301282845489
spectf,rf_importance,logistic,28,-0.0124561098654962,-0.0755867737221785
spectf,rf_importance,logistic,29,-0.0165980492115969,0.0057913583200904
spectf,l1_logistic,rf,0,0.0102716539683521,0.0508803269702759
spectf,l1_logistic,rf,1,0.0090091466115654,0.0247734571746101
spectf,l1_logistic,rf,2,0.0044815522740479,0.0094053848631731
spectf,l1_logistic,rf,3,0.0082457074741883,0.0047234503821687
spectf,l1_logistic,rf,4,0.0029663910163927,0.0124230763110477
spectf,l1_logistic,rf,5,0.0090770728003195,0.0495071892541775
spectf,l1_logistic,rf,6,0.0021567628023453,0.0334653077948989
spectf,l1_logistic,rf,7,0.0041512233977265,-0.0299375614923754
spectf,l1_logistic,rf,8,0.0085668306530588,-0.0053363293026285
spectf,l1_logistic,rf,9,-0.0010663551310763,0.0147977540481806
spectf,l1_logistic,rf,10,0.0075653804747432,0.0053492583456389
spectf,l1_logistic,rf,11,0.0143593221196689,-0.0061157935134342
spectf,l1_logistic,rf,12,0.0077057025505631,0.0180214852853269
spectf,l1_logistic,rf,13,0.0062290852276996,-0.0240070685438071
spectf,l1_logistic,rf,14,0.0115990465018437,0.0247570875206096
spectf,l1_logistic,rf,15,-0.0010303868268417,0.0097067021136394
spectf,l1_logistic,rf,16,0.0016863395572213,-0.023825560229575
spectf,l1_logistic,rf,17,-0.0002994021488482,-0.0306107306767618
spectf,l1_logistic,rf,18,0.0165771104485143,0.0435613019119719
spectf,l1_logistic,rf,19,0.003178775803602,0.0173522883722548
spectf,l1_logistic,rf,20,0.0024073554846613,0.0346529611974329
spectf,l1_logistic,rf,21,0.0101056143962632,-0.0631153188224525
spectf,l1_logistic,rf,22,0.0086034966163249,-0.0150879896942058
spectf,l1_logistic,rf,23,0.0043859421297524,-0.0049332986044481
spectf,l1_logistic,rf,24,-0.0028272385071713,-0.045828157062113
spectf,l1_logistic,rf,25,0.0020623928579876,-0.0024884805489718
spectf,l1_logistic,rf,26,-0.0088511736126613,-0.0206815125743198
spectf,l1_logistic,rf,27,0.00656069440517,0.0294221099621598
spectf,l1_logistic,rf,28,-0.0010875434069501,-0.0171071484738714
spectf,l1_logistic,rf,29,-0.0016186481524705,-0.0581489691461709
spectf,l1_logistic,logistic,0,-0.01119971726827,-0.0505451713483754
spectf,l1_logistic,logistic,1,-0.0034119686814863,0.0062973263423755
spectf,l1_logistic,logistic,2,0.000426937221668,-0.0022273019461325
spectf,l1_logistic,logistic,3,-0.0023662540128181,0.0357789376079618
spectf,l1_logistic,logistic,4,-0.0049086899243067,0.0025604380396574
spectf,l1_logistic,logistic,5,0.0003242885557809,0.0134130532208674
spectf,l1_logistic,logistic,6,-0.0008146896486689,0.0199165246938623
spectf,l1_logistic,logistic,7,-0.0040612713878589,-0.0125458330496247
spectf,l1_logistic,logistic,8,-0.0085724218024114,-0.0002544757177248
spectf,l1_logistic,logistic,9,-0.0112862634803527,-0.0396840485031432
spectf,l1_logistic,logistic,10,-0.0045617768722906,-0.0250924869034629
spectf,l1_logistic,logistic,11,-0.0034391501456773,-0.0001353727444823
spectf,l1_logistic,logistic,12,-0.0037686016721711,-0.0146329437207665
spectf,l1_logistic,logistic,13,-0.0041727248282294,0.0261371233170997
spectf,l1_logistic,logistic,14,-0.0016433280311484,-0.0204607790402195
spectf,l1_logistic,logistic,15,-0.0002633854754201,-0.0379018059267915
spectf,l1_logistic,logistic,16,-0.004536305496712,0.03359308314305
spectf,l1_logistic,logistic,17,0.0024005435721751,0.0122201714166667
spectf,l1_logistic,logistic,18,-0.0027065945258327,0.0108332587017902
spectf,l1_logistic,logistic,19,-0.0013719113559143,-0.0198611879560533
spectf,l1_logistic,logistic,20,0.0048116064189843,0.0465673335543574
spectf,l1_logistic,logistic,21,-0.0041536952992268,-0.0286315483282384
spectf,l1_logistic,logistic,22,0.0004593043055717,0.0141391978977321
spectf,l1_logistic,logistic,23,0.0006905163614184,-0.0214002432122529
spectf,l1_logistic,logistic,24,-0.0027097290002395,-0.0424029673293505
spectf,l1_logistic,logistic,25,-0.0067485873544124,0.0035778145864899
spectf,l1_logistic,logistic,26,-0.0062816423218895,-0.0286054356173358
spectf,l1_logistic,logistic,27,-0.0019557600572745,0.0075843273490004
spectf,l1_logistic,logistic,28,-0.0003675305438855,0.0060520088646035
spectf,l1_logistic,logistic,29,0.0029962207823189,0.0164515082852181
diabetes130,mutual_info,rf,0,-0.0073359320454949,-0.003086293224861
diabetes130,mutual_info,rf,1,-0.0066378594311181,-0.0032079632076826
diabetes130,mutual_info,rf,2,-0.0060678778300189,-0.0029651056892112
diabetes130,mutual_info,rf,3,-0.0070041827216015,-0.0026581995222054
diabetes130,mutual_info,rf,4,-0.0068532293225081,-0.0035760888061048
diabetes130,mutual_info,rf,5,-0.0080873840848459,-0.0031107750051151
diabetes130,mutual_info,rf,6,-0.0076708568854957,-0.0030556801291019
diabetes130,mutual_info,rf,7,-0.0068562018311217,-0.0034626607563609
diabetes130,mutual_info,rf,8,-0.0080534810950186,-0.0032444882245279
diabetes130,mutual_info,rf,9,-0.0076168032369099,-0.0029758627573518
diabetes130,mutual_info,rf,10,-0.007814065956394,-0.0031242151821402
diabetes130,mutual_info,rf,11,-0.0052108140490307,-0.0031700540033524
diabetes130,mutual_info,rf,12,-0.0078401257838548,-0.0036985821613554
diabetes130,mutual_info,rf,13,-0.0066835586702845,-0.003309761672282
diabetes130,mutual_info,rf,14,-0.0067773907739666,-0.0028684760400092
diabetes130,mutual_info,rf,15,-0.0074325074197738,-0.002715712348658
diabetes130,mutual_info,rf,16,-0.005343868998933,-0.0032384172254657
diabetes130,mutual_info,rf,17,-0.0078482561767776,-0.0029017817721291
diabetes130,mutual_info,rf,18,-0.0058221617790417,-0.0031183742287083
diabetes130,mutual_info,rf,19,-0.0078252915471801,-0.0036979999097337
diabetes130,mutual_info,rf,20,-0.00789825398438,-0.0033454579124175
diabetes130,mutual_info,rf,21,-0.007343657564294,-0.0030345109761204
diabetes130,mutual_info,rf,22,-0.006973402680763,-0.0033016636695872
diabetes130,mutual_info,rf,23,-0.0075384057914501,-0.0032689722217291
diabetes130,mutual_info,rf,24,-0.0074615754043098,-0.0026858001458524
diabetes130,mutual_info,rf,25,-0.0079989656182658,-0.0033363784691208
diabetes130,mutual_info,rf,26,-0.0053953120450829,-0.0032759812515004
diabetes130,mutual_info,rf,27,-0.0084644382766479,-0.0033782062824451
diabetes130,mutual_info,rf,28,-0.005502110275764,-0.002866091412363
diabetes130,mutual_info,rf,29,-0.0066442237745876,-0.003466933961305
diabetes130,mutual_info,logistic,0,0.0031558884312765,-2.6692404518219304e-06
diabetes130,mutual_info,logistic,1,0.0037322859470262,4.9890377994687984e-06
diabetes130,mutual_info,logistic,2,0.004097916520031,4.521005963070701e-06
diabetes130,mutual_info,logistic,3,0.0031243641271909,4.05157426712488e-06
diabetes130,mutual_info,logistic,4,0.0038996844583314,2.5369258944279997e-06
diabetes130,mutual_info,logistic,5,0.0040347675847484,3.438690928628252e-06
diabetes130,mutual_info,logistic,6,0.0043893695087628,1.9792977383747967e-06
diabetes130,mutual_info,logistic,7,0.0037974100509204,3.272955709843206e-06
diabetes130,mutual_info,logistic,8,0.0042319298250179,6.646376134372689e-06
diabetes130,mutual_info,logistic,9,0.0037920629732361,-1.2399575229221638e-06
diabetes130,mutual_info,logistic,10,0.0033371779763525,2.086548620605644e-06
diabetes130,mutual_info,logistic,11,0.003783051495841,5.872789912847454e-06
diabetes130,mutual_info,logistic,12,0.0035978419968032,2.2677561983402983e-06
diabetes130,mutual_info,logistic,13,0.0038351524032805,1.7135588677441582e-06
diabetes130,mutual_info,logistic,14,0.0031836432082266,3.919859200451903e-06
diabetes130,mutual_info,logistic,15,0.0038419294178554,6.184592849123316e-06
diabetes130,mutual_info,logistic,16,0.0029891214293535,-4.570155913707908e-07
diabetes130,mutual_info,logistic,17,0.0036392250802927,2.755901756246182e-06
diabetes130,mutual_info,logistic,18,0.0035672054108327,-5.122657905365369e-07
diabetes130,mutual_info,logistic,19,0.0040564848714441,2.0735603713656348e-06
diabetes130,mutual_info,logistic,20,0.0050334527919433,5.176345949181593e-06
diabetes130,mutual_info,logistic,21,0.0066662834371794,-6.11574385619984e-07
diabetes130,mutual_info,logistic,22,0.0035988404945976,-6.8462508912015e-07
diabetes130,mutual_info,logistic,23,0.0039995373790261,2.3231984361410385e-06
diabetes130,mutual_info,logistic,24,0.0037759357447785,3.891516090426261e-06
diabetes130,mutual_info,logistic,25,0.0037777373701268,2.718929367859224e-06
diabetes130,mutual_info,logistic,26,0.0039235359036585,2.3970272981371776e-06
diabetes130,mutual_info,logistic,27,0.0045576943415562,3.989917995411707e-06
diabetes130,mutual_info,logistic,28,0.0034898817665192,3.2695320926062754e-06
diabetes130,mutual_info,logistic,29,0.0035502804974493,6.50338425198238e-06
diabetes130,rf_importance,rf,0,0.0286754874538341,0.0177593628747738
diabetes130,rf_importance,rf,1,0.0290446986048844,0.0181522633868475
diabetes130,rf_importance,rf,2,0.0305302150459185,0.019237181118648
diabetes130,rf_importance,rf,3,0.0290989187188998,0.0181448209093074
diabetes130,rf_importance,rf,4,0.0298329096018192,0.0199934846385999
diabetes130,rf_importance,rf,5,0.0300217247400347,0.0187960693510132
diabetes130,rf_importance,rf,6,0.0282452770498086,0.0188004504286802
diabetes130,rf_importance,rf,7,0.0305947698048729,0.0194282440450433
diabetes130,rf_importance,rf,8,0.0318702420095686,0.0200658060160715
diabetes130,rf_importance,rf,9,0.0284948071783755,0.0194513605627632
diabetes130,rf_importance,rf,10,0.0312214410126488,0.0188645147827028
diabetes130,rf_importance,rf,11,0.0305323838816479,0.0190583992437958
diabetes130,rf_importance,rf,12,0.0293213803907069,0.0190994774175942
diabetes130,rf_importance,rf,13,0.0290854987991258,0.0192916097094289
diabetes130,rf_importance,rf,14,0.0301689930933976,0.0196932590053894
diabetes130,rf_importance,rf,15,0.0299657034445478,0.0184763208387918
diabetes130,rf_importance,rf,16,0.0289463404095199,0.0189621232622354
diabetes130,rf_importance,rf,17,0.0304495499945932,0.0198185643930511
diabetes130,rf_importance,rf,18,0.0301377243162737,0.0196865891172312
diabetes130,rf_importance,rf,19,0.0299159574436603,0.0191846860572251
diabetes130,rf_importance,rf,20,0.0300469466500162,0.0199439570213513
diabetes130,rf_importance,rf,21,0.0310347481569528,0.0196594165214815
diabetes130,rf_importance,rf,22,0.0316216326504256,0.0202457977548787
diabetes130,rf_importance,rf,23,0.0306540603152728,0.0200944637889788
diabetes130,rf_importance,rf,24,0.0304325380281026,0.0194868003948801
diabetes130,rf_importance,rf,25,0.0287864869938299,0.0186305253573296
diabetes130,rf_importance,rf,26,0.0302537031078285,0.0184109817449519
diabetes130,rf_importance,rf,27,0.0297235443336605,0.0190180831990242
diabetes130,rf_importance,rf,28,0.0301647999161911,0.0186612751383544
diabetes130,rf_importance,rf,29,0.0284194642153693,0.0180114474472191
diabetes130,rf_importance,logistic,0,0.0200541988374511,-9.783925754694445e-06
diabetes130,rf_importance,logistic,1,0.0199596222594278,-9.714895453066807e-06
diabetes130,rf_importance,logistic,2,0.0201016707000822,-7.486457108976663e-06
diabetes130,rf_importance,logistic,3,0.0199652753929678,-1.126048249797118e-05
diabetes130,rf_importance,logistic,4,0.020053429285543,-9.716766608741656e-06
diabetes130,rf_importance,logistic,5,0.019842720194071,-1.0204824128418055e-05
diabetes130,rf_importance,logistic,6,0.0199589692841965,-8.709209256607675e-06
diabetes130,rf_importance,logistic,7,0.0201646335567587,-1.479490704713038e-05
diabetes130,rf_importance,logistic,8,0.0198098396814275,-1.2271773280100873e-05
diabetes130,rf_importance,logistic,9,0.0198241430918854,-9.539461377647274e-06
diabetes130,rf_importance,logistic,10,0.0199087694261631,-7.2383202712189565e-06
diabetes130,rf_importance,logistic,11,0.0200376597146539,-6.879760656469669e-06
diabetes130,rf_importance,logistic,12,0.0198415969371686,-1.036632242135127e-05
diabetes130,rf_importance,logistic,13,0.0200193691496668,-5.387847849550043e-06
diabetes130,rf_importance,logistic,14,0.0201262673021397,-1.1160348070901605e-05
diabetes130,rf_importance,logistic,15,0.0201143488173761,-7.891568537046756e-06
diabetes130,rf_importance,logistic,16,0.0199895920195877,-8.217594194573352e-06
diabetes130,rf_importance,logistic,17,0.02005851067521,-9.894669184981608e-06
diabetes130,rf_importance,logistic,18,0.0198400528024891,-1.0047009968705556e-05
diabetes130,rf_importance,logistic,19,0.0198019164582319,-9.523598220956275e-06
diabetes130,rf_importance,logistic,20,0.0201058707844122,-1.1064205854782738e-05
diabetes130,rf_importance,logistic,21,0.0198783069295449,-9.86219656888554e-06
diabetes130,rf_importance,logistic,22,0.0199374275507662,-9.665446116149943e-06
diabetes130,rf_importance,logistic,23,0.0199450018203871,-1.1081390748290952e-05
diabetes130,rf_importance,logistic,24,0.0200541427493151,-1.0270528409336843e-05
diabetes130,rf_importance,logistic,25,0.0199085781426035,-6.244697032753432e-06
diabetes130,rf_importance,logistic,26,0.0201144226998472,-6.618061877822212e-06
diabetes130,rf_importance,logistic,27,0.0199888980304765,-9.371421370557576e-06
diabetes130,rf_importance,logistic,28,0.0199997118629558,-8.935736815485207e-06
diabetes130,rf_importance,logistic,29,0.020098521680782,-1.0308290325805602e-05
diabetes130,l1_logistic,rf,0,-0.0055926399386881,-0.0029418641605918
diabetes130,l1_logistic,rf,1,-0.0060432693104879,-0.0028562083009648
diabetes130,l1_logistic,rf,2,-0.0062668161561226,-0.0027077509157085
diabetes130,l1_logistic,rf,3,-0.0042975205668088,-0.0030677138940785
diabetes130,l1_logistic,rf,4,-0.0067163579510686,-0.002918361075729
diabetes130,l1_logistic,rf,5,-0.0054503048020159,-0.0030247468785617
diabetes130,l1_logistic,rf,6,-0.0061533379591909,-0.0033669855787036
diabetes130,l1_logistic,rf,7,-0.0066099159857528,-0.0028284950952438
diabetes130,l1_logistic,rf,8,-0.0049452007759954,-0.002873378517481
diabetes130,l1_logistic,rf,9,-0.007102395942029,-0.0031469415267132
diabetes130,l1_logistic,rf,10,-0.006764782813054,-0.0030987809988702
diabetes130,l1_logistic,rf,11,-0.0057078288696739,-0.0030246990032888
diabetes130,l1_logistic,rf,12,-0.0068198724569067,-0.0028208211524425
diabetes130,l1_logistic,rf,13,-0.0055273785926928,-0.0032174077621573
diabetes130,l1_logistic,rf,14,-0.0070393759801457,-0.0028778741682757
diabetes130,l1_logistic,rf,15,-0.0051999824797238,-0.0027563506734452
diabetes130,l1_logistic,rf,16,-0.0053392202609613,-0.0023380327186562
diabetes130,l1_logistic,rf,17,-0.0067312511514815,-0.0029936301729998
diabetes130,l1_logistic,rf,18,-0.0064947692917797,-0.0030711222420209
diabetes130,l1_logistic,rf,19,-0.0052355864195163,-0.003174103718436
diabetes130,l1_logistic,rf,20,-0.0049872934069172,-0.0028473400964918
diabetes130,l1_logistic,rf,21,-0.0061588590439192,-0.0031786473274045
diabetes130,l1_logistic,rf,22,-0.006332061232671,-0.0028600194111139
diabetes130,l1_logistic,rf,23,-0.005565520300324,-0.0027113591493179
diabetes130,l1_logistic,rf,24,-0.0060667399567591,-0.0031282829501138
diabetes130,l1_logistic,rf,25,-0.006649574765147,-0.0028334118922068
diabetes130,l1_logistic,rf,26,-0.0056180503342689,-0.0028802750477731
diabetes130,l1_logistic,rf,27,-0.0069505458987302,-0.0030083213331587
diabetes130,l1_logistic,rf,28,-0.0055175112400766,-0.0027389371834012
diabetes130,l1_logistic,rf,29,-0.0058123417347083,-0.0029641410175928
diabetes130,l1_logistic,logistic,0,0.0011053874269797,5.011806558319343e-06
diabetes130,l1_logistic,logistic,1,0.0022444898432607,2.5750212978709053e-06
diabetes130,l1_logistic,logistic,2,0.0012950608888295,3.58716741419296e-06
diabetes130,l1_logistic,logistic,3,0.0023161674483185,5.216380296810264e-06
diabetes130,l1_logistic,logistic,4,0.0013187011085624,3.4211641671832997e-06
diabetes130,l1_logistic,logistic,5,0.0012058171002285,3.4614722097120465e-06
diabetes130,l1_logistic,logistic,6,0.001992793991036,3.579519524662955e-06
diabetes130,l1_logistic,logistic,7,0.0022120032614865,1.967522040985381e-06
diabetes130,l1_logistic,logistic,8,0.0019031130588611,1.150066403332595e-06
diabetes130,l1_logistic,logistic,9,0.0013602798146819,4.047185145961141e-06
diabetes130,l1_logistic,logistic,10,0.0013106256608396,4.09052340492877e-06
diabetes130,l1_logistic,logistic,11,0.0013547053381096,2.464505963306607e-06
diabetes130,l1_logistic,logistic,12,0.0012267436385707,4.662961364670926e-06
diabetes130,l1_logistic,logistic,13,0.0012854804284269,3.473563349926101e-06
diabetes130,l1_logistic,logistic,14,0.0023753576805665,3.6356785999280823e-06
diabetes130,l1_logistic,logistic,15,0.0012176485122244,5.641369213452152e-06
diabetes130,l1_logistic,logistic,16,0.0012918174631577,4.618014267807058e-06
diabetes130,l1_logistic,logistic,17,0.0022212566012708,1.057684484523369e-06
diabetes130,l1_logistic,logistic,18,0.0012952212042041,2.4883764637162464e-06
diabetes130,l1_logistic,logistic,19,0.0013367664451219,2.950069553975254e-06
diabetes130,l1_logistic,logistic,20,0.0014356133198765,2.0593266235047203e-06
diabetes130,l1_logistic,logistic,21,0.0013431173953338,-1.4682509752034225e-06
diabetes130,l1_logistic,logistic,22,0.0021616964309862,4.483820974149344e-06
diabetes130,l1_logistic,logistic,23,0.0012918758881829,2.6668978814203825e-06
diabetes130,l1_logistic,logistic,24,0.0021337367629457,3.897318531648208e-06
diabetes130,l1_logistic,logistic,25,0.0011955020306881,3.0722878990863123e-06
diabetes130,l1_logistic,logistic,26,0.0018893776998053,3.0591733262280707e-06
diabetes130,l1_logistic,logistic,27,0.0013446624873243,5.567703612999186e-06
diabetes130,l1_logistic,logistic,28,0.0013739366700115,1.5490465308104495e-06
diabetes130,l1_logistic,logistic,29,0.0014269863349696,3.980944437237399e-06
