dataset,method,classifier,rep,aurc_A_full,aurc_B_full,aurc_C_full,selnb_A_full,selnb_C_full,aurc_A_aggr,aurc_B_aggr,aurc_C_aggr,selnb_A_aggr,selnb_C_aggr
cleveland,mutual_info,logistic,0,0.0860894759832363,0.1098160684013977,0.0830229054004821,0.3991581631465102,0.3778756157027773,0.1390594360139647,0.1352354300003809,0.1104310306465287,0.3431070507070929,0.3184145223726223
cleveland,mutual_info,logistic,1,0.0771664037009143,0.1139888745498385,0.0871516935240563,0.3953657359227591,0.349584953627691,0.1081571433036555,0.1410115929599059,0.1031026641330482,0.3459220594283778,0.3231403252002779
cleveland,mutual_info,logistic,2,0.0738539876074164,0.1092325647749011,0.0811928755239422,0.3940693359877865,0.3630589317965408,0.11907109091903,0.1475457882773742,0.111680722785543,0.3333675700178974,0.3238830139581796
cleveland,mutual_info,logistic,3,0.0769686440369134,0.1211365161327508,0.0887370646313119,0.3843488786859516,0.3571471296573588,0.1324240970397099,0.1293571279303558,0.1034255686527695,0.3551752721015576,0.315167133167597
cleveland,mutual_info,logistic,4,0.0694568753028682,0.1107006544314116,0.0780641430572379,0.3787108931851159,0.3774491962014269,0.1258088586137689,0.1375885254960144,0.1046348938610587,0.3429732740549296,0.3164915935459573
cleveland,mutual_info,logistic,5,0.0746195828974569,0.1086169930969934,0.0795202342801558,0.3871902064369542,0.3745307227887628,0.1323371285305162,0.1340284677522954,0.1210107508432014,0.3483705146726089,0.3287218382800572
cleveland,mutual_info,logistic,6,0.0788050289107199,0.1193965085417056,0.0870102035545819,0.3899974989471512,0.3797378495693392,0.1369282324200711,0.1317243215022492,0.1151142036223519,0.3392576142859188,0.3248506218227658
cleveland,mutual_info,logistic,7,0.0777261245296078,0.115762244607312,0.0826460138826376,0.3885310267402949,0.3863160791323575,0.0990128505352578,0.1229997292281208,0.0900661900985842,0.3627470391686372,0.332084510066475
cleveland,mutual_info,logistic,8,0.085473989653831,0.1195002298197593,0.0881571280892709,0.3938390541529491,0.3575881513572252,0.1506594179707951,0.1344070812015487,0.1123096416938435,0.3482643735868914,0.2821360402289078
cleveland,mutual_info,logistic,9,0.078174052520581,0.1186944372824843,0.0860476365574308,0.3938464950013573,0.3662195749020077,0.1377706974832654,0.1214219748051142,0.1107154407860053,0.3241813241039757,0.3116566882075884
cleveland,mutual_info,logistic,10,0.0811085701225739,0.113339544291155,0.0837030835090517,0.3685787719685254,0.3673841893812724,0.1387630664250085,0.1273292599025261,0.1107223178768458,0.3476473478046018,0.3078327770304915
cleveland,mutual_info,logistic,11,0.0863059364697549,0.1155176474612382,0.0855907027847654,0.3976787934971924,0.3774363702457357,0.1527796646490287,0.1415453448493795,0.1149116074190791,0.3326532344813537,0.3104756530690129
cleveland,mutual_info,logistic,12,0.0802815280603953,0.1073169780358867,0.0846854527853157,0.3852504592809127,0.3728745058614738,0.1440484200844442,0.1227524795585631,0.1082148271184507,0.3547337871956927,0.3135881112438144
cleveland,mutual_info,logistic,13,0.0757163763417019,0.1130829091683464,0.0825255287162382,0.3803133618875633,0.3666086413722387,0.1263070885640344,0.1423880571572675,0.1051784398161111,0.3324437598481872,0.3309709369851927
cleveland,mutual_info,logistic,14,0.0778722954441106,0.1090821088486553,0.0842220954345625,0.3844697316853828,0.3714928938004652,0.1416718958974153,0.1328114649175031,0.1145138647742539,0.3456331410005533,0.3001128783982406
cleveland,mutual_info,logistic,15,0.0831675367857788,0.1151378881145408,0.0843971637837688,0.37000670076114,0.3685592577123648,0.1189221517625925,0.1267914904887194,0.0945927392500781,0.3308920643181919,0.3061705835375448
cleveland,mutual_info,logistic,16,0.0744486358587221,0.1043133240871246,0.0823288393551121,0.3921225564417782,0.3878240701593438,0.1103355548480179,0.1292731110457997,0.0963018048355001,0.3375328994529921,0.3162349839028288
cleveland,mutual_info,logistic,17,0.0874339991105537,0.1173839924321086,0.0870885391877128,0.3886583567274297,0.373372815298357,0.1450664357644564,0.138921260306668,0.1132628351529378,0.3339705775411435,0.3232270396147859
cleveland,mutual_info,logistic,18,0.0723593159975163,0.1160768947375717,0.0806194008645602,0.3936860130309051,0.3945556947358344,0.130674097463522,0.1250319875289658,0.1046279767617837,0.3661896790982406,0.3175158916241325
cleveland,mutual_info,logistic,19,0.0985681081159463,0.1192719558743996,0.0905971624142147,0.3819709552066845,0.35616855396041,0.1312018155517497,0.1224302861614425,0.0994832024162064,0.3299224347983587,0.322748567635405
cleveland,mutual_info,logistic,20,0.0720639358343491,0.1101172688714313,0.0780637082515123,0.3920385553644949,0.3861066025903365,0.131894180768388,0.1339329444320967,0.1059897406383051,0.3561630561034042,0.3201848774125682
cleveland,mutual_info,logistic,21,0.0765861071514226,0.1100460674563281,0.0878600715183913,0.3854165086815237,0.3647156371725285,0.0881471754791071,0.1182882431810133,0.0879603600722169,0.3378843225856076,0.3482689294907518
cleveland,mutual_info,logistic,22,0.0788927283526953,0.1145265820601138,0.0824123126783118,0.3889387151904002,0.3632892055847977,0.1222204107078021,0.1197804672324411,0.0934557672129186,0.3745314268987017,0.3149058588957418
cleveland,mutual_info,logistic,23,0.0802281006614838,0.1195349306245457,0.0840043819052871,0.3885892575381778,0.3809477872582624,0.1287571356910927,0.1435918690019284,0.1038298219713923,0.3407167211438134,0.3165630351286149
cleveland,mutual_info,logistic,24,0.0790985361365283,0.1142260353785877,0.0845097025217897,0.388326510916928,0.3689473109378876,0.1330614276986031,0.1327187432417958,0.1078278415888216,0.3404914014301184,0.2969262215016008
cleveland,mutual_info,logistic,25,0.0733101707568109,0.1178740558430846,0.0793366407913236,0.3912763185774534,0.3845493549038177,0.1274941915314984,0.1403636834976709,0.1094577062317333,0.3470374393992886,0.3285264461901784
cleveland,mutual_info,logistic,26,0.080937760948421,0.1133940918035052,0.0864673113453313,0.3868575448652837,0.3669580178290751,0.1249216161781314,0.1327886989317798,0.1145613365848143,0.3235253071948182,0.3113162221896703
cleveland,mutual_info,logistic,27,0.0793003339593472,0.1136684464607441,0.0820803760688353,0.3947500404595067,0.3827204353987578,0.1289472454341247,0.135603195722003,0.1076545676877974,0.3419535129749757,0.3215481229825833
cleveland,mutual_info,logistic,28,0.079553968411139,0.1165680215943615,0.0841303247614832,0.3719327711086099,0.3605342245352296,0.1057625320676996,0.1346091875779824,0.1043922286679985,0.3579500351365223,0.3411480810473441
cleveland,mutual_info,logistic,29,0.0770148912858384,0.1168387488138018,0.0802827426145031,0.3705241265491365,0.3726223789921242,0.1374505791879421,0.1273212046382507,0.1062760407845816,0.3377710250557227,0.3158530498150168
cleveland,mutual_info,rf,0,0.071561949263171,0.125618757721896,0.0861826402088992,0.3750106441567878,0.3685297804421731,0.1125588401949246,0.1169887549021466,0.0966170972675352,0.37087746112984,0.3441736978996996
cleveland,mutual_info,rf,1,0.072907600580611,0.1207699019731875,0.087600246345838,0.3780774095400667,0.3631772209912315,0.1391022707285786,0.120969631487384,0.1071792649381482,0.3592615558739063,0.3319282333108951
cleveland,mutual_info,rf,2,0.080752694861521,0.1301694327178394,0.0993841604525624,0.3823016184425318,0.3718304238535309,0.1146979323572426,0.1159824475159853,0.1053692009778011,0.3804572034388592,0.3443048298048174
cleveland,mutual_info,rf,3,0.081040152582926,0.1213367072315962,0.0913691243815054,0.3908535724691531,0.3783653504755827,0.1896248147254864,0.1736227788078272,0.1648056887768312,0.3253823804329053,0.2881467018298549
cleveland,mutual_info,rf,4,0.0692980147157276,0.1128867876017545,0.0810705733014753,0.3918454731933258,0.3859349290767467,0.1402777805575346,0.1279111579203943,0.1226086267741793,0.3370070594706985,0.30735572269872
cleveland,mutual_info,rf,5,0.0774517776339634,0.1261797111520747,0.092208036194775,0.3777489975887039,0.3639307275813504,0.1589031017029945,0.1606385098351177,0.1451337944443423,0.3462611114321566,0.3100050995891973
cleveland,mutual_info,rf,6,0.0759847948511658,0.1281258616033479,0.0925102495437602,0.3610183071877398,0.3604091698092733,0.1413607681689237,0.1428176335339431,0.1176512462553707,0.3443011984269549,0.3107303670156582
cleveland,mutual_info,rf,7,0.0870669429390353,0.1353468980209136,0.1016523641659387,0.387799798431341,0.3555013545185098,0.1692961154074061,0.1647627175440872,0.1547469143453275,0.3373043358287246,0.2879322688344055
cleveland,mutual_info,rf,8,0.0782056725072485,0.1287515160439479,0.0923102627776198,0.3514711884829716,0.3603946053298335,0.1313062956906983,0.1250272048383554,0.1088710566374545,0.3390442366770032,0.3155633275962442
cleveland,mutual_info,rf,9,0.0801046503547942,0.1165953708956866,0.091874524573667,0.3731310940581194,0.3529058681305317,0.1401825704132808,0.1553741945068465,0.129999141695939,0.3418830501455994,0.2944599465791467
cleveland,mutual_info,rf,10,0.082271435634201,0.1242044505575026,0.0928398704445701,0.3604854146047386,0.3497280652594661,0.1534078475223483,0.1301062963680034,0.1213299854018873,0.352358009938642,0.3246955011825919
cleveland,mutual_info,rf,11,0.0729301184841424,0.1291276990857808,0.0898852525794477,0.366056939594467,0.376181789274545,0.1297991021153196,0.1421184875179939,0.1180861980347819,0.3187324803467506,0.3050614674639758
cleveland,mutual_info,rf,12,0.0818013591582218,0.1225265565986915,0.0970129857851279,0.3631378546089953,0.371751175309833,0.1609367279757764,0.1364252402346228,0.1321550394092607,0.3578153018392164,0.3343376689570498
cleveland,mutual_info,rf,13,0.0781169863889953,0.1193706017263574,0.0901551054005414,0.3641598266594927,0.3624392181200029,0.1360434592313363,0.1134906847725574,0.1160855551846633,0.3662464594488861,0.3158562389961869
cleveland,mutual_info,rf,14,0.0927176932147292,0.1295045081985141,0.0983594973010824,0.3680150143822925,0.3736559194879281,0.1624076045728196,0.1487428187722936,0.1379003142983932,0.31247655471691,0.2862595671802408
cleveland,mutual_info,rf,15,0.074995513185488,0.1146882555110092,0.0864251705123816,0.3908216781771323,0.3844560380917145,0.1069993506211858,0.1023885057828662,0.0890468597847851,0.3803051096101613,0.3397279028455221
cleveland,mutual_info,rf,16,0.0715356274877361,0.1202671221711677,0.0839801631739128,0.3580177077902678,0.3829346431725886,0.140286763516795,0.1367727437006209,0.1330569580421396,0.322281472349905,0.2954114841528931
cleveland,mutual_info,rf,17,0.0748235263154548,0.133292643954345,0.0970879086734863,0.3767685464242779,0.366398980094575,0.109479227773459,0.1101907142376202,0.1044458992025226,0.3968428131277546,0.3436169532430207
cleveland,mutual_info,rf,18,0.0730530952020783,0.1126349460067927,0.0806775344802291,0.3834412229110176,0.3718522897470009,0.1213509068158319,0.1390090518348002,0.1088066055900564,0.3549148252865248,0.3119689737774562
cleveland,mutual_info,rf,19,0.0748615204909893,0.1132845027592168,0.0855364300523735,0.3693504765786684,0.3569377505349799,0.1420381504207341,0.1496435680761155,0.1330186811617112,0.3511626981573952,0.3061613350955791
cleveland,mutual_info,rf,20,0.0864771658521749,0.1245152717146538,0.0946077470224818,0.38070216583493,0.3677959304317271,0.1480495205502994,0.1590219832292881,0.128167917885197,0.3115532145379326,0.2730739628248295
cleveland,mutual_info,rf,21,0.1084889708191434,0.1216377996424801,0.1008181618700036,0.3591283745158328,0.3418873438374432,0.1709642682272211,0.1389579705065323,0.1336903611054858,0.3222059402926009,0.2998373861619429
cleveland,mutual_info,rf,22,0.0801591712155098,0.128598299619661,0.0895003742327077,0.3854863646995592,0.3448016456365042,0.1595494930110277,0.1479812444245531,0.1483370894795046,0.3651574761402206,0.3167977191885841
cleveland,mutual_info,rf,23,0.0779443075510094,0.1230822704713873,0.0888221208312182,0.3763792173092439,0.379432615155422,0.1385776149120532,0.1812732368092092,0.144267786496751,0.3262152747296075,0.2995716856592384
cleveland,mutual_info,rf,24,0.0830989626999305,0.1232773734115995,0.0958473249139257,0.3850946422263789,0.3582735999047508,0.1311182020921892,0.1349917538596983,0.1291099361764754,0.3664603012310294,0.3157033666288182
cleveland,mutual_info,rf,25,0.075993518630699,0.1210649008566175,0.0865457969803974,0.3830908064781835,0.3851102496789482,0.1331977968428642,0.1217930342786062,0.0998429629945362,0.3531912255014094,0.3241744942012598
cleveland,mutual_info,rf,26,0.0716085010054811,0.1168438484506733,0.085468425929544,0.3896654270908625,0.3730442779040959,0.122193014302999,0.1391682169208961,0.1198066661846444,0.3446462884831201,0.3201071883456415
cleveland,mutual_info,rf,27,0.0849940831852037,0.1119280433547868,0.0922576033160381,0.3553081075820441,0.3590348992487067,0.1531041536628017,0.1597584289089949,0.1479150541948942,0.3467515030562058,0.2966592846267772
cleveland,mutual_info,rf,28,0.0791563378414062,0.1235234349973178,0.0924979624930481,0.3637722681639881,0.3605183400645679,0.1131713230017108,0.1209987597706666,0.1075475190946733,0.3762769903067474,0.3442146526703185
cleveland,mutual_info,rf,29,0.0867215934374505,0.1277732837022635,0.0995000816573813,0.3760238580800312,0.3702576332010409,0.2086977468784134,0.1594309085600875,0.1623171503763327,0.3363228642661589,0.2827001615543946
cleveland,rf_importance,logistic,0,0.0816186716144655,0.1170553247308173,0.0844448322838034,0.3913457215582153,0.3729871969870915,0.1451897473635659,0.1542406555891708,0.1313847873228054,0.3271541404646424,0.2931970867474625
cleveland,rf_importance,logistic,1,0.0731383869909885,0.1063629801598311,0.0854090132297085,0.3992621992987527,0.3761141195055879,0.1203263736965804,0.1510688227872154,0.1175203619259483,0.3542520307176902,0.3157655340485418
cleveland,rf_importance,logistic,2,0.0755878027694785,0.1168349738194363,0.0810650749509605,0.3938010161587863,0.3764191799259599,0.1254086379804141,0.1626181444752936,0.115120884830362,0.3617921989072836,0.3469624520934919
cleveland,rf_importance,logistic,3,0.0768829419338047,0.1144976600869343,0.0814742027015899,0.3856100858656985,0.3766426897290673,0.1474904922911296,0.1357449175057035,0.1150021587258403,0.3541790849011559,0.3072193310195009
cleveland,rf_importance,logistic,4,0.0701733809610734,0.1162730397287422,0.0780284747048866,0.3950001131258325,0.3692934242054899,0.0986371691387582,0.1305092196008459,0.0984474132039581,0.3724288971779125,0.3173221002703347
cleveland,rf_importance,logistic,5,0.0782603880954363,0.102988759231817,0.082676248346055,0.3843884818605478,0.3504864093292584,0.1630174850624722,0.1327692206512029,0.1323630037180193,0.3371048914860827,0.2991379384180577
cleveland,rf_importance,logistic,6,0.0829062226395363,0.1125382484447103,0.0890435164627663,0.3653758487920354,0.3728987871067533,0.1639798215943618,0.168357012688532,0.1346134224457224,0.3296387029807749,0.3024773451807924
cleveland,rf_importance,logistic,7,0.0784988220803962,0.1147853050693165,0.0865739071288634,0.3811860366971301,0.3768149818441427,0.1382371617060959,0.1302748744245423,0.1045862119234758,0.3516104940511113,0.3291277598471038
cleveland,rf_importance,logistic,8,0.0780674630871961,0.1200158447804056,0.086690507688654,0.3847072070497832,0.3728291219792233,0.1364459328412271,0.1530805631519077,0.1155501450010749,0.3195672588862521,0.3238136656515199
cleveland,rf_importance,logistic,9,0.0762595845521165,0.1107650656472897,0.0840604639469825,0.3894546541817157,0.3580593236519285,0.1427414423816155,0.1472647421615605,0.1207404095081337,0.357193721396489,0.3031288068088817
cleveland,rf_importance,logistic,10,0.0834782570358467,0.1205266206638839,0.0899755586304639,0.376017351216555,0.3494575920029897,0.1676273191074445,0.1650982869602776,0.1324865821201971,0.3207179147480705,0.2946424604358544
cleveland,rf_importance,logistic,11,0.0735239517564367,0.1126093372387801,0.0773020846073081,0.3793089503001463,0.3765277102425691,0.1279619612828696,0.1458383354107222,0.1121487102199951,0.3606827205146333,0.3285099906368089
cleveland,rf_importance,logistic,12,0.084843008176289,0.1160604189752175,0.0829311787298979,0.3864516844584191,0.3653616629353022,0.1475560351081226,0.1416215116393775,0.1198707319310067,0.3387606573337458,0.3074818844963383
cleveland,rf_importance,logistic,13,0.0856819705022528,0.1166771558461659,0.0917642074085121,0.3759284780664335,0.3593423249050472,0.1529600342594474,0.1325799254622571,0.1229029091621829,0.3557291780394366,0.3122656107942991
cleveland,rf_importance,logistic,14,0.0780833825891468,0.1125552262973692,0.0820588613810567,0.3885240782022548,0.36152571405377,0.1485108994587706,0.1636335711203524,0.1259306447152136,0.3199498072662048,0.2978350672849426
cleveland,rf_importance,logistic,15,0.0776480057296271,0.1173050310520321,0.0876791411467792,0.39053141138165,0.3699761154176095,0.1320319952673115,0.1342733745303543,0.1215062697003644,0.3375414581560541,0.3007284550170379
cleveland,rf_importance,logistic,16,0.089424948207642,0.1140265984404308,0.0858052534818316,0.4080016910921589,0.3708523781423219,0.1413629729777902,0.1306994820748442,0.1142597786105071,0.3537799855495478,0.3403913969128965
cleveland,rf_importance,logistic,17,0.0725399830581572,0.1055057169555617,0.0801849517502661,0.3844418992276345,0.3729485412533861,0.1419771919639997,0.1613805452115555,0.119913245857433,0.3281303466528888,0.3043377331307666
cleveland,rf_importance,logistic,18,0.0926486119565134,0.112572724521196,0.0846360138593106,0.3852733850195463,0.3698818661632015,0.1346403984743034,0.1406647704342279,0.1163670135717616,0.3495920048411935,0.3331424659159189
cleveland,rf_importance,logistic,19,0.0741050415855739,0.1112529975921109,0.0772089395962609,0.3894634424896177,0.3800131689756649,0.1604367504841095,0.1519564045232803,0.1289168694485074,0.3222799340938993,0.2892430503450661
cleveland,rf_importance,logistic,20,0.0690034537467847,0.1106232795300929,0.0800519262691806,0.3874986717726333,0.3703566975765816,0.1272806022204394,0.127215559041694,0.0989274191184829,0.3591482816619629,0.3273122646398426
cleveland,rf_importance,logistic,21,0.0748677499184513,0.1065630925091884,0.0759927833416804,0.4003758042357773,0.3855454611477107,0.1445898328587889,0.1567594526238843,0.1226000363092821,0.3420560075472788,0.3187494056949009
cleveland,rf_importance,logistic,22,0.0776135560183168,0.108649684172274,0.0767009788278447,0.3934518273027764,0.3822774381510562,0.149339261517324,0.1360870496867412,0.1102238343817861,0.3509091799266755,0.313842126518072
cleveland,rf_importance,logistic,23,0.076850329060425,0.119726512539489,0.0848112746957926,0.3879624554055182,0.3508877847292685,0.1368567603477457,0.1570777526984863,0.1231776070773455,0.3468771195914023,0.3330393619023613
cleveland,rf_importance,logistic,24,0.0800323579971651,0.1233090638067518,0.0876929288738481,0.3845137190013217,0.3629019719153642,0.1826559434229719,0.1659287748064628,0.1432625678252979,0.3452575859341503,0.3091343296195785
cleveland,rf_importance,logistic,25,0.0697922415927434,0.1187486924154204,0.0789192385471048,0.3912201370812019,0.37251254874333,0.1241210871314143,0.152071537542467,0.1080956237467311,0.325632999613987,0.3113400530394474
cleveland,rf_importance,logistic,26,0.0752591583042568,0.1141175636854781,0.083665702395606,0.3884376645499416,0.3792093992945258,0.1598372679951372,0.1616384016811733,0.1317608793767522,0.3399905327454215,0.2924617529720789
cleveland,rf_importance,logistic,27,0.0789108334035477,0.1174725833555932,0.0846817461749902,0.3873623498850609,0.357603890864154,0.1518872150127183,0.1545814119901301,0.117127515495954,0.3474522677926453,0.3085841500709058
cleveland,rf_importance,logistic,28,0.0712931346859482,0.1129220876735194,0.0777161056280727,0.3931597999073581,0.3751570276272358,0.1494327551492329,0.1514229744308926,0.1272089397835897,0.3358961941456171,0.3006744255340983
cleveland,rf_importance,logistic,29,0.0778937427801077,0.1141335797342665,0.0842775028495772,0.3813675084438839,0.3680220251783381,0.1633277653347072,0.1474613795890132,0.1316313805690845,0.3288228673257903,0.3088875146475593
cleveland,rf_importance,rf,0,0.0787591928384801,0.1260016309496811,0.0937253519127701,0.3717077715538639,0.3563326052808789,0.1560927049168919,0.2131247182305816,0.1575042143990123,0.3208856379084109,0.2870118061210929
cleveland,rf_importance,rf,1,0.0815326488073409,0.1113348259443689,0.0895134750882625,0.360847821908787,0.3595555678713528,0.1557526326599111,0.1561921535019012,0.1368754675028178,0.3278269159859128,0.2850804767540578
cleveland,rf_importance,rf,2,0.0771979499082251,0.1232035522841158,0.0912810487666884,0.3802771114981427,0.3471417515685034,0.1841526938920513,0.2020600760855922,0.1757975590689996,0.3004258112460509,0.2771029341127996
cleveland,rf_importance,rf,3,0.0772559001440766,0.1235510561336889,0.0920899724689853,0.3766905068918144,0.3631382939801283,0.1543819098225557,0.1467731429846654,0.1460396558324251,0.3474430956240151,0.2957313159119605
cleveland,rf_importance,rf,4,0.0788166241074983,0.1331054104874692,0.0934091697301171,0.3776570107867859,0.3606364805806812,0.1602428650516776,0.2251312266575462,0.1541412080018207,0.3015002231349792,0.2793131149530103
cleveland,rf_importance,rf,5,0.0747550127205113,0.1274856459526569,0.0947772198277894,0.3858964894054213,0.3523207193025029,0.1578125918551238,0.1881738220878898,0.153893928211811,0.3096316143893213,0.2932817954736527
cleveland,rf_importance,rf,6,0.0785414254439001,0.129280014461024,0.0937106948156863,0.380651138374741,0.3729701101327753,0.1632541812857517,0.2237741640881522,0.1662409956007213,0.3154555828987153,0.2713712310547245
cleveland,rf_importance,rf,7,0.0742005590753063,0.1150149577483583,0.0891979311800748,0.3700096294817155,0.3694019818857091,0.1763168012997777,0.2092666297972068,0.1681083283898286,0.2848451690157597,0.2880913452669918
cleveland,rf_importance,rf,8,0.0724120154396447,0.1163305438007859,0.0829223496790994,0.3676069928334464,0.378545306221146,0.1495346694168545,0.1570821132585236,0.1330721063127813,0.3263431169609573,0.2819395690175738
cleveland,rf_importance,rf,9,0.0837418491485098,0.1193241692173246,0.0964884220571287,0.3657124053136737,0.3663400116450832,0.1967804984129081,0.1872323053299025,0.1783328092629681,0.3181226383707692,0.2842392841988513
cleveland,rf_importance,rf,10,0.0739164368301795,0.1163062415110342,0.0853942119488281,0.3857500307751421,0.3657693022004353,0.1645910424148882,0.1979974898549896,0.1573842189022645,0.3209541855972664,0.2871437738315376
cleveland,rf_importance,rf,11,0.0891329921271853,0.1432834862308638,0.1075767087643753,0.3677970786609121,0.3428458336759326,0.1954451596323136,0.1991420311208603,0.1618027142714417,0.322981787942563,0.2947685115080815
cleveland,rf_importance,rf,12,0.078191279556207,0.1258529151662089,0.0896501622199093,0.3711214576431708,0.3684211264302782,0.1533341875723136,0.2094486419112818,0.1442763592420233,0.3259995865876505,0.3144199081800534
cleveland,rf_importance,rf,13,0.0690231025803725,0.1118440987170318,0.0812081838868676,0.3753346305790735,0.3785384336457504,0.170150238709018,0.182203954190334,0.1589413720425913,0.3028097062481554,0.2839065108225105
cleveland,rf_importance,rf,14,0.0788332831886296,0.1143966929357518,0.0878386498056249,0.3611442949285047,0.3627102827143648,0.2106422934710623,0.2083499618631504,0.1910133033442674,0.2718598661865648,0.2507760912800084
cleveland,rf_importance,rf,15,0.074109772115903,0.1118160166064226,0.0880989518281667,0.377258066183645,0.3746902515678977,0.2186279759513588,0.241053903601405,0.1975788712784969,0.2909910951215324,0.2578036543232766
cleveland,rf_importance,rf,16,0.0766892483228339,0.1180158600887116,0.0842074761264962,0.3787454978119575,0.3723391002949622,0.1676977956967151,0.2010259434935906,0.1546696885595943,0.2792984169447176,0.2732289194998342
cleveland,rf_importance,rf,17,0.0897819178794964,0.1337487254003249,0.0952281457175271,0.3659706160416567,0.3592656272377287,0.1893884682812205,0.201325446991904,0.1713582101851308,0.305945801633102,0.2825320786428958
cleveland,rf_importance,rf,18,0.0804562190450502,0.1205952697420018,0.0947066710930101,0.3743274406086638,0.3692450990214032,0.1397912422733241,0.1364109828401136,0.1221325378919559,0.3499434807929876,0.3241032015921933
cleveland,rf_importance,rf,19,0.0745510599687932,0.1323562589760483,0.0908846671128405,0.3665727312591764,0.3676550659279132,0.1391252070655971,0.153524549611844,0.1335717109185273,0.347483025932252,0.3396723818595834
cleveland,rf_importance,rf,20,0.0698921508329055,0.1121384161595399,0.0829829388786878,0.3878586435212941,0.380538993641195,0.1799414109523313,0.2129973826161119,0.1743814177762603,0.316106684182341,0.285947701737006
cleveland,rf_importance,rf,21,0.0711845473223264,0.1279366651649488,0.0885251731352521,0.4054668668025362,0.3915554726329797,0.1779893529764385,0.2109686222833715,0.1608527530694369,0.285465679076108,0.2758663909802441
cleveland,rf_importance,rf,22,0.0729328402623364,0.1110794657186573,0.0861220787849657,0.38472027153696,0.3831740364892921,0.1707623736151614,0.1956795911012746,0.1541898238114784,0.3087136699525031,0.2815802569437711
cleveland,rf_importance,rf,23,0.0772529554394831,0.1236082648145498,0.0887776834017059,0.3861657458754355,0.374590880443248,0.1465486994038509,0.1807996917841184,0.1389797344575508,0.3284413982112095,0.2992043899305834
cleveland,rf_importance,rf,24,0.082423367260319,0.131284736364116,0.0944452283581762,0.3654874879625027,0.3495574440040432,0.1852353743382543,0.1996782809563893,0.1673984102536823,0.2855342536828584,0.2533207364910917
cleveland,rf_importance,rf,25,0.0824300318113231,0.1274309830272648,0.1006064164828471,0.3708850569653681,0.3822955790125626,0.1996515992042595,0.18336664983929,0.1690359305654637,0.2950848474985774,0.2682280204937537
cleveland,rf_importance,rf,26,0.0697503593420362,0.1184903693295486,0.08825256939864,0.3678037702163986,0.363060332322311,0.1510281307227859,0.1889190566549209,0.1395126065517389,0.3309363959479214,0.2924440668496655
cleveland,rf_importance,rf,27,0.0801333964726088,0.1281201734743858,0.0937544242633979,0.3752154470843712,0.355278026275773,0.1939874109687731,0.1930245882525501,0.1670481132239352,0.2997872593621239,0.2829413463652788
cleveland,rf_importance,rf,28,0.081874190011098,0.1219705163167296,0.092476218294908,0.3860963061946125,0.3589679314939036,0.165388199879538,0.1636343599511508,0.1468759482193864,0.3340805670018241,0.3029895167467929
cleveland,rf_importance,rf,29,0.081812017682583,0.1219096755963995,0.0906354907728921,0.3824386080478306,0.3636015944103188,0.1763443930113859,0.1824515489033477,0.1536134003340488,0.2851684858025579,0.2572575790672287
cleveland,l1_logistic,logistic,0,0.0751741560665041,0.1224491380674661,0.08351819900215,0.3960433842674612,0.3714824650537743,0.1201234688132523,0.1280134141685978,0.1098877595732508,0.3461456289195885,0.3225921736620842
cleveland,l1_logistic,logistic,1,0.0715750372311232,0.1108124382515119,0.0783900366685463,0.4039276522129792,0.3845725423904631,0.1125333009830768,0.1301758315566587,0.0946544568779698,0.3647711737263394,0.3395746784800736
cleveland,l1_logistic,logistic,2,0.0717878086444221,0.1050665518039507,0.0788189602419036,0.3907767200709108,0.3820104001485591,0.1207537281217404,0.1033183440735851,0.0964434382338212,0.3464995894598235,0.3378385549738702
cleveland,l1_logistic,logistic,3,0.0697616342808062,0.1067518210070445,0.0787652315774655,0.3945004057938126,0.3765653615534433,0.1184008853759317,0.1258798842147064,0.09908106738961,0.3516094789638304,0.3333023110756
cleveland,l1_logistic,logistic,4,0.0825505382463334,0.1167540640446369,0.0914370438202452,0.3828323015809784,0.3714959161709423,0.1251097191169642,0.1311070827429349,0.1059983297477484,0.3345282373097943,0.330263139095601
cleveland,l1_logistic,logistic,5,0.0807811053306536,0.1112157873996238,0.0826639547715563,0.3784573562894661,0.3773086960229627,0.1229019525824816,0.1215627964001555,0.0967258471583507,0.3564075501874841,0.3277420852717081
cleveland,l1_logistic,logistic,6,0.079932184633153,0.1212530925503175,0.0818571760112782,0.3882111208661937,0.3620935014810043,0.1247455720174027,0.1386073134251801,0.1062269928451911,0.3578284684380372,0.3204098642925084
cleveland,l1_logistic,logistic,7,0.089907588172247,0.1215986821889002,0.0927337355761754,0.3892692030224831,0.3762111926109652,0.1459466270385472,0.1257984701009994,0.1061398635491704,0.3443820797321662,0.3180884351039204
cleveland,l1_logistic,logistic,8,0.0793820851995878,0.1194808354442432,0.0871096622913687,0.3922342756514069,0.3624893843820825,0.1277842499532315,0.1226274189849296,0.096528005870364,0.361700929055689,0.3277908178796167
cleveland,l1_logistic,logistic,9,0.0930944145222383,0.1078995577922734,0.0967552921176579,0.3779444628758445,0.3588920675794301,0.1187560137152552,0.122918576106131,0.1039772173963059,0.3475279195958954,0.3166845829182118
cleveland,l1_logistic,logistic,10,0.0831620003086363,0.1076672064863932,0.0834007478095588,0.3982699688526805,0.3733783666236421,0.1229802847068533,0.1308190648314099,0.0977785289983509,0.3457747671102384,0.3100845149713546
cleveland,l1_logistic,logistic,11,0.081135039454819,0.120977193511493,0.0778573864491295,0.3967392677651188,0.3717851075301111,0.1238830762211582,0.1205401761200168,0.0900294403265204,0.3409865753887598,0.3493941840678361
cleveland,l1_logistic,logistic,12,0.0723555223546871,0.1083291334325437,0.0774481731975276,0.3802022053706657,0.3804661549809078,0.1171191774778402,0.1327092138675089,0.110087609388192,0.3374696634015116,0.3264664747918071
cleveland,l1_logistic,logistic,13,0.0766428430293168,0.109800813870015,0.0888551106198151,0.3682425291946848,0.3687930847428092,0.1197553170613686,0.1260974791366635,0.1097968137328744,0.3451205592673875,0.3204652585649203
cleveland,l1_logistic,logistic,14,0.0826556858611196,0.1151690251469293,0.0803717542995103,0.3870489601260434,0.3680745897784006,0.1187933432617413,0.1147861764877594,0.0889989416418789,0.3696853810364575,0.3344270769667639
cleveland,l1_logistic,logistic,15,0.0734691092012406,0.1097697428408121,0.0805981640676383,0.3869241879590678,0.378261954118978,0.1120155902497981,0.119693583869563,0.1010975861352733,0.3518970896556859,0.3307112545378026
cleveland,l1_logistic,logistic,16,0.0740936800397903,0.1124009105573789,0.085150211777367,0.3949950323506931,0.3732302275080352,0.1167050604405302,0.1233200020663145,0.0964275049789898,0.3461567349379524,0.3298893214417078
cleveland,l1_logistic,logistic,17,0.0709655494340588,0.112556011425906,0.0803465326890824,0.4014528666911447,0.3725952585987365,0.1102303637368468,0.1201876412054988,0.0957261461280466,0.3634590552972415,0.3383163697588591
cleveland,l1_logistic,logistic,18,0.0866280646030309,0.1214241762563019,0.0944138835054192,0.3834991961953584,0.3813456988505245,0.1206681109249092,0.1245300155594576,0.1035684226755909,0.3490580656429075,0.322845794048002
cleveland,l1_logistic,logistic,19,0.0748717611923233,0.1190673800692284,0.0819040923106971,0.3926101110939994,0.3724618407196378,0.1120154666472412,0.1270147271238369,0.093235693931038,0.3451832186982956,0.3342410343534341
cleveland,l1_logistic,logistic,20,0.0752390434975325,0.1230499304740274,0.0869883465680926,0.3996508501462378,0.3677219715336103,0.1220091082835271,0.1282542317177997,0.1107125487731117,0.3470074875942346,0.3246254988631065
cleveland,l1_logistic,logistic,21,0.0798585801498033,0.1074516160238909,0.0949815164754013,0.4049613955064317,0.3832523274699245,0.1114993292232857,0.1184337169789274,0.1008566307261798,0.3762123466419705,0.3277452953316261
cleveland,l1_logistic,logistic,22,0.0830334933573046,0.1106074941522686,0.0847584721373937,0.3835145184980131,0.3591652005888774,0.1268582626593544,0.1205945683430509,0.0965866896354077,0.3570116348680542,0.3303395543954133
cleveland,l1_logistic,logistic,23,0.0718277814378935,0.1152907118871512,0.0854159686627757,0.3917176515878818,0.3766312488295822,0.1214616503510364,0.1455753960145007,0.1121784574816525,0.3492395276806223,0.3311124458585912
cleveland,l1_logistic,logistic,24,0.0707699717545521,0.113094134812979,0.0787904090874305,0.3856251155017189,0.3702141521370831,0.1184858968211299,0.1190421181891168,0.0908923835670918,0.3552618812022083,0.3493671080726498
cleveland,l1_logistic,logistic,25,0.0809733028577956,0.1183391530326294,0.087943973311575,0.3866010956001416,0.3692764583176618,0.1208485905080031,0.1198224044002407,0.1058565064489909,0.3534977208374885,0.3346790517617159
cleveland,l1_logistic,logistic,26,0.0763789923427214,0.1161232979947078,0.0819200974650298,0.391873940010169,0.3715635003886022,0.1186773499364579,0.129381571116373,0.0995914930088978,0.3338252675058372,0.3142257332941405
cleveland,l1_logistic,logistic,27,0.0777257360459162,0.1166997861484597,0.0843142269849467,0.3970661399097488,0.3849599234489216,0.1177632495213102,0.1307231218976892,0.0960426547879905,0.3684624096209767,0.3453095559480321
cleveland,l1_logistic,logistic,28,0.0915035436971553,0.1173437445785044,0.0896644541957086,0.3822738043561811,0.378809537310375,0.1300775938164493,0.1193710954629506,0.0997082964509121,0.343289589569828,0.3147578993485597
cleveland,l1_logistic,logistic,29,0.0761882847304735,0.117426655252685,0.0866009707627479,0.3866008072561829,0.3806520202717858,0.1215467343220752,0.1212099854266151,0.1044511479703938,0.3446299544909064,0.3189497248281404
cleveland,l1_logistic,rf,0,0.0830123307335429,0.1267035373193762,0.0964226978327751,0.3722187965073664,0.360391142625319,0.1133445685926472,0.1237620183019431,0.1027283921052255,0.3506229395802763,0.3294262455825814
cleveland,l1_logistic,rf,1,0.077626608036713,0.1275662147259095,0.0932954500228898,0.3876763857353548,0.388192685823268,0.164652248034313,0.1407946742729973,0.1301873393191821,0.3377317113246936,0.3122622883860117
cleveland,l1_logistic,rf,2,0.0801270470926832,0.1292978848057173,0.0940474624123428,0.3604427099379633,0.3649289212910053,0.148618394675515,0.1219128162197976,0.10331116312931,0.3228211800772429,0.29704217498954
cleveland,l1_logistic,rf,3,0.0747289520002012,0.1191625181649874,0.0866454314776275,0.3720397697132318,0.3513240163041753,0.1149797582737117,0.124278245538013,0.0971866333121643,0.352749260395042,0.3507191027921923
cleveland,l1_logistic,rf,4,0.0764503190390662,0.1270100105379741,0.0937255968966809,0.3652924879434599,0.3542324217721532,0.1393303145607886,0.1089184215984157,0.1050069688916314,0.3610948989927753,0.3353871874084408
cleveland,l1_logistic,rf,5,0.0807046538161556,0.1355734447026168,0.093181555360373,0.3760749823523695,0.3753251544395516,0.1319175445628477,0.1103173366712685,0.1008615879201285,0.3678142236805485,0.344148486430017
cleveland,l1_logistic,rf,6,0.0725135341813093,0.1254998198949495,0.089338655715134,0.3762016057952978,0.3554318465368061,0.1233565906308857,0.1189235243580922,0.1044104672304247,0.359184249883746,0.3261999281480442
cleveland,l1_logistic,rf,7,0.0770313960909253,0.1152029016359641,0.0866280232439127,0.3776531647498422,0.3785835781497261,0.1297233158962916,0.1439649946390422,0.1195079902777149,0.3623523143468694,0.3312041921061159
cleveland,l1_logistic,rf,8,0.0843099733869323,0.1263825271662606,0.0926435787327178,0.3693108409859398,0.3622598898310433,0.1507121025703986,0.1158639076472322,0.1159398233967003,0.3723959625060877,0.3411163947619162
cleveland,l1_logistic,rf,9,0.0694726558944708,0.1151464701866118,0.0865709772149878,0.3738907962608869,0.3697448093256144,0.1228222677816119,0.126474586904084,0.0953569727445438,0.357529993501576,0.327712955628104
cleveland,l1_logistic,rf,10,0.0824125575027637,0.1231337082163174,0.0912914939391008,0.3855027253625691,0.3740737732643525,0.1267558590946604,0.1205554393065685,0.1044043194139902,0.3391227355386486,0.3273494806098524
cleveland,l1_logistic,rf,11,0.0715684026436639,0.1068539737933799,0.08245898536664,0.3836681250312647,0.3785333041662505,0.156856064602458,0.1244003697873629,0.1257555079771831,0.3583777415958571,0.3240597257151666
cleveland,l1_logistic,rf,12,0.0728731548423541,0.1304607822523452,0.0903809509034272,0.3679785050479333,0.3667653290198648,0.1126955221433871,0.1117255473572659,0.0889375347354892,0.3562187934168877,0.3467445285793196
cleveland,l1_logistic,rf,13,0.0739241466038731,0.1177382063654078,0.0849633934053128,0.3789579447803649,0.3747658187174448,0.1565920171295839,0.1355375623535757,0.141169758264213,0.3773032963166412,0.3404311757186799
cleveland,l1_logistic,rf,14,0.0867367410495345,0.1157653089902621,0.0888375730744057,0.3581002616858263,0.3547874690949254,0.1424802949521163,0.1279537254485465,0.1074586777932648,0.351444174036622,0.3197783916108287
cleveland,l1_logistic,rf,15,0.0782240906266021,0.1219394588435779,0.0860423550637063,0.3540686424720053,0.3568680890343535,0.1180053366884056,0.1225100911324937,0.090521292868598,0.3521672536026839,0.3367648742378688
cleveland,l1_logistic,rf,16,0.0776880744280728,0.1375084329029502,0.0999329472169784,0.3774525687981181,0.3639017427172222,0.1378180052742968,0.1428053335576906,0.1314004633116404,0.3575662074417401,0.3159669474428878
cleveland,l1_logistic,rf,17,0.0785581173151046,0.1122123752485178,0.0850582588021908,0.373191643636662,0.3619962168961528,0.1388567551077346,0.1180374663774088,0.1111428437360387,0.3372152323937196,0.3318480714775832
cleveland,l1_logistic,rf,18,0.0851647950897607,0.1221400013729504,0.1017539334959409,0.3617305509237739,0.3549820139548768,0.135358901812175,0.1251723365043105,0.1134888857374724,0.359700562437752,0.3084190456913345
cleveland,l1_logistic,rf,19,0.0772304295505977,0.1120146670865181,0.086240890891528,0.3733544070565429,0.3569644130850751,0.1401479807772332,0.1399229061650328,0.1202659357100486,0.3249832673093137,0.3234666343604531
cleveland,l1_logistic,rf,20,0.070535032228993,0.1243367725451529,0.0892719844887474,0.3712557102281372,0.3771363962325031,0.1490651541478524,0.1222132108947975,0.1264557319211088,0.3723591762662267,0.3298117855253433
cleveland,l1_logistic,rf,21,0.0807871679400719,0.130448753848901,0.0974521572270906,0.3785156773693963,0.3788880053015522,0.1254675773984154,0.1174621591393909,0.1159773610581644,0.3833110411773932,0.3299905417195914
cleveland,l1_logistic,rf,22,0.0803230659718249,0.1209589952437704,0.0912213522798214,0.3692555988823949,0.3596132442561416,0.1132727459200699,0.1282659091644609,0.0939539108571784,0.3571781518992769,0.3162809411962503
cleveland,l1_logistic,rf,23,0.0881491705304768,0.123594668638458,0.1016262800473831,0.3721836946710824,0.3546133355491884,0.1734818716536084,0.123671325859193,0.1354254543288833,0.3598597654133448,0.3091358986941318
cleveland,l1_logistic,rf,24,0.0745224532072638,0.124686000507095,0.0903867926398173,0.3637154334751081,0.3749375943363417,0.1755441670886818,0.1492846966817632,0.1359134053832118,0.3211439287440476,0.2965653905633332
cleveland,l1_logistic,rf,25,0.0859146321041296,0.1386450250730007,0.0921915095756227,0.3840265265082748,0.3574116999902982,0.1331460165104816,0.1332454785786107,0.109354297352046,0.3749334649244027,0.3394489477755965
cleveland,l1_logistic,rf,26,0.0841732868848551,0.1261249115181529,0.0946116383570994,0.3696361463553193,0.3462316533481198,0.1031385061265971,0.1269382013020052,0.096983931469661,0.3664234354001722,0.3492977626633594
cleveland,l1_logistic,rf,27,0.0706588613854291,0.1190332713644434,0.0877560173322395,0.3839386845478258,0.3758612793761248,0.1527572938929455,0.142794417513436,0.1336186198994531,0.3583081666603535,0.3207683705411541
cleveland,l1_logistic,rf,28,0.0794260174950574,0.1172268226174388,0.0907265047368987,0.3824940070935028,0.372416602351173,0.1261601364907753,0.1410167225469961,0.108145835433288,0.3352881476140417,0.2970896380982464
cleveland,l1_logistic,rf,29,0.0866459353023867,0.1278424539848448,0.1000190791616466,0.3589018347624557,0.3726036207728411,0.1440900351168106,0.1220617087842252,0.1144152493395201,0.3545162846643614,0.3331677814400053
pima,mutual_info,logistic,0,0.1137658780767919,0.1970608670120873,0.1257078698681725,0.19362590990453,0.198462833207662,0.1211507865633791,0.202383444402657,0.1331083497713921,0.1903576086139876,0.1692974287964231
pima,mutual_info,logistic,1,0.1116336731236126,0.1948487058299592,0.1260555614088759,0.1960137749700728,0.1903827083860499,0.1222330184853846,0.1991895908498824,0.1314577736362229,0.1915973629491006,0.164998941419885
pima,mutual_info,logistic,2,0.1082970255080483,0.202618428752381,0.1282053640273699,0.193596195460049,0.1879734559897153,0.125873738585418,0.2044010673810135,0.1362776102205377,0.1928554681700185,0.1614406820623881
pima,mutual_info,logistic,3,0.1136038208697031,0.20877812047077,0.1310689133089562,0.2008144905625203,0.1935888433903795,0.1322448914488243,0.2175318269734764,0.1427552101119546,0.1888333229012951,0.1576299379435098
pima,mutual_info,logistic,4,0.1096997257846428,0.2012605809028111,0.1255254671673308,0.1944720014153883,0.1968036651998218,0.1269323630014557,0.2045905017166454,0.1329802340572208,0.1866080505519054,0.1748718280016778
pima,mutual_info,logistic,5,0.1112174956755198,0.1998455527096154,0.1273971160013744,0.1998301918757304,0.1958731750759056,0.1213302820526636,0.1987747161202831,0.1342221378711231,0.1852564129711115,0.1717636794410093
pima,mutual_info,logistic,6,0.1116786852454927,0.1977485527082239,0.1263584575849497,0.1930730032938139,0.190077454326332,0.1219869445307237,0.2057397921534467,0.1344234081532682,0.1907987149341154,0.1660332452040124
pima,mutual_info,logistic,7,0.1107031909728184,0.2024506637571789,0.1277912251345786,0.1927817723137369,0.1915443830924416,0.1222426674516733,0.2045958178844724,0.1351461378798496,0.1883362612687032,0.1679392898929063
pima,mutual_info,logistic,8,0.1141665706960785,0.1938596603275626,0.1243703511051422,0.1927253714599446,0.1900054515988038,0.1185151553732468,0.197852174200625,0.1284757456086927,0.1895244416824739,0.1745436236943688
pima,mutual_info,logistic,9,0.1163081302704997,0.1963393931977004,0.1262701061227903,0.1989458356381279,0.1898523257708983,0.1339624439962262,0.2107036472780901,0.1403236222574822,0.1814363256749676,0.1677062338734605
pima,mutual_info,logistic,10,0.1167373182787659,0.1947091412814842,0.1249891677304993,0.1989670384464466,0.1950777346344397,0.1207847092739888,0.2025817261554675,0.1306670328324142,0.1915748500424633,0.1680583910477615
pima,mutual_info,logistic,11,0.1121101138473394,0.2072132410826683,0.1296094182599908,0.1946304906265641,0.1915093764281281,0.1239806445016389,0.2113908716866225,0.1369098604227696,0.1924343323131137,0.1591686454491915
pima,mutual_info,logistic,12,0.1128036536704598,0.1978993492250047,0.1268004693461146,0.2033786978680469,0.1965367689277008,0.117953715264765,0.1966343809873825,0.1318059373815834,0.1883630765665059,0.1695053729221192
pima,mutual_info,logistic,13,0.1094004572607826,0.2031035424454935,0.1278380327866978,0.1962894569775778,0.1808771025236661,0.1246617478794581,0.2078181604250589,0.1374843471562628,0.1828870044367726,0.1612522857868616
pima,mutual_info,logistic,14,0.1091739293031432,0.1985189566573504,0.1255371830578053,0.1989067501342016,0.1955784753218667,0.1202231036946649,0.201971471125446,0.1301853778199039,0.1889215674493419,0.1748422487340716
pima,mutual_info,logistic,15,0.1105019077130136,0.1985307741352293,0.1275019765672128,0.1960093687980851,0.2002865316721662,0.1325073176567416,0.2092972945437262,0.1412757030076335,0.1867504709519733,0.1651799690969803
pima,mutual_info,logistic,16,0.1106299340019322,0.1946072109504185,0.1258749278382812,0.1986450277124617,0.1959005469206697,0.1235898994745654,0.2018769417994319,0.1356718675176812,0.180416451945896,0.1677944703169288
pima,mutual_info,logistic,17,0.1126923109176295,0.2054498776789704,0.1284918419867153,0.1936525736131975,0.1971517346555933,0.1209625482102832,0.2075422280046875,0.1325926439144756,0.1835136272569739,0.1672010840916345
pima,mutual_info,logistic,18,0.108960517510817,0.2018330253802605,0.1273373640672521,0.2040814051547158,0.1918108978769481,0.1202709891853743,0.2036243565369678,0.1328008524676345,0.19246348303702,0.1693321572411784
pima,mutual_info,logistic,19,0.1101876930026157,0.2042421968553002,0.1275329521849004,0.1991372343501709,0.1955479701604186,0.1253398722886054,0.2052369891868404,0.1349331336587404,0.1808632515058123,0.178708470968459
pima,mutual_info,logistic,20,0.109390345453781,0.2010559342256536,0.1249177548086894,0.1977122326242698,0.196953032649406,0.1220833140344307,0.2101012308357137,0.1340942052014275,0.1832054865263203,0.1617760184786477
pima,mutual_info,logistic,21,0.1109439395278429,0.1994799163356422,0.1275392460858314,0.1943071425045749,0.1960647861617093,0.1188373390729186,0.2060982452034805,0.1339612711553859,0.1887743785687778,0.1720369485847254
pima,mutual_info,logistic,22,0.1175829563129523,0.2030834334605373,0.1299965365589169,0.1958671693926158,0.1862351668478569,0.123328396047029,0.2060959133198218,0.1341065158638068,0.1946376976713272,0.1692016137593396
pima,mutual_info,logistic,23,0.1130886037748634,0.1978876842490474,0.1274193697696032,0.1985253863455594,0.1902345943236599,0.1196067037286171,0.2025228709994976,0.1305848639517621,0.1889612096178085,0.1604950309448207
pima,mutual_info,logistic,24,0.1141814590001779,0.2000285467088443,0.1281637681215639,0.1981254209259624,0.1914804859818355,0.1348409118496089,0.2129009299948231,0.1405488848065903,0.1921621137428328,0.1723380098240958
pima,mutual_info,logistic,25,0.1127549780332955,0.198240225866088,0.1265169009513576,0.1999302376345458,0.1991117569105109,0.1297415767229916,0.2023125122773102,0.1371744420093325,0.1787201998467844,0.1647629833369664
pima,mutual_info,logistic,26,0.1119381259010258,0.1977398007764511,0.1249601599795982,0.1942123224020883,0.1890902830144624,0.1292822080348114,0.1976042639630258,0.1294075290782228,0.1879241299298757,0.1751388606329467
pima,mutual_info,logistic,27,0.114275244934622,0.2030475058050903,0.1298202624499166,0.1933556679728663,0.1895636377488566,0.1345287392226287,0.2095894376313096,0.1393125280913049,0.1878556958639922,0.1708377134954384
pima,mutual_info,logistic,28,0.1094268625776774,0.1900952967054652,0.1246379215151349,0.2010778331686309,0.1902649746488216,0.1235757343938993,0.2033445789365947,0.1373929356293152,0.189869338049527,0.1671455165118947
pima,mutual_info,logistic,29,0.1112883940317097,0.2003584115282075,0.1287095690196419,0.1964412238699794,0.1926604474062355,0.1256885004111864,0.2052407729256682,0.1381246113144167,0.1814965616546093,0.1653822668668659
pima,mutual_info,rf,0,0.1133412596640176,0.2196929605722935,0.1431263382718307,0.1961032060318592,0.1612779632911602,0.1648018789174082,0.2277507727859087,0.1745799201697501,0.1621876986162099,0.1305474860151364
pima,mutual_info,rf,1,0.1166213816863235,0.1884671413830491,0.1357167092864243,0.1928042145784955,0.1823997244393326,0.1603478404714981,0.2779955205908624,0.1860392734014534,0.172338962149522,0.1272377957225677
pima,mutual_info,rf,2,0.1076360980775093,0.2150535995995621,0.1350195655293194,0.1933176137953797,0.1724874391079357,0.1499930861282776,0.2396309607362062,0.1651008478711417,0.1684348662435456,0.1360715944828777
pima,mutual_info,rf,3,0.1104167003639224,0.188678312152961,0.1307322048187707,0.1940794039756865,0.1733154348846611,0.1612182755885798,0.2737829191497946,0.1859382742509094,0.1594711447684181,0.1202029730964519
pima,mutual_info,rf,4,0.1144227830273558,0.2100481739338442,0.1389741615475429,0.1906432854909733,0.1688535197771615,0.1655524406598496,0.2722506896781342,0.1865892108573134,0.1579009487510043,0.1301160506091739
pima,mutual_info,rf,5,0.1119646043417169,0.2046227870569429,0.1368272770126518,0.1857712690793068,0.1696323618923073,0.1593667772333891,0.2419916289403997,0.1737763185934218,0.1786392352958178,0.1276487891090132
pima,mutual_info,rf,6,0.1075263872558572,0.2069546086728003,0.1348455252674361,0.2102307835005276,0.1835910128751788,0.1669938836572518,0.2851678899214764,0.1907385628028593,0.1583421450336924,0.1280303471748828
pima,mutual_info,rf,7,0.1155318326392866,0.2051538557985753,0.138780053824348,0.1886462079237604,0.1637134435376616,0.1849530347620607,0.2641541409199291,0.1869744713893003,0.1606750469476547,0.1238011466447399
pima,mutual_info,rf,8,0.1192185824369219,0.2067172209925192,0.141671657227078,0.2032160138001288,0.1792921921653366,0.1845327616694347,0.2709433993859195,0.1939321291187557,0.1546796472901057,0.1207703558326608
pima,mutual_info,rf,9,0.1107791262431787,0.1971618684559709,0.1320991591549985,0.1942909777978119,0.1695586809778463,0.1610606655513455,0.2650123530403075,0.1778300458739757,0.1622627465594791,0.1209703681955797
pima,mutual_info,rf,10,0.1121172275920369,0.2026951896235843,0.1350300469726922,0.1871985883223009,0.1686835657181052,0.1792801207019677,0.265846271261059,0.1882746179189053,0.1691465423623593,0.1266045452972913
pima,mutual_info,rf,11,0.1095638615975961,0.2029433840577986,0.1345662785348266,0.1970400897820381,0.175049423044035,0.1944765459528414,0.2694669786011656,0.2008446674025057,0.1554791749540429,0.1174477478771066
pima,mutual_info,rf,12,0.111090128633617,0.2081442205804375,0.137572172784963,0.1889181638126954,0.1731109557117101,0.1585929373600201,0.2638678999836911,0.1829900927084781,0.1680743962289461,0.1233659388582089
pima,mutual_info,rf,13,0.1191475765565886,0.207160028672992,0.1423156628862671,0.1880796161275358,0.1681899975326747,0.1603658834520493,0.242718225281477,0.1772582949556957,0.1723918634201845,0.1325961730428293
pima,mutual_info,rf,14,0.114442568392029,0.2082562765130921,0.134894827351086,0.1717718066483191,0.1593253062392307,0.1718350204574466,0.2465969018522302,0.1772658485849076,0.1692680037718294,0.1289173438180888
pima,mutual_info,rf,15,0.1157416191803709,0.2131831718262839,0.1392537977068305,0.1782912247457249,0.1578526364279572,0.159004125981027,0.2544955900430176,0.1792243022478448,0.1585828964513564,0.1283350659406722
pima,mutual_info,rf,16,0.1110291310286475,0.208977352952377,0.135074599868854,0.2071252252306774,0.174086898443691,0.1514922119125757,0.2441042002139308,0.1708866579214246,0.1847562522006384,0.1383565341501292
pima,mutual_info,rf,17,0.1153149854152851,0.2101718737544354,0.1390515270569793,0.171060249095115,0.1614506470282825,0.1700367454091003,0.2543572182940822,0.1858929642480106,0.1739640975717861,0.1192340399705886
pima,mutual_info,rf,18,0.1133167122952825,0.2033768145715952,0.1338008793643453,0.2045647803538837,0.1579624421820347,0.1769244104503662,0.2672712608254848,0.1888268559090291,0.1757863028284942,0.1246178393800947
pima,mutual_info,rf,19,0.1117856789409941,0.2127782922183345,0.1400939798998691,0.1812699563320632,0.1621883058791231,0.1649410820169661,0.2338723120740358,0.1727630281594972,0.1709849820617056,0.1294948854524046
pima,mutual_info,rf,20,0.1080013589163937,0.191926701483698,0.1293808993865181,0.1919903113786062,0.1698380709857143,0.155383372056578,0.2638597582759265,0.1809471209736965,0.1781621065988437,0.1401578391065433
pima,mutual_info,rf,21,0.1152667742998483,0.2082514253007555,0.1387659854223116,0.1810445731009883,0.1667572088160556,0.1574040319606086,0.2562091089948455,0.1810379506960875,0.1606590203782019,0.1257693841616372
pima,mutual_info,rf,22,0.1131144244174501,0.2093027464939033,0.1385313615753999,0.1939035860995233,0.1666202536054491,0.1633315431980474,0.2515816530268662,0.1803589277473752,0.1656039003809082,0.131821364219159
pima,mutual_info,rf,23,0.1149294037415364,0.2216106865917047,0.138900677435948,0.182276479421537,0.1666917844777928,0.1710544957467873,0.2570446179948875,0.1801916518029668,0.1536617810745597,0.1255722743570876
pima,mutual_info,rf,24,0.1147792190160321,0.2070398926555787,0.1396245512367805,0.194244839091736,0.1582704780178054,0.1776874853917023,0.2573699091546908,0.1857238639634236,0.1694452198753462,0.1177822151023155
pima,mutual_info,rf,25,0.1121261729587002,0.2036327995168983,0.1345069852762105,0.1794800282956674,0.1807045210835657,0.1547820678693826,0.2594714929159569,0.181894437828755,0.1714379562970861,0.123122941347601
pima,mutual_info,rf,26,0.1105115514068266,0.2140512706910262,0.1357787123179448,0.1807911094832626,0.1696461844638607,0.1623334157936878,0.2529190820680058,0.1812793069669249,0.1607559027741291,0.1179573173609168
pima,mutual_info,rf,27,0.1182139633456526,0.2231056289631572,0.1446207821153321,0.1766379687935799,0.1644128467630591,0.1618807303590071,0.2565470200509718,0.1797677832351194,0.1741746574300323,0.1333202411383914
pima,mutual_info,rf,28,0.106508104883296,0.1905931679238688,0.129801821702809,0.1852748080974623,0.1639265555139867,0.1580637037088131,0.2603189635706968,0.1738067659274604,0.1910601335288833,0.136158385243264
pima,mutual_info,rf,29,0.1146389049383027,0.2066998994034137,0.139166692485899,0.1815657361517326,0.170662761668079,0.1748841776707821,0.2655211876744844,0.1899612313198548,0.169934284637904,0.1213405088127613
pima,rf_importance,logistic,0,0.1147673573866756,0.1983975916993308,0.1269506530055512,0.1949287717282511,0.1937699970087033,0.1194039160864317,0.2024254237957311,0.1334447240356435,0.1908366851069096,0.1676543599343375
pima,rf_importance,logistic,1,0.114684152360491,0.1977441767182946,0.1262734994059097,0.1875247687557807,0.1963864158255683,0.1268709926343034,0.2017865614429351,0.1361834597065566,0.1826646805825352,0.1678935705270638
pima,rf_importance,logistic,2,0.1137386968490495,0.2006246024534989,0.1268495036446419,0.1998005551099491,0.1843478308500324,0.1205169946857566,0.2050536313835207,0.131616952240795,0.1862746166015856,0.1678194024480089
pima,rf_importance,logistic,3,0.1143121500959235,0.1980698281189928,0.1275267534843602,0.1980106512819072,0.2009588632784575,0.1198958750259509,0.1991124723490644,0.1309319226454959,0.1890576124261117,0.1751380310000674
pima,rf_importance,logistic,4,0.1130957314109807,0.1929414001310965,0.1258314779469106,0.1978389779121857,0.1926028021851879,0.1186649956027147,0.2011655181470847,0.1311916830214293,0.1908289602632675,0.171292037074995
pima,rf_importance,logistic,5,0.1104017735451128,0.1952526394942156,0.1277598312796251,0.1919897700630452,0.1936769567689203,0.1198063060667712,0.1964336677185705,0.1323154645545614,0.192129074860839,0.1670498483352788
pima,rf_importance,logistic,6,0.109685736397172,0.1985014771856237,0.1270780265988366,0.197022659330307,0.1977226972347762,0.1188579492029932,0.2008466231821052,0.1338365064453456,0.1919520895340329,0.1637272956879809
pima,rf_importance,logistic,7,0.1203348014370844,0.2047308752178354,0.1315391329225624,0.189695860641825,0.1836178003250743,0.1219163944646079,0.2003277803697247,0.1320745089828349,0.1868487881238214,0.1642519251407378
pima,rf_importance,logistic,8,0.1086013480529843,0.1975363463568611,0.12629854780435,0.1937766491639495,0.1903676461969322,0.1196055312008238,0.1985719673936519,0.1327502048734368,0.1962124193014285,0.1716979185598468
pima,rf_importance,logistic,9,0.106438730756852,0.1986378014151929,0.125137160398105,0.2018619919027051,0.1938219160492992,0.1175230295624154,0.201622473814791,0.1316392380074727,0.1875179224999003,0.1751522410639656
pima,rf_importance,logistic,10,0.1132694764172996,0.2112201734719541,0.1322568486383354,0.2011648284385584,0.1916321969564452,0.1207992077399363,0.2068978278003944,0.1353518787623976,0.1903702455590682,0.1706494471602474
pima,rf_importance,logistic,11,0.1100326984371319,0.2003258381033859,0.1260914390966132,0.190705469033382,0.1906063524920266,0.1191168293382254,0.2026327025855241,0.1328897116378365,0.1903097606013505,0.1703456044490533
pima,rf_importance,logistic,12,0.1099422487494513,0.1980430828616112,0.1268282441114503,0.1982771622817727,0.1919143786672618,0.1195857663892975,0.2019313959695222,0.130762036054916,0.1891819674120166,0.1665324598702404
pima,rf_importance,logistic,13,0.1094850073400079,0.2022878848543599,0.1282350162046338,0.1943751977454967,0.1893944863972321,0.1187699329846751,0.1990415337101022,0.1314920906083303,0.1896435932362329,0.1713757297478103
pima,rf_importance,logistic,14,0.1132889541012193,0.2012695526220868,0.1259457691517199,0.1902132537067282,0.1934791539423376,0.1208189851519168,0.2046815808471995,0.1318188004155342,0.189568154218142,0.1660202404272312
pima,rf_importance,logistic,15,0.1100986001173129,0.1974037535884556,0.1229601219973107,0.2012702718844702,0.2016679420388251,0.1190435754603325,0.1988731207607231,0.1306011097365748,0.1953841985257496,0.1682930822820577
pima,rf_importance,logistic,16,0.1161187659543531,0.1990680551459134,0.1268484807049072,0.193446284290094,0.1852493290256485,0.1199013156369603,0.2047371512866465,0.1319533826715175,0.1896056047401715,0.1647920368838337
pima,rf_importance,logistic,17,0.1118934131303915,0.1947447714564962,0.1261125222113495,0.1938132199992458,0.1975296978833073,0.1230195621825044,0.1991592407438492,0.1320744889462184,0.1883648293638162,0.1655381011862128
pima,rf_importance,logistic,18,0.1120348379954017,0.1918472788092099,0.1262379835076738,0.1933441434885862,0.1875003552854603,0.1217629890106121,0.1996509123480809,0.1315715927029385,0.1868945978232346,0.1646535733060896
pima,rf_importance,logistic,19,0.1106216991807532,0.2024505874889984,0.1273686553413485,0.2032322587523417,0.1958963100932698,0.1179966018452777,0.2042915440604031,0.1313334324509144,0.1896276992953288,0.1811092215739438
pima,rf_importance,logistic,20,0.1146881627069139,0.2016351059864817,0.1300917580897116,0.1938421048728013,0.1872723792099563,0.1209940753308891,0.2008307460053247,0.1332256549893433,0.1910527274950456,0.1735095055502189
pima,rf_importance,logistic,21,0.1093416019553074,0.1939873412992204,0.1244509977906613,0.2047751623421097,0.1911190962114927,0.1195586854679818,0.2012318846387742,0.1306472625414571,0.1886897981926011,0.1629926997010825
pima,rf_importance,logistic,22,0.1073915186429886,0.1965629028989994,0.1246724416459367,0.1971692504954376,0.189253968181508,0.1206099637263014,0.1997741360893884,0.1317772106410165,0.1897712232669914,0.1693509657592566
pima,rf_importance,logistic,23,0.1077721826620589,0.2053385724236538,0.1289787901038925,0.2023996559576545,0.1899150011024845,0.1207586998820946,0.2095193894373969,0.1351315029734092,0.185698829862578,0.1697914999930493
pima,rf_importance,logistic,24,0.11060522658002,0.2010710583253026,0.1278669685322501,0.2021391527465578,0.1913997627084034,0.1231137423975492,0.2044985505975886,0.1322699836447107,0.1899565920952818,0.1656358611729209
pima,rf_importance,logistic,25,0.1092493354431917,0.2019705150048941,0.1292257395418144,0.2004607824603916,0.1927660998310927,0.1194521954242785,0.201418686194707,0.1331599851442407,0.1864765890206228,0.1598664233197142
pima,rf_importance,logistic,26,0.1106273432882408,0.1982736550560982,0.125258971689114,0.1939007429280179,0.1933731704720189,0.1197194297041438,0.1996748511489682,0.1295667432618129,0.1886690456457767,0.1660178333168906
pima,rf_importance,logistic,27,0.111766798581568,0.1980876186554798,0.1278444525087865,0.2017441140196687,0.1970484974391072,0.1222784469339005,0.200509380400832,0.1314744201543494,0.1901986062554188,0.1712612458060229
pima,rf_importance,logistic,28,0.1154947179023393,0.2037690305887741,0.1290154657834218,0.1936379290339537,0.1891932049533369,0.1207283189995255,0.201176059795956,0.1320591990735813,0.1867512472332102,0.1735596386464229
pima,rf_importance,logistic,29,0.1134507438478123,0.2049878472992556,0.1302355395290524,0.1982429664433636,0.1973977496771699,0.1185148758329422,0.2052701760517146,0.1344741101982202,0.1899686850309662,0.1671335885558491
pima,rf_importance,rf,0,0.109262467264096,0.2055164172454592,0.1347528475932616,0.1919524121918633,0.1685572714586285,0.1586245454595526,0.2396886167966896,0.1707852912330597,0.1833963554130933,0.1388299635018747
pima,rf_importance,rf,1,0.1100085571578197,0.1962659752306895,0.1331790725057446,0.1981602223908315,0.1641515896375892,0.1581688912885773,0.2475859781698223,0.1795913935955988,0.1771973082853778,0.1299288830010113
pima,rf_importance,rf,2,0.1142375009463772,0.227631739708511,0.1430556799299295,0.1830534254485357,0.1678882330885564,0.1650953246986204,0.2489867911486213,0.1829251171149838,0.1750192921998233,0.1305118697541705
pima,rf_importance,rf,3,0.1169420609392075,0.2119625842784939,0.1414456593825808,0.1856388433300307,0.1515317497168174,0.1612981727124416,0.2320014442799802,0.1707486739770224,0.1688110372218314,0.1225719828281712
pima,rf_importance,rf,4,0.1129012335828941,0.2020707197051972,0.1373376611923525,0.1832321957082104,0.1673458113285015,0.1628558630799491,0.2503252030577981,0.1773428506747623,0.1652461415179491,0.1203752688753309
pima,rf_importance,rf,5,0.1132291993664852,0.1929090590598511,0.1315394664500603,0.1967112121047829,0.1656425599188141,0.1702512854928521,0.2632309164235197,0.180762269218487,0.1626774116827656,0.123054785175686
pima,rf_importance,rf,6,0.1133842152091938,0.2048729532118631,0.1369775902621816,0.1859666668658972,0.1697828590569977,0.1669358047087636,0.2609503137029278,0.1824652316408827,0.172309421649888,0.1247839179115983
pima,rf_importance,rf,7,0.1115146304987387,0.1987808691642199,0.131875814958896,0.188160708684362,0.1743108940657261,0.1606084112817847,0.2501608680243881,0.179207189463805,0.168097473687214,0.1364761447535272
pima,rf_importance,rf,8,0.1149640147474654,0.202386919641238,0.1360787993586815,0.1833768244725943,0.1590788687413561,0.1658883927181964,0.2692318736543085,0.1878219277043789,0.1641709945988353,0.1268930183674051
pima,rf_importance,rf,9,0.1104658666278685,0.1876269240568197,0.1296850945708459,0.199413027163988,0.1789504026178199,0.1612842167064377,0.2492551015487942,0.1811597545819769,0.1678508666852806,0.1300682187451046
pima,rf_importance,rf,10,0.1228913006168296,0.2179830049832527,0.1482865420703404,0.183820959808077,0.158378007295397,0.1602279797177955,0.2600970952591289,0.1822616237931678,0.1649570216773861,0.1202974464228179
pima,rf_importance,rf,11,0.1109204300014888,0.2002466553435003,0.1341382627390891,0.1986644866981699,0.1740995267028632,0.1672303845520406,0.260819585765091,0.1819356666873263,0.1670098084270606,0.1375861720400316
pima,rf_importance,rf,12,0.115581349796525,0.2192304330069608,0.1408364441709452,0.1944807855518115,0.1570098917910294,0.1776613048087216,0.2601067092199531,0.1902191240362222,0.1625996880934097,0.1200612690320458
pima,rf_importance,rf,13,0.1140729786597444,0.2110155779877979,0.1370482810976721,0.1877705851050346,0.1615319013066258,0.1751699163542361,0.2667635668006488,0.194614491309561,0.1716566403620581,0.1272225352094755
pima,rf_importance,rf,14,0.1203727342217859,0.2029321117153976,0.1373212776057582,0.2003848143328846,0.1615361368886867,0.1633558010086761,0.226824646251687,0.1693819951238333,0.1729406086240097,0.1390089369340429
pima,rf_importance,rf,15,0.1080005633432141,0.1956879767345684,0.1327952097719846,0.1949749329325457,0.1743292370887443,0.1610142937563322,0.2319880656900056,0.1697089709893761,0.1789515316164151,0.134370553239131
pima,rf_importance,rf,16,0.1168692114368971,0.2044432530938576,0.1373467396074123,0.1920824560871913,0.1748829188350492,0.1547700022463454,0.2835955909066245,0.1776664374851896,0.1720022931214957,0.1395500699893641
pima,rf_importance,rf,17,0.1119879443079753,0.2131266893514748,0.1391761877935428,0.1898152770951099,0.1731159762234034,0.1660918585887143,0.224716824892589,0.165244250496201,0.1788116132070824,0.1414774267272018
pima,rf_importance,rf,18,0.116064654427852,0.2239442979466202,0.1438700850231915,0.1904427525683026,0.1689687371748477,0.1797954925652154,0.2464950773219802,0.1842511986384497,0.1504871733434397,0.1106442394022128
pima,rf_importance,rf,19,0.1152624351306797,0.1992847206362394,0.1368742979015943,0.1968989134899754,0.1835299402250148,0.1534221877057403,0.2320324372454872,0.159329036361091,0.1669400579923736,0.1372742422637655
pima,rf_importance,rf,20,0.1165347600058299,0.2117821025381001,0.1394977455474221,0.1809966935288178,0.1680748616796524,0.1700694313075764,0.255350417699333,0.1887081714786649,0.1719459443345043,0.120907714615355
pima,rf_importance,rf,21,0.1124351402452438,0.1916329568055386,0.1325289218257221,0.1794510400350551,0.175970622459345,0.1649257316041193,0.2641415303654876,0.1824683917523469,0.1813402452392654,0.1318693866922541
pima,rf_importance,rf,22,0.1133470050408533,0.2080803453041277,0.1383482848618765,0.194417326250049,0.1628889395470203,0.1677581838242028,0.2666496345191135,0.1780742031032541,0.1666324095169816,0.1319075356952174
pima,rf_importance,rf,23,0.1114954720112548,0.1875192532683106,0.1302034605002406,0.1895847606332183,0.1702116078751288,0.1516396649538949,0.2458839885950024,0.163677798688563,0.162687673364044,0.138814905773456
pima,rf_importance,rf,24,0.1155792996869046,0.2095927274123467,0.1408334141256946,0.1886707247506957,0.1755503943305916,0.1746273051073071,0.2389305963921395,0.1828742556397976,0.1683789559699833,0.1202473349480345
pima,rf_importance,rf,25,0.1061431143402804,0.2151690031361921,0.1323904050373897,0.1837737983007357,0.1722009554887135,0.1543727409369505,0.2475492115264424,0.1709227548021342,0.1767982909565362,0.1324505159856499
pima,rf_importance,rf,26,0.1166418870010951,0.2036307478698439,0.1359222090327851,0.1973538962979193,0.1685246052844188,0.1522800829521755,0.2368843802898294,0.1645794771410091,0.1885985198630951,0.1417256558780388
pima,rf_importance,rf,27,0.1193918575224661,0.2073390008830503,0.1416758012365023,0.1789048816748837,0.1588032798500315,0.162924102847847,0.2570681399528176,0.1804315328528581,0.1696176790055587,0.1452368244031847
pima,rf_importance,rf,28,0.1082158379899531,0.197025814547501,0.1306182101102114,0.1962810397151396,0.174728618372794,0.1581094384657556,0.2385951467443542,0.1722085081460334,0.1625775128031819,0.1339742632897413
pima,rf_importance,rf,29,0.118402231555697,0.2043106997441974,0.1417645970356536,0.1902156189176375,0.1682672421521441,0.1800155027133199,0.2590551372518906,0.1941220313959427,0.1757960410134974,0.1215138945777742
pima,l1_logistic,logistic,0,0.1112686014297061,0.1968824067379483,0.127072452760654,0.2001826904811285,0.1910265535819411,0.1213420846874942,0.1927952860055509,0.1300875694533561,0.1904824005308789,0.166837925557172
pima,l1_logistic,logistic,1,0.1090123716498156,0.202744139119685,0.1263480744734079,0.1983490064850358,0.1922967485690095,0.1301804176761378,0.2143461398254108,0.1387771668215403,0.1880231630381004,0.1612032705810646
pima,l1_logistic,logistic,2,0.1134081037078749,0.199922562333512,0.1287022067454584,0.1977423735810339,0.1852473689640239,0.1199746916064543,0.2005277662937074,0.1308097136885488,0.1902008654608395,0.1707839110375835
pima,l1_logistic,logistic,3,0.1177286191931855,0.2034535763535462,0.1310814229679271,0.1895824610894555,0.1870320234120609,0.1237584467800982,0.197922485591923,0.1312210494075019,0.191138207335319,0.1710199579717154
pima,l1_logistic,logistic,4,0.11396444459341,0.1976728435078192,0.1228603657624435,0.1950414518342569,0.1910112330894984,0.1218452308449812,0.1985117077916613,0.1302156476702472,0.1894485072379237,0.1737208574241664
pima,l1_logistic,logistic,5,0.1088294764794396,0.199564384694176,0.1253235032551092,0.1998947696491373,0.1910811807489836,0.1189040138227362,0.1990481027870999,0.1313997480258407,0.1885855944176121,0.1628847787385079
pima,l1_logistic,logistic,6,0.1124206597074491,0.1994227849476037,0.1284117070006068,0.2002327550619265,0.1870968598396354,0.1207261825116131,0.2037560394471148,0.1337326900794244,0.1904678810862977,0.1655209081696372
pima,l1_logistic,logistic,7,0.1128322957422835,0.1980754858181318,0.1275514009668223,0.1939510018353578,0.1923236199662864,0.1205653861273333,0.2041960773593196,0.1329483644727251,0.1936468181979659,0.1792298892983228
pima,l1_logistic,logistic,8,0.1108178345011934,0.2006421839141018,0.1273125716494943,0.1979508800433249,0.1879184642883851,0.1209055614689178,0.2031690784641381,0.131645951793947,0.1886874274414944,0.1650565835352563
pima,l1_logistic,logistic,9,0.1165662377693016,0.2070544574144781,0.1309896035113961,0.1983562874314302,0.184421250932211,0.1173751885406873,0.2083832847281868,0.1331597376066557,0.191884930301064,0.1719976648119375
pima,l1_logistic,logistic,10,0.1131582931859234,0.1935007077552215,0.1227185785766745,0.2010869515331743,0.1948935951094061,0.1194418557447514,0.1976943140119747,0.1303525086191162,0.1892502051553786,0.1714721041115888
pima,l1_logistic,logistic,11,0.1077907622963617,0.1982221168565896,0.1243618627569,0.2009900192743105,0.2027583256033522,0.1194725390412941,0.2066187547231776,0.1336878531764091,0.186340451095618,0.174887280615102
pima,l1_logistic,logistic,12,0.110949170646685,0.2024791601090078,0.1295733535114419,0.2000761866433174,0.1861652965933814,0.1226166348254591,0.2024691998567697,0.1345988963761875,0.1873595167483556,0.1726276706083304
pima,l1_logistic,logistic,13,0.1130214315469459,0.2057369404565348,0.1289803971690857,0.1985852733077616,0.1918385161357133,0.1218159106074391,0.2081209936522963,0.1330585805721678,0.1942851432405218,0.1696521674788739
pima,l1_logistic,logistic,14,0.1110291523220223,0.1990186266626802,0.1287584007792216,0.2031633582388492,0.190752022131379,0.1201826284940815,0.2038856113021337,0.1338851107458793,0.1880200880366313,0.1644267559823154
pima,l1_logistic,logistic,15,0.1153531695433135,0.1986059608319404,0.1276808074324327,0.1956829312598817,0.189710610296157,0.1191113519034933,0.2002865759033634,0.1309374600321139,0.1912588639554177,0.1775423659210819
pima,l1_logistic,logistic,16,0.1138589848306509,0.2013374809764906,0.1275286987362376,0.1911373738012625,0.1934652154853503,0.1178423388244657,0.1989305882481971,0.1317405372529065,0.1909683155299895,0.1610458885389808
pima,l1_logistic,logistic,17,0.1111558241223718,0.2007039746782657,0.1273066816731124,0.1907139019882494,0.199138811619283,0.12048566754696,0.1995023147490179,0.128740894569065,0.191110580557104,0.169593316048192
pima,l1_logistic,logistic,18,0.1134169961297985,0.1999804614053296,0.130522010942935,0.196177287394974,0.1937291078598914,0.1196434431660608,0.2021541041509061,0.134107681370297,0.1867268230488232,0.1708365122426799
pima,l1_logistic,logistic,19,0.1148982803537044,0.2036142183407092,0.1315516699661925,0.1954108591621998,0.1924735231249412,0.1198361546753834,0.2042211294109846,0.13329292033959,0.1916314933584029,0.1686705604331683
pima,l1_logistic,logistic,20,0.1104382050181664,0.2012390637802262,0.127497751207105,0.2023979145498933,0.195751481250174,0.1198790276871697,0.200837330295805,0.1323300103369186,0.191529219272757,0.168454561540304
pima,l1_logistic,logistic,21,0.1141660561637158,0.1978913863145984,0.1274681269626939,0.1989402531130518,0.1969255391809667,0.120465519623646,0.1973590548819143,0.1315569009180462,0.1904433302913809,0.1689039297040558
pima,l1_logistic,logistic,22,0.1064798286185545,0.1999708745234499,0.1250607023651218,0.1999418352130009,0.1947557240040631,0.1174647511334747,0.2056064018861363,0.1332098752849483,0.1894819079379066,0.1713942893403985
pima,l1_logistic,logistic,23,0.1155971499335259,0.1951783876760779,0.1279049785856235,0.195773428174211,0.1895508843356732,0.1208899727931307,0.197805739404134,0.1316513182575744,0.1884304609546233,0.1702333643825615
pima,l1_logistic,logistic,24,0.1145152889152889,0.1977173357183339,0.1275863755706044,0.2048568236523685,0.1940018102898975,0.1182062446457632,0.2014286115845613,0.132170421440965,0.1864041374047617,0.1739644392540898
pima,l1_logistic,logistic,25,0.118334408548224,0.202584595764574,0.1280712700149187,0.1966549706869267,0.1935778762535883,0.1223856398217993,0.2024973048179019,0.1319441408199722,0.1869843075363088,0.1706953104770717
pima,l1_logistic,logistic,26,0.1127433110966818,0.1989953232836429,0.1292669940846614,0.1974541525616509,0.1936613275883358,0.1196690004773964,0.208488701422493,0.1357435504286426,0.1816303012175446,0.1718810145980479
pima,l1_logistic,logistic,27,0.1143792707307027,0.1982591371555617,0.1276889415534408,0.1919628588106525,0.189773242607087,0.1198402847442845,0.2021180424555058,0.1328918822494621,0.1921026388495909,0.1676363397911733
pima,l1_logistic,logistic,28,0.1127852030701751,0.1969531434928392,0.1281558584283981,0.2035620783570681,0.186609558333929,0.121833926548433,0.1994378199699727,0.1330789534038881,0.1852361862126525,0.1662667713349138
pima,l1_logistic,logistic,29,0.1118899366885697,0.2050561797844048,0.127578414213009,0.1991400151457243,0.1899531062928651,0.120136940051994,0.2073845576614949,0.1316244983652356,0.1891209786178038,0.1702918432995414
pima,l1_logistic,rf,0,0.1126947405661893,0.2052925006464949,0.1409539372135222,0.1967581627032763,0.1651427272132138,0.1698077455950488,0.2555133651930188,0.1836055922802231,0.1627354254343939,0.1238284409625455
pima,l1_logistic,rf,1,0.1143991249999736,0.1953736355928447,0.1350471472127775,0.1940495725772808,0.1580956078314736,0.1621337087161478,0.2582589593703046,0.173968565580866,0.1702543394161412,0.1319623729513325
pima,l1_logistic,rf,2,0.1139590104871653,0.2083439940430742,0.1372150078187399,0.1942775213577888,0.1614637686637225,0.1666366184469419,0.2667731474887855,0.1828978640320945,0.1728696392370974,0.1308686546778861
pima,l1_logistic,rf,3,0.113164977467449,0.2066029358778542,0.1355924756260469,0.1869300190809907,0.1687526873914415,0.1615033158443115,0.2520839963253909,0.1725802098758307,0.1654194437638894,0.1359749805405915
pima,l1_logistic,rf,4,0.1141038437104674,0.1999596879660496,0.1385826750301231,0.1760765275527366,0.1687325186932345,0.1704801786937541,0.2414829439675689,0.1796072066690787,0.1729780332124793,0.1283254495091401
pima,l1_logistic,rf,5,0.1228491416453276,0.2155395836046319,0.1452144035153341,0.178881582466982,0.1693319119369623,0.1638094171776135,0.2570815059026952,0.1804720195421614,0.1664838331886511,0.1261353800393926
pima,l1_logistic,rf,6,0.1044818952719782,0.1849379651287605,0.1220507145660469,0.2029886338954558,0.1795710233907858,0.1639507635450564,0.2413545482913437,0.1721557489526399,0.1808720327983642,0.140917575209018
pima,l1_logistic,rf,7,0.1206203239292511,0.2305929423859595,0.149119563610857,0.18529108351932,0.1688484394498104,0.1595856471033445,0.2655753775127247,0.1812955750141503,0.1610561718594435,0.1248843362002024
pima,l1_logistic,rf,8,0.1182097268604561,0.2075831770540495,0.1406342710445776,0.1927925027292565,0.1637073254978333,0.1629005817336901,0.2553501501787465,0.1829646641287508,0.1537921808081384,0.1189946690022611
pima,l1_logistic,rf,9,0.1160879737808683,0.1947249580953544,0.1329594305414038,0.1860602036301483,0.1651924830513079,0.1618040565260573,0.2448248712723418,0.1786241770900723,0.1790715419824096,0.1341764199182488
pima,l1_logistic,rf,10,0.1174644676782123,0.1941889598337668,0.1363511406245428,0.1935037414792735,0.1713554852903796,0.16868130358351,0.2624013734240066,0.1838107256282731,0.1583108926296147,0.1168391165433961
pima,l1_logistic,rf,11,0.1145912408081771,0.2120445196612618,0.1397539563797179,0.1834653316899138,0.1725340197377295,0.1520315278555247,0.271550472124543,0.1808408311875951,0.1705280434981265,0.1281914854993527
pima,l1_logistic,rf,12,0.1222246517924111,0.2151125292989484,0.1450353404043768,0.1808547752404719,0.1580091503598718,0.1725459848291695,0.2617276770533068,0.1847651179288111,0.1812917904773713,0.1355224610769339
pima,l1_logistic,rf,13,0.1089165110071505,0.2073115174840875,0.1363925189972716,0.1967764550418918,0.1805565170337598,0.1624218894269778,0.2464464757945641,0.1758892178710997,0.1747942275339567,0.1271477323017793
pima,l1_logistic,rf,14,0.1125644428560829,0.2134149861370511,0.1404576899941926,0.1856470055395734,0.1762981697846294,0.1524796267290301,0.2568664849807086,0.1711686637722782,0.1849850586091561,0.1425440125340898
pima,l1_logistic,rf,15,0.1235357007131984,0.2045094409208735,0.1479187376141651,0.1816428674880762,0.1656316004766232,0.1636717992250382,0.2457487620990597,0.1747853897037535,0.171732718091876,0.1286626087841225
pima,l1_logistic,rf,16,0.1122136940941505,0.2000353401581037,0.1371452791046907,0.1911348553405323,0.1710110875967944,0.1681984115401488,0.2396723055817006,0.1798312584128713,0.1795477081265913,0.1409492084765933
pima,l1_logistic,rf,17,0.1107523265346037,0.2011214836780429,0.1377271642752786,0.1920486009857486,0.1582728482244267,0.1644294347642467,0.2557268312077373,0.1854830787546713,0.164096040052066,0.1149820260026339
pima,l1_logistic,rf,18,0.1158413207124956,0.2113488285202502,0.1395780688252419,0.1788001149177527,0.1584892781111574,0.1519768509301989,0.2479902900704542,0.1711333491087271,0.1690165032538466,0.120953808079077
pima,l1_logistic,rf,19,0.1126809820086578,0.2133275196342614,0.1402339710935342,0.1844359625761756,0.1670775731623976,0.1597138240535147,0.2553852759284211,0.1752022541218422,0.1771430689065463,0.1187651974260842
pima,l1_logistic,rf,20,0.11279162893479,0.2096802091795807,0.1383890213076032,0.1922099471805526,0.1631242025097574,0.1716288751924445,0.2590941387900521,0.1800360558745279,0.1682523757353735,0.1328160842526727
pima,l1_logistic,rf,21,0.1143137434675681,0.2058962607351193,0.137123618155905,0.1955673658994509,0.1619310397250205,0.189590913400645,0.2615268507378523,0.1913582706848863,0.1638858616688578,0.1062883356624081
pima,l1_logistic,rf,22,0.1121101558761155,0.2045704790148338,0.1366118749992185,0.1968454985207193,0.1812340037666973,0.1634859199929764,0.2544084669943349,0.173542654878836,0.1700803299274042,0.1317080822299792
pima,l1_logistic,rf,23,0.1124559561375192,0.1872400756058174,0.130553403907447,0.1818157124987281,0.1647297280885408,0.1612306837013075,0.2810782005194089,0.1873705987412334,0.1661005232260953,0.1203605294417392
pima,l1_logistic,rf,24,0.106880080327321,0.1963405581221993,0.1304032331498859,0.190506137131672,0.1599213105572004,0.1723398671371579,0.2441683933811499,0.1795120159838525,0.1628083471446972,0.1284491399255473
pima,l1_logistic,rf,25,0.1115413983418625,0.2127014208980907,0.1368293167949239,0.1758122986924142,0.1707890150987594,0.158797180654425,0.2490133348514962,0.1707818685368159,0.1671175675803063,0.1382463610157162
pima,l1_logistic,rf,26,0.1114076100486564,0.2007325412345141,0.1358772530982239,0.1894265401602417,0.1614257721858381,0.1632363640228432,0.2491473788794819,0.1835919650891027,0.1680034430600859,0.1237300092643692
pima,l1_logistic,rf,27,0.1186447090523648,0.2061522276727462,0.1428875542461492,0.1785980997500389,0.1618827479617952,0.1681141579327813,0.2576577872275044,0.1854420077760511,0.1588194440575404,0.1172495691933081
pima,l1_logistic,rf,28,0.1125972915680881,0.1986366170312316,0.1324185471871196,0.1980334984384988,0.1784842858887076,0.1659617853619238,0.2496748224750491,0.182596238400428,0.1696339534031185,0.1258223733601917
pima,l1_logistic,rf,29,0.1119847519543715,0.2114985913039442,0.1396545957731254,0.1971821512741419,0.173565139961168,0.1675739234307677,0.2670953453839908,0.1828284602920866,0.1717418370252078,0.1296313445437595
ilpd,mutual_info,logistic,0,0.1284420411824277,0.3451684140228115,0.2408678213797869,0.6476964997296303,0.651077135408663,0.1517924826604237,0.3781244132167932,0.2752294005759199,0.6374106255889004,0.6159010864289199
ilpd,mutual_info,logistic,1,0.1293569000848483,0.3804584909465444,0.2550357495571451,0.6477888186029471,0.6523732432417327,0.1545832991956654,0.3779492119632262,0.3010712490865919,0.6497017908231751,0.6072259160055321
ilpd,mutual_info,logistic,2,0.1340218138618313,0.3615982660233219,0.2572357792573521,0.6527457541096726,0.6305913689325252,0.1469920872831747,0.3808338101971796,0.2896060907390235,0.6466289995146064,0.6157881431264578
ilpd,mutual_info,logistic,3,0.128062104871973,0.3500740274476847,0.2455833764487618,0.6457461305853119,0.6409739198191494,0.1580059101955511,0.383770293796485,0.2964784329306842,0.6404834168974692,0.6097555038117828
ilpd,mutual_info,logistic,4,0.1291646916588679,0.3624710270040325,0.2528021681306664,0.6627448697693618,0.6520735576590505,0.1526552402002248,0.3861650858439097,0.2988646326491641,0.6558473734403124,0.6097555038117828
ilpd,mutual_info,logistic,5,0.1301199079805368,0.3440562349224214,0.2436654996647539,0.6605027549571484,0.643501551897219,0.1626463894746606,0.3813490143792993,0.3008892292450978,0.6466289995146064,0.597464338577508
ilpd,mutual_info,logistic,6,0.1297212306034718,0.3531496801853483,0.2512078690928836,0.6528627034644503,0.6354169145792676,0.148635817124324,0.3749461142004355,0.2880399735554544,0.6497017908231751,0.6189738777374887
ilpd,mutual_info,logistic,7,0.127440527799247,0.3535898536180746,0.2476888650507555,0.6595747129584522,0.6380641086933997,0.1497825079981415,0.3805662259974858,0.2998812937933905,0.6404834168974692,0.6098684471142449
ilpd,mutual_info,logistic,8,0.1281405986914326,0.3654278977980569,0.2559995002655545,0.6589105306617973,0.6368113202395427,0.1582171416815893,0.3791449608350471,0.3010101131265276,0.6435562082060376,0.597464338577508
ilpd,mutual_info,logistic,9,0.1280831628807758,0.3619703616118894,0.2405115803144406,0.6525036500049076,0.6486979898669568,0.1504073394954701,0.3778264659532784,0.2708290523789803,0.6435562082060376,0.6097555038117828
ilpd,mutual_info,logistic,10,0.1319980657653985,0.3497190071935014,0.2526215777978633,0.6604627603158437,0.6425757399373374,0.1508996974783588,0.3812238686807886,0.2947418635467456,0.6527745821317437,0.6189738777374887
ilpd,mutual_info,logistic,11,0.1309565910092281,0.3749102509156316,0.2541807060037631,0.6548614408263267,0.6449724275105119,0.1462298721608261,0.3798674450182695,0.2751305014850648,0.6343378342803317,0.6128282951203514
ilpd,mutual_info,logistic,12,0.1270955808060901,0.3645427374109483,0.2594678297883572,0.6482068172374238,0.6343772187359459,0.1436767893046396,0.3806870267381143,0.2787155353029455,0.6404834168974692,0.6159010864289199
ilpd,mutual_info,logistic,13,0.1303255826642348,0.3511287442394413,0.2538583255783408,0.6563946797202277,0.6450850774537469,0.1494932450439388,0.3811852367618625,0.2781505501545042,0.6619929560574496,0.6159010864289199
ilpd,mutual_info,logistic,14,0.1297191318257402,0.3606171478768272,0.2625722682356903,0.6431148258650473,0.6498237665301962,0.1527987648989293,0.3771757723662319,0.2944032202483922,0.6527745821317437,0.6189738777374887
ilpd,mutual_info,logistic,15,0.1285766585893759,0.3657095967564019,0.2554325081643522,0.650498745805416,0.6426249562621746,0.1498295772965521,0.3805514614487987,0.2793318602026217,0.6527745821317437,0.6128282951203514
ilpd,mutual_info,logistic,16,0.1321097504225578,0.3579446861970007,0.2591689149521282,0.6517436082474292,0.6359655740907647,0.141184885281087,0.3830700302640645,0.279391341260143,0.6558473734403124,0.625119460354626
ilpd,mutual_info,logistic,17,0.1290957338227137,0.3331086758813586,0.2432908889181859,0.6579949267527048,0.649592982101653,0.1529640303732419,0.3656399789306597,0.2917732760597344,0.6466289995146064,0.6097555038117828
ilpd,mutual_info,logistic,18,0.1278878706399135,0.3496709438497101,0.248652314070341,0.6485167023677288,0.6366330938800767,0.1615575684087607,0.3815698263023358,0.2987089178662396,0.6281922516631946,0.6159010864289199
ilpd,mutual_info,logistic,19,0.1330747822977189,0.3535713697020803,0.2647349046482113,0.6599906092686638,0.6402456661666464,0.1534545996189183,0.3642768634765876,0.2785669522975245,0.6374106255889004,0.6132693118252037
ilpd,mutual_info,logistic,20,0.1262978882401148,0.3588329533749098,0.2436817222282834,0.6426729566342732,0.6455209475338449,0.1424548685178997,0.3853066953433515,0.2811272780488648,0.658920164748881,0.606682712503214
ilpd,mutual_info,logistic,21,0.1283589298148306,0.3494389992293509,0.2610604136867815,0.6535633528167047,0.6555219763258924,0.1480240807310677,0.3802980442968552,0.2946672273909457,0.6527745821317437,0.6252324036570881
ilpd,mutual_info,logistic,22,0.1332704647711328,0.3602353361112963,0.2662021915723832,0.6423399641503491,0.6424727113264371,0.160320475944328,0.3817993254557721,0.2960919016157354,0.6466289995146064,0.6128282951203514
ilpd,mutual_info,logistic,23,0.1284272716818388,0.3539315683820167,0.2444519963946839,0.6425611867687196,0.6495557042218869,0.1510074875760502,0.3847428346140442,0.2923439707632336,0.6435562082060376,0.6189738777374887
ilpd,mutual_info,logistic,24,0.1274254281597844,0.3619713084936617,0.2511285643102491,0.6449782521792254,0.6434637085569135,0.1408043297572463,0.3822258284200976,0.2771634795676601,0.658920164748881,0.6128282951203514
ilpd,mutual_info,logistic,25,0.1299124058080662,0.3520750133055373,0.2485431298771031,0.6482456989451163,0.6467635599073149,0.1563019453801278,0.3736775640127198,0.2928372350357199,0.6527745821317437,0.6067956558056762
ilpd,mutual_info,logistic,26,0.1301616504004211,0.3467942980876505,0.2576546295763169,0.6547225819161427,0.6457315519071963,0.1526754069677874,0.3724234580175574,0.2817621328162133,0.6435562082060376,0.6220466690460573
ilpd,mutual_info,logistic,27,0.1314085372801357,0.3758462846909366,0.2521470976119745,0.6475391699006217,0.6367492428761229,0.1506004037563731,0.3708696310857874,0.2944120685963164,0.6404834168974692,0.6100835772141728
ilpd,mutual_info,logistic,28,0.1315589187805653,0.3825407595772868,0.2626754959496146,0.6536699816099503,0.6481620820810712,0.1541324206049314,0.3858798985844898,0.2898539182057035,0.6466289995146064,0.6189738777374887
ilpd,mutual_info,logistic,29,0.1286876109319365,0.3715889956712023,0.2526446343085982,0.6577200171864399,0.6400712237160526,0.1575546645175273,0.3830894701955507,0.2994962602964501,0.6558473734403124,0.58846109475173
ilpd,mutual_info,rf,0,0.1449498743675427,0.4538220008089478,0.3235100035107252,0.6293943478737675,0.6069153287448863,0.2129519447799588,0.4431356291511182,0.3549395074556051,0.6020283355513688,0.5327073968525807
ilpd,mutual_info,rf,1,0.1438108692769771,0.4772663741836753,0.2940116462753244,0.6343970581452827,0.6076640346538237,0.1906788212222551,0.4185785414447671,0.3175785553435108,0.6084353930612706,0.5623604225828054
ilpd,mutual_info,rf,2,0.1361136195381092,0.4268690981304496,0.2859320341594017,0.6318868427596334,0.6199372561646864,0.1928343670189468,0.4109664410135279,0.3206958140850092,0.5898744437840214,0.5585844022741302
ilpd,mutual_info,rf,3,0.1419569261611143,0.4496134166558652,0.289699703368303,0.6279304347164397,0.6007599360887694,0.1886527562976514,0.4174922864284909,0.3138956053168262,0.5996413633384593,0.555217048294318
ilpd,mutual_info,rf,4,0.1330685485205281,0.4554303378776617,0.2754196316683109,0.6463207858170887,0.5917466093437804,0.216629802785927,0.4226457441206748,0.334860166732301,0.5792641725832666,0.535244589229559
ilpd,mutual_info,rf,5,0.1352946674335509,0.4624549449012101,0.2859270072523177,0.6302467790404781,0.5924490244337556,0.1684474831430759,0.3915086361547414,0.2891977388454421,0.6289910069259046,0.5706671029197558
ilpd,mutual_info,rf,6,0.136540524854284,0.4359224711422677,0.2825591325743233,0.6369283633207629,0.6085452620347158,0.1841454482182817,0.394522377250762,0.2994388985432531,0.5911892950734,0.56489392934306
ilpd,mutual_info,rf,7,0.1413658264471266,0.4081530862927075,0.2804555091799137,0.6350159654450241,0.6098934733982656,0.2089466791828169,0.427454658111105,0.3318292056537175,0.5908862171023473,0.5556512511256498
ilpd,mutual_info,rf,8,0.1377300740028533,0.4482904852112745,0.2916411825922659,0.6394003260250681,0.6057203783616995,0.2089605871682541,0.4814997568264719,0.3620947770280012,0.5774299971869471,0.5464434593632691
ilpd,mutual_info,rf,9,0.1402049530004799,0.4069501912158156,0.2809873263523618,0.6448452736775699,0.6077601478360872,0.1780753565352593,0.3837315515343098,0.3047245724153965,0.600209652344,0.573017806422195
ilpd,mutual_info,rf,10,0.1393327043453456,0.4321097914223098,0.2815198316617423,0.6566054200619288,0.6001840018227464,0.2047650381298669,0.463537140156762,0.3513848564808268,0.5754940206204379,0.5434988607851531
ilpd,mutual_info,rf,11,0.1278550123382559,0.4067240576606384,0.2556487329183664,0.6557594328230546,0.5929320267594129,0.1963904612396865,0.4013545981841394,0.3119825609442117,0.5953905985617537,0.5529937937223716
ilpd,mutual_info,rf,12,0.1375624904434172,0.3908012594660508,0.2659725694652702,0.6614964398523694,0.6257283812397011,0.1891648444064158,0.3917869884870039,0.3192120696824312,0.6029536495823163,0.5621556649473408
ilpd,mutual_info,rf,13,0.1524740451091068,0.4338449469966612,0.3085794669769245,0.635041572037868,0.6090667651465926,0.2057002650248241,0.3927203569858531,0.3354012425584109,0.6082045255506758,0.5573615522927414
ilpd,mutual_info,rf,14,0.1432569196565722,0.444508974947681,0.3036067205239616,0.6377354276671213,0.6112136109729369,0.2032760745371662,0.4209426216570505,0.3292640220952376,0.5892812367081487,0.5542606355030874
ilpd,mutual_info,rf,15,0.138850378821793,0.4133928891966663,0.2769465517858537,0.6505984847873467,0.6189162390691867,0.2087886091088203,0.4127838797946414,0.3440537182701774,0.5916432106707153,0.5430092322885028
ilpd,mutual_info,rf,16,0.1596214689584053,0.443542489477604,0.3132072066161299,0.6385801027561842,0.605514234693107,0.1740555548974636,0.4155293307794747,0.285757023646751,0.5930021681567874,0.5647528934413267
ilpd,mutual_info,rf,17,0.1393706586298201,0.4112384659574449,0.2800686593198663,0.6329776367245178,0.6105155994792759,0.1831117960427545,0.3778204990539566,0.3015009684965541,0.5942479358830781,0.5624512889267848
ilpd,mutual_info,rf,18,0.1333939335942554,0.4451638705973616,0.2718531202586766,0.6462011582099197,0.617215632140778,0.1907844276376657,0.3885225716365863,0.3188107672409527,0.594060101483175,0.5584312326166961
ilpd,mutual_info,rf,19,0.1447923918137615,0.4476965968054093,0.2981868278762358,0.6544722812874879,0.6214925035286288,0.2159714360352229,0.4368174536996133,0.33927922456721,0.5914512665809093,0.5415244951384482
ilpd,mutual_info,rf,20,0.1353792296927799,0.4260826291553344,0.2788620949221451,0.6510132991647326,0.6153690370121282,0.2353033480075692,0.4448363981785879,0.3408189083998899,0.5750423443435734,0.5190564665449899
ilpd,mutual_info,rf,21,0.1422994025528171,0.4259846887955709,0.2783081656616131,0.6410704637025705,0.6021382177485805,0.191497670902202,0.3793729573494889,0.2987100395137929,0.575885149479889,0.5494063679283043
ilpd,mutual_info,rf,22,0.1324881717976011,0.4271826154449997,0.2710127003796405,0.6470455759423763,0.6115854382286662,0.2033114816418922,0.3861853890757889,0.2980239263148264,0.6214676492714297,0.5710689977761273
ilpd,mutual_info,rf,23,0.1368748678061945,0.4089114048727774,0.263665008769249,0.6427253098390097,0.6133206744111007,0.1955436844969249,0.4136685130502991,0.3269882416540358,0.5974219879945439,0.5627900338816264
ilpd,mutual_info,rf,24,0.1553741730474101,0.4662602645192524,0.3090961313453607,0.6368506262152388,0.5998970647013117,0.2027719520870134,0.4236743082290539,0.3183790510016384,0.5956309119153506,0.5510497752698917
ilpd,mutual_info,rf,25,0.1399011883634939,0.4314748516750903,0.2928040560211338,0.6489060285520468,0.6122620588091975,0.1936428404591381,0.4023203783193161,0.3187337299494284,0.6013542088632339,0.5551542267916599
ilpd,mutual_info,rf,26,0.1575620455247586,0.4295169199809735,0.3053615409007023,0.6413362825163389,0.6127668705692764,0.2058112936290969,0.4229772730318313,0.3328633749603684,0.5663706341927943,0.5388335486146106
ilpd,mutual_info,rf,27,0.133145880427586,0.4432948550718733,0.2709136147109615,0.6434333886492624,0.6072150555932835,0.2045964547488373,0.3818793670974636,0.3244044340670245,0.5874817845961665,0.5747978196717123
ilpd,mutual_info,rf,28,0.1526156562336266,0.4243058108185278,0.2889951489083693,0.6416139692732967,0.6163887441841864,0.2267361586830608,0.4375627414935626,0.3601374013943231,0.5648400295913847,0.5396273172600433
ilpd,mutual_info,rf,29,0.1647420092812722,0.4238943810822964,0.296226337615593,0.6304974047768435,0.5943389445549678,0.2077671216649548,0.3867120088596021,0.3131596751414482,0.6122882046344954,0.5587954913677666
ilpd,rf_importance,logistic,0,0.1325931169990866,0.365383803566171,0.264966297087489,0.6609904050666341,0.6347668380538806,0.1765414412412102,0.3756060650223122,0.3276466623933231,0.6497017908231751,0.606682712503214
ilpd,rf_importance,logistic,1,0.135290521500581,0.3981654090581851,0.2615390636066389,0.6548091421038125,0.6513716553179972,0.1645506622131149,0.3832981359348567,0.2908263655024509,0.6466289995146064,0.6189738777374887
ilpd,rf_importance,logistic,2,0.1305855713495688,0.3470427996942696,0.25488385432001,0.6557206762668369,0.6432136984700327,0.1694919525673722,0.3783048097443299,0.296347074804824,0.6497017908231751,0.5883589079542643
ilpd,rf_importance,logistic,3,0.1308767321220244,0.3506302165509055,0.249088902152657,0.6612299839781479,0.6545308430447602,0.1561151259916962,0.3828877859114729,0.2909494674747381,0.6497017908231751,0.6128282951203514
ilpd,rf_importance,logistic,4,0.1303494054607983,0.3507715141303188,0.2554003658921677,0.6686680287794601,0.6482798466786581,0.1604239712107768,0.377785232624596,0.2812247503042384,0.6497017908231751,0.6159010864289199
ilpd,rf_importance,logistic,5,0.1313511176653493,0.3519720808533714,0.2583676094159846,0.6510045353773117,0.6434604816054146,0.1670296168436185,0.3836997836331622,0.303171381074701,0.6343378342803317,0.597464338577508
ilpd,rf_importance,logistic,6,0.1333316010782284,0.348156528623662,0.2665571789565306,0.6432699448708944,0.6288115988077665,0.1635091505742661,0.3842049903485232,0.295478199958549,0.668138538674587,0.606682712503214
ilpd,rf_importance,logistic,7,0.1332681609507197,0.3583170663125873,0.2631654398571794,0.652442104089363,0.6274814485495955,0.1573481297202044,0.3785551604074345,0.2947667875223991,0.6466289995146064,0.6252324036570881
ilpd,rf_importance,logistic,8,0.1322923896314907,0.3584986607056558,0.2545471547080528,0.641820016807055,0.6371175575116318,0.1733496158428821,0.3757364242604571,0.3005035710254169,0.6404834168974692,0.591431699262833
ilpd,rf_importance,logistic,9,0.1299111779238668,0.356099058740572,0.255845802209984,0.6618781803227134,0.6579114957301249,0.1587016686440716,0.3802248508319022,0.2986834518082743,0.6619929560574496,0.6097555038117828
ilpd,rf_importance,logistic,10,0.128636123505443,0.3442025365293636,0.2472252126316161,0.6445454717717835,0.6492375965300546,0.1532800320678545,0.3800275676848431,0.2684594876449443,0.6650657473660184,0.6220466690460573
ilpd,rf_importance,logistic,11,0.1318650422206027,0.339979916331785,0.2470552603293135,0.6391102256552422,0.6425456217233475,0.1623537743858575,0.3762014448363129,0.2961876892590081,0.6558473734403124,0.6128282951203514
ilpd,rf_importance,logistic,12,0.1310312197959065,0.3409261170477702,0.2426523836864993,0.655501911063442,0.6386874397383048,0.1595737132579299,0.3779356070175069,0.2967708604449901,0.668138538674587,0.600537129886077
ilpd,rf_importance,logistic,13,0.1295164533615205,0.3534596556638072,0.2471294990440735,0.6634038099368512,0.6455173996713589,0.1717838840534025,0.3860247614133667,0.2967176917459163,0.6527745821317437,0.6036099211946455
ilpd,rf_importance,logistic,14,0.1289932794886143,0.3690335789002967,0.2523294497781176,0.6456912128876683,0.6490952280216319,0.1628528022321881,0.3863691656060379,0.3079021184029461,0.6619929560574496,0.6189738777374887
ilpd,rf_importance,logistic,15,0.1290812583792039,0.3676211483327772,0.256363680431099,0.6530984847312084,0.6494595504207018,0.1674162727201096,0.3848533008738587,0.2993189712565027,0.6527745821317437,0.6037228644971077
ilpd,rf_importance,logistic,16,0.1306124764879568,0.3533209098078147,0.2439334199912013,0.6581612921767281,0.6497764601472615,0.1612760021839147,0.3776144452320752,0.2810428589608406,0.6712113299831555,0.6128282951203514
ilpd,rf_importance,logistic,17,0.1327004464616185,0.3474028978185332,0.2632377802780142,0.6483806517116482,0.6371341004210946,0.1601749782442523,0.3836897082748803,0.3012416469211106,0.6435562082060376,0.600537129886077
ilpd,rf_importance,logistic,18,0.1296028735054916,0.3433718405040705,0.2486881630676948,0.6593555651125868,0.6466285466374867,0.1602286808597715,0.3820310426106785,0.3009338030697663,0.658920164748881,0.625119460354626
ilpd,rf_importance,logistic,19,0.1292583516160546,0.3573986977191452,0.2544812284060934,0.6453209552787271,0.6342570307360474,0.1625909584772243,0.3812339116507227,0.3016802970333336,0.6435562082060376,0.6312650429717633
ilpd,rf_importance,logistic,20,0.1323480194919978,0.350276378301655,0.2466557509857625,0.6495389722005103,0.630764119253084,0.1670939592018285,0.3697753383041656,0.284664968404556,0.6497017908231751,0.6037228644971077
ilpd,rf_importance,logistic,21,0.1293847134981319,0.3620091561403225,0.2515009342555692,0.6498160393616189,0.6550804409279138,0.1651054104019009,0.3786765797943636,0.2819410572689883,0.6650657473660184,0.597464338577508
ilpd,rf_importance,logistic,22,0.1278349456256404,0.3663749924287026,0.2486539195269858,0.6513564601603461,0.6424889948893369,0.1614711462536754,0.3818301193138452,0.2941360829065692,0.6527745821317437,0.6189631212324922
ilpd,rf_importance,logistic,23,0.1279495458253536,0.3544504766260774,0.2452907305283583,0.6538205310725277,0.640391299890815,0.1605620268924685,0.3751158654677251,0.2904388837083597,0.6466289995146064,0.6128282951203514
ilpd,rf_importance,logistic,24,0.1311750304358754,0.3466123393535936,0.24510692886374,0.6605101484599899,0.6475801168965191,0.1816377898815919,0.3721885506759969,0.3032268384479126,0.6558473734403124,0.606682712503214
ilpd,rf_importance,logistic,25,0.1289481387229626,0.3623452212190224,0.248267661415597,0.6607654985351217,0.6534087057365708,0.1665625004241001,0.383379267948418,0.2943658100983736,0.6435562082060376,0.606682712503214
ilpd,rf_importance,logistic,26,0.1254473663207427,0.3531264141947154,0.2427656553737817,0.6507899154673442,0.6370096991024407,0.1512218428966964,0.3855867385928912,0.2756913342917498,0.6619929560574496,0.625119460354626
ilpd,rf_importance,logistic,27,0.1326291417746409,0.3576931337108389,0.2527143451143956,0.654058807771456,0.6491023366684123,0.1554803267848254,0.3871858364581055,0.2819491923789173,0.6619929560574496,0.6282944384606604
ilpd,rf_importance,logistic,28,0.1299526969603114,0.3359501081930112,0.265131818593027,0.6513930705415808,0.6352117874730102,0.1669675301043003,0.3861878304553413,0.3215230159583237,0.6343378342803317,0.6159010864289199
ilpd,rf_importance,logistic,29,0.1324128782723122,0.3644279350217206,0.2503380708575252,0.6575360321413268,0.6530435117629857,0.1667039783508816,0.3789646569534085,0.2892971195799008,0.6712113299831555,0.597464338577508
ilpd,rf_importance,rf,0,0.1377100548226912,0.4140827894758295,0.295466750868825,0.6345896772033719,0.5956743140384326,0.1993517247912161,0.3971817077379042,0.3431923123601234,0.582262092120883,0.5628082007919799
ilpd,rf_importance,rf,1,0.135471664309674,0.4496649017841506,0.2924751280205492,0.6419101796408002,0.6176646170618814,0.1956891946115876,0.4574017602048274,0.3366955556864159,0.5762243602170467,0.5480177849043169
ilpd,rf_importance,rf,2,0.1318873501942177,0.4642931332941906,0.2807344066691921,0.6713253809177574,0.6127385016985756,0.1975040034832356,0.4450441956219466,0.3334618346355024,0.5808886534785945,0.5345377477687603
ilpd,rf_importance,rf,3,0.1384435449568313,0.4168081236825272,0.2802297552508884,0.6360706049083621,0.6159382237175499,0.2102722236178859,0.4200658690584562,0.3228196182480572,0.5990494437585926,0.5451634278858546
ilpd,rf_importance,rf,4,0.143705502326183,0.4440679155484878,0.2842503942242343,0.6399749571841445,0.6002008252716907,0.2191126866521252,0.3996435974984896,0.3296683377070139,0.5895656968092308,0.5443791673217849
ilpd,rf_importance,rf,5,0.1407165454054835,0.4691310459136573,0.3078268251724103,0.6460082783020064,0.6094379492472094,0.208937816124878,0.4561049437573957,0.3538932800753211,0.5993845790395768,0.5527650392307513
ilpd,rf_importance,rf,6,0.1368142896158115,0.3749299332850163,0.2573002149054331,0.640961846763566,0.621457468940319,0.1988121910149075,0.4298099333984061,0.3326163187218288,0.6045877889376738,0.5597363390069049
ilpd,rf_importance,rf,7,0.1396248788524711,0.4111915718401578,0.2824509201106396,0.627062901190073,0.6141208441076094,0.1882798365080821,0.4228335492291463,0.3242661030481179,0.596168754726862,0.5666391126073533
ilpd,rf_importance,rf,8,0.1579637164848163,0.4642546076187918,0.3143310806792094,0.64285917830051,0.6136624750425056,0.2397048036434376,0.4485432799704296,0.3740873379695163,0.5613226826456664,0.5455738471328767
ilpd,rf_importance,rf,9,0.1360549237916893,0.4530450498028134,0.282370392287879,0.6550267885498758,0.6191181990210998,0.1979015355075878,0.4243495736903171,0.3272415943209885,0.5936929924531517,0.5456138245103366
ilpd,rf_importance,rf,10,0.1553202393539953,0.4766843679765008,0.3085091885550934,0.6373220093505387,0.5904014551031436,0.2110108636661036,0.408620451739888,0.318380636163054,0.5743934815409906,0.5377760734067432
ilpd,rf_importance,rf,11,0.1462516420117486,0.4574107720634988,0.3058634066296646,0.6418868008652122,0.5979333879783653,0.2289595042444414,0.4766127900361999,0.375465958956171,0.5789431598715037,0.5412302131464056
ilpd,rf_importance,rf,12,0.1561238457555069,0.4687301805555507,0.3154152385918967,0.6326882819058363,0.6000825179459711,0.2383029476203257,0.4724166174379549,0.3805046314532855,0.5569510480565822,0.5351067999441353
ilpd,rf_importance,rf,13,0.1282074066882452,0.4152163328280286,0.2776910322888365,0.649246417442764,0.6302152557717687,0.2248409581152309,0.4869996109385216,0.4055688051539072,0.5740581974151882,0.5353869931777837
ilpd,rf_importance,rf,14,0.1488183093310169,0.4632755236394937,0.2992305235367309,0.6334300343221844,0.6000794993098516,0.2081724935348817,0.4586293050897961,0.3393138776460234,0.5895459759184645,0.5429535038535485
ilpd,rf_importance,rf,15,0.138900004666847,0.4561158000852041,0.314130971654488,0.634563438660874,0.6062897816244778,0.1819549623013557,0.4412769554428892,0.3189599071997177,0.6120595412717375,0.5661694615410472
ilpd,rf_importance,rf,16,0.1402947359297469,0.4022971420582922,0.280249250750012,0.6319230175836551,0.6180130493664189,0.2057328739953731,0.4131071514462293,0.3201691836335202,0.6032071978628694,0.5548146433749475
ilpd,rf_importance,rf,17,0.1379518664983383,0.4268423551808687,0.2855835243344471,0.648832969189563,0.6091871605975531,0.1943806572950935,0.4244539641956157,0.3397952996106422,0.6064788248453714,0.5581523179579955
ilpd,rf_importance,rf,18,0.1391710348527462,0.4583238933384627,0.2929289651328064,0.6216168457333605,0.6109561699499177,0.2032683447832746,0.4288570511515552,0.3340005016275688,0.5988660892434612,0.5405741141611863
ilpd,rf_importance,rf,19,0.135157004278758,0.4237929011857997,0.2942891768716179,0.6448055359076397,0.6191123921386987,0.2151900967757246,0.4236161920739772,0.3385546270910159,0.5920501056131595,0.5375231054462454
ilpd,rf_importance,rf,20,0.1275115122954279,0.4185108842928014,0.2569143368077163,0.6325864436347985,0.623403236761428,0.2094932089710098,0.4400604935947045,0.3358958908496292,0.5861058157673105,0.5480791966323428
ilpd,rf_importance,rf,21,0.162041006042576,0.4585536586466309,0.3309762955026736,0.62998134162427,0.5916311827698831,0.2087683327993908,0.4253540486414209,0.3474903326647124,0.58005375169685,0.5271613128285977
ilpd,rf_importance,rf,22,0.1390307422339115,0.4379345013447892,0.2891569100072104,0.635400796462025,0.6125311551655959,0.178300510824045,0.4213138629481908,0.3000971143438827,0.6117879980338429,0.5666941811333559
ilpd,rf_importance,rf,23,0.1385274922753419,0.4349939340867177,0.3000234102342589,0.6423882808783224,0.5937844325192041,0.2024697404501533,0.4554986231954401,0.3548127308668732,0.5843710011600226,0.5477999629993221
ilpd,rf_importance,rf,24,0.1348027555768725,0.4691349140474121,0.2895374807236498,0.6464922943825117,0.6066148894766646,0.2106631445866004,0.4383303268000993,0.3567523762731545,0.5822579330049295,0.5324888731549766
ilpd,rf_importance,rf,25,0.1448707811510722,0.4838163136976258,0.3149589514197158,0.6362075053353129,0.6039353066892734,0.2227709962592874,0.4465594310743344,0.3630162160532497,0.5635689307225534,0.5127579163775775
ilpd,rf_importance,rf,26,0.1408316590329363,0.4248122987947197,0.2676277960288056,0.636233395062038,0.6231254412108157,0.2084026974793523,0.4213540028378563,0.3289740166126954,0.5828512105925491,0.5595706022720417
ilpd,rf_importance,rf,27,0.1393803431271892,0.4272155175232453,0.2928726941440192,0.6342478534298759,0.6025006063130014,0.218533571512517,0.4702561344709091,0.3745285457331339,0.5829957283435659,0.5230981985954479
ilpd,rf_importance,rf,28,0.1553209139657059,0.4647816787236328,0.2992871993626749,0.6449200242998888,0.6055713279490408,0.2196223770919149,0.4281374334987819,0.3570469078662839,0.5750431412101781,0.5340830836162427
ilpd,rf_importance,rf,29,0.1394251313135291,0.4228155316473581,0.2795311386264253,0.6350433491209948,0.6194492055805502,0.2007057426005547,0.4392788226358086,0.3393160661855788,0.5904944708749649,0.547278663867473
ilpd,l1_logistic,logistic,0,0.1309389815674659,0.3659904940252246,0.2539844264072651,0.6486249848740933,0.6649021792365581,0.137257849626973,0.3902131047652088,0.2718142064909519,0.6435562082060376,0.6281922516631946
ilpd,l1_logistic,logistic,1,0.1323690175384829,0.3413461629576966,0.2493895175195442,0.6417784203000928,0.6381023346761754,0.1417050933661743,0.3767664435507483,0.2661953770785435,0.625119460354626,0.6220466690460573
ilpd,l1_logistic,logistic,2,0.1325131253902353,0.3531028905806421,0.242004944578847,0.6510193828862911,0.639722922262871,0.1371170889147125,0.3814986937171022,0.2687154084704926,0.6466289995146064,0.625119460354626
ilpd,l1_logistic,logistic,3,0.1297198842361668,0.3581212781026063,0.2519089602042152,0.6617077906118556,0.654335593346952,0.1381732816270865,0.379369795060221,0.2740676507869185,0.6497017908231751,0.6312650429717633
ilpd,l1_logistic,logistic,4,0.1284233488428525,0.3568601947362702,0.2566242302997717,0.6634839394490233,0.6513624548923795,0.1373744386587164,0.3847142928553842,0.2683787512308248,0.6466289995146064,0.6312650429717633
ilpd,l1_logistic,logistic,5,0.1284344352416122,0.3496941500545145,0.2443508324553036,0.6474497582016205,0.6498835820514588,0.136568254586223,0.3810395521968073,0.2662122694220173,0.6497017908231751,0.6343378342803317
ilpd,l1_logistic,logistic,6,0.1273669573297632,0.3470045151642268,0.2412640122297135,0.6550011148922528,0.6348325037533546,0.1442317571281878,0.378274654144925,0.2793957057760501,0.6435562082060376,0.6343378342803317
ilpd,l1_logistic,logistic,7,0.1287130813475228,0.361174174277936,0.2505029411313364,0.6653374617841269,0.6493807940971629,0.137004454854152,0.3781214099125582,0.2664263946763627,0.6497017908231751,0.6343378342803317
ilpd,l1_logistic,logistic,8,0.1380817256837647,0.3779777379364805,0.2638783997715382,0.653128223493184,0.640811213946964,0.1404458759608852,0.3800287135307824,0.2675474410286299,0.658920164748881,0.6312650429717633
ilpd,l1_logistic,logistic,9,0.1317126597881445,0.3468070377105938,0.2614346444700658,0.6400516592319384,0.6488585466474642,0.1422394709083209,0.3834903258831335,0.2859514589721484,0.6466289995146064,0.6281922516631946
ilpd,l1_logistic,logistic,10,0.1294236750280568,0.3421970853706884,0.2472516725680433,0.6434769267284682,0.6528458151956297,0.1362946102848936,0.3807418561925435,0.2693147136998024,0.6497017908231751,0.6374106255889004
ilpd,l1_logistic,logistic,11,0.1289430412781242,0.3609038117772966,0.2598836371026417,0.6487581667727745,0.6569098397810611,0.1406768934385567,0.3820411308184923,0.2826326131743334,0.6312650429717633,0.6312650429717633
ilpd,l1_logistic,logistic,12,0.1312985430400123,0.3627018387446377,0.2512776641192746,0.6427626565324606,0.6459604698908015,0.1372214362002187,0.3816376695203772,0.2691446169957453,0.6558473734403124,0.6374106255889004
ilpd,l1_logistic,logistic,13,0.1305977462840807,0.3347502174481109,0.251423055826748,0.6569764195708806,0.656273014211706,0.1395684662755239,0.381004312815625,0.2838729392559038,0.6527745821317437,0.6404834168974692
ilpd,l1_logistic,logistic,14,0.1293695110372864,0.3533788860015264,0.2559562491098387,0.6543781261833093,0.6432177162159701,0.1360419404169241,0.3802123893356159,0.2667621922597198,0.6527745821317437,0.6159010864289199
ilpd,l1_logistic,logistic,15,0.1280648810553439,0.3593393251561065,0.2557546404801029,0.6620544032781273,0.6466578230380422,0.1369433504443414,0.3834669524274721,0.2705266906039278,0.6527745821317437,0.6343378342803317
ilpd,l1_logistic,logistic,16,0.1284119202500823,0.3640264352945779,0.2519412712284342,0.6608045918408298,0.6471753491883463,0.1367595280567802,0.3848002521357359,0.2679979466956719,0.6466289995146064,0.6281922516631946
ilpd,l1_logistic,logistic,17,0.1307560860953324,0.3683235244378337,0.2489540249360098,0.6542764495758039,0.6379612671521515,0.1376262341403725,0.3805571337454703,0.2764046965916634,0.6527745821317437,0.6312650429717633
ilpd,l1_logistic,logistic,18,0.1321145698980493,0.3513304826743354,0.2481146355805283,0.6542899855549568,0.6491642279433146,0.1371076500545207,0.3743133180945097,0.2727049236465307,0.6497017908231751,0.6404834168974692
ilpd,l1_logistic,logistic,19,0.1286275311089203,0.3753755450995987,0.255549486198096,0.6540859541289272,0.6462291571818121,0.1368852941559675,0.3869314299574203,0.2747274721166765,0.6435562082060376,0.625119460354626
ilpd,l1_logistic,logistic,20,0.129990653428775,0.3534137365206013,0.2484177393375944,0.6504476555136092,0.6428808632946799,0.1375222974849906,0.3795989549479554,0.2717820697068585,0.6374106255889004,0.6343378342803317
ilpd,l1_logistic,logistic,21,0.1310530050361575,0.3567429463504149,0.2563450447759812,0.653745235537553,0.6516627484514311,0.1408911302502593,0.3840087933644446,0.2769968369302692,0.6466289995146064,0.6281922516631946
ilpd,l1_logistic,logistic,22,0.12830491304267,0.3453548090916171,0.2534187869744851,0.6503847651167013,0.636633455264632,0.1372165264196281,0.3864245715207134,0.278948074461424,0.6497017908231751,0.6312650429717633
ilpd,l1_logistic,logistic,23,0.1314581840360005,0.3473130263758321,0.2466030361805225,0.6544430010883449,0.65846835956863,0.1389092326992055,0.3775196603242186,0.2672920355253284,0.6343378342803317,0.6343378342803317
ilpd,l1_logistic,logistic,24,0.1262920092371882,0.346585603775344,0.2401455415603867,0.6629092104587415,0.6587848346525892,0.1357376786254636,0.3766685749625307,0.2663016204573911,0.6435562082060376,0.6435562082060376
ilpd,l1_logistic,logistic,25,0.1278406826672318,0.3520941407219302,0.2543788784756099,0.6601859162793127,0.6580302849592155,0.1365492473020669,0.3849946688782016,0.2737212040502172,0.6527745821317437,0.6281922516631946
ilpd,l1_logistic,logistic,26,0.1293371948964565,0.36264107156459,0.2567050458080488,0.6560362627699486,0.6407455205286706,0.1365393685307716,0.3878915317455643,0.2774610216543994,0.6435562082060376,0.6343378342803317
ilpd,l1_logistic,logistic,27,0.12778841189612,0.3610373857764355,0.255932301244491,0.6596743497872509,0.6457158763206661,0.1363749000087669,0.3830974967498476,0.2704505150788985,0.6558473734403124,0.6312650429717633
ilpd,l1_logistic,logistic,28,0.1297069612664412,0.3523921039873337,0.2474941366628915,0.6615944041636265,0.6373097758307591,0.1366131302666798,0.3821247332519021,0.2675370743227478,0.6497017908231751,0.625119460354626
ilpd,l1_logistic,logistic,29,0.1337122256537849,0.3482361776073188,0.2628449253831943,0.6546349750249792,0.660149454703483,0.1386656093972868,0.3769005615315468,0.2738993583007858,0.6466289995146064,0.6374106255889004
ilpd,l1_logistic,rf,0,0.1415145397044379,0.4473583096612063,0.294282548154772,0.6339954297520292,0.5995639860130171,0.1771772338637585,0.3557011014971549,0.2957472182522651,0.6068836883776395,0.5639120869247136
ilpd,l1_logistic,rf,1,0.1507196871493463,0.4452607854122179,0.3185939041465996,0.6255508421224871,0.5930999612891427,0.194670806365944,0.3956635610007931,0.3241316537966676,0.6070016070034241,0.5586103585588091
ilpd,l1_logistic,rf,2,0.1373618266307018,0.4728376183649665,0.2985151456982189,0.6528032570145609,0.6068460944692068,0.1870226623403608,0.3729860686382396,0.306183337235813,0.5836994850072628,0.5647903157515981
ilpd,l1_logistic,rf,3,0.1425507567356187,0.4418728372090349,0.2911792561135998,0.6340658371730314,0.6015433053198033,0.1702833435024734,0.3725066447050208,0.28174577265581,0.611379812092547,0.588641950937782
ilpd,l1_logistic,rf,4,0.1431015511751551,0.4271982514618587,0.2782113163625809,0.6455134419650621,0.597962507548144,0.2033500045396834,0.380818068244533,0.3312420818591056,0.5989314149392121,0.555753977594743
ilpd,l1_logistic,rf,5,0.1359783346274572,0.4491192779873776,0.2745225679797332,0.6343916777245411,0.6015829101606059,0.1857925480723362,0.3495393114102039,0.3039428603394594,0.6075005330278478,0.5710899766412162
ilpd,l1_logistic,rf,6,0.1429717659951078,0.4408374503967817,0.2921654644274919,0.6400197440062569,0.597011356208226,0.1996292294405385,0.3861177087556511,0.3289576233920902,0.6065224797901271,0.553355266377364
ilpd,l1_logistic,rf,7,0.1430675300210579,0.4148880114343243,0.2764077764322584,0.6362682644188403,0.6074399300857894,0.2199944221246252,0.4183121619297157,0.3564604582629901,0.6000143154292021,0.5469525994332152
ilpd,l1_logistic,rf,8,0.1349651879694579,0.4567643018324258,0.2916176072812912,0.6375707848355147,0.6121558158485845,0.1713977767469029,0.3815875838477859,0.2875826745750286,0.6065380892067487,0.5714580048798982
ilpd,l1_logistic,rf,9,0.1462328903200234,0.4571119235524725,0.3015914333122304,0.6394329019336145,0.6045194457641705,0.1804555238803309,0.3666278453832623,0.2971402337593588,0.6100952052655789,0.5759676953347359
ilpd,l1_logistic,rf,10,0.1391849134798262,0.4566370052079862,0.2798434758297613,0.641123517868809,0.607469131703586,0.1881503768069267,0.4098762820487248,0.3094338422320138,0.603272487542998,0.5759034373045401
ilpd,l1_logistic,rf,11,0.1378534277545048,0.4074006849449731,0.2798780940783645,0.6356218680486927,0.6182368790897603,0.1823156527942257,0.3909682601562876,0.3134817126610326,0.6086437885539652,0.568352855160147
ilpd,l1_logistic,rf,12,0.1305630962779825,0.4062401206874493,0.2720194008440239,0.6550901731036235,0.6030650543247269,0.192726013710033,0.4382085902131436,0.3315637422120393,0.5973029340830367,0.5668930555308744
ilpd,l1_logistic,rf,13,0.1384478519795385,0.433180706785354,0.2736752106548818,0.6503087083962057,0.608107649689994,0.2024303068106762,0.3843817784926596,0.3198922434591666,0.5969318305586143,0.5488876534521692
ilpd,l1_logistic,rf,14,0.1358322194579447,0.4691174520021257,0.2941241527014476,0.6550417166228328,0.6138653276044851,0.2083415789904958,0.4008832204701437,0.3263790655315089,0.5960662674642757,0.5581294628303806
ilpd,l1_logistic,rf,15,0.1455474888612276,0.4476666181784829,0.2739750814834346,0.6383401659796666,0.6249676509152076,0.177723837390236,0.3875142534727704,0.2807082408789201,0.6034993650512428,0.5701486385943806
ilpd,l1_logistic,rf,16,0.1513038913175816,0.4402508752736866,0.306916561471559,0.6230379623895904,0.6082392964171465,0.1863831317549146,0.4008281338713514,0.3147518773444489,0.6186610047905836,0.5669242281180056
ilpd,l1_logistic,rf,17,0.134411930916076,0.4448749929206224,0.2915793620986437,0.6482946558320402,0.6147173606779984,0.2042660559358,0.3735064687718032,0.3304759706739503,0.5863431776972784,0.5632149598386939
ilpd,l1_logistic,rf,18,0.1355794343717804,0.4201898311489844,0.2807107149838567,0.6645089893878499,0.6308651449391518,0.1741908840352631,0.359990513167447,0.2896604240347715,0.602409234689112,0.567646905545758
ilpd,l1_logistic,rf,19,0.1320836760296942,0.43070410868198,0.2702648668985437,0.6321474870121113,0.6102009425993714,0.1993508234105237,0.4156852429817601,0.3370628066756633,0.6111409070288644,0.5719297532748521
ilpd,l1_logistic,rf,20,0.1321439917117039,0.4265325059032824,0.2783357685076526,0.6640417350374879,0.6185625706941288,0.1856358247854301,0.4039202208978329,0.3189862316830969,0.60355683382979,0.5666675101772206
ilpd,l1_logistic,rf,21,0.1415084367074571,0.4487886549064799,0.2895570004025335,0.6289946705814101,0.6062109055049394,0.1781417283506182,0.3448885959898543,0.2870581241887269,0.6140253662384408,0.5791375306751929
ilpd,l1_logistic,rf,22,0.140875273077177,0.4458939078377674,0.2797150164620749,0.6416276122490153,0.6042359378614265,0.1915607981071402,0.3744363438496964,0.2902799206274922,0.5866088703833581,0.5699528430283123
ilpd,l1_logistic,rf,23,0.1305081730633743,0.4218084006232865,0.266495125652027,0.6543882959626167,0.6166675320443001,0.189264204136816,0.3959516575579771,0.3191704064025063,0.590586265242846,0.567716400414154
ilpd,l1_logistic,rf,24,0.1316764562275939,0.4225632809359858,0.2818856857068608,0.6351246506185142,0.6153782896970953,0.1941498042552339,0.4303774673682164,0.3476361773389884,0.5876579661414604,0.5444390399135726
ilpd,l1_logistic,rf,25,0.1559121465912279,0.4650763200602175,0.3165933555144975,0.6303403506350492,0.5898384392851194,0.1744778049246213,0.3662285838882099,0.2885128620259259,0.6164849599639669,0.568207114689674
ilpd,l1_logistic,rf,26,0.1333352098220275,0.4285415894118044,0.264292969868677,0.6320815244327065,0.6079160777027528,0.1752182154342431,0.3641014954207081,0.2780264130223466,0.6111816474561614,0.5830323520657493
ilpd,l1_logistic,rf,27,0.1497863928618301,0.4273652687150864,0.2916247771977932,0.6233411699320278,0.5820716061713159,0.2102560784171382,0.4125852676460883,0.3366121470938309,0.590304386824787,0.5535577954437385
ilpd,l1_logistic,rf,28,0.1336771624919873,0.4190103077760809,0.2682997444283192,0.6310832852823306,0.6184521261153847,0.2301040438727591,0.4426846814407599,0.3775867397954979,0.56357557835153,0.537831405602293
ilpd,l1_logistic,rf,29,0.140638001277317,0.4338684857262482,0.2824644348594313,0.6402608061094593,0.598038181084945,0.1872507162567894,0.3868146277865341,0.3125317027843011,0.6055527791829836,0.5620088382246952
heartfailure,mutual_info,logistic,0,0.0821616125882246,0.1297498274427816,0.0794425313301899,0.1623947820936721,0.1396205896560072,0.1121790482523042,0.1445639348277922,0.1021306377937696,0.1976008218827546,0.12417548147253
heartfailure,mutual_info,logistic,1,0.0815416062471564,0.1467388799995438,0.0920442520794215,0.1917729225110437,0.1373044068507037,0.092760771485123,0.1430479396479896,0.0944818470547844,0.1894684549068539,0.1164747530397913
heartfailure,mutual_info,logistic,2,0.0900599069561209,0.1318228188845724,0.0831939748906013,0.187902028362292,0.1450059147288574,0.0966329657701245,0.1342474647313689,0.0908371621857766,0.1920347793396539,0.1388489475844084
heartfailure,mutual_info,logistic,3,0.0767095783401734,0.1368560780908282,0.0814194327365224,0.1759063505083988,0.1424223458286532,0.0754414297503722,0.1563614374668434,0.0908871301039522,0.1830927782554547,0.1276636497124173
heartfailure,mutual_info,logistic,4,0.0786731658478626,0.1391739078198419,0.0795742951432931,0.1905522083470027,0.1421075652125442,0.0875935706489553,0.1525074174295453,0.0957564029462959,0.1758337162331032,0.1118797805735276
heartfailure,mutual_info,logistic,5,0.0785982166856932,0.1355913327645307,0.0855589021405387,0.1878869419937439,0.1326982983978061,0.0813437701355168,0.1495540063292766,0.094117339051894,0.1849266277287556,0.137382658062065
heartfailure,mutual_info,logistic,6,0.081973993020976,0.1247904354861779,0.0806127524960984,0.1794445615662524,0.1455271742635523,0.0788310117261283,0.1311906083694578,0.0876311396083961,0.2039463529484909,0.1317311408249184
heartfailure,mutual_info,logistic,7,0.0753758079237748,0.1337769249120962,0.0779882554906253,0.1714751298205294,0.1311857864522309,0.0878551553946982,0.144248736633287,0.0993290359170409,0.1769978444531357,0.1222657368122978
heartfailure,mutual_info,logistic,8,0.0729403166744819,0.151845276550131,0.0829810657287882,0.1866521849246595,0.1483360197761225,0.0877623977071196,0.1509580452151721,0.0977507317638557,0.1939362561809914,0.1408292232769158
heartfailure,mutual_info,logistic,9,0.0938691964604794,0.1564950271921729,0.089738853480141,0.1679749189696547,0.1451193565075682,0.0956550216266997,0.1491831870559887,0.089986150260228,0.1947691652309686,0.1392042004548954
heartfailure,mutual_info,logistic,10,0.0791431828351448,0.1375582444108826,0.0777214034026078,0.1805646008464185,0.1496033997196566,0.0801776047467622,0.1481931735553269,0.086664284963986,0.1935833259775491,0.1415978847438612
heartfailure,mutual_info,logistic,11,0.0865285751005687,0.1314430669243868,0.0811311012628256,0.1678515047293413,0.1433037902697929,0.0980502448665067,0.1417245150797501,0.0961680410325999,0.1751560004593137,0.1276155420050896
heartfailure,mutual_info,logistic,12,0.0727996937602668,0.1378580120195191,0.0784786230173211,0.1747275964366116,0.1371138609522512,0.0902731261150702,0.1407808308290304,0.0899195057981022,0.186873446509468,0.1355896574581287
heartfailure,mutual_info,logistic,13,0.0865830008230227,0.137716801230708,0.0817579583083935,0.1684379033505238,0.1302851809717119,0.0978250854351979,0.1456624692120856,0.0851125618526011,0.179393069344682,0.1228557722040528
heartfailure,mutual_info,logistic,14,0.0773007518382303,0.1259225199717644,0.0784183316040126,0.1669415701698466,0.1439177055537172,0.083344006253529,0.1393068752773166,0.0861400316165321,0.1902229729675865,0.1416541401071989
heartfailure,mutual_info,logistic,15,0.0748351647203112,0.1278665228768591,0.071605530188778,0.1899734906893647,0.1442354073882358,0.092272274793146,0.1233636632423244,0.0921094776788917,0.1808055370290554,0.1345580521084223
heartfailure,mutual_info,logistic,16,0.0753499142180023,0.1437266982026762,0.082231582335262,0.1705913204147165,0.1400423584239745,0.0887053606090729,0.1547597886504464,0.1040528926049791,0.1891918750451818,0.137012718424668
heartfailure,mutual_info,logistic,17,0.0773481144671086,0.1372386171090051,0.0854025647020271,0.172761251561015,0.1351979568361721,0.0792972080721593,0.1446280513072306,0.0909910173688609,0.1836964358595787,0.1415683557347124
heartfailure,mutual_info,logistic,18,0.0707365139571312,0.1290148711749246,0.0711064352593087,0.1953197899812726,0.1454625070824459,0.0869707653528752,0.1443748714917406,0.0829674160462574,0.1738299811101028,0.1393202863645663
heartfailure,mutual_info,logistic,19,0.0747660457816587,0.1231888873816219,0.0700298191330613,0.194999588846987,0.1587658436764003,0.0971319907975273,0.1221277631986475,0.0792512855850009,0.1674429724540872,0.1269724811953939
heartfailure,mutual_info,logistic,20,0.0871693279181967,0.144866568176174,0.0851928181890825,0.1657596834930798,0.1458421698328504,0.0978432996336515,0.1291200568482968,0.0878364949061251,0.1896669280454975,0.1389994202670211
heartfailure,mutual_info,logistic,21,0.0743297363607544,0.128841918523096,0.0752233741721188,0.1879912334880344,0.1465076401555912,0.0879148754774324,0.1371485299927186,0.0947047940021638,0.1783733859882954,0.1375863277869723
heartfailure,mutual_info,logistic,22,0.0793431866457375,0.1277913843723184,0.0781867629442589,0.1731628989519733,0.1398322185151686,0.0798998684776535,0.1143059787665618,0.0837331141916409,0.1973764578080204,0.1441570164401067
heartfailure,mutual_info,logistic,23,0.076844214740366,0.1378926990502558,0.0774400050115536,0.1763655660351738,0.1467545901205412,0.0816099615314196,0.1553378506518091,0.0878256436696436,0.2037947448554794,0.1369283655109316
heartfailure,mutual_info,logistic,24,0.0890803135885867,0.1346089365973395,0.0817098238166593,0.1677550180086879,0.132850507969255,0.1174136602948109,0.1152172510865055,0.092891091703188,0.1873739073918092,0.1264246120662957
heartfailure,mutual_info,logistic,25,0.0773522081432,0.1306279259905221,0.0778451198785803,0.1811585712098908,0.1395864199375671,0.0882548289676292,0.1461225914614271,0.0925269773378083,0.1858021269162196,0.1358529596375723
heartfailure,mutual_info,logistic,26,0.0751630528925016,0.1242668989442958,0.081294213593522,0.1996018329637248,0.1510247297887944,0.0780501302410963,0.1658381378174297,0.0995456914571021,0.1646379420716839,0.1167934653383119
heartfailure,mutual_info,logistic,27,0.0767079825907833,0.1329762352536097,0.076351673913506,0.1810475183110926,0.1472486697869406,0.079976761193836,0.1469568493697511,0.0915563672071548,0.2033110998205169,0.1411280485581506
heartfailure,mutual_info,logistic,28,0.0805032230926039,0.1379488418509891,0.0802066626119475,0.1954476771396797,0.138196418858218,0.0983904868608065,0.148758624348494,0.0906022760775802,0.2093606708209018,0.1484356863133056
heartfailure,mutual_info,logistic,29,0.0747725959852472,0.1413517297119244,0.0749407408053669,0.1869927414331314,0.141270929345626,0.0880244093894815,0.1457140702609962,0.0946807655837312,0.1746176764961211,0.1193734093751802
heartfailure,mutual_info,rf,0,0.0525749406112415,0.1214114684824692,0.0653656107596552,0.2210801783669324,0.1813646874823327,0.0687254366801502,0.1454678344513553,0.0835393027914688,0.2061802518756953,0.1561607355914797
heartfailure,mutual_info,rf,1,0.051079019097301,0.1109433512531621,0.0681001682237634,0.2177394781367627,0.1889280312835743,0.0600322550770262,0.1354960483854687,0.0778065875231952,0.2091291440451858,0.1847186276038044
heartfailure,mutual_info,rf,2,0.0539908685507836,0.1128989270288277,0.0646716660618941,0.2197123823344963,0.182447364992487,0.0575732238427649,0.1430897185495733,0.0722831699620417,0.1993932950247977,0.2013320904098969
heartfailure,mutual_info,rf,3,0.0559409460562364,0.1264269746771789,0.0695142155428888,0.2089303912169635,0.1819407652389355,0.0808399490090859,0.1377125271622553,0.0895103005367358,0.1874440686904138,0.1609977813007948
heartfailure,mutual_info,rf,4,0.0584288091381051,0.1313621641457397,0.0759854715966124,0.2164892948827999,0.1730909732169694,0.0640722864553283,0.1365141824850326,0.0772867633190613,0.208826176947604,0.1705466931529675
heartfailure,mutual_info,rf,5,0.0511696812305341,0.1030548116218109,0.0650106350747368,0.1983951094554155,0.1774575821819881,0.0743617551201993,0.1472413824712877,0.0929672575597798,0.1795819827299381,0.149775334713436
heartfailure,mutual_info,rf,6,0.0597980229337275,0.0968795491791285,0.0644486458697163,0.2169177038472654,0.1797377098424436,0.0888018070946881,0.1171190369989979,0.082950639450009,0.1970690295882331,0.1718973320739778
heartfailure,mutual_info,rf,7,0.0520806119435167,0.1199876510943353,0.0658636854863858,0.231462157768284,0.1938871895740069,0.0584901053002511,0.1300244420286016,0.0699333987980917,0.2037379932912782,0.1884896214550697
heartfailure,mutual_info,rf,8,0.0554530524684794,0.1047662807274467,0.0639072535979101,0.2119484987993103,0.1864326110494249,0.0681518846568224,0.116611607173237,0.072965328888326,0.1899771999738466,0.1661740811810375
heartfailure,mutual_info,rf,9,0.0529994203256398,0.1148990176586057,0.0656597086626794,0.2089545240260943,0.1751642420143423,0.090282061132123,0.1594493179809774,0.0912510018862126,0.188708338452868,0.1655873467310755
heartfailure,mutual_info,rf,10,0.0460072714628098,0.1055695605340616,0.0592403866309084,0.2077081865828279,0.1622591727074922,0.0967641142309509,0.1441066826334957,0.0967288900305116,0.1915727365022428,0.172309570187958
heartfailure,mutual_info,rf,11,0.0512897518080156,0.1305404390360243,0.0718413531221033,0.2086114227588643,0.1722543921462442,0.0882046826856562,0.1724167549840337,0.098144286880315,0.1932081985378433,0.1718675012393105
heartfailure,mutual_info,rf,12,0.0494895836943347,0.1225427359570399,0.0651797768546471,0.2193016787635628,0.189978309767302,0.1044344370023786,0.121836520487726,0.0867020079130572,0.1828544810191225,0.1578547107248369
heartfailure,mutual_info,rf,13,0.0536334298046295,0.1040170640615353,0.0617498974212159,0.2141975101099771,0.1771219562033488,0.0513280731020817,0.1136116484134342,0.0632275908182024,0.2134522185852414,0.1765261601346775
heartfailure,mutual_info,rf,14,0.057315954860683,0.1351457140820453,0.074228937554372,0.2226082769677634,0.1891951546247413,0.079167803393473,0.160232260609143,0.0917550715964668,0.1784667560802289,0.1608628872760504
heartfailure,mutual_info,rf,15,0.0541000664825105,0.1204278348033963,0.0690934774776573,0.21600785328541,0.1794870588722885,0.057531151789212,0.1587146685635332,0.076112272174092,0.2201854949996888,0.1788045222412757
heartfailure,mutual_info,rf,16,0.0590719874816604,0.1348452199381849,0.074976710883064,0.2018703767351249,0.1653538473231244,0.0918718896388213,0.1262596344353576,0.0853326300656787,0.1978329957234056,0.168246070277599
heartfailure,mutual_info,rf,17,0.0501950219920152,0.0997423571320477,0.0584108626650341,0.2025762167218744,0.185601234853065,0.0581221092915168,0.1226175423002007,0.0600522681488974,0.2132816296442911,0.1824054760457776
heartfailure,mutual_info,rf,18,0.045954782115297,0.1295136361470141,0.065683956140457,0.2120790834678256,0.1781833634040341,0.0474513653026634,0.1214756639498899,0.0651152781076763,0.217856035057032,0.1952908499885398
heartfailure,mutual_info,rf,19,0.0540431980593755,0.1350965004067796,0.0723889110747563,0.2141132958637644,0.16863993362496,0.0663485813312482,0.1275955249840623,0.0674649489684235,0.1819019500291857,0.1844729456992814
heartfailure,mutual_info,rf,20,0.0501984252685856,0.1234496177289953,0.0676707395518227,0.2234871075758398,0.1726819328251517,0.084055055425573,0.1472930251004226,0.0861450259230859,0.1909186209327173,0.1782922497798469
heartfailure,mutual_info,rf,21,0.0542092136312413,0.1333452449904892,0.0711435538413017,0.2199255679524075,0.191125238913666,0.0515420892424894,0.1363567119712987,0.0647499741587361,0.2049361066108825,0.1824304648078938
heartfailure,mutual_info,rf,22,0.0489398575837116,0.1101359020359056,0.0651625752339637,0.2029620274388271,0.1780287634864044,0.0689660349970235,0.1056152897612506,0.0634816322399361,0.2117776180449415,0.171468672252459
heartfailure,mutual_info,rf,23,0.0624193067085719,0.147120308299779,0.0871733342825197,0.2138666433897391,0.1742736408428815,0.0674909265398865,0.156011395207155,0.0863689507281242,0.2107205275323826,0.1778508438327976
heartfailure,mutual_info,rf,24,0.0501103984671671,0.1063080562734279,0.0613805860319326,0.2075289672592238,0.1754210630434823,0.0837205478358734,0.1553800756098893,0.0867852666166571,0.2077408971501756,0.167783565640868
heartfailure,mutual_info,rf,25,0.0514182223637908,0.1372479317298536,0.0758021702563244,0.1987296542438329,0.1817317589069244,0.0726585966822466,0.1586729410411605,0.0860777856075502,0.1933194526250637,0.1587992471694842
heartfailure,mutual_info,rf,26,0.0508967831691484,0.1168995317968887,0.0649150628523016,0.1990885064186324,0.1763818883535949,0.0693999614305351,0.1444821831500541,0.0698998655775904,0.207332045062367,0.1656116079253791
heartfailure,mutual_info,rf,27,0.0550411141625715,0.1316108551421589,0.0721651630166682,0.2061150990939338,0.186570715809096,0.0526932760108799,0.1480705939406584,0.0743437948795803,0.2107641713409521,0.1706600306110299
heartfailure,mutual_info,rf,28,0.0524906098167729,0.1475406698837821,0.0739869011422955,0.2059599348899336,0.1711562575247735,0.0668164351268765,0.1333811113433231,0.0687023645639087,0.2069108017726877,0.1946109168499543
heartfailure,mutual_info,rf,29,0.0559086377704769,0.1284236188033475,0.0726682590220287,0.2083074872236809,0.1897755105283925,0.0676480666428155,0.1323340146056523,0.0695411896897945,0.2039779124645509,0.179673501220769
heartfailure,rf_importance,logistic,0,0.076217737500341,0.1349242230314012,0.0814177073497674,0.1888373442801005,0.1495102011939469,0.0781051810696568,0.1462078691947891,0.0919944538726682,0.2030874307067459,0.1287095952710054
heartfailure,rf_importance,logistic,1,0.0757533783802638,0.1555064259506684,0.0861814955328726,0.1769542615433398,0.1528754526746731,0.0752314910744783,0.1633097139334944,0.088169828877244,0.1913021819607374,0.1392496734449351
heartfailure,rf_importance,logistic,2,0.0749468623414472,0.1326099154914226,0.0770538298339889,0.1806071346172702,0.1380136735488289,0.07142784600094,0.1464163193079909,0.0852395988218446,0.1942973288941503,0.1343667270430493
heartfailure,rf_importance,logistic,3,0.0763381840027082,0.1492614750999962,0.0854584627899255,0.1950047724695167,0.1564753557722597,0.0721689462190302,0.1638728120414095,0.0913573157945313,0.2061485795214083,0.1436821221192153
heartfailure,rf_importance,logistic,4,0.0741353242647708,0.12894025235326,0.0752649083876288,0.1723180639954911,0.1397711249161525,0.0728580824154408,0.1524523112727035,0.0865471634147266,0.2000266408176469,0.1303133699822153
heartfailure,rf_importance,logistic,5,0.0771101726189821,0.1457119640955405,0.0835067174883603,0.1869048606367199,0.1581502425649469,0.0839918281807137,0.1396140962899504,0.0863618176305302,0.1885930268244871,0.14024506406461
heartfailure,rf_importance,logistic,6,0.0745496069778159,0.1167764107107511,0.0756773991238727,0.1966105731607867,0.1472943776714359,0.0769662666787157,0.1459986416287798,0.0914511320166017,0.2002134718668427,0.1577078612734917
heartfailure,rf_importance,logistic,7,0.076205104689467,0.1321372502422687,0.0824593585031458,0.2015193973063915,0.1327226327696928,0.0720782057954023,0.139838498666282,0.0867380001158672,0.2088424131761679,0.1512827183429089
heartfailure,rf_importance,logistic,8,0.0800342821839896,0.153084379095807,0.0884993177628323,0.1712305990837841,0.1335326982373662,0.0805561166728515,0.1473305710983751,0.0920478220842349,0.1891863260835129,0.1323730104920995
heartfailure,rf_importance,logistic,9,0.0750727760988163,0.1264486355209695,0.0761179310649985,0.1940864926259623,0.1519944366501493,0.0760749355049083,0.1415633526531684,0.08601979299362,0.1954681969510038,0.1485836984268893
heartfailure,rf_importance,logistic,10,0.0740072819867914,0.1342248816851378,0.0756905432781927,0.1839715430672497,0.1452781392957828,0.0732630461812483,0.140854460315264,0.0815679965547606,0.2061292666624805,0.146575955463028
heartfailure,rf_importance,logistic,11,0.0827621288000542,0.1447238467068907,0.0824281262027956,0.1829411381168089,0.1282283927181059,0.0760373102173473,0.1568045574337183,0.0866010914614962,0.1779343637285383,0.1477146208164716
heartfailure,rf_importance,logistic,12,0.0771504414107025,0.1358644713833232,0.0776998969223806,0.1906606854751912,0.1431956571354171,0.0747653003176174,0.1493901579169383,0.0886773856672219,0.2001387842940488,0.1451047079901375
heartfailure,rf_importance,logistic,13,0.0772228820147673,0.1345587564332223,0.0714081997646063,0.2006141305844861,0.153234805774039,0.0782545326199247,0.1441291624109971,0.083814533278784,0.2026840846748999,0.1544075440910655
heartfailure,rf_importance,logistic,14,0.0755689373715629,0.1487475563598996,0.0774659657140507,0.1849405062017912,0.1503068819508015,0.0757070836846754,0.1537922074293959,0.0877746683513009,0.2156155768635199,0.1297313554503844
heartfailure,rf_importance,logistic,15,0.0895882491996215,0.1413530041449917,0.0877798329283884,0.1571495042065865,0.1408109498732113,0.1083468334229951,0.1524891698372712,0.1033975822794985,0.1630903846155249,0.1164627212198882
heartfailure,rf_importance,logistic,16,0.0894290533969487,0.1367677853979967,0.081293529328789,0.1892135217851492,0.1545737821348295,0.0813530576825333,0.1353785107681132,0.0820919453688298,0.1965944651718618,0.1315431989203142
heartfailure,rf_importance,logistic,17,0.0793124138667087,0.1402485227915628,0.0776825229485945,0.190185611706193,0.1329556444270667,0.0754095927139979,0.1615897928695998,0.0909914941818178,0.1844202557264782,0.1348836217357819
heartfailure,rf_importance,logistic,18,0.0884773504874894,0.1324061157657476,0.0785405561798849,0.1766747788829081,0.128065029506707,0.0984673382188176,0.1316995670254394,0.0928884702825792,0.2019243924268227,0.1541547337162388
heartfailure,rf_importance,logistic,19,0.0765300003032902,0.1323099917930324,0.0787560495681165,0.2034485316061962,0.1618873239917399,0.0751553034884995,0.14493388843609,0.0856872856409719,0.2055318905161533,0.1412626267665385
heartfailure,rf_importance,logistic,20,0.0776129969207441,0.1490383228254163,0.0824375445003768,0.1793904750544603,0.1541667686601976,0.0819818576627365,0.1622473553966006,0.0959499071223761,0.1704026343293562,0.13319373357994
heartfailure,rf_importance,logistic,21,0.0730671707829603,0.1296831673458245,0.0739672763069008,0.1903599776001648,0.1530064741272294,0.0749906255110973,0.1486573586282924,0.0873779793121244,0.2035714253207848,0.1327756352376017
heartfailure,rf_importance,logistic,22,0.0821928044041026,0.1371959022569493,0.0832128067771263,0.199402624398644,0.1288927208737344,0.0803904015017645,0.1556037124507677,0.0891045720202476,0.2047653680030919,0.144262776691228
heartfailure,rf_importance,logistic,23,0.0788470672571524,0.1309105119982237,0.0777212567720306,0.1780085313167076,0.1252483660930835,0.0777389478129172,0.157036995914358,0.0897322491903115,0.19705112919341,0.1327946812647153
heartfailure,rf_importance,logistic,24,0.0728454247789397,0.1172337524400911,0.0752581723137912,0.1977219917415853,0.1472375941256305,0.0719619954968538,0.1410979264247993,0.0857026272281878,0.1950544782483238,0.1236875879289543
heartfailure,rf_importance,logistic,25,0.0710430159587501,0.1284627425128099,0.0762531054720063,0.1927051182634775,0.1528735118596793,0.0828705175455716,0.1340651769247488,0.0864686847954982,0.1945528214282489,0.1212880552439789
heartfailure,rf_importance,logistic,26,0.0781072805945395,0.1286092357016921,0.0829907499870845,0.2009072141418592,0.1453324143184163,0.073089280592993,0.1377381910347661,0.0892079991033025,0.2021714203932527,0.1369394088424042
heartfailure,rf_importance,logistic,27,0.0747714322527629,0.1342549769100275,0.0771711719720519,0.1841919564301507,0.1699156074171159,0.0730534467474787,0.1371212120519342,0.0844383866009389,0.2114583519164352,0.1520752344916568
heartfailure,rf_importance,logistic,28,0.0822273966587989,0.1313429681067199,0.0844308749464619,0.1912645573313059,0.1418258487843539,0.0819051698396426,0.1450889880536043,0.0903022185688501,0.1855646498243705,0.1482512781622356
heartfailure,rf_importance,logistic,29,0.0789412916343718,0.1378862645783997,0.0800992346087518,0.1988952269888416,0.1459399072889584,0.0845789410920826,0.1762021033887773,0.09883125783977,0.213157985889598,0.1406325539640179
heartfailure,rf_importance,rf,0,0.0515953561712685,0.1229125892748158,0.0710275500401113,0.2035742609160408,0.1651451611527107,0.071243869147546,0.1280865503342866,0.0688827654774732,0.2111511897485264,0.1699810075417569
heartfailure,rf_importance,rf,1,0.0497201076128537,0.1085815663974462,0.0649506834118063,0.2210559199544652,0.1964960661097827,0.0438485338517376,0.0939686052458973,0.0548137567735619,0.2102542636705999,0.1815681228015281
heartfailure,rf_importance,rf,2,0.0544828762736318,0.1361543890134224,0.0743733991500947,0.1962960399442077,0.1822325998128531,0.0690149158477234,0.128908095283196,0.074047447506374,0.1984741858218625,0.1785060679051203
heartfailure,rf_importance,rf,3,0.0546922692004505,0.1313294762932204,0.0714451072121779,0.2185023012102518,0.1743077834336551,0.0574681754983003,0.1381014372921085,0.0708156620505005,0.2030832591076999,0.1887674124908103
heartfailure,rf_importance,rf,4,0.0576651970908291,0.1227538262113268,0.0697769186167747,0.2042916595990255,0.1815907415132696,0.0632481159592165,0.1129304499430866,0.0649487943645545,0.2177925485833443,0.184639954352546
heartfailure,rf_importance,rf,5,0.0587584827940431,0.1284787914207996,0.0714666152332471,0.2169652130758436,0.159500635857698,0.0778579178387199,0.1246872990253477,0.0674749338607676,0.2064721207407144,0.1659933013645491
heartfailure,rf_importance,rf,6,0.0564259302008701,0.1363264937648178,0.075539628048775,0.1946398326940463,0.1818858036759299,0.0499406307586849,0.1171642918697676,0.0623839774716435,0.2114990335280093,0.1866141022540986
heartfailure,rf_importance,rf,7,0.0579954834516808,0.1260103749747124,0.0709154233342661,0.2181213114812263,0.1843112046684012,0.0532330732528884,0.1530943701196409,0.0720881298027933,0.2057662048140536,0.1876093958189969
heartfailure,rf_importance,rf,8,0.0582707241875901,0.1164341836871034,0.0733139412558106,0.2211318978123781,0.200575853154994,0.0644111434266033,0.1069480507558913,0.064394477663077,0.2136222997637165,0.1876888507349265
heartfailure,rf_importance,rf,9,0.0540614071703839,0.1059621175659693,0.0641775226745211,0.2071703981462492,0.1931691895127318,0.0700861423865377,0.1290970687805275,0.0800902175259614,0.194510363602503,0.1821775640053319
heartfailure,rf_importance,rf,10,0.0544332053318991,0.1286499475639385,0.0715986715941851,0.2060522978545708,0.1735156829929789,0.0572712170168625,0.1489159621100969,0.0694337033741298,0.2086911773441968,0.1857527761316192
heartfailure,rf_importance,rf,11,0.0489608831027292,0.1075008070523436,0.057937304234633,0.2093294678625544,0.1916976115445975,0.0452473150134459,0.1014305071725936,0.0506818564126282,0.2033843258466821,0.1950474088979866
heartfailure,rf_importance,rf,12,0.0509529996185474,0.1065498607160959,0.0640907377150359,0.202125558689419,0.1765104057663582,0.0578876715789317,0.1192277074135695,0.0646946588468501,0.2214294166382224,0.2037075830483665
heartfailure,rf_importance,rf,13,0.0501873068541333,0.1181829229596219,0.0672767564412398,0.2174394733360965,0.1718623105530599,0.0576230159532968,0.1182195867401089,0.0581585336108822,0.2060611038743937,0.191096690405766
heartfailure,rf_importance,rf,14,0.0618525603960874,0.1339466882312349,0.0773796054601477,0.2017069738429443,0.1692444743797596,0.067642566976065,0.1363458562861219,0.071171760984583,0.2037360579310645,0.1815991372868758
heartfailure,rf_importance,rf,15,0.0617164216159794,0.1235954254581128,0.0737072805571383,0.2098168682306679,0.1733802127757839,0.0600945756961957,0.1279907864790325,0.0710484486925204,0.2165575973529923,0.1639572830943593
heartfailure,rf_importance,rf,16,0.0538186999695689,0.1126567086041681,0.0673724589523556,0.2065520566508502,0.1707483387895839,0.0869290886817892,0.1537051195904969,0.0785764795983296,0.1854620114358205,0.1585071296021203
heartfailure,rf_importance,rf,17,0.0574057815220181,0.1317404742491496,0.0753548988270351,0.2091104376962474,0.1692328464903934,0.0781625289337148,0.1187287936633511,0.0720346220501768,0.2299457973004814,0.1861830760433238
heartfailure,rf_importance,rf,18,0.0560928535257062,0.1276753995415658,0.0760431247807244,0.2256604863735788,0.1766596686045815,0.0669747609049389,0.1411826001968799,0.0821812232222026,0.1928610425216431,0.1609972706709384
heartfailure,rf_importance,rf,19,0.0557237897339358,0.1314324083939174,0.0729630741669052,0.1916597010433228,0.1681022167606262,0.1028266016918698,0.1523421445173698,0.0919105333192081,0.1840187754318346,0.1785818628055252
heartfailure,rf_importance,rf,20,0.0523263699858852,0.1340645340961787,0.0723554198094072,0.2150557578938045,0.1799828579339311,0.054447529307377,0.1546543410699728,0.0748069565861074,0.2211617076521366,0.1719860600174451
heartfailure,rf_importance,rf,21,0.0504958554925961,0.1269512494258076,0.07283637519001,0.2170619517176409,0.168045683047524,0.0477664924129375,0.1342558624690326,0.068922252313831,0.2022003856274027,0.1783509627017129
heartfailure,rf_importance,rf,22,0.05845879276344,0.1131736275533113,0.0701157469876748,0.1892542308093668,0.1526014846033783,0.0654374484822485,0.1258452066229315,0.0687520598155029,0.2140915557383279,0.1932997810156484
heartfailure,rf_importance,rf,23,0.051772592676765,0.1148836003152351,0.0617651685844736,0.2031968874854906,0.1767505940745487,0.056916814034556,0.1199327587011294,0.0576259359520665,0.2101478202086701,0.1849615003785984
heartfailure,rf_importance,rf,24,0.0472426875760876,0.128002992451518,0.0707594118950131,0.2268189944884326,0.1903266741149309,0.0486177122991735,0.1282732568243726,0.0692703797298715,0.2087774632823502,0.1884882291661515
heartfailure,rf_importance,rf,25,0.065131744026327,0.1130182771320492,0.0745873275326256,0.2070219749174817,0.1707165881548396,0.072095047434345,0.1136637476186671,0.0701497515639859,0.2196141355749802,0.1777638674340637
heartfailure,rf_importance,rf,26,0.0520185360386018,0.1372008158870364,0.0743793923249405,0.2178670370243989,0.1801889699210225,0.0671576670139868,0.1303816881272449,0.068389688648087,0.2059891415509142,0.1692654550976132
heartfailure,rf_importance,rf,27,0.0529505665989533,0.1191031139828158,0.0652912317194013,0.2152276093371377,0.1920854182151783,0.0796028349551631,0.1204978739209112,0.0703554416512646,0.2227059141989485,0.1771915611743685
heartfailure,rf_importance,rf,28,0.0591801880864516,0.1247602034033828,0.0689663274729431,0.2146756336277014,0.1916060392471197,0.0492378290906257,0.1340439533311489,0.0627336733660721,0.2119003326927985,0.1850153191239112
heartfailure,rf_importance,rf,29,0.0474901895007296,0.1115763732153337,0.0620919351362293,0.2308948584414788,0.1728006504741858,0.0738996670038421,0.160436151834671,0.0783569778461104,0.2063364690066935,0.1584678368574798
heartfailure,l1_logistic,logistic,0,0.0774759503265701,0.1530141502328285,0.0856279769010945,0.1877025529296937,0.1658751120733454,0.0889676628005672,0.1701796039350989,0.0950447798930133,0.2114256714770923,0.1250890301955453
heartfailure,l1_logistic,logistic,1,0.0840191740654804,0.1441585973566458,0.084998140053795,0.1799622660881813,0.1382352710557929,0.0844948767322872,0.1430642906910695,0.0844501113153491,0.1801211939081496,0.1340455673119378
heartfailure,l1_logistic,logistic,2,0.0779091858893666,0.1402677173639774,0.082360636598182,0.1837696859549354,0.1384889335592848,0.0759373484839889,0.1561551580885986,0.0858275203912017,0.1948184595288558,0.1362917694828705
heartfailure,l1_logistic,logistic,3,0.0740412141769647,0.1211499083160767,0.0786920556641374,0.1845094081141883,0.1473804368424579,0.086944525055525,0.1505051713333324,0.0913665322665715,0.1991237236081151,0.1405635338814639
heartfailure,l1_logistic,logistic,4,0.0832717134572013,0.1548722140087262,0.095349187398225,0.1808484653165794,0.1457332687036956,0.0765408892472069,0.1519988198216149,0.0950488515798387,0.1974483294068956,0.1457796271544456
heartfailure,l1_logistic,logistic,5,0.0886269994134124,0.1278584977865545,0.082472120344804,0.1879931995529342,0.1440590928629404,0.0953757872333029,0.1472658946345648,0.0910659100031319,0.1962381158158042,0.1357082277986196
heartfailure,l1_logistic,logistic,6,0.0831745124593698,0.1369309763440848,0.0851223478442446,0.1788192195970124,0.1403299467288566,0.0933336419093091,0.1487589721982577,0.0935741825667844,0.1886194284727083,0.1318982065737906
heartfailure,l1_logistic,logistic,7,0.0780606099020429,0.1397143109579114,0.0775295034141651,0.1852049517006956,0.1372261781344359,0.0749585180586589,0.1518781926816801,0.0853757386567106,0.2038292582810097,0.1402515258001351
heartfailure,l1_logistic,logistic,8,0.0753112490933203,0.1334867928331356,0.074612101903894,0.19787889976095,0.1386363528729022,0.0910697511406651,0.1586406213015814,0.0877073250560363,0.2105399525845329,0.1501383797201389
heartfailure,l1_logistic,logistic,9,0.0755719465193314,0.1317500542733631,0.0808363930994697,0.186449070741134,0.1411615376145261,0.0855489257649255,0.1493058291062174,0.0870019891721663,0.18705364254738,0.1446494499370237
heartfailure,l1_logistic,logistic,10,0.0774234267615579,0.1298480644233952,0.0778396941338268,0.178601169274015,0.1390669379629349,0.0920637357692144,0.1428250615057963,0.0859425082801784,0.1857121754716554,0.1453354193920153
heartfailure,l1_logistic,logistic,11,0.0771916000592244,0.1264745311205252,0.0739150599941434,0.180343921216665,0.1569789849468696,0.0747515683026598,0.1311738366461544,0.0803258924709057,0.1938400705587832,0.1453619758390723
heartfailure,l1_logistic,logistic,12,0.0762048027009609,0.1355556360743685,0.0810771002139832,0.1805439911430927,0.1504550678498763,0.073879036375529,0.1439585833794631,0.0885850598896707,0.204088220862076,0.134809840669554
heartfailure,l1_logistic,logistic,13,0.0732428686976366,0.1220578378390115,0.0761926022517535,0.1895739082322227,0.1508590274023594,0.0884515073406086,0.1425453062142035,0.0856800348927178,0.2087288276496559,0.1485775105768687
heartfailure,l1_logistic,logistic,14,0.0726512563299334,0.1276621952322233,0.0721544159404943,0.1968847932244929,0.1590317702106516,0.0868149578813822,0.1419145572231474,0.0847839840924539,0.194278478234322,0.1307678170959603
heartfailure,l1_logistic,logistic,15,0.0868530676189241,0.1543521346861571,0.0887499084396306,0.1837666302423534,0.1457080095723673,0.1125130578635203,0.1515069845390983,0.104675862237259,0.1728312878926569,0.1462667861723799
heartfailure,l1_logistic,logistic,16,0.0751484201918711,0.1247200148754768,0.0738940307824655,0.1771440696283408,0.1405569524178085,0.0878619194092253,0.1321864214440557,0.0825019739819648,0.1966323499359528,0.1354955036679433
heartfailure,l1_logistic,logistic,17,0.0760274413695132,0.1259119239642102,0.0759532059577997,0.191974142819944,0.1554975768546879,0.0720226923532278,0.1335012141903996,0.081873697762079,0.1908446806005618,0.1427999579358299
heartfailure,l1_logistic,logistic,18,0.0845393463675738,0.1305210169196426,0.0824453840512758,0.1630157922042995,0.1440738625246347,0.0802934155597539,0.1356138056738043,0.0879744519137069,0.1895992715728759,0.1434333420607645
heartfailure,l1_logistic,logistic,19,0.0855188406023814,0.1435368783689347,0.0888865782741699,0.1608630824508643,0.1333637561463296,0.0935297331337284,0.1528792871142046,0.0928824548603788,0.1927372025977988,0.1258593348144286
heartfailure,l1_logistic,logistic,20,0.0808177044352419,0.1419131836880219,0.0792493108186234,0.1760368075529068,0.1428120445122186,0.0782576832266492,0.1557226185428374,0.087161375875107,0.1924208445044649,0.1267220735493487
heartfailure,l1_logistic,logistic,21,0.0748964318838588,0.1346904028653416,0.0789637298106994,0.189533478475774,0.1574399340980697,0.074223568835707,0.1427832299550869,0.0830247808171363,0.2081831164916508,0.1492476449642985
heartfailure,l1_logistic,logistic,22,0.077772939981306,0.1360204738131684,0.077236374289628,0.1890091877993883,0.1367940246349702,0.0845688915281931,0.1399945411403931,0.0838545855789351,0.1911225204061523,0.1266835822835435
heartfailure,l1_logistic,logistic,23,0.0795041844248948,0.133044430995685,0.079109697948176,0.1744717646124277,0.1274903208763028,0.0929753186970012,0.1512897062446009,0.0851457040586903,0.1999282025443574,0.1354157748312257
heartfailure,l1_logistic,logistic,24,0.0996890199325034,0.1344476115902443,0.0882565737552892,0.1839126266977379,0.1337362461034696,0.1074492463704253,0.1376963191933173,0.0927332392301488,0.1870595020973544,0.1077431846210035
heartfailure,l1_logistic,logistic,25,0.0815705185984643,0.1420465730391853,0.0819638477967094,0.1693247103633577,0.1403328272126003,0.0902814320432664,0.1598513508304402,0.0875036332488352,0.1952344052917129,0.1297020132440584
heartfailure,l1_logistic,logistic,26,0.0874074504505888,0.1432609844625469,0.0840804170007629,0.1795889160596586,0.1318857321807794,0.1071175426217052,0.1697520735663396,0.1011174234985189,0.1850520120530166,0.1271596321601276
heartfailure,l1_logistic,logistic,27,0.0783605104793961,0.1388481811979033,0.077995038340176,0.1892902148135644,0.155462060424059,0.1001921428743272,0.1496878017681896,0.0934406982356136,0.1999236329181251,0.1420890855594377
heartfailure,l1_logistic,logistic,28,0.0751722406185492,0.1328922300515359,0.0736248512713947,0.185397268105572,0.1377542434027508,0.0906367452004234,0.1485794132603871,0.0851623084068987,0.190950322296602,0.1288465680060929
heartfailure,l1_logistic,logistic,29,0.0839171636679421,0.1357917951300917,0.0832553434291502,0.1753861279354388,0.1356972025006063,0.0992903901498334,0.1609065548313191,0.0954678817260601,0.179881579729287,0.1289035661311109
heartfailure,l1_logistic,rf,0,0.054918474330686,0.1228767737771737,0.0708266669439857,0.2037634741987301,0.1613797715486277,0.0725765537889358,0.1418437544164453,0.0712737351042589,0.2078931778846477,0.1797139166328399
heartfailure,l1_logistic,rf,1,0.0541540471939156,0.1412537093717362,0.0723518860392063,0.1804462095183022,0.1735456804309549,0.0543819454682802,0.1348720178476447,0.0680895994941505,0.1992248559051762,0.1757052586061483
heartfailure,l1_logistic,rf,2,0.0492628908894215,0.1221669759459135,0.0655683527574102,0.2079402943934478,0.1930936834454976,0.0545406555594892,0.1071700243627591,0.0622565986488608,0.2195804827595423,0.1794469498272813
heartfailure,l1_logistic,rf,3,0.0507051785752911,0.1056330840355331,0.0664317715040525,0.2095912439897228,0.1991312106315585,0.0548202351847411,0.1261989466680088,0.0689067165460907,0.1930902434007272,0.1804258876283399
heartfailure,l1_logistic,rf,4,0.0522917264353583,0.1123636520319309,0.0654508596851897,0.2091658503371861,0.1877393544303402,0.0723058392978853,0.122623814480564,0.0698137019979352,0.2024059902640131,0.1953684072808449
heartfailure,l1_logistic,rf,5,0.0574868867331434,0.1203257138218322,0.0710567624232101,0.2127038560735886,0.2013296821985273,0.0819448276815067,0.1355469288204759,0.0844482079422599,0.2124572090052921,0.1815964188635325
heartfailure,l1_logistic,rf,6,0.0509648904497363,0.1330828561333046,0.0694202818525526,0.2161860220514732,0.194430256407974,0.0556209946943148,0.1470573218023553,0.0711238557078853,0.215468579470084,0.1857653555241368
heartfailure,l1_logistic,rf,7,0.0561767273244779,0.1065519941103849,0.0704601215151789,0.207783235366109,0.1533004432795856,0.0582018532540244,0.1336699654155277,0.0704700079239764,0.2052639342705997,0.1655371202751337
heartfailure,l1_logistic,rf,8,0.0470416932082252,0.1079836153451782,0.0589858076500779,0.2039427868039325,0.1989963128715226,0.0543329425983081,0.130565928304673,0.069309248894881,0.2163173374173585,0.1898794369908307
heartfailure,l1_logistic,rf,9,0.0548711582764532,0.1379656722447888,0.0746859784804082,0.2110336212611015,0.1799393305729211,0.065410658474336,0.1374198537590908,0.0717439888966519,0.2225142463985152,0.1888684374173786
heartfailure,l1_logistic,rf,10,0.0531961342872452,0.1184053015129265,0.067204234376963,0.2076214326457897,0.1659726613726385,0.0450509680210285,0.1090059750166261,0.0534041223080817,0.2328609418763743,0.198069047151579
heartfailure,l1_logistic,rf,11,0.0486036241347237,0.117939719811822,0.0614703222173549,0.2242676905750839,0.1805893933882053,0.05033309065298,0.1134882913880709,0.0625966370549316,0.2144514727222856,0.1787282323336459
heartfailure,l1_logistic,rf,12,0.0532823947432141,0.1380783536637033,0.0773069350790469,0.2176592431304765,0.1848960714502814,0.0640643069371384,0.1251877958937083,0.0701944314061585,0.2388365991625398,0.1963570479382176
heartfailure,l1_logistic,rf,13,0.050246273254491,0.135382094737188,0.0694660153579327,0.2253447655039227,0.2003991748945467,0.075260404531116,0.1194192721764342,0.0683543989949065,0.2116246137837075,0.1702036320875216
heartfailure,l1_logistic,rf,14,0.050609436148981,0.1245499163606957,0.0716394721687739,0.2173526252816461,0.1876220221252409,0.058616067463109,0.0957315147023898,0.0585429334862628,0.2153483332219499,0.1848175147825355
heartfailure,l1_logistic,rf,15,0.0587421283669016,0.1307181480116741,0.0787405255110404,0.2208225779521325,0.1860282608271777,0.0883858904814954,0.1167025770549959,0.0803597492002887,0.2005355560067812,0.1665131549008497
heartfailure,l1_logistic,rf,16,0.0563320657696912,0.117706533126086,0.0692415052427168,0.2021089719665021,0.1826706499979648,0.0592246052210701,0.1163727853666741,0.0608833787089414,0.213625269138273,0.1818035465705836
heartfailure,l1_logistic,rf,17,0.0579239036913442,0.1390068151204301,0.076726980147282,0.1963501626042145,0.1660837278370177,0.056275779619442,0.1234350891610218,0.0712534846003115,0.201973439886744,0.1812309863571957
heartfailure,l1_logistic,rf,18,0.0618529852210651,0.1215273118426289,0.0728266242054287,0.1987393203834689,0.1607466947444405,0.0906757569398044,0.1069495163612482,0.0732466822774391,0.2043154085222729,0.1560920089432187
heartfailure,l1_logistic,rf,19,0.0600233756039204,0.1218173452374924,0.0745843776090267,0.1862129851259693,0.1821460608444097,0.0659939930338816,0.1414656837095286,0.0730967998885836,0.1972572823695093,0.1869297686732682
heartfailure,l1_logistic,rf,20,0.0475909190045379,0.1095869153739346,0.0630248957876975,0.2208248614303154,0.1864984694783618,0.0513382874242426,0.1270267534069102,0.0661438135073569,0.2143754285100106,0.1912715883512826
heartfailure,l1_logistic,rf,21,0.065220733677119,0.1281059125592444,0.0786434123186638,0.2030268740986382,0.1930677900734071,0.0781399395102917,0.1544848186138057,0.0847279279127565,0.2022577482271713,0.178416822767767
heartfailure,l1_logistic,rf,22,0.0469862305348567,0.1161897774580339,0.0644249711786057,0.2115494913037121,0.1915286896930946,0.0516229076143728,0.1388854075164533,0.0695097599126331,0.2145496458622409,0.1838419670781194
heartfailure,l1_logistic,rf,23,0.0550207454773751,0.1202215863190355,0.0714266596718,0.1920228055023502,0.1647204831006784,0.0658657546784105,0.1260959137329766,0.0714372785414653,0.2266613672795844,0.1768345633568066
heartfailure,l1_logistic,rf,24,0.0492612233089376,0.113926791123096,0.066992972551429,0.2144479318561331,0.1865163441375646,0.0769776256401092,0.1344246989519629,0.0763131280873223,0.1983478804956758,0.1717799809008779
heartfailure,l1_logistic,rf,25,0.0513771076475727,0.1224503506519521,0.0701094061658794,0.2272976542421631,0.1705146567494908,0.0595507668798917,0.1102383746404828,0.0617808185550702,0.2137643536870873,0.1931425520529053
heartfailure,l1_logistic,rf,26,0.0474195674992072,0.106477319902197,0.0608992802189662,0.2125302118810293,0.1769507203254949,0.0472821047181002,0.1405410676663698,0.0652523041880877,0.2116392226178397,0.1704655906974869
heartfailure,l1_logistic,rf,27,0.048185690779363,0.1123379661039059,0.0593626280694397,0.2187382412326421,0.1857217401914591,0.0587876554093663,0.1285525513975999,0.0674076873963038,0.2123971377261186,0.1825537416547331
heartfailure,l1_logistic,rf,28,0.0560455967392035,0.1373834071707795,0.0776071172595877,0.2034717684630831,0.1675314443181884,0.0563499145069177,0.1459706476315951,0.0752544111547979,0.2094202556075085,0.1745647168855171
heartfailure,l1_logistic,rf,29,0.0525939137982321,0.1005525421126152,0.0618377034350296,0.1953785941381586,0.1748190802352,0.0540071093685653,0.124120058648022,0.0665521858010055,0.2078699531721767,0.1989542316694017
wdbc,mutual_info,logistic,0,0.0030686445607401,0.0141078694333704,0.0034843367830657,0.3736263736263737,0.3378817778300085,0.0067027175830369,0.0349216088841628,0.0090699276603429,0.3449514474445221,0.310993289643222
wdbc,mutual_info,logistic,1,0.0040942370971093,0.0163715357343979,0.0046664818916648,0.3714285714285715,0.3326534295748618,0.0063225707894188,0.03609189861197,0.0092203471632937,0.3471244036340988,0.3082447740738148
wdbc,mutual_info,logistic,2,0.0021045497184518,0.0134621071102246,0.0035707451825883,0.3692307692307693,0.3264671415259452,0.006110380245875,0.0284652172303662,0.0081163474610274,0.342740975427956,0.304803030751459
wdbc,mutual_info,logistic,3,0.002161545985933,0.0144065527319522,0.003644232102173,0.3714285714285715,0.3410209077992812,0.0051760327510875,0.0381783639233622,0.0091278794038239,0.3471370734528629,0.3177739060080064
wdbc,mutual_info,logistic,4,0.0027928374576877,0.0153961931432091,0.0041422393490404,0.3736263736263737,0.3362876794261107,0.00594013715786,0.0362940125056829,0.0092339187891386,0.3471824873486923,0.3070596559560771
wdbc,mutual_info,logistic,5,0.0019242337858721,0.016695609865679,0.0038215933479284,0.3714285714285715,0.3408417349105628,0.0063304436699543,0.0383207167119844,0.0095986508633283,0.3449879760129067,0.314649974898373
wdbc,mutual_info,logistic,6,0.0018240250533227,0.0150149707616071,0.0037847813687941,0.3692307692307693,0.3363649641710846,0.0061804268538161,0.0394909091316492,0.0099607845563306,0.3473833944748071,0.3084417288282858
wdbc,mutual_info,logistic,7,0.0031525491845937,0.0163047444841782,0.0046415621242396,0.3714285714285715,0.3339296291086563,0.0065825820223506,0.0329911649488318,0.0091881168976048,0.3405741073331101,0.312011935051878
wdbc,mutual_info,logistic,8,0.0023136103858117,0.0162047523251326,0.0035496121422603,0.3714285714285715,0.3409211397920765,0.0051285681364604,0.0321410794351041,0.0084181385925514,0.3471614258317859,0.318707910705193
wdbc,mutual_info,logistic,9,0.0025482177199163,0.0128367764712006,0.0034341866086,0.3736263736263737,0.3291791348497405,0.0062826029763902,0.038614461086644,0.0094444408876782,0.3493653161243188,0.3089043195091489
wdbc,mutual_info,logistic,10,0.0020398827037582,0.0160335794394676,0.0036808726682042,0.3736263736263737,0.3414255896990695,0.0066990419101736,0.0327911836511468,0.0086729335940244,0.3472649234422087,0.313498326950575
wdbc,mutual_info,logistic,11,0.0029400082273627,0.0151996968721396,0.0038620309026173,0.3714285714285715,0.3325713054356742,0.0060674182530644,0.0362369650243347,0.0086663549435797,0.3449453593497914,0.3117527255914679
wdbc,mutual_info,logistic,12,0.0028364019796276,0.0159091624104048,0.0051899223827466,0.3758241758241759,0.3401005938281112,0.0066856209447785,0.0343964790812163,0.0105008715539086,0.3449514474445221,0.3131786202753979
wdbc,mutual_info,logistic,13,0.0022761582426456,0.0158880125203249,0.0036849657835428,0.378021978021978,0.3401401428827519,0.0063087858857578,0.0368064879505107,0.0094670724252641,0.3427719095309123,0.313741335217455
wdbc,mutual_info,logistic,14,0.002351315083484,0.0124654572519923,0.003194991969001,0.3692307692307693,0.3334497017052418,0.006716513807069,0.0395756903895735,0.010500965568686,0.3473014520105932,0.3157100411640217
wdbc,mutual_info,logistic,15,0.003083389753834,0.0169267099754252,0.0039894119116934,0.3714285714285715,0.3336032162620023,0.0064468071085158,0.0357112598463433,0.0094091674713796,0.3471857782107089,0.3091573445328945
wdbc,mutual_info,logistic,16,0.0021717226655313,0.0190543523261213,0.004237303532301,0.3714285714285715,0.3366819178324587,0.0064718951109359,0.031015755257194,0.0082260691758945,0.3471614258317859,0.3139567497841818
wdbc,mutual_info,logistic,17,0.0024437356303146,0.0146295044310526,0.0033374320111634,0.3670329670329669,0.3369429617092019,0.0064043997789447,0.0346273673585698,0.0094621208363434,0.3471309853581321,0.3107599905214478
wdbc,mutual_info,logistic,18,0.002381063023111,0.0189117863846433,0.0042122402212485,0.3714285714285715,0.3296663493816084,0.0059081625310792,0.0344180723887939,0.0092096290593997,0.34275364524672,0.3065159936982985
wdbc,mutual_info,logistic,19,0.002648894056807,0.0144617710020922,0.0036705413190294,0.3736263736263737,0.3332684375944169,0.0065390268012515,0.0306235635655093,0.0080546219158919,0.3472892758211317,0.3160169788710034
wdbc,mutual_info,logistic,20,0.0023875740068018,0.0172688068530244,0.0038589568264738,0.3692307692307693,0.3402057908949388,0.0063119869711983,0.0352554363245747,0.009586011424428,0.3449514474445221,0.3088299793263125
wdbc,mutual_info,logistic,21,0.0025264766422539,0.0145873314848752,0.0030872563129231,0.3714285714285715,0.3331233094527689,0.0063446300387664,0.0386599690300783,0.0093204985976949,0.3450975617180603,0.3121491203313173
wdbc,mutual_info,logistic,22,0.0029907160386664,0.0170376580382392,0.003880897986296,0.3714285714285715,0.3346732234737576,0.0060818463491982,0.0316704855019989,0.0083977398635397,0.3449575355392529,0.3152674965732843
wdbc,mutual_info,logistic,23,0.0035707311083431,0.0150558637696348,0.0040844844911549,0.3736263736263737,0.3379454663567421,0.0065382006751907,0.0368317541713225,0.0092187993723751,0.3493653161243188,0.3161475711009843
wdbc,mutual_info,logistic,24,0.0029240028815618,0.0195617712849237,0.0047244694316795,0.3714285714285715,0.3343160176205736,0.0061256542614845,0.0271190976085849,0.0073668668486562,0.3471459587803077,0.3078845561637426
wdbc,mutual_info,logistic,25,0.002560108549736,0.020810633111441,0.0045095456018618,0.3736263736263737,0.3387576303902128,0.0065270168700415,0.0348765525593692,0.0091235618366905,0.3537609205199232,0.3137652098571381
wdbc,mutual_info,logistic,26,0.0021837557270458,0.0205853670126665,0.0042746919539328,0.3736263736263737,0.3448766550363134,0.0062839180309067,0.0370542247016772,0.0094800659777979,0.3471553377370551,0.3116724800770672
wdbc,mutual_info,logistic,27,0.0020851592480827,0.0172804879392672,0.0041242113986469,0.378021978021978,0.3361057377159905,0.0056802798089196,0.0386292510223716,0.0100941223199503,0.3449575355392529,0.3111399244483193
wdbc,mutual_info,logistic,28,0.0023600000701221,0.016536878253192,0.0035537475352421,0.3736263736263737,0.3350309434902909,0.0052345326903494,0.0337714252834412,0.0085715617443912,0.3494594347779943,0.3141743838486708
wdbc,mutual_info,logistic,29,0.002352706444754,0.0136131704534531,0.0030017546389757,0.3692307692307693,0.3374508083033939,0.0062536676149456,0.0289604893349841,0.0080842406766172,0.3427719095309123,0.3100851301312644
wdbc,mutual_info,rf,0,0.007479782928995,0.0311252907820733,0.0113712216986755,0.3448775493096822,0.3152640569930142,0.0104579048096297,0.0342123659474965,0.0121360612169992,0.3451097379075218,0.3238282489043243
wdbc,mutual_info,rf,1,0.0076642590597092,0.0314024920558543,0.0118285721731025,0.3469754189975796,0.3143280583434039,0.011298438494517,0.0385455527761838,0.0131988684508272,0.345103649812791,0.3137482333346391
wdbc,mutual_info,rf,2,0.0077834002372182,0.0315580182130224,0.0114438521423773,0.3515117625920949,0.3170205112096951,0.0107966945754875,0.0398250788105655,0.0125405673620004,0.3461817089849607,0.3196193028233428
wdbc,mutual_info,rf,3,0.0056171422377156,0.0279466361504942,0.0097537505454137,0.3469454721532283,0.319296413624469,0.0156729884695559,0.0388204313762363,0.0130720437517092,0.3472101305896319,0.3144357843755343
wdbc,mutual_info,rf,4,0.0080126608430181,0.0326783447439518,0.0122724546542174,0.3468993818024288,0.3205432946518037,0.0117948847448632,0.0416682815313546,0.0144467836857908,0.3362566609104005,0.316075651873134
wdbc,mutual_info,rf,5,0.0046395417558909,0.0250627459824008,0.0083447791495999,0.3446706455016703,0.3282047781812245,0.0104476966435983,0.032543122354859,0.0112470693048458,0.3450245045812912,0.3130522422135931
wdbc,mutual_info,rf,6,0.0059488770985847,0.0314848493493129,0.0106072079923401,0.3401909412989745,0.3201407111519172,0.0160073075599239,0.0416068016640652,0.0140656381955244,0.3494018446927033,0.3064902025865662
wdbc,mutual_info,rf,7,0.0084345417175809,0.0223839914657876,0.0108482064509978,0.3472978137798082,0.3103985424590246,0.0105001365616679,0.0374223727712918,0.012680599375118,0.3429119357097196,0.3187879180097233
wdbc,mutual_info,rf,8,0.0076011816742799,0.0275732873966861,0.0111001339679922,0.3513307468986139,0.320445878808018,0.0101697763620341,0.036173033195418,0.0122370193280485,0.3427901738151045,0.3198135310188776
wdbc,mutual_info,rf,9,0.0045025082552171,0.0269050877136927,0.0086293994926144,0.339496139972522,0.3144658364386417,0.0103438453060778,0.0373634998087309,0.0117022280860666,0.3423106135458536,0.3161917769585307
wdbc,mutual_info,rf,10,0.008311673263971,0.0262244801589365,0.0107328134220953,0.3493734518665266,0.3134653867921925,0.0102024450158244,0.0384652514796735,0.0123812129697755,0.3449818879181759,0.3305555784805929
wdbc,mutual_info,rf,11,0.0067932911656238,0.0344472454951736,0.0126801699437303,0.3382354379584296,0.3114004681801125,0.0092702194914163,0.0439597312441226,0.0127830856348518,0.3516848802167361,0.3222384492234878
wdbc,mutual_info,rf,12,0.0079405268963435,0.0300471462129477,0.0116550143497813,0.3448094467485049,0.3137095145415071,0.010673820102401,0.0359043736040319,0.0123547653727935,0.3407019573224559,0.3004290048083694
wdbc,mutual_info,rf,13,0.0058051412617771,0.0344540341113082,0.0112482666029838,0.3470211436970439,0.3207718262904518,0.0109124948585298,0.0377997373713386,0.0140968704537655,0.3442606682827566,0.3295625668300366
wdbc,mutual_info,rf,14,0.0074690789525078,0.0285021652514821,0.0109418219786805,0.3468545163836022,0.3139062072920991,0.0101667081147012,0.0377447600183212,0.0125856305888514,0.3405862835225715,0.3133980413003915
wdbc,mutual_info,rf,15,0.0106186616388566,0.0318319862540965,0.013178313425286,0.3428544374360102,0.3203226044671668,0.0117647511388516,0.043101897625198,0.0135354859080392,0.3465357512889969,0.3183501428072337
wdbc,mutual_info,rf,16,0.0082351050855322,0.0316434731051263,0.0116947804803111,0.344812390241753,0.3167143213740531,0.0109764985211475,0.0335112969430805,0.0118093513059967,0.3427901738151045,0.3263035461108899
wdbc,mutual_info,rf,17,0.0054738077164934,0.0348881180105016,0.011324022347146,0.3470654240737342,0.3218151272471257,0.0113253155366018,0.0441685200713605,0.0134725447604839,0.3405708164710934,0.3220052085018072
wdbc,mutual_info,rf,18,0.0043175334303529,0.0325558884688668,0.0093386367260013,0.3447701757951065,0.3255345679209514,0.0103955613101873,0.0333222201963715,0.0114566436468765,0.345006240297099,0.3242350097777414
wdbc,mutual_info,rf,19,0.0072047876282556,0.0318208156777313,0.0114655407625415,0.3448282046619996,0.3120403994785075,0.0102539854976744,0.0398457177549257,0.0137842916437678,0.3397465928545538,0.3218683589067319
wdbc,mutual_info,rf,20,0.0084780956675929,0.0356039640926711,0.013076399665434,0.3493441814771454,0.3182013116461403,0.0113839085432981,0.041402570251021,0.0136775209937649,0.3515570302273902,0.3209877329905029
wdbc,mutual_info,rf,21,0.0046152114318379,0.0269612608880628,0.0091751389629598,0.3490648055745008,0.3178035405960429,0.0105953539004123,0.0405509944926962,0.0133518028697213,0.34275364524672,0.3255220366462634
wdbc,mutual_info,rf,22,0.0078425220754387,0.0331834352430434,0.0118129510371775,0.344878627981121,0.3150032180173632,0.0110155667320884,0.0485763864747488,0.0149802857974472,0.3471675139265167,0.3159112651152889
wdbc,mutual_info,rf,23,0.007415687480584,0.0255595710355381,0.0099454262500239,0.3425706550360289,0.3198408530631119,0.0110266732692006,0.0361426881827612,0.012149875056088,0.3428084380992968,0.3112471470855393
wdbc,mutual_info,rf,24,0.0078091374376419,0.0371779907043335,0.0135611834407452,0.3403850290276882,0.3175767020862439,0.0113917419411864,0.0433645648955392,0.014863596502797,0.3398927071280919,0.3144415307722121
wdbc,mutual_info,rf,25,0.0045198607325246,0.0192111319597073,0.0079373422194794,0.3468724150164592,0.312121024560221,0.010392682556848,0.034839832982687,0.0128445730232876,0.3451280021917141,0.3124112728043493
wdbc,mutual_info,rf,26,0.0078464399737786,0.0253546095817385,0.0101351309869187,0.3447493336690012,0.3197600833679508,0.0111617851003687,0.0396299121460838,0.0129044886872351,0.3484464802248012,0.3257094521080325
wdbc,mutual_info,rf,27,0.0080608819672962,0.0299122430672228,0.0110992801436542,0.3447118178420116,0.3220488512869658,0.0103663946344094,0.0357444406462873,0.0114741341722533,0.3450455660981976,0.3190223565300528
wdbc,mutual_info,rf,28,0.0049030711622605,0.0293691614300441,0.0089480316975966,0.3427564973271344,0.3206448848388334,0.0114452143456661,0.0409631634235048,0.0131720798649265,0.3429058476149888,0.3115374067749208
wdbc,mutual_info,rf,29,0.0057324301786123,0.0298495681468596,0.0102401292236696,0.3469466422375009,0.313506977601916,0.0107347412231493,0.0348468630705997,0.0131081011915969,0.3428814952360658,0.3106583593241268
wdbc,rf_importance,logistic,0,0.0022250838038121,0.0119687377590924,0.0033003670009337,0.3736263736263737,0.3446923003216891,0.0050405566337815,0.0332062886309239,0.0081967461016592,0.3493714042190496,0.320461950718768
wdbc,rf_importance,logistic,1,0.0026520887705581,0.0194500435640641,0.0041405403860951,0.3670329670329669,0.3409155719443449,0.0058615223630692,0.0304982406013152,0.0076967186285302,0.3427658214361815,0.3143819321095882
wdbc,rf_importance,logistic,2,0.0030784047568273,0.0138110962668941,0.0031632915962397,0.3736263736263737,0.3335781500647312,0.0054238855875729,0.0298220037619595,0.0070911049631658,0.34275364524672,0.3149592126302587
wdbc,rf_importance,logistic,3,0.0018284013774386,0.016622306212593,0.0038378233189415,0.3714285714285715,0.3402969929203736,0.0061891773090446,0.0391571641541274,0.0103981194254833,0.3427597333414507,0.3075855890209624
wdbc,rf_importance,logistic,4,0.0028515674628188,0.0207393283936605,0.0048025379109078,0.3692307692307693,0.3293110808681632,0.0050333556529166,0.0367117510276969,0.0090641305754034,0.3493957565979726,0.3159975129257865
wdbc,rf_importance,logistic,5,0.0022906985350894,0.0169114667672873,0.0043499612116603,0.3714285714285715,0.3339058107047778,0.0064363078882811,0.0344921303220804,0.0094099763174821,0.3449818879181759,0.3086923234780214
wdbc,rf_importance,logistic,6,0.0031842731750656,0.0155323083700837,0.0042020978353674,0.3758241758241759,0.334309718050549,0.0064017329707622,0.0377785807582015,0.0095029727486698,0.3493896685032418,0.3100415465556583
wdbc,rf_importance,logistic,7,0.0017734338824217,0.0135423328067601,0.003401321083826,0.3714285714285715,0.3384421570656595,0.0061237716987255,0.0347876169821047,0.0094170167272756,0.349322205831901,0.3138755518944174
wdbc,rf_importance,logistic,8,0.0022713269736382,0.0156839169834203,0.0035167308859909,0.3648351648351647,0.3404522511583236,0.0047059836038592,0.0314093307915289,0.0074961023168825,0.3494809899242032,0.3147689541711185
wdbc,rf_importance,logistic,9,0.0026260406537995,0.0145650238199285,0.0034067587078108,0.3670329670329669,0.3369604060049115,0.0060572257921546,0.0335169555316718,0.0087283425424334,0.3449514474445221,0.3130039800831124
wdbc,rf_importance,logistic,10,0.0023380809565452,0.0187701453891238,0.0043047550052098,0.3692307692307693,0.3359333598369621,0.0062942670552961,0.028543987989667,0.0075753942061865,0.3516970564061976,0.3127406045803735
wdbc,rf_importance,logistic,11,0.0031120566686776,0.0143462924486584,0.0034837722075841,0.3714285714285715,0.3343071942104255,0.0077033007480749,0.03687150868465,0.0092940236396699,0.3450760065718514,0.3126353802483149
wdbc,rf_importance,logistic,12,0.0019643090933211,0.01445815063263,0.0033546494423551,0.3714285714285715,0.3379185092001682,0.0059164771624756,0.032655213906854,0.0078841073317455,0.3449542446772363,0.3113902675457637
wdbc,rf_importance,logistic,13,0.0030723413170011,0.0210524485315783,0.0044104422475641,0.3692307692307693,0.343246431112313,0.0064599467478984,0.0340671564514403,0.0086064836243899,0.3427901738151045,0.311802075947503
wdbc,rf_importance,logistic,14,0.0028498181948077,0.0236837533117774,0.0049945670843566,0.378021978021978,0.3376156788919883,0.0074469084946784,0.0426002259381989,0.0105011534653687,0.3471736020212474,0.3106227691018181
wdbc,rf_importance,logistic,15,0.0021244907742416,0.0167745666518683,0.0039873386809123,0.3670329670329669,0.3292775415217456,0.0048272107439277,0.0265500625505885,0.0069901459678354,0.3515752945115825,0.3139992516113185
wdbc,rf_importance,logistic,16,0.0027282699999461,0.0145066444146739,0.0040484146442403,0.3714285714285715,0.3354548988098834,0.0068986332129689,0.037951187101005,0.0099745645750537,0.3471736020212474,0.3097445491597486
wdbc,rf_importance,logistic,17,0.00231642643072,0.0156549722348674,0.0037483886274965,0.3692307692307693,0.3401137097244281,0.0064837609520343,0.0366566731184798,0.0094506828435694,0.3493653161243188,0.3114997560777852
wdbc,rf_importance,logistic,18,0.0022988880788286,0.0161882456507571,0.0039593364933518,0.3692307692307693,0.3385510829274263,0.0059684544542523,0.0357104713149224,0.0086830956619577,0.3471796901159781,0.311196961924142
wdbc,rf_importance,logistic,19,0.0030362330153593,0.0156543711078315,0.0040163372047083,0.3692307692307693,0.3330097377310014,0.0050332107680176,0.0311355686706048,0.0078311990169436,0.3471553377370551,0.3139214327448378
wdbc,rf_importance,logistic,20,0.0032512630727181,0.0194685959374276,0.0042745562197404,0.3758241758241759,0.3342429015013691,0.0064863080660618,0.030483262653913,0.0080274118852181,0.3493592280295881,0.3110524643067419
wdbc,rf_importance,logistic,21,0.0022252336294395,0.0125285165668799,0.00312738774487,0.3736263736263737,0.3434912308543478,0.0063183354511165,0.0292438014072152,0.0082758946867659,0.3493835804085111,0.3143394564990822
wdbc,rf_importance,logistic,22,0.0020592733016481,0.0169744090639478,0.0043192821966397,0.3692307692307693,0.3292432744193265,0.006262499036883,0.038236626687832,0.0100028507016816,0.3515752945115825,0.3086520455309017
wdbc,rf_importance,logistic,23,0.0020508956498578,0.0177387811055135,0.0042189179740571,0.378021978021978,0.3390771996845507,0.0061731436641481,0.0323673538301383,0.0092684970131324,0.3515692064168518,0.3115525265870022
wdbc,rf_importance,logistic,24,0.0021985743286769,0.01277506940166,0.0035556343137509,0.3714285714285715,0.3435176662139857,0.0046394952983222,0.0301305304983543,0.0080467492433416,0.3450914736233295,0.3210936533348243
wdbc,rf_importance,logistic,25,0.0020246148357513,0.0176452625944735,0.0042941573558452,0.378021978021978,0.3424438289857667,0.0058352972536139,0.0291701061772666,0.0081462652247233,0.3471614258317859,0.3122626783443979
wdbc,rf_importance,logistic,26,0.0024671796064186,0.0143879419358226,0.0029853148740291,0.3802197802197802,0.3389251729253838,0.0043193620503761,0.0346118352589919,0.0083744745398262,0.3450671212444065,0.3254492182955496
wdbc,rf_importance,logistic,27,0.0021905171314064,0.0155247106590592,0.0039384329077262,0.3758241758241759,0.3324250152789541,0.0048282226322171,0.0345108026889966,0.0082956462585008,0.3449879760129067,0.3197495129025974
wdbc,rf_importance,logistic,28,0.0020632615399314,0.0162768347792405,0.003655814489203,0.3736263736263737,0.3408720545170668,0.0060240978208075,0.0438530048750614,0.0111272569470435,0.3451855922770049,0.3099413339783192
wdbc,rf_importance,logistic,29,0.0037705184302092,0.0155365459111981,0.0044760558408688,0.3714285714285715,0.3373538901085636,0.0075713287252144,0.0398393644994379,0.0102097129684539,0.3450671212444065,0.309927534648344
wdbc,rf_importance,rf,0,0.0043113321953801,0.0299371540001092,0.0088525805387234,0.3494121377777887,0.3120651352210462,0.0099315565611441,0.0366119624031994,0.0121345197779296,0.3474110377157468,0.320560771583821
wdbc,rf_importance,rf,1,0.0081612677462165,0.0289147846033646,0.0118449219017797,0.3449836978922851,0.3207675033598781,0.011184986218645,0.042629425513263,0.0140179175305098,0.347307540105324,0.3203953590552151
wdbc,rf_importance,rf,2,0.0088610798310537,0.0320020912828853,0.012530068558402,0.3472702440678833,0.3244130976348794,0.0124664695944779,0.0390087543186236,0.0137773662584852,0.3443562133753869,0.3121180852716978
wdbc,rf_importance,rf,3,0.0075842669995851,0.0264586990767058,0.0106600647582887,0.3513897813066787,0.3153966619845242,0.0082698131081525,0.0322124210135432,0.0102885033141719,0.3474138349484609,0.3183122211267266
wdbc,rf_importance,rf,4,0.0084540663616769,0.0279928751238118,0.0110568215359517,0.3468672776152,0.3159806219923303,0.0094979757905007,0.0386984083956626,0.0117430229291171,0.3418038752442461,0.3169836923587376
wdbc,rf_importance,rf,5,0.0090318324969267,0.0325216551868975,0.0130495351341314,0.3424662615798349,0.319698316013551,0.011190669992045,0.0399807157444853,0.0135844264257606,0.3471979544001704,0.309674187759191
wdbc,rf_importance,rf,6,0.0050465546357787,0.0294637356572329,0.0093289997550528,0.334042185011714,0.3041165641650699,0.0147405781444863,0.0382402875106801,0.0128063601881772,0.3428388785729505,0.3162827909396596
wdbc,rf_importance,rf,7,0.0045113384742376,0.0292964443836273,0.0092232585388575,0.3515258401684993,0.3191883686712491,0.0105732904302394,0.0357067673465674,0.011931055901792,0.3451219140969833,0.3205446722896077
wdbc,rf_importance,rf,8,0.0073837015938814,0.0296268161747109,0.0109009164733882,0.3513141097628632,0.3222520788355117,0.0101426489923109,0.041003901257245,0.0127483074572187,0.3516970564061976,0.3128193035392354
wdbc,rf_importance,rf,9,0.0070553375986789,0.0304669935557248,0.0111958828849323,0.3425928500720744,0.3202863028025103,0.0085289803543905,0.0363624668357418,0.0108345403999975,0.3494992542083954,0.3199489928893282
wdbc,rf_importance,rf,10,0.0056224651030094,0.0345541211924238,0.0113148589609726,0.3447549281344294,0.3129235354812129,0.0107814095779462,0.0452766409067159,0.0142893307241942,0.3430458737937962,0.3180574812614055
wdbc,rf_importance,rf,11,0.0079720593982769,0.0281439541055304,0.0113640617625658,0.34518263050119,0.3129703241152409,0.0091475106723144,0.0422750491383403,0.0125104475605945,0.3517214087851206,0.316841031186623
wdbc,rf_importance,rf,12,0.0053108315611832,0.0225721044479825,0.0079283141996488,0.3424688759868814,0.3235436885528053,0.0108434155334714,0.0397734957482277,0.0127513447681179,0.3441848139132734,0.3201642263785866
wdbc,rf_importance,rf,13,0.013691514248264,0.0277322828025209,0.0137371018385873,0.3447392782572837,0.3192283737339075,0.0108333870778843,0.0344409125186719,0.0117421896584256,0.3397587690440153,0.3121684709499868
wdbc,rf_importance,rf,14,0.0057318995899257,0.0271656586403044,0.0091412541650542,0.3382434274401033,0.3131222249860669,0.0109034357522861,0.0457139955890362,0.0138741405344927,0.3385102432193844,0.3169346240438598
wdbc,rf_importance,rf,15,0.0083546222645605,0.0290749438349237,0.0115764434761076,0.3449307150138174,0.3217300467118436,0.0105976697100418,0.0410727921315992,0.0132067358911082,0.3484099516564167,0.3151432823808864
wdbc,rf_importance,rf,16,0.0083188729557607,0.0285001470512354,0.0109940793666587,0.35354054246021,0.3101918788923025,0.0112615167608125,0.0359686069174607,0.0120122782462071,0.345006240297099,0.3113834217107956
wdbc,rf_importance,rf,17,0.0076852133673377,0.0284315978369567,0.0116213430009197,0.3491806073523524,0.3105304559277224,0.0104804438260424,0.0330212082144443,0.0121870527391394,0.3494749018294724,0.3175988399708779
wdbc,rf_importance,rf,18,0.0073567333440265,0.0324855191940647,0.0119105300509912,0.3471093936467897,0.3205258584556448,0.0096874330876348,0.0399161687027608,0.0117733965354961,0.3516057349852363,0.3241384109085083
wdbc,rf_importance,rf,19,0.0080236642902456,0.0306788126739599,0.0121554457047226,0.3517424337368935,0.3192875207737338,0.0093855951582366,0.0376976017426525,0.0119259416491288,0.3472953639158624,0.3174168009934101
wdbc,rf_importance,rf,20,0.0085187996721795,0.0289639919031265,0.011542722248489,0.3534773213443573,0.3150349506904608,0.0107226495924774,0.0414835870896351,0.0137345177906984,0.3385285075035767,0.3101525433732278
wdbc,rf_importance,rf,21,0.0070394996825846,0.0262720957890035,0.0103014244901994,0.3407218121899562,0.3220800556584273,0.0099152023411056,0.0353989590523261,0.0124081637986599,0.3450123283918297,0.317228171046197
wdbc,rf_importance,rf,22,0.0079015422423082,0.0264888012665999,0.0108005787507916,0.3490325185616044,0.3183030402136466,0.007453988570781,0.0342268433635719,0.0100695356790657,0.3451219140969833,0.3145521675770308
wdbc,rf_importance,rf,23,0.0046200527266877,0.0309418486457513,0.0097580726390195,0.3537283227033919,0.3162617917479287,0.0098548999672439,0.0369753981510345,0.0123925982521601,0.3507356038435648,0.3184180302041507
wdbc,rf_importance,rf,24,0.0086952651866744,0.0257484590127948,0.0115174348181552,0.3448061558864882,0.3126116600724878,0.0061835300455668,0.0433190453831498,0.009609601123465,0.3451097379075218,0.3104442151604879
wdbc,rf_importance,rf,25,0.0085795304450605,0.0352593652163682,0.0133078855887808,0.3424621114371806,0.3123662666274647,0.0117149926274057,0.0465858617957263,0.0150004428710279,0.3407019573224559,0.3077085897370755
wdbc,rf_importance,rf,26,0.0075522432603021,0.0340037643569194,0.011823279919522,0.3536255015479391,0.314238163608894,0.0104081233240053,0.0407516921984563,0.0134099158679311,0.3462425899322683,0.3168031179289053
wdbc,rf_importance,rf,27,0.0073012699030042,0.0277169515845016,0.0108390494684301,0.3492202988047863,0.3266878574037761,0.0083087425439979,0.0434871892329796,0.0123718102818156,0.3404939748430052,0.3199413106768571
wdbc,rf_importance,rf,28,0.0074175812235087,0.0258241221429343,0.0103271410612944,0.3492032960177004,0.3119451359339297,0.0101487803834621,0.0397108839743052,0.0132488948311807,0.3428145261940275,0.3286700686462567
wdbc,rf_importance,rf,29,0.0043738034850736,0.0227175130316492,0.0079106385210684,0.3468814831695717,0.3172566989360993,0.01033648484657,0.0385576370679714,0.0127901466280306,0.3472040424949011,0.3153430482040695
wdbc,l1_logistic,logistic,0,0.0026740435786737,0.0179057083153233,0.0037906916595379,0.3736263736263737,0.339095209942676,0.003079351201936,0.0283604839458899,0.0060319135913007,0.3648351648351647,0.3430635284573759
wdbc,l1_logistic,logistic,1,0.0025999258763009,0.0128977589155056,0.0031735580867127,0.3758241758241759,0.3401872396106021,0.0027562766506076,0.0193892961175642,0.0044260307543971,0.3692307692307693,0.3396775949468501
wdbc,l1_logistic,logistic,2,0.0024110432953909,0.0157362880503601,0.003948312369873,0.3670329670329669,0.3370901552930019,0.0027136996458617,0.0253096995568695,0.0056075302754837,0.3648351648351647,0.3420061964675318
wdbc,l1_logistic,logistic,3,0.0027800086049001,0.0187693753449535,0.0043781536351493,0.3736263736263737,0.3385664819098236,0.0028107730183299,0.0230746181112079,0.0054086444268517,0.3626373626373625,0.3402125403867738
wdbc,l1_logistic,logistic,4,0.0024194663660136,0.0190574834485571,0.0042028574279506,0.3714285714285715,0.3409515416574258,0.0022673733490773,0.0206573529167721,0.0046429315336046,0.3692307692307693,0.3433456374274631
wdbc,l1_logistic,logistic,5,0.0022519794978518,0.0159997227624214,0.0038939076337177,0.3736263736263737,0.3452644292403859,0.002740552809942,0.0168407965238538,0.004319759469425,0.3714285714285715,0.3391673009278028
wdbc,l1_logistic,logistic,6,0.0026462119026427,0.0173706327334895,0.0042098864555241,0.3736263736263737,0.3379159734590747,0.002329748095232,0.0193413085455831,0.0045246568766841,0.3648351648351647,0.3471832425475349
wdbc,l1_logistic,logistic,7,0.0021891274375501,0.0166991907219611,0.0037765952723824,0.3692307692307693,0.3288743761016684,0.0025126408792911,0.0210294485096448,0.0045307132363868,0.3670329670329669,0.3426292941558872
wdbc,l1_logistic,logistic,8,0.0023156985255097,0.0170965034334302,0.0038639273850401,0.378021978021978,0.340404856620879,0.0025920772194274,0.0204495743954969,0.0049905479639045,0.3670329670329669,0.3451156799140406
wdbc,l1_logistic,logistic,9,0.0028161223668048,0.0199903383939779,0.0046223853795687,0.3736263736263737,0.3374999907778123,0.0024574827539359,0.0215737878851781,0.0051952356864961,0.3692307692307693,0.3405710365629198
wdbc,l1_logistic,logistic,10,0.0035262530739946,0.0161049498329537,0.004078435571578,0.378021978021978,0.33623079463704,0.0051052157195098,0.0238012583410898,0.0057386605304433,0.3714285714285715,0.3406007300362373
wdbc,l1_logistic,logistic,11,0.0035892673876923,0.0148250714557935,0.0043577435982943,0.3692307692307693,0.341107073139276,0.0060722825565857,0.0223144297132834,0.0065819453011695,0.3714285714285715,0.3383135241295787
wdbc,l1_logistic,logistic,12,0.001909329914574,0.0131291583916959,0.0031857132265743,0.3692307692307693,0.3395013441805246,0.0023238830612247,0.0175036814922412,0.0043397503792724,0.3670329670329669,0.3484675730102863
wdbc,l1_logistic,logistic,13,0.0022673900892373,0.0145709477233888,0.0037177308100479,0.3758241758241759,0.341186734788354,0.0025325083413722,0.0207734828545128,0.0051496934394743,0.3670329670329669,0.349362488610221
wdbc,l1_logistic,logistic,14,0.0025903019091357,0.0172236801420402,0.0040758927580586,0.3758241758241759,0.3380546295743998,0.0025019921992726,0.024334402119843,0.0056380361805113,0.3714285714285715,0.3389223599110269
wdbc,l1_logistic,logistic,15,0.0023749958767837,0.0158934229769194,0.0041701826879008,0.3758241758241759,0.3443877644541567,0.003321574992919,0.0256928287757302,0.0065128267693676,0.3714285714285715,0.3386032828418377
wdbc,l1_logistic,logistic,16,0.0021525626377347,0.0164534741760528,0.0038316220583304,0.3692307692307693,0.3402021992592169,0.0025082331497083,0.0234323994454635,0.0056986553552624,0.3648351648351647,0.3384855498024823
wdbc,l1_logistic,logistic,17,0.0023355000470108,0.0126493476723997,0.0034204983595747,0.3736263736263737,0.3404243473737182,0.0031454149856142,0.0242594269692003,0.0060972884733993,0.3692307692307693,0.3480949935707302
wdbc,l1_logistic,logistic,18,0.0024647925004893,0.0152189087787127,0.0034798142839155,0.3802197802197802,0.3338479820065543,0.0024324739920182,0.018582508899839,0.0041605411725256,0.3714285714285715,0.3373196593713469
wdbc,l1_logistic,logistic,19,0.0025578966943474,0.0133160702600628,0.0035036429131082,0.3736263736263737,0.3306212495570967,0.0023984275789796,0.0175497006589045,0.0043043913755478,0.3692307692307693,0.3437533065524411
wdbc,l1_logistic,logistic,20,0.002847130174859,0.0176029571784243,0.0043434464069402,0.378021978021978,0.3390144559285531,0.0031077992670969,0.0277489896869023,0.0066412803831667,0.3714285714285715,0.33777804653918
wdbc,l1_logistic,logistic,21,0.0021885370867636,0.0148559197544092,0.0034758604454296,0.3758241758241759,0.3342570228748024,0.0025365043237402,0.0216606462530389,0.0049275868876765,0.3736263736263737,0.3435122382317125
wdbc,l1_logistic,logistic,22,0.0024718431392311,0.014243915858017,0.0036018808540926,0.3758241758241759,0.3405451610241085,0.0028138283659278,0.0198190525038111,0.0050733193501159,0.3692307692307693,0.3442551920388006
wdbc,l1_logistic,logistic,23,0.002561130401608,0.0187270857755629,0.0044313394906624,0.3692307692307693,0.3430577783805377,0.0027505647652913,0.0220316497829205,0.0051260131175716,0.3648351648351647,0.3423237947316259
wdbc,l1_logistic,logistic,24,0.0024445800546955,0.0170732447380492,0.004067435356221,0.378021978021978,0.3348102595581379,0.0029210629232238,0.0201538880824485,0.0048506840220027,0.3736263736263737,0.3409616895272336
wdbc,l1_logistic,logistic,25,0.0025176146383931,0.0137950097231422,0.0031265244167728,0.3736263736263737,0.3299404125605842,0.0029248604555299,0.0187798011591953,0.0043632284952629,0.3692307692307693,0.3360688606052492
wdbc,l1_logistic,logistic,26,0.0022672657787605,0.0194066568078642,0.0045677646796078,0.3736263736263737,0.3345822591920631,0.0025182886986421,0.0240652182841441,0.0058515386668835,0.3736263736263737,0.3370080591392966
wdbc,l1_logistic,logistic,27,0.0022205650313107,0.0160838233546337,0.0037033426468807,0.3714285714285715,0.3407256341163637,0.0023241958477845,0.0184065247580138,0.0042190107478854,0.3648351648351647,0.3437505270761701
wdbc,l1_logistic,logistic,28,0.0023517910564393,0.0226191519544892,0.0049920120602357,0.3758241758241759,0.3381911932447802,0.0026199438304454,0.0206343282730072,0.005001288629986,0.3736263736263737,0.3403427281094219
wdbc,l1_logistic,logistic,29,0.0021995480311974,0.0175470592535677,0.0038337621263765,0.3692307692307693,0.3388647407982399,0.0029489381520428,0.0197140921454809,0.0043177182508966,0.3670329670329669,0.3359317847960817
wdbc,l1_logistic,rf,0,0.007717136279548,0.0286624618109164,0.0108167177225799,0.3447205203437889,0.3208071364132733,0.0039751298021911,0.0279009483207188,0.0073730479736098,0.3398102710345755,0.3177545295957511
wdbc,l1_logistic,rf,1,0.0046895388745866,0.0326448018533773,0.0103917697230155,0.3447560616535685,0.3162204544911523,0.0038828343438514,0.0283177561333529,0.008404215313399,0.3449453593497914,0.3103349552876924
wdbc,l1_logistic,rf,2,0.0079843239589178,0.0314429180217208,0.0115439366921819,0.3493433221965077,0.3222510898621428,0.0035217821714299,0.0294084841142263,0.0077623323164012,0.3603388600618517,0.3318918559782866
wdbc,l1_logistic,rf,3,0.0039964438904943,0.0213796364731211,0.0074122978638312,0.3493030457019376,0.3210150945779655,0.0034931545563696,0.0218538857581045,0.0066570630364624,0.3537515415631759,0.3249075893592624
wdbc,l1_logistic,rf,4,0.0079197083713053,0.0310708562253061,0.011537250499443,0.3448436717134777,0.3152615567273817,0.0028942744327748,0.0292797473829631,0.0074394499626932,0.3516727040272746,0.3218541714814141
wdbc,l1_logistic,rf,5,0.0040019625521146,0.026198325895284,0.0079544480071512,0.3492542129661242,0.3250776595702607,0.0059726800886763,0.0202251590084349,0.0077158057008211,0.3537393653737143,0.3247936345369162
wdbc,l1_logistic,rf,6,0.0076321165654677,0.035559871199383,0.0124866217879308,0.3450619472780137,0.3240265395729486,0.0040782342283736,0.0304948231943739,0.0086208374269191,0.3536995459433132,0.3167296007333277
wdbc,l1_logistic,rf,7,0.0075868539397753,0.0314294245948899,0.0113304347617196,0.3426512445903027,0.3183985225201248,0.0077535970395455,0.025121131088558,0.0099093636536039,0.3558912600463846,0.3204970095105037
wdbc,l1_logistic,rf,8,0.0082236820740411,0.0291793617710194,0.0119775891263989,0.349128977383825,0.3204085595217397,0.0076426453295601,0.0318499703123539,0.0114548095969191,0.351645060786335,0.3310127811233833
wdbc,l1_logistic,rf,9,0.0076800508374088,0.0251062077242488,0.0106135984112903,0.3513300704436438,0.3214434143347107,0.0036167340772647,0.02439555413478,0.0067354753027533,0.3493714042190496,0.319714579607006
wdbc,l1_logistic,rf,10,0.0083056622900013,0.031107787149898,0.0117710397875517,0.3536213148401513,0.3122548449891973,0.012675936883868,0.027294762534617,0.0099472508861041,0.3669678079650377,0.3146247486716915
wdbc,l1_logistic,rf,11,0.0075624124147581,0.0291756556600693,0.0109861885371329,0.3535753159021856,0.3157546719867225,0.0043886780579989,0.0361594393425082,0.008950999901496,0.353767008614654,0.3204992502207762
wdbc,l1_logistic,rf,12,0.007041211868577,0.0341248097449221,0.0112209338228407,0.3557710887350776,0.3207436823607308,0.0147489849446036,0.0348833802779943,0.0139443669444437,0.351490061185352,0.3174676707232002
wdbc,l1_logistic,rf,13,0.0042764332292121,0.0346932502258047,0.0095106829619191,0.3513226294389729,0.3158317015296921,0.0047655003027539,0.0199724596781503,0.0064284638049669,0.3559526346229946,0.3175848261126907
wdbc,l1_logistic,rf,14,0.0078737268117202,0.0307705464799899,0.0111345194603648,0.3526053802285766,0.3094018399494996,0.0055248647921382,0.0311805779579144,0.0083315500374857,0.3493100296424395,0.3197105791095289
wdbc,l1_logistic,rf,15,0.0048722863896652,0.0281757739195684,0.0093307585441554,0.3447156571810311,0.3168385318238911,0.005526289897531,0.0306100591820389,0.0096615027695544,0.3493001570563896,0.3177130870537323
wdbc,l1_logistic,rf,16,0.0079335873727465,0.0292278263618401,0.0116816049192133,0.3468839147509507,0.3148338935636089,0.0040217582161179,0.024974630968435,0.0077537613124183,0.3582197094662468,0.3203178513178225
wdbc,l1_logistic,rf,17,0.0048055776156605,0.0329006757856238,0.0111131738746105,0.3513415701781353,0.318157456994702,0.0071425173608584,0.0364294016324417,0.0117364187080384,0.3538672153630602,0.3144609213044583
wdbc,l1_logistic,rf,18,0.0075262324080006,0.0307687959898183,0.0113829072081043,0.3492701736469049,0.3248909321421433,0.0041154458666701,0.0353829269742799,0.0092653603289951,0.3472527472527472,0.3191895627142802
wdbc,l1_logistic,rf,19,0.0045645345174158,0.0268857213839401,0.0088474388753495,0.3470621332117176,0.3136819897362694,0.0044068671912732,0.0271850819816684,0.0074506238641449,0.358153234053511,0.3160564838242807
wdbc,l1_logistic,rf,20,0.0079996075432234,0.0330997483700062,0.0121551356837184,0.3470503592387248,0.3155603472223321,0.0038488991811094,0.0285229157046935,0.0072737861854162,0.3493957565979726,0.3137829048813241
wdbc,l1_logistic,rf,21,0.0046741969797576,0.0278019842804568,0.0091060210799722,0.3426720318687077,0.3099760669128851,0.0037691112146668,0.0322673270794392,0.0081207684926568,0.3492664257207193,0.3212059838352468
wdbc,l1_logistic,rf,22,0.0076899716135063,0.0295155977333216,0.0109780159936182,0.3449911023318225,0.3142606518132372,0.0050627588226595,0.03581336016941,0.0103995672525133,0.3471318080736362,0.3158869922887216
wdbc,l1_logistic,rf,23,0.0046705894120222,0.027607375653801,0.0088061569076786,0.3453494406402993,0.3173080663319282,0.0062461638171079,0.028259474846141,0.0087205664577895,0.3493742014517637,0.3253527949852288
wdbc,l1_logistic,rf,24,0.0085570179204966,0.0267070431143436,0.0117041347873042,0.3425551879845508,0.315950269536726,0.0122032664933998,0.0221470061617416,0.0094030286299045,0.3537023431760273,0.329131186473699
wdbc,l1_logistic,rf,25,0.0072651359218483,0.0255490522894018,0.0105387137052605,0.336020139344239,0.3184220204236715,0.0047682130349063,0.0321320473867736,0.0094591335958347,0.3603233930103735,0.3152820927011349
wdbc,l1_logistic,rf,26,0.0077615870855204,0.0281538155595593,0.0112773007293446,0.3381656716836771,0.3175258810481836,0.0033979097858048,0.0209285565598997,0.0059798090692872,0.3583597356450541,0.3218486621913961
wdbc,l1_logistic,rf,27,0.0075837561395054,0.0310752009275651,0.0113476409742421,0.342423242700251,0.3175928168071146,0.004633703063308,0.0285692746799063,0.0082395684986915,0.3605884719458126,0.3149204772789911
wdbc,l1_logistic,rf,28,0.0075762343413147,0.0309254034383732,0.0114905039180685,0.349262421838599,0.3216916214442473,0.0042426118717224,0.0352390342553813,0.0092105569272429,0.3582600225259504,0.3235962556593845
wdbc,l1_logistic,rf,29,0.0081171375237963,0.0268692096742377,0.0103802532803695,0.3471934934538812,0.3136518997584525,0.005186164884755,0.026992342462097,0.0078971517432755,0.3473745091473623,0.3207424306568056
statlogheart,mutual_info,logistic,0,0.0868435755639657,0.1167940789387078,0.0930079272520612,0.365578613919827,0.3605740149718634,0.1419421241224566,0.1365800708735398,0.1191440659232358,0.3178703690292867,0.3120557432811026
statlogheart,mutual_info,logistic,1,0.0733467923760923,0.1128963746769719,0.0803863922489299,0.3771935589062927,0.3484878646472915,0.108925516390256,0.1255508446783886,0.0958259521194381,0.3140311383111777,0.3165549033888998
statlogheart,mutual_info,logistic,2,0.0819462770651281,0.1149916528150919,0.0854966136521864,0.3576259059063834,0.361452633352014,0.1504308583861937,0.1164489231564683,0.0990775538582107,0.3409066836627043,0.3109872634336107
statlogheart,mutual_info,logistic,3,0.0723554905863759,0.1034846646874691,0.081099920535863,0.3636486946885757,0.3515807091121079,0.1329293951491703,0.1286521604080579,0.1012546233937162,0.312925962311372,0.3237791733801796
statlogheart,mutual_info,logistic,4,0.0872263597514736,0.1134625311346543,0.0931654370369874,0.3601680696247804,0.3536010476536373,0.1384147400269395,0.1332972473807606,0.1073129420502663,0.3501450507245987,0.3184727588093217
statlogheart,mutual_info,logistic,5,0.0784755972461852,0.1125187237238318,0.0833209497778536,0.3729711282013934,0.3539046214573632,0.1423769967457904,0.1341332533885412,0.1157061149272232,0.3143111479744824,0.3139594699317002
statlogheart,mutual_info,logistic,6,0.0746851930138063,0.113566205542094,0.0822996107490584,0.3610084172919398,0.3668211969678006,0.1222567221845962,0.1138343315673387,0.0975276625687386,0.3288750523526473,0.3136361143657888
statlogheart,mutual_info,logistic,7,0.0764629774119875,0.1065173149034608,0.0798575538095646,0.3621953398576046,0.3338846544880729,0.1238821085986342,0.1444152317143831,0.1043667383588113,0.3093904465828425,0.2915031491604151
statlogheart,mutual_info,logistic,8,0.0780325133446715,0.1116140495080969,0.0812464624170814,0.3755338928558396,0.3528912641749669,0.1019437199993912,0.1315616158546361,0.0898522842599039,0.3070861451962155,0.3173710400326391
statlogheart,mutual_info,logistic,9,0.0808286150066274,0.1063482523548941,0.0906261929622927,0.3682675917195593,0.3583666847467681,0.1145225635273391,0.1316118271062308,0.1021817649392275,0.3336954159344197,0.2961435230172785
statlogheart,mutual_info,logistic,10,0.0797094028101935,0.1039724953838598,0.0773751428736523,0.372228629791151,0.35245702288616,0.1310776574091711,0.1318284115387776,0.1133328581822472,0.3203942903473736,0.3025592591166529
statlogheart,mutual_info,logistic,11,0.0747671864677146,0.1118395073910274,0.0816185923470504,0.3656463954338981,0.3472027982171518,0.1390723368012524,0.1494001858404031,0.1162447684885968,0.332871143664181,0.3027544233167859
statlogheart,mutual_info,logistic,12,0.0802574379372906,0.1195866317509959,0.0842978396367621,0.3723054620344853,0.3583212290983047,0.1262111320954934,0.1319684843777394,0.0966676581954276,0.3281380162984726,0.3065737284976166
statlogheart,mutual_info,logistic,13,0.0803080590500018,0.1111149560114692,0.0752565264981987,0.3769470331546743,0.3614070374929121,0.1246829938457851,0.1214534677892178,0.0902010957016917,0.3311344124883712,0.3207538697675915
statlogheart,mutual_info,logistic,14,0.0753678285403294,0.1025412351279587,0.0811292225221627,0.370487114236452,0.3416452866138189,0.1490580615408966,0.1443991788794377,0.1187769784617337,0.3373123170507263,0.2999078993400987
statlogheart,mutual_info,logistic,15,0.0834150178171278,0.1106794915910004,0.0829709267815309,0.3746453186587283,0.3398988195068634,0.1412683350578347,0.1366553942205862,0.1117450944750237,0.3135779984813882,0.2960704223157909
statlogheart,mutual_info,logistic,16,0.081179862435404,0.1054320371183643,0.0819783054735122,0.3678643930413324,0.3640346494544976,0.1465419455367965,0.1388607416737016,0.1088357500779733,0.282833220084122,0.2830572200244588
statlogheart,mutual_info,logistic,17,0.0821740023591012,0.1074946880175777,0.0840866942018182,0.3612433381402786,0.3530795402036769,0.1349515359050919,0.1442586666955718,0.12347158587295,0.3260413050883239,0.3363420190947324
statlogheart,mutual_info,logistic,18,0.0783105055695533,0.1073185153349317,0.0792718702367995,0.3532146488135594,0.3671827018833178,0.1053626112373647,0.1306701102178712,0.0946348498756919,0.3503942021192749,0.3311009257344109
statlogheart,mutual_info,logistic,19,0.0862691374776709,0.1210198065205677,0.087247908455827,0.3590004813652424,0.3420251745620939,0.1412127622037235,0.1370823700697825,0.114655996267448,0.3278830628856583,0.299095073156365
statlogheart,mutual_info,logistic,20,0.0883462040072838,0.11505792280073,0.0850061555414404,0.3586835113672084,0.3474037178908982,0.1397070638630379,0.1337682559616874,0.1028710072492774,0.3302454128022962,0.3041414823351043
statlogheart,mutual_info,logistic,21,0.0792352869493684,0.1097637739892714,0.0835593616933162,0.369715202743379,0.3535616583660801,0.1221849393300722,0.1294268106741645,0.0965717613808374,0.3285334029738866,0.2994762909069783
statlogheart,mutual_info,logistic,22,0.0893121543625728,0.1100262778897052,0.0921427907879121,0.3762559053175975,0.3379280032353538,0.1225721339210495,0.1307349251728686,0.102840245151692,0.323198371429841,0.322114726877753
statlogheart,mutual_info,logistic,23,0.0770207577897895,0.1159155673064402,0.0830299102984099,0.378112849241977,0.364182518379446,0.1098469923371479,0.1273708332185577,0.0962829744569528,0.3326669844513622,0.3180952364549561
statlogheart,mutual_info,logistic,24,0.0804744517554139,0.108599783635878,0.0901427675120009,0.362212671121363,0.3533113621022007,0.1467235698802845,0.1309580503676989,0.1150714473177095,0.3444200228167841,0.3289091840482632
statlogheart,mutual_info,logistic,25,0.0753195990283607,0.1165346516594804,0.0798553678285662,0.3628033536387723,0.3414374054107639,0.1197717353882884,0.1398220553936583,0.1074484036053323,0.3213148136256284,0.3013968353483139
statlogheart,mutual_info,logistic,26,0.0698969728922209,0.1150893174915795,0.0819119057052531,0.3677097318247617,0.3540090114020881,0.1273169434462986,0.1309546694878854,0.1034667360592472,0.2799446065043411,0.2809531748776209
statlogheart,mutual_info,logistic,27,0.0796282409914374,0.1100894341428266,0.0837605608875607,0.384458449796612,0.3592255461593242,0.1272453260678206,0.1338214004824842,0.1072342911041988,0.3164762050918014,0.3165202430774201
statlogheart,mutual_info,logistic,28,0.0763655727267964,0.1022341699410604,0.0777720433958411,0.3715113979619401,0.3518400497469343,0.1371167974857656,0.1252391807099105,0.1128694296605191,0.3018767948080905,0.3012861892756812
statlogheart,mutual_info,logistic,29,0.0709484730977424,0.1000404871260659,0.0740861347153566,0.3702323218410299,0.37423446850382,0.123740884405789,0.1182327729439069,0.0882416098131912,0.3604804299199748,0.3188935852087204
statlogheart,mutual_info,rf,0,0.0802603605245827,0.130208767623154,0.0912110018567015,0.3466642057716128,0.3414533010708003,0.1651248779841189,0.1405850358935589,0.1281953297271506,0.3122699300100018,0.2925569262996255
statlogheart,mutual_info,rf,1,0.0681054746091429,0.1158789888849498,0.0827157809505479,0.3364143248606762,0.3341849144916241,0.13966715492618,0.1254744125285566,0.1162841038873566,0.3210264835547112,0.290577224066628
statlogheart,mutual_info,rf,2,0.0836435553353514,0.1304393846796505,0.0976457081720787,0.3543579489220105,0.3284017673397753,0.1711670340426482,0.1348100496305554,0.1285122028994227,0.3175987159429185,0.2800508335257571
statlogheart,mutual_info,rf,3,0.0819033888062896,0.1311611479700639,0.0968926629342115,0.3498457452213953,0.3431457457789165,0.1898812503525909,0.1427532233623857,0.146722664214264,0.309647898276454,0.281281059083579
statlogheart,mutual_info,rf,4,0.0760575558299178,0.1145288954738465,0.0839084052689548,0.3477432266124254,0.3534781042019441,0.1860849130845213,0.1474286993406652,0.1480273738431645,0.3182175941576914,0.2870073251778198
statlogheart,mutual_info,rf,5,0.0800658783872048,0.1148724725110426,0.0911752269469942,0.3517313245252792,0.3460815447991605,0.1498760329949179,0.1216839292253402,0.1166648579773143,0.3244672426444867,0.3081964333027023
statlogheart,mutual_info,rf,6,0.0908910186890155,0.1182774871659782,0.0926857402668537,0.35376890093192,0.3587892690179756,0.1462684093572864,0.1290738383774109,0.1162823303129066,0.3274019531834908,0.2830333437491725
statlogheart,mutual_info,rf,7,0.0794167643498294,0.1114352342609635,0.0870388420659867,0.3456213076083477,0.3578747202940698,0.1698686708772118,0.1474379908301039,0.144485731330699,0.3252195304311778,0.2803385423619234
statlogheart,mutual_info,rf,8,0.0731673278328461,0.1313354560018642,0.0878193737894608,0.3449875125442149,0.3437430789590054,0.122984229725588,0.134900484938486,0.1079642496905581,0.3330414366023004,0.3116902568355035
statlogheart,mutual_info,rf,9,0.0685951038349122,0.1029923052253381,0.0764227798023866,0.3757258414246278,0.3618988602113855,0.1365314338200473,0.1544757415654642,0.1231214515180828,0.3335694337751002,0.2786129891819391
statlogheart,mutual_info,rf,10,0.0820602542680557,0.1256595662801308,0.0866703664823457,0.3500177289865411,0.3432221660651706,0.132316314182086,0.1334236023807621,0.1052870770139116,0.321951276072145,0.3097400802731855
statlogheart,mutual_info,rf,11,0.0805894928136328,0.1255915729049418,0.0927862701520198,0.3400218986795846,0.3583226291597442,0.2034863258991,0.194546898279519,0.1684083512478069,0.2908034776331609,0.2766949151776639
statlogheart,mutual_info,rf,12,0.0809670486853594,0.126516393660553,0.0923727555681155,0.3332083010312405,0.346273072634831,0.166250565413053,0.1256813279394665,0.1223901632600675,0.341043846436127,0.3000784627392249
statlogheart,mutual_info,rf,13,0.0771994888292637,0.1127368246981282,0.0873125011556904,0.3557300953250476,0.3500664466810618,0.1680843970338856,0.1469221825340209,0.1276433723820539,0.308062437294221,0.2904361412524847
statlogheart,mutual_info,rf,14,0.068391046349089,0.1145012081976565,0.0801853619615315,0.3476683950103617,0.3494463238691178,0.1784826505199374,0.1466374591520413,0.1363853789829855,0.3133456747701111,0.2812061170161295
statlogheart,mutual_info,rf,15,0.078491941827249,0.1116687914812276,0.0837707038551792,0.3601715401215423,0.3528218459441035,0.1937849176399013,0.1392493755233116,0.1285225329122135,0.3123687823765442,0.2693389711018423
statlogheart,mutual_info,rf,16,0.0802531219150489,0.1263165881857163,0.0909276387209742,0.349207355907603,0.3463437705973736,0.1343432129295746,0.1672624273792627,0.12284359846663,0.3280858676109918,0.3119854874599178
statlogheart,mutual_info,rf,17,0.0862900557432139,0.1215941509220356,0.0923522191429534,0.3290080910553987,0.3443551346740484,0.1755725131447694,0.1697823352700004,0.1560193009054607,0.3104659023764669,0.287076322089934
statlogheart,mutual_info,rf,18,0.0837297862635778,0.1300556242679321,0.0951188325041371,0.3444516079695627,0.3396534016649312,0.1573050096714612,0.1041905625073131,0.1122521660238524,0.3215794017467007,0.2960047844772657
statlogheart,mutual_info,rf,19,0.0737425191453936,0.112700948880697,0.0780242100770862,0.3586378349009503,0.3737836637652797,0.1665342164077027,0.1387386469472469,0.1274236758317573,0.3063447971043484,0.3141585929520182
statlogheart,mutual_info,rf,20,0.0885050686114595,0.1320090050328579,0.1028171835897412,0.3269887154102686,0.3243085034433804,0.1284898115019492,0.1381303375291752,0.1196674804142042,0.3129496610414485,0.2978604606278172
statlogheart,mutual_info,rf,21,0.0880258503657741,0.1109746322618171,0.0866953881093667,0.3556632111754495,0.3538521501177691,0.1562624464661047,0.1361434672062964,0.1281011263886938,0.3230907673061099,0.2992998658150995
statlogheart,mutual_info,rf,22,0.0745737898509415,0.1291545009150801,0.0893209543948088,0.34881900929237,0.3254833669175686,0.1850077500996039,0.1489663639956105,0.1344379915480126,0.3044842983834293,0.2806228853163956
statlogheart,mutual_info,rf,23,0.0857463380705667,0.1128500607035769,0.0873756794145468,0.3409743963841704,0.3589460980569983,0.1929551875200946,0.1714944168800312,0.1629629322693123,0.2974422714210256,0.2761833415162305
statlogheart,mutual_info,rf,24,0.0721816350873552,0.1088565555762385,0.0808414950990196,0.3436266086042094,0.3527686517366366,0.1407953139449283,0.1366226632375891,0.1175621105377004,0.3218305450330061,0.2925422397719124
statlogheart,mutual_info,rf,25,0.0705297813648074,0.117062664889647,0.0883204801234992,0.342439705299069,0.3675780162281556,0.1286219987843761,0.1444058837818644,0.1216474492731404,0.3300452140798772,0.3004831997509584
statlogheart,mutual_info,rf,26,0.0856148494722167,0.1016389468024775,0.0796928488482112,0.3474599284669645,0.3525457424326952,0.1904865524618886,0.1518679735345094,0.1344311011638868,0.2866460836801999,0.2889708065562928
statlogheart,mutual_info,rf,27,0.0913378531222338,0.1205829525900377,0.0954693899325756,0.3443037673192941,0.3453249402827487,0.1692897484114049,0.1767195416249673,0.1309290244063172,0.3035471383982457,0.2818126097950363
statlogheart,mutual_info,rf,28,0.0816499290829022,0.117697161057417,0.0933719336748128,0.3408623716202178,0.3549861067915376,0.1682893901129352,0.1962177696446443,0.1498419811652995,0.3080348234602077,0.2795973623027507
statlogheart,mutual_info,rf,29,0.0803773323598258,0.1257133851161666,0.0893707144252132,0.3484999615304779,0.3364333434376369,0.1866066123798886,0.1681743205989925,0.1461249925059067,0.2989056704354644,0.2733440955866907
statlogheart,rf_importance,logistic,0,0.0827006098871706,0.1060349770748345,0.0797766458706791,0.3430617541129342,0.3513860779416619,0.1527560614601887,0.1350596651329331,0.1031265497622086,0.2987864897484812,0.292059787393776
statlogheart,rf_importance,logistic,1,0.0933755756015165,0.1144865103663348,0.098990199088398,0.3708973762500707,0.3451912361884439,0.1661242948986964,0.1490860771534918,0.1335328586351716,0.3039344985472796,0.2919183742280836
statlogheart,rf_importance,logistic,2,0.0751531994960692,0.1121268800606215,0.0874473699166882,0.3646982064118029,0.349210588852522,0.1356972827571597,0.1320074081584115,0.1076874069744753,0.3050278775089243,0.3047569363219297
statlogheart,rf_importance,logistic,3,0.0790760880568643,0.1111032145435496,0.0890818919561453,0.3657971250333492,0.3628143431046312,0.1258586625598526,0.1314473170748233,0.1102946675675206,0.3377924865652258,0.3205688541435328
statlogheart,rf_importance,logistic,4,0.0883506850921137,0.1218741773558248,0.0841539599128053,0.3667614824036767,0.3513386819779848,0.1528437491288529,0.133200234508374,0.1109566655375283,0.3097293286715055,0.3015955013680321
statlogheart,rf_importance,logistic,5,0.083386505706563,0.109804481556644,0.0797509884058226,0.3578361822105687,0.3442645734268758,0.1558566734367254,0.1498035740437971,0.1206023682616965,0.3228706094427687,0.2868953863012368
statlogheart,rf_importance,logistic,6,0.0816819334766843,0.115515520039932,0.0896297889686125,0.3542017916218911,0.3475798008784368,0.1654353718835648,0.1475483860385005,0.1230734327224088,0.2922157080307151,0.2706878533679368
statlogheart,rf_importance,logistic,7,0.0820830773706035,0.1083889977714776,0.0791104070190593,0.3798782417885725,0.3674298761184261,0.1461407268061817,0.137103663246782,0.1065457272894786,0.3181259017831018,0.308379507303239
statlogheart,rf_importance,logistic,8,0.0745858665246574,0.1112688024819269,0.0859714120905429,0.3768884705289661,0.3380942563990713,0.1241461919409345,0.1634572646061975,0.1031691442894008,0.3330152092622607,0.2936342152830555
statlogheart,rf_importance,logistic,9,0.0847927039042971,0.1179392844650366,0.0824253251025393,0.3808588271721344,0.3455743602637912,0.1433756195077764,0.1494988411729871,0.116637084725382,0.3261180641205621,0.2913146441950847
statlogheart,rf_importance,logistic,10,0.0708198235457166,0.0969137394999746,0.0700319822439875,0.3609322415975213,0.3405506263183118,0.1453682693995422,0.151720768427476,0.1166335203861624,0.341515241406923,0.2980882178123063
statlogheart,rf_importance,logistic,11,0.0766298241974023,0.1133326860775038,0.0862881898091925,0.3697994763067253,0.3631983357974677,0.1229945116236429,0.1209561308861523,0.1018460414117041,0.3420412420539855,0.3577368497090737
statlogheart,rf_importance,logistic,12,0.0816767420409617,0.1087318042319969,0.0828684534878629,0.3654284605623726,0.3544378686744148,0.1450559631355377,0.1368178099381613,0.1204047839980372,0.2971287300632044,0.2899902305003122
statlogheart,rf_importance,logistic,13,0.0774470131717516,0.108245033757105,0.0794838730434057,0.3649477807190311,0.3500641385953896,0.1487522885203617,0.1365655910485494,0.1160153407434823,0.3215544889900104,0.2924952634519558
statlogheart,rf_importance,logistic,14,0.0724019754351389,0.1043471655578436,0.078537157076198,0.3635896807365475,0.3551171299778149,0.1426103133357477,0.1498738430066193,0.1243335168891333,0.3136108311130134,0.2958135299350635
statlogheart,rf_importance,logistic,15,0.0795236631732742,0.1098671699461345,0.0847661805881826,0.3676905235722544,0.3446783895670278,0.1503354694526954,0.1273543660440712,0.1171979569421123,0.3310382933930424,0.3265738363024749
statlogheart,rf_importance,logistic,16,0.0738297107506105,0.1092799238706542,0.0841469027798099,0.3699331290323586,0.3697379827138378,0.13666911541862,0.1392282736898762,0.1227938654618226,0.3234539435278191,0.3002735141747554
statlogheart,rf_importance,logistic,17,0.0840725335773672,0.102775759535275,0.0780499820824708,0.3551511792619294,0.3548934915555634,0.1226145288029286,0.1347239124766142,0.1044687679798569,0.3227536580185528,0.3098321128273675
statlogheart,rf_importance,logistic,18,0.0773429232971166,0.1179418643114655,0.0857085395744369,0.3563193388412768,0.3490578642437311,0.1258303138775515,0.1317189758815373,0.1034909166115779,0.3342990294719478,0.327066381285038
statlogheart,rf_importance,logistic,19,0.0780992600630891,0.1032116185466834,0.0762189838432417,0.3629565759010586,0.3675663147222861,0.0974880066326224,0.1253795089076857,0.0887379174180915,0.3094773072839693,0.3133295680318192
statlogheart,rf_importance,logistic,20,0.0807766069944672,0.1165138665624762,0.0836524227714124,0.3718887566609242,0.3455282431329794,0.1547071072149767,0.1471045210230877,0.1118683480783656,0.3318325033640614,0.303805826439679
statlogheart,rf_importance,logistic,21,0.0838627158356302,0.1057921257294982,0.0854395464231925,0.372460400750417,0.3491329804089115,0.1647720043772863,0.1530213764637525,0.123461983197891,0.3259242282950536,0.302012099457184
statlogheart,rf_importance,logistic,22,0.0771160466067464,0.1095614218434285,0.0843021893448811,0.3655131196876841,0.360676149865239,0.1397016609271851,0.1286364769594329,0.1041895733455948,0.3327287154170799,0.3064803243813221
statlogheart,rf_importance,logistic,23,0.076345406804816,0.1056136581569314,0.0753119003241426,0.3523100275163077,0.3681580407033795,0.1547173909749176,0.1321122195788953,0.108299689545029,0.3277026842636764,0.3124307153939908
statlogheart,rf_importance,logistic,24,0.0675905432473683,0.1006838293302578,0.0713934541867908,0.3641091430499218,0.3560281041806914,0.1060526413388664,0.1236722412408374,0.0939561391521932,0.3665698067259155,0.313046150292912
statlogheart,rf_importance,logistic,25,0.0807439421225385,0.108935601859892,0.0814667257552863,0.3661872524443311,0.3445517849634384,0.1278674340744469,0.1373439451588123,0.1000313827491135,0.3265740469239523,0.3019323106420622
statlogheart,rf_importance,logistic,26,0.0680745307605644,0.0995843728347206,0.0729404051024839,0.3789246548557674,0.3638546713201959,0.120343058342367,0.1364293581878566,0.1140209918682993,0.3116462943529288,0.2964780551941137
statlogheart,rf_importance,logistic,27,0.0849320006998767,0.1280268698334287,0.0925255152862587,0.354896596716681,0.3516961293354185,0.158708911046559,0.1684808260581894,0.1250741241830243,0.3184967851549832,0.303567703148846
statlogheart,rf_importance,logistic,28,0.0711643896179732,0.1092561014261308,0.0796270037546659,0.3548307186321953,0.3572132069893616,0.0952806897573898,0.1276106033165535,0.1002559299073872,0.3032154545853527,0.3158430858459883
statlogheart,rf_importance,logistic,29,0.0738902196466828,0.1130536241685461,0.0807231435095747,0.3642295679515023,0.3613003722956976,0.1436300007067724,0.1472771709474235,0.1116293313989982,0.3116371419065896,0.2933810738273794
statlogheart,rf_importance,rf,0,0.0985722408333316,0.128459150044681,0.1008798144077041,0.3553284224839682,0.3600875165789461,0.1963681101821023,0.1754741897679981,0.1538665691178789,0.2750135951465181,0.2726795370459484
statlogheart,rf_importance,rf,1,0.0782361606119409,0.1169558936966355,0.0912275652256362,0.3460087887329906,0.3493408822402267,0.1854720672330531,0.2176131526341844,0.173875814920468,0.2750758649007888,0.2679163737796108
statlogheart,rf_importance,rf,2,0.0764320150398738,0.1214902913157024,0.0857318656611545,0.3590946080626573,0.3690651608482753,0.178543110920111,0.2480812884988379,0.1640803087101953,0.3309380399667476,0.2899628619479582
statlogheart,rf_importance,rf,3,0.0850439994585797,0.1176900853201736,0.0838505605866184,0.3587845274543961,0.3594101029380104,0.1385435711656583,0.1378043927889601,0.1130774041788967,0.3382194198051195,0.3044678523154845
statlogheart,rf_importance,rf,4,0.0924167795852891,0.1203450946562803,0.0927216481947732,0.3390841985672846,0.3345926568467715,0.1832227602526872,0.2265423616574008,0.1564771964844042,0.2926639938102193,0.2468850019492996
statlogheart,rf_importance,rf,5,0.0780708380936995,0.1150386874263028,0.0892246981181462,0.3543261651267838,0.3625190850177252,0.184991260293218,0.1618516532195483,0.1401215414264259,0.2948412364259742,0.292355132897017
statlogheart,rf_importance,rf,6,0.0793168688390155,0.1196842333306912,0.0927734834367471,0.3572876493892159,0.336655749218507,0.1966157989582478,0.1959281456120103,0.1776254280066896,0.2777931670377973,0.2637173329515828
statlogheart,rf_importance,rf,7,0.0822945897782195,0.1199734021457697,0.0891762976355229,0.3565284407594484,0.3552759435994937,0.1607937574107827,0.1902908535041906,0.1398710602125522,0.2939684366849572,0.2745251708501395
statlogheart,rf_importance,rf,8,0.0825219381588973,0.1173339608415463,0.0839065855469123,0.3445841286623466,0.3456385095678088,0.1745731883438308,0.1433547140569983,0.1361538682915758,0.3028902571823194,0.2719339570275987
statlogheart,rf_importance,rf,9,0.0842461817468125,0.1317354646669328,0.1020972438096742,0.3399838073492145,0.3171549003187004,0.189250240580972,0.1783425575114537,0.1394784281526242,0.2857696310038552,0.2812198245347143
statlogheart,rf_importance,rf,10,0.078798620102073,0.1271281158640362,0.096041305493922,0.3529377628530355,0.3580944341159792,0.2288605747639751,0.2014008481051401,0.1767158360153562,0.2666880930091129,0.2623606224171386
statlogheart,rf_importance,rf,11,0.0840424158112416,0.1253609764721774,0.0955246951792826,0.3494245692936567,0.3436072685053453,0.2186887747810685,0.2062337492526469,0.1711230777125091,0.2738879947933336,0.2481397720161527
statlogheart,rf_importance,rf,12,0.0820637993932842,0.1205903687004432,0.0978685704775819,0.3500382656892904,0.3405864816407641,0.2094904463731053,0.2504034938904677,0.1945714457175847,0.2791037094904687,0.2473842598168968
statlogheart,rf_importance,rf,13,0.0781040776055627,0.1167820087422804,0.083071860392706,0.347622236022001,0.3391825128240538,0.1856999167389146,0.1841061729015328,0.1417871952045091,0.2970999021435785,0.2865722880875057
statlogheart,rf_importance,rf,14,0.0877970396758829,0.1326313367386103,0.0981581835421891,0.3419303603849952,0.3453737904971067,0.2194588410359238,0.1877067980377721,0.1643000019737411,0.2844574669133549,0.2322737204234787
statlogheart,rf_importance,rf,15,0.088339167861431,0.1267540227527641,0.0940214199725258,0.34860516190965,0.3448897874084696,0.2227003521722324,0.2476022165093953,0.1874774618291101,0.274030844249456,0.2610994743108543
statlogheart,rf_importance,rf,16,0.0805701077268079,0.1196818588280107,0.0902859456441316,0.3388920438142761,0.3524695153186245,0.1835728352713574,0.1843585374188856,0.1455119091988833,0.318338011292632,0.2653629570066657
statlogheart,rf_importance,rf,17,0.0789992984309634,0.1176036764132295,0.0894560660198235,0.3390676636556738,0.3397719615864316,0.152915494944494,0.1813201097079186,0.1309566748498843,0.2737299853831712,0.2743174994386306
statlogheart,rf_importance,rf,18,0.0720738834691468,0.127070804691234,0.0888018001176882,0.3472274059569608,0.3455100152013386,0.2020542978530885,0.2250239121260522,0.1701748327026374,0.2766424119520839,0.2548456968762923
statlogheart,rf_importance,rf,19,0.0837994337209827,0.1299670382141138,0.0990083929191915,0.3524702912526885,0.3295573732763996,0.1671245059094215,0.1581688936816247,0.1441623630331588,0.306800961967253,0.2655751200416148
statlogheart,rf_importance,rf,20,0.0842253277275646,0.1220399293057221,0.0926789600333431,0.3407748144420239,0.3435609621822279,0.2010649843623242,0.1729891246508426,0.1652977644317435,0.3425596433407425,0.2914625394079425
statlogheart,rf_importance,rf,21,0.0792297705879972,0.1136561468821127,0.0812179227746789,0.3478549074493293,0.3378237048062492,0.1870665077122235,0.1804457491100087,0.148983604854891,0.2963295030515464,0.265700880296141
statlogheart,rf_importance,rf,22,0.069860739577717,0.1037085045533847,0.0741862503345021,0.3711393419013055,0.360353747249097,0.1875147749537506,0.1890664089426914,0.1451594766824318,0.3037533371859234,0.2741541239187273
statlogheart,rf_importance,rf,23,0.080631601424352,0.1176704273884555,0.085108548587708,0.3653875990512442,0.3512592782492922,0.1689927296214114,0.1997593124712746,0.1429584614345323,0.3034271636856766,0.2855619202921448
statlogheart,rf_importance,rf,24,0.0824411163277772,0.1324333616343811,0.0948606937919509,0.3440849791365142,0.3279770704306082,0.2320383226063817,0.2463756587831117,0.1965628108177856,0.2668719517868504,0.2394300293335908
statlogheart,rf_importance,rf,25,0.0768221912461986,0.1133921138061263,0.0833743465459036,0.3663007574256536,0.3519357920369348,0.2030372333202754,0.1852693824994474,0.169853748983639,0.2862270492502931,0.2284533763722247
statlogheart,rf_importance,rf,26,0.0739013583461957,0.1324620909283023,0.0919619151437263,0.367379044674643,0.357971765278093,0.2103519095192491,0.1641169184820083,0.1421276425139908,0.2536399253101474,0.261476307894428
statlogheart,rf_importance,rf,27,0.0750762452766746,0.1087835549184429,0.0781369673569523,0.3573383498322188,0.3563982905460402,0.1852644103370772,0.1496776265605938,0.1468583004968727,0.2824614286929,0.2901269219694713
statlogheart,rf_importance,rf,28,0.0818748747809582,0.1118060713497201,0.0835259030848908,0.3561946366622879,0.3533188725120441,0.1967395844180992,0.2256898505817037,0.1762539577574348,0.2851514479587106,0.2549907089933089
statlogheart,rf_importance,rf,29,0.0763994362154402,0.1297931243284504,0.090463502928879,0.3461579475255114,0.3475673981964405,0.2055358597391344,0.1793521289206794,0.1598013389094558,0.2844042203723569,0.2687759208208274
statlogheart,l1_logistic,logistic,0,0.0795676973247785,0.1153681738856598,0.0803673546785004,0.3834495357120135,0.3440891048218636,0.1250821797913553,0.1337424124161116,0.1028685155566542,0.3222756147974053,0.3096061936674609
statlogheart,l1_logistic,logistic,1,0.079537179678377,0.1128272282203204,0.0831438989205502,0.3646689731469414,0.360506293424379,0.1354730066584405,0.1094839369587707,0.0950535621691039,0.32790038168911,0.3350705237483178
statlogheart,l1_logistic,logistic,2,0.0712447922226439,0.1094831812177094,0.07663098036589,0.3791130565820207,0.3586826235799406,0.1275860889235288,0.1171890617290776,0.0957385870079735,0.327187842038646,0.3357868254806919
statlogheart,l1_logistic,logistic,3,0.0782984104236781,0.0976119386231119,0.0796331332157124,0.3578043763978057,0.3533483662491903,0.1354189756939788,0.1217903559238263,0.1079303843510683,0.326611557837502,0.3130491995086088
statlogheart,l1_logistic,logistic,4,0.0830263447145185,0.11617447709587,0.0880349018897014,0.3619024218773439,0.3483460112410923,0.1391745691999343,0.1383987954555826,0.1118059651247131,0.3226156778251867,0.3274985622731168
statlogheart,l1_logistic,logistic,5,0.0818727793828443,0.1096843354384644,0.0822789622175017,0.3520859538814179,0.3454259517273523,0.1389166069215246,0.1241397449359372,0.1092490172322771,0.3205505023402626,0.2995282656059698
statlogheart,l1_logistic,logistic,6,0.0789275516122289,0.1096055409159668,0.0790266816158975,0.3595814695638052,0.3555602696507047,0.1135388526280879,0.118762216494152,0.0808668112500027,0.3216806678604068,0.3159160073858837
statlogheart,l1_logistic,logistic,7,0.0736068921127177,0.1129876943803097,0.0779566348904122,0.3642227624690815,0.3522474886627832,0.1160004541588234,0.131089478987676,0.0927802926753742,0.3281999180514083,0.3275665089274564
statlogheart,l1_logistic,logistic,8,0.081438714704566,0.1100409612784279,0.0844679471876523,0.3669796455570988,0.3587146731730136,0.1256505276491105,0.115700794074281,0.096535115117975,0.3230163871081901,0.3158068197856291
statlogheart,l1_logistic,logistic,9,0.071286766378216,0.0944855415102143,0.0699186806916757,0.3756634151371562,0.3556326541766793,0.1219112640273735,0.1189734087500101,0.0872009018561945,0.3171905770045949,0.3221759504562142
statlogheart,l1_logistic,logistic,10,0.072231304813332,0.1062703107808625,0.0770995408927198,0.3635538923846528,0.361273819165335,0.1124487912963081,0.1265844272615418,0.1029740033230295,0.332439019868428,0.306309502226001
statlogheart,l1_logistic,logistic,11,0.0859217116993605,0.111699116365918,0.0893142996225339,0.35645595076995,0.3391115113406641,0.1270620756517671,0.110668136502348,0.0950224994215424,0.2824046948599013,0.2891285731969576
statlogheart,l1_logistic,logistic,12,0.0712175832466478,0.1039641267847259,0.0789266750505712,0.3598467062820699,0.3598981349888867,0.112570975036524,0.1276120114115114,0.0980141373743436,0.3466345382956403,0.3231080546851572
statlogheart,l1_logistic,logistic,13,0.0765521606062024,0.1034747679419384,0.0839425552607999,0.361776052193534,0.3497638092093508,0.1337344398527901,0.1238713988415192,0.1109675687832978,0.3091536047073547,0.2912899443102918
statlogheart,l1_logistic,logistic,14,0.075902682613837,0.1132856961064395,0.0837663032095598,0.3533121469147497,0.3471173604633957,0.1298648513522394,0.1293931961103913,0.1055895335561048,0.3266236383508584,0.3162804028063477
statlogheart,l1_logistic,logistic,15,0.0814083260204297,0.11156175121459,0.0861525613935862,0.3616243506132843,0.3422088705696077,0.1216201848325262,0.1153838449111998,0.1093730963248851,0.3323447104890756,0.3169790848151641
statlogheart,l1_logistic,logistic,16,0.0807568438755581,0.1220006160357416,0.0971116581267401,0.3583919550260921,0.3486438775208141,0.1357322840839591,0.1309535453880122,0.1186933454413467,0.3084122654463788,0.2990502281347263
statlogheart,l1_logistic,logistic,17,0.074103242627307,0.1065820476710105,0.0789949234230908,0.3654867631179985,0.3595290617396174,0.1397847389455504,0.1352005593175375,0.1135894792730981,0.3216485633858337,0.2931052585769622
statlogheart,l1_logistic,logistic,18,0.0835493248021372,0.1036348073964917,0.081345997425338,0.3689810233047286,0.3484141621893907,0.12134682301543,0.1266503696024601,0.1061567040093411,0.31732296087416,0.3016424778953178
statlogheart,l1_logistic,logistic,19,0.0791802895961586,0.1050404237063928,0.0872081559421079,0.3663338106657389,0.3571693662860257,0.1206823667499421,0.1290922581817846,0.1127291773559671,0.3133784873629693,0.3023144301863215
statlogheart,l1_logistic,logistic,20,0.076651591133938,0.1033147615494223,0.0768052673267841,0.347407723870663,0.3449545183100428,0.1038736124850583,0.1197833783949502,0.0904851724904881,0.3353777285052479,0.3167211721848025
statlogheart,l1_logistic,logistic,21,0.0815680663964249,0.1147169467575153,0.0810408645357793,0.3751079007276864,0.3786798970479285,0.1225663309903757,0.1318854042649124,0.1032242571174277,0.3045245042140532,0.3009213111574564
statlogheart,l1_logistic,logistic,22,0.0753841013463106,0.1158131162755148,0.0766083970867718,0.3643494265041547,0.3581560808560414,0.1239040916062076,0.1256066764842033,0.0884846269826129,0.328170111128001,0.3296634869497497
statlogheart,l1_logistic,logistic,23,0.0797256514035427,0.1181070671900998,0.0837667476475394,0.3812620974210238,0.3789775420541953,0.1120898792650785,0.1257942012968615,0.1025378305733701,0.3354759874957631,0.3215022978744532
statlogheart,l1_logistic,logistic,24,0.0773376066609559,0.1125054356668665,0.0832756559552828,0.3686705114878302,0.3605662967588216,0.1184351813364974,0.1285395867498149,0.0974852728444817,0.3339035065597283,0.3266774559506243
statlogheart,l1_logistic,logistic,25,0.0830957352493993,0.1084484186837442,0.0821778637112409,0.3557240715346205,0.3464194625722489,0.1289370502590169,0.1186899081065826,0.0998644114870983,0.3106765792547901,0.2885539834925459
statlogheart,l1_logistic,logistic,26,0.0682040363070082,0.1016402319839409,0.075835350648877,0.3706367801802529,0.3603239373777101,0.1165126459056965,0.1330757672476897,0.097217265266855,0.2926057827096164,0.2975660665017544
statlogheart,l1_logistic,logistic,27,0.077240641614853,0.1032557021567727,0.0792576845117759,0.3670789861631955,0.3486662260262985,0.1214130584943675,0.1274179395488429,0.105507457392075,0.332545183039654,0.3089392792650919
statlogheart,l1_logistic,logistic,28,0.0728868840340356,0.1189679403870021,0.0848909863801311,0.3729421705960304,0.3769783904720597,0.1228530590182529,0.1373946021598166,0.1041138304960289,0.3167217541706371,0.3054748407811027
statlogheart,l1_logistic,logistic,29,0.0750255681635741,0.1008425498595479,0.0760382455613918,0.3712487800392295,0.3468792124852676,0.1249141535154408,0.1123075143901267,0.0985671454776927,0.3109575444521821,0.3064575570014605
statlogheart,l1_logistic,rf,0,0.0872930314774067,0.1217087906442411,0.0999606002503528,0.3543943310260332,0.3408919529152301,0.1745593731678143,0.1265249669165143,0.128438967369654,0.328604678822937,0.3122779428789686
statlogheart,l1_logistic,rf,1,0.0862614612720924,0.1112864006321115,0.0862680004543117,0.3415169736798753,0.3486483215689838,0.1380726069839757,0.1219629678614813,0.1026117966469504,0.308446165725785,0.3028115738629878
statlogheart,l1_logistic,rf,2,0.0779949562937942,0.1304128885776753,0.0954725926996874,0.3601738310646915,0.3401536132293518,0.1605235989884036,0.100545526292028,0.1088448411502234,0.3298741167757827,0.324442310723643
statlogheart,l1_logistic,rf,3,0.0825504595038352,0.12531276607425,0.091697804439162,0.3550247441886405,0.3544739847790065,0.1988526777586089,0.1296643143211805,0.1447599018649507,0.3337485313585298,0.2613037704289148
statlogheart,l1_logistic,rf,4,0.0776407067067124,0.1182543895829484,0.0862291288256429,0.353287963888026,0.3449588421792656,0.1618628828286311,0.1384539079874754,0.1247136237995701,0.3173929867537247,0.3129112792522641
statlogheart,l1_logistic,rf,5,0.0898444454200256,0.1273626873490151,0.0967961503534987,0.3512162355603976,0.3281094732532155,0.1698909408750715,0.1351971702738155,0.1191401608892236,0.3021894936099499,0.3024554505107256
statlogheart,l1_logistic,rf,6,0.0831027366110254,0.1240315916178955,0.0956851063657045,0.341896381964726,0.3495853498241896,0.1573169052434192,0.1091461679557368,0.1101559483587094,0.3188112112181189,0.2869893543206037
statlogheart,l1_logistic,rf,7,0.0713565710748768,0.1218746646488296,0.0890613444914799,0.3410290390279127,0.3450637883609887,0.1559670777053312,0.1188740351914308,0.1152619428999031,0.3354573963181929,0.3157574957731183
statlogheart,l1_logistic,rf,8,0.0736469800016959,0.114305136601589,0.0813640045819556,0.3525394801429745,0.3409660052650445,0.1695553757568027,0.1285420405754385,0.1197019044034696,0.3103480622487205,0.2998384050123513
statlogheart,l1_logistic,rf,9,0.0853429686859026,0.1203617342318796,0.092748221547452,0.3683178980245029,0.349468804924697,0.1455573705556135,0.1324730113034141,0.1234497400282809,0.3439837904849949,0.3195300112034462
statlogheart,l1_logistic,rf,10,0.0814305254962019,0.1109071576423092,0.0892471300823158,0.357106942597839,0.3424232375839411,0.1479324708289671,0.1033948805002414,0.1097627825092028,0.3521249101332561,0.3146755310287381
statlogheart,l1_logistic,rf,11,0.0849209017863895,0.1262075001879695,0.0987072616270445,0.3498227436441818,0.3500921813394953,0.1659826242630361,0.1316331443597195,0.1199661861929537,0.3071723189986164,0.2802266360234597
statlogheart,l1_logistic,rf,12,0.0740302755473046,0.1195774911667602,0.0826528745400568,0.3370917310714948,0.3533046558511083,0.1794516671990484,0.1278038996740144,0.1251668789407421,0.3134997728873499,0.2835983906836461
statlogheart,l1_logistic,rf,13,0.0780937884103157,0.1106603737123425,0.0819733659474514,0.358694263965058,0.34142013963796,0.1678038579828249,0.1082554297690281,0.1147540602149202,0.3169417136682428,0.2961248411235136
statlogheart,l1_logistic,rf,14,0.0891016964878445,0.1200733505628038,0.0929446668797682,0.3466952855140591,0.3517787321719652,0.1381670586603192,0.1116365999690896,0.1135016449185829,0.3323948459834154,0.2908013337728028
statlogheart,l1_logistic,rf,15,0.0766658914185616,0.1242216341174895,0.0853104721266222,0.3475032493387415,0.3317430643106375,0.1271934643752281,0.122784668230196,0.110423007749469,0.3014892114998234,0.2976378699317132
statlogheart,l1_logistic,rf,16,0.0888290621280805,0.1290352094550321,0.0981310776221361,0.3610935638210985,0.3434148701938351,0.171235318337196,0.1340817206813623,0.1277967855844908,0.3067702133724084,0.295038476939027
statlogheart,l1_logistic,rf,17,0.0868513833478193,0.1170726179080842,0.0886828367822019,0.3213428306978269,0.3409045972341248,0.1910519823592613,0.1352509016224302,0.1425982650913308,0.3110425615620846,0.2887596772012135
statlogheart,l1_logistic,rf,18,0.0825085515015083,0.1252900873186701,0.091364364862685,0.3447341572951616,0.3534790770890689,0.1832618612955974,0.1259320656330931,0.1303552770339461,0.2841800888676982,0.2949044207446974
statlogheart,l1_logistic,rf,19,0.0803616578281769,0.1267779531021284,0.0935608072164858,0.3645289504782296,0.3484320054049888,0.1648118158045644,0.127873773126516,0.1245383121588632,0.3260950969847391,0.2981107073608489
statlogheart,l1_logistic,rf,20,0.0710147340814064,0.1125896330425192,0.0768184247458743,0.3473642352197052,0.3707985639652578,0.1287612264993254,0.1157486272126743,0.10032027571652,0.3275538864080816,0.3087888048438079
statlogheart,l1_logistic,rf,21,0.0813045970456283,0.125022433674093,0.0878740160016807,0.3594835327988983,0.344636994394097,0.1523108063782627,0.1416174254642063,0.1153304034677496,0.2943284988459089,0.2907532912930975
statlogheart,l1_logistic,rf,22,0.0880250477112398,0.1227824650068824,0.0955127348457663,0.3535264656378897,0.3618923420889469,0.1484971773159447,0.1203009955294207,0.113721937628858,0.315087951566911,0.3168563099416402
statlogheart,l1_logistic,rf,23,0.0746330596665682,0.1176680136177753,0.0849832128847417,0.3556354189822427,0.3418376223752679,0.1904205607482265,0.1412949967131463,0.1371766684118553,0.2951837443659486,0.2738145012705293
statlogheart,l1_logistic,rf,24,0.079405755004919,0.099567388065795,0.0864341136117153,0.3394978279932972,0.3569040234085069,0.1466344811100218,0.1043730288247064,0.1101747233018327,0.3396890295323499,0.313117218386817
statlogheart,l1_logistic,rf,25,0.0791291063803952,0.1206637393566246,0.0908689921601184,0.3584957012335762,0.3407068584632951,0.1561275289493795,0.1114908517229903,0.1086407123633843,0.3309562561356532,0.3052116798042881
statlogheart,l1_logistic,rf,26,0.0833959587377414,0.1337921833164169,0.0970594376848759,0.348409658650548,0.3225794016878385,0.1699032007526417,0.1265158218597502,0.1292162574806868,0.3410211947383212,0.3100706963238167
statlogheart,l1_logistic,rf,27,0.092479341267321,0.1203107908700076,0.0989431663963163,0.3419888936381131,0.3224006458153587,0.1428526857427801,0.1105683222959354,0.1046881973884739,0.3517671705731207,0.2970750854842192
statlogheart,l1_logistic,rf,28,0.0756767792170602,0.1178416463430944,0.0925818328635778,0.3441550868564701,0.3394405753977431,0.1307192247756096,0.0956798658694524,0.0957682980747925,0.3342345562093322,0.3139599819505952
statlogheart,l1_logistic,rf,29,0.0751730117159368,0.1068145781699171,0.0852865241020844,0.3413929732279759,0.3657482142780599,0.153778610099638,0.1212669814603802,0.115910870993104,0.3169015508139157,0.2953287615714171
haberman,mutual_info,logistic,0,0.2055882576375998,0.2014930279970847,0.1890247692830954,0.034922985148383,0.0274631549636565,0.1976642599725148,0.2015660413277354,0.1915936913145888,0.0374327773205329,0.0332531209909935
haberman,mutual_info,logistic,1,0.2090855620276319,0.1836250964302694,0.1875634108693636,0.0351049314853208,0.0314744619264835,0.17931352757399,0.1839530977107803,0.1715108814606072,0.0458517356898083,0.0402550876262106
haberman,mutual_info,logistic,2,0.2079979870518274,0.199033548390758,0.1959458072947715,0.0273603932983024,0.0326199852221958,0.1805180658069676,0.1999453759434148,0.1811899774067635,0.0330250103246847,0.0351385722869367
haberman,mutual_info,logistic,3,0.2087347940798741,0.1883303300068456,0.1902069509512171,0.0329076223275292,0.0323564510070701,0.1928863537442443,0.1886919117792955,0.1980777059372564,0.0432325064618445,0.0287414239768221
haberman,mutual_info,logistic,4,0.2011628672450618,0.1767449748600088,0.1805304756785663,0.0273228480719596,0.0431635932494691,0.2122553794809012,0.1752104518941331,0.178976412100663,0.0399094737885624,0.0389123269684319
haberman,mutual_info,logistic,5,0.196813137004476,0.1862083878089662,0.1734372611707478,0.0330737668838237,0.0312930228978128,0.2060613436836954,0.1867093865886206,0.1801521851400131,0.0346060212908902,0.0338698104980123
haberman,mutual_info,logistic,6,0.2148378660503507,0.1881197115230282,0.1898021229830031,0.0360626381253957,0.0309154940268284,0.1845090112895706,0.1882774055756288,0.1821133254336731,0.0346424623060294,0.0364710832818329
haberman,mutual_info,logistic,7,0.2093564570144823,0.1779356493944987,0.1780738345496231,0.0465753990226563,0.0364916323914541,0.20695352666327,0.1778409281941704,0.1662075181902821,0.0383544363067081,0.0302300813076751
haberman,mutual_info,logistic,8,0.2264214645011401,0.1929376353479802,0.1876943344990386,0.0334378072151125,0.0311673367747099,0.2211924198916297,0.1936310375165673,0.2003130096765788,0.0530915215571195,0.0468684214805628
haberman,mutual_info,logistic,9,0.2158329632999595,0.1739331415648735,0.1730497009052019,0.0347973842291478,0.0306258512187705,0.2050437242415193,0.1731451368560149,0.1718869222667903,0.0411874137942232,0.0363041060850815
haberman,mutual_info,logistic,10,0.2181058345692786,0.1857016093432543,0.19291486219704,0.0345367825875324,0.0322829870286064,0.2023419113989343,0.1859960794033283,0.181712774734784,0.0374570667529148,0.0325321349271832
haberman,mutual_info,logistic,11,0.2067616214129851,0.1795680636537963,0.1848142026678714,0.0355180822723337,0.0397416557995674,0.1824264452637024,0.1799553072334017,0.17149646561121,0.0349905636096619,0.0445000120264417
haberman,mutual_info,logistic,12,0.2126357280657919,0.1687446534658289,0.1771972893227937,0.0398846176041316,0.0328012000864518,0.2073501466091629,0.1688158416621592,0.1732711247132549,0.0542224815379516,0.0401461420812585
haberman,mutual_info,logistic,13,0.2217006049649032,0.2003365003882342,0.1893049469783771,0.0311335125893123,0.0289344893450651,0.2164059741294261,0.200906608431243,0.1940069042459105,0.0342451909239327,0.0331492386533009
haberman,mutual_info,logistic,14,0.1974353301046018,0.1829667798105732,0.174534807955124,0.0348538647383232,0.0340421262205488,0.1877585636005797,0.18370152841893,0.1854389305961222,0.0336803438396409,0.0354073737512251
haberman,mutual_info,logistic,15,0.2365252431165109,0.1939394886043928,0.206347254826169,0.0262028534881922,0.0306320330566104,0.1936023925348083,0.1945727175647706,0.1854016270736229,0.0367051273142976,0.0423299042172362
haberman,mutual_info,logistic,16,0.2008676720597052,0.188841413141831,0.1862749845575916,0.0359940246391159,0.0421824589657871,0.1999395099075397,0.1891043534355203,0.1849650125482783,0.0399901458357214,0.0456488046068771
haberman,mutual_info,logistic,17,0.2009041835383483,0.187372994410941,0.1821481635571379,0.032154630308941,0.0317315903864671,0.1946365563864784,0.187999648068376,0.1728270318635247,0.037834644056338,0.0386697734056635
haberman,mutual_info,logistic,18,0.2031364123938293,0.1874982600926216,0.1809028852639853,0.0447205179010949,0.0388541049975809,0.1849702797078684,0.1877265741691186,0.1760879710948533,0.037011734247253,0.042249918891501
haberman,mutual_info,logistic,19,0.2179406380990849,0.1763666658887078,0.1800448639345552,0.0285405884072522,0.0262934938469174,0.1969519595932197,0.1766831194334889,0.1711618801256966,0.033961552977249,0.0336525286434379
haberman,mutual_info,logistic,20,0.2021354188488218,0.2008417776495886,0.1838173659726672,0.032288513870578,0.0373999658629917,0.2333645308211042,0.200541793092452,0.2023767025789868,0.0525124827853844,0.0373998104613921
haberman,mutual_info,logistic,21,0.1927629683915419,0.195315289380637,0.1869277931014845,0.032024317234654,0.033597902309657,0.2052925828679223,0.1952243828745535,0.1742371363476335,0.0303657475585981,0.0334541367273718
haberman,mutual_info,logistic,22,0.2019490320328138,0.1740375962924209,0.1933609927597596,0.0358771752863351,0.0363480902827784,0.1984401076633628,0.1743711981887263,0.1805900235602022,0.0396559353284736,0.034333397706611
haberman,mutual_info,logistic,23,0.2076068662832674,0.1844630856198305,0.1853126077624528,0.0361869844000182,0.0369587296063577,0.1882895056561846,0.1839580646874291,0.1760104942872177,0.0417874274537805,0.0355106633669253
haberman,mutual_info,logistic,24,0.2111013104593196,0.1925412377753936,0.1833552342031074,0.0285741740722264,0.0305708302275374,0.2059139810420071,0.1933224864803671,0.1796733607184664,0.0483310857886079,0.047065530575132
haberman,mutual_info,logistic,25,0.207226858998187,0.1874173147420829,0.1730782298791895,0.0322122488467506,0.0395322434960634,0.2264886699863333,0.1874400485420166,0.1830499981774994,0.0433361592475594,0.0305246702369907
haberman,mutual_info,logistic,26,0.2031170363790041,0.1893092172759028,0.1839598589110896,0.0360989520439669,0.0353547064639883,0.1918066329364086,0.1889762101723682,0.1741849308587028,0.0433530125215642,0.0368377517109608
haberman,mutual_info,logistic,27,0.2053861731758286,0.1792415505060742,0.1769041328043206,0.0307846636231017,0.0343078117452913,0.1947164896660642,0.1802423812591458,0.1697171522642006,0.0436386061293662,0.0409529106774685
haberman,mutual_info,logistic,28,0.2054037597730642,0.1704765153923287,0.1849909554789987,0.0307773799395301,0.039115320036743,0.2149194569246869,0.1709302475683569,0.190716752005449,0.048380475503359,0.0436739120964928
haberman,mutual_info,logistic,29,0.2279604938925361,0.1938229044078454,0.1966478587493926,0.0343867970796515,0.0299280715660771,0.2095185651835868,0.192888068993898,0.1843860269338289,0.0509534871697585,0.0449199405506558
haberman,mutual_info,rf,0,0.1554909425810061,0.2219511344062155,0.1591374232721037,0.0778990161118458,0.0576183021034819,0.3420699108570847,0.190721808393569,0.2014772996050827,0.0408425807305155,0.0352927379736506
haberman,mutual_info,rf,1,0.1554758281613622,0.2465855341585145,0.1745539183221223,0.0512438174810676,0.048646558260072,0.3067004934830833,0.1810394570551839,0.1939612306755888,0.0475739571914007,0.0289670357617148
haberman,mutual_info,rf,2,0.1831455312228803,0.2712215285255077,0.1993164166076835,0.0490864410778671,0.0045326156310461,0.2793383253526544,0.1879408768480648,0.1905935518570466,0.0464549711792722,0.0294529865288983
haberman,mutual_info,rf,3,0.1875255383071514,0.2552121348501784,0.1974214249421707,0.0405681526880954,0.004978411001233,0.2831659234808107,0.1973448204448749,0.2181190260651365,0.0594943480854856,0.0234381350367595
haberman,mutual_info,rf,4,0.2015449231337368,0.2456304130752964,0.2022023997715295,0.0607984906348077,0.0170745076706794,0.2743200226990117,0.1823546488209697,0.1870491595550688,0.0508004845416762,0.0368570281181387
haberman,mutual_info,rf,5,0.1890772775387815,0.2428934562018529,0.1952144618341563,0.0604039971958376,0.0279580060874311,0.2842200331937435,0.1892062444802877,0.1984582330972887,0.0460463071727363,0.0162024697651096
haberman,mutual_info,rf,6,0.1953186547355702,0.2481387433295143,0.1869566300794402,0.0567477018030751,0.0338170301240538,0.2843866815453147,0.2185863277803066,0.2112040153468849,0.0638171394654055,0.0194559715044446
haberman,mutual_info,rf,7,0.1521432277411734,0.2302392628884881,0.1608872857801213,0.0674806777403252,0.0402420611479727,0.273491328274321,0.1707403162039938,0.1752953352997563,0.0530834245389022,0.0555225042137451
haberman,mutual_info,rf,8,0.1532003348003576,0.2584248099201645,0.1854619984983228,0.0593890090910692,0.0317972432846596,0.291411777145886,0.2096225868528541,0.2205884467655854,0.048939133183292,0.024072001533407
haberman,mutual_info,rf,9,0.1699951432494171,0.2285105423572004,0.1754813117825464,0.0472831826214283,0.0165792560040737,0.2879092708660047,0.1736732311549552,0.1908973549895755,0.0425727845080423,0.0313820738668273
haberman,mutual_info,rf,10,0.1623490919437493,0.1968524198162535,0.1645589746567744,0.0666537365770202,0.0390569934263148,0.3047444091769073,0.2011089819153612,0.2009009150164047,0.0480693452776193,0.0304202754144838
haberman,mutual_info,rf,11,0.197237559321409,0.2614029850208347,0.2030014993873619,0.0227696544399971,0.0006781032804228,0.3399603035141894,0.1918436315782924,0.1906476381103373,0.0365080859992106,0.0293388750407208
haberman,mutual_info,rf,12,0.1910020885003976,0.2575950011638621,0.2033579979587924,0.0236875714218969,0.0104005349681459,0.3409903134354032,0.2219906313302966,0.2243882380150913,0.052601767622128,0.0155268698688834
haberman,mutual_info,rf,13,0.205445559959759,0.2473533235071037,0.1932110587429171,0.017674638895138,0.0053098568919364,0.2927802878255445,0.181600914509006,0.197292775828015,0.0317181771539078,0.0076322760333793
haberman,mutual_info,rf,14,0.1629100166661721,0.2374818926791297,0.1744312579540612,0.0548980949227048,0.0257586003288796,0.3761811580529752,0.1887839044158065,0.2156858217919544,0.0374794512048613,0.0134336575434462
haberman,mutual_info,rf,15,0.1814769183687796,0.2423390278738899,0.1859956049489903,0.0530593125359691,0.015172855576162,0.2879897038792147,0.1728865753917787,0.1816030704475927,0.0576967745484382,0.034674661781952
haberman,mutual_info,rf,16,0.1935480908896957,0.2053222421075404,0.1773044133762379,0.0527748732182268,0.0280997831390688,0.3062475582248883,0.1877979632014006,0.2094277243364853,0.0408972118407918,0.0316175313075915
haberman,mutual_info,rf,17,0.1558875047951133,0.2348635195461651,0.1760120915953703,0.0417512292945097,0.0152154635595871,0.2926487157375797,0.191001278968977,0.190788738913358,0.0434274002357877,0.021498965038789
haberman,mutual_info,rf,18,0.1467645962695241,0.2118014261459173,0.1556327058838727,0.0695162622579224,0.0309736437508418,0.2959663929021073,0.2129713696729284,0.2085738572610095,0.0512731279113321,0.0153155411993862
haberman,mutual_info,rf,19,0.1646652730385302,0.2719983253020106,0.1950800311858939,0.0616641316389748,0.0389117084853213,0.3150122113394541,0.1955266691411908,0.1975253467288308,0.0439328602163518,0.0218983718500462
haberman,mutual_info,rf,20,0.1953755468214937,0.2378269691738607,0.1824642455892606,0.0326392862168374,0.0009609000717434,0.3660469164145397,0.201774673346769,0.2389945103588308,0.0165093762299192,-0.0067762026347388
haberman,mutual_info,rf,21,0.1705528345218302,0.2706201121840033,0.191529249325507,0.0660453484480337,0.0286208235272685,0.2981727911259508,0.1868586689810005,0.187050388054215,0.0366264174432614,0.0288294297515996
haberman,mutual_info,rf,22,0.1621327823953623,0.2301910965933293,0.1666915462328128,0.0663802741297733,0.0565453269218222,0.2941400522761929,0.2236718254890618,0.2123137141062106,0.0326389640406883,0.0123629629912707
haberman,mutual_info,rf,23,0.1657483542815938,0.259114153233865,0.1800990790152603,0.0460310923072729,0.0234640554320542,0.325679944859157,0.1900017982252728,0.2093206594376336,0.01298310656831,0.0099984701851161
haberman,mutual_info,rf,24,0.1896520320402907,0.2478785915242425,0.2015074433678432,0.0401249821530779,0.0093719364521794,0.3731333002814886,0.1901020272858285,0.2186521459338682,0.0324391314353538,0.0289637160407902
haberman,mutual_info,rf,25,0.1652046744321426,0.2395286154836756,0.1751705270893897,0.0683826957106025,0.032212778056714,0.292430058414956,0.1971105403161926,0.2038617790945897,0.0329272093099431,0.0293293086946215
haberman,mutual_info,rf,26,0.171870237478776,0.2644717835306837,0.1940093970641315,0.0503843463168638,0.0126550884981667,0.2607790195600076,0.1663544661912477,0.1814270115426394,0.0509698929484783,0.0356948182015023
haberman,mutual_info,rf,27,0.1745522428424948,0.2445263609029057,0.1767428826680759,0.0569641737676904,0.0304093971211829,0.301545124204282,0.1978015531482523,0.2084049202086164,0.0536134817283286,0.0326275285804083
haberman,mutual_info,rf,28,0.1577652386932547,0.2706281663243194,0.1832793597711302,0.0577609718531032,0.0094256359556697,0.2917683591975637,0.202327981574578,0.1966575852050945,0.048825527299537,0.0336932557300127
haberman,mutual_info,rf,29,0.1757933203018425,0.2343557878520243,0.1856194339939075,0.0410362053102246,0.0177573732548455,0.3200529671884398,0.1959317755856993,0.2080004487034237,0.0597714129179337,0.0444981769869699
haberman,rf_importance,logistic,0,0.203868462315563,0.1819981971074799,0.1802357749732943,0.0292989933572855,0.0337004025007044,0.2465220481747231,0.1825364895993219,0.1882494737388998,0.0609036215272083,0.0452254177735785
haberman,rf_importance,logistic,1,0.2052762150913597,0.1948216530074651,0.187050635343066,0.0303022139854312,0.0388708868179301,0.222580496261689,0.1957855347722995,0.1902121396230348,0.0656890721640189,0.0399197623416931
haberman,rf_importance,logistic,2,0.2090351125116265,0.19966342576722,0.1843239864813089,0.035182186528919,0.0343709328281058,0.2547899212106587,0.2005381708006171,0.1907599638982145,0.059266355988452,0.0386232998182317
haberman,rf_importance,logistic,3,0.195829441118978,0.1750212987252865,0.1732358357447775,0.0274094796498177,0.0362515130340128,0.2514786901523725,0.1765923640535442,0.186648928232929,0.0700747953326764,0.043071290957885
haberman,rf_importance,logistic,4,0.2003391461012472,0.1713151880459518,0.1770236665812674,0.0367238151489408,0.0349035852669342,0.2553439429773408,0.1723751605628651,0.1931050083797132,0.0643209084613482,0.0413444495253114
haberman,rf_importance,logistic,5,0.2113557207262408,0.1954189402976183,0.1808716958969518,0.031421489222428,0.0326217716668145,0.2467494581281087,0.1955311125374524,0.1872383958611333,0.0653046379743504,0.0401895949865203
haberman,rf_importance,logistic,6,0.1894953430792808,0.183380992390356,0.1808184668745704,0.0351288024872253,0.0357799047448589,0.2252652997397365,0.1838918351940287,0.1922076200303592,0.0630432467701982,0.0418504151918745
haberman,rf_importance,logistic,7,0.2141852070376462,0.1723776964579281,0.1737326118285619,0.0347738141030799,0.0292964808656558,0.2371988514166129,0.1729774720793714,0.1829895840693212,0.0650631429679157,0.0369964618021524
haberman,rf_importance,logistic,8,0.2193385458977543,0.1732390592757423,0.1836544503699962,0.0277008501393184,0.0326317139754862,0.23761518855836,0.1741721026409228,0.1964028868685252,0.058977974140777,0.0383989219087782
haberman,rf_importance,logistic,9,0.2115335313551783,0.1809084352851735,0.1840591446669081,0.0294917745541067,0.0380718136707968,0.2237020977000511,0.1813905178464526,0.1869479129402095,0.0633061199072758,0.0447482383128682
haberman,rf_importance,logistic,10,0.2029979476207992,0.1888908886337472,0.1904581078053892,0.029674715593771,0.0289267073817843,0.232949864246137,0.1889422573871916,0.1927921332133311,0.0627278229014528,0.0361719662130957
haberman,rf_importance,logistic,11,0.2433251254525698,0.1887765055482713,0.1970078370620943,0.0283421151698186,0.0272477880367509,0.27874036722031,0.1894249542606151,0.1905384419274395,0.0653927806980029,0.0412671120420687
haberman,rf_importance,logistic,12,0.2010388224481418,0.1696514454759834,0.165604638210083,0.0273960625555539,0.0374250887560614,0.2318245282899634,0.1702664334851771,0.1716633803687603,0.0687762719297299,0.0354806878073895
haberman,rf_importance,logistic,13,0.1941951817954164,0.1837151190867998,0.1916959752031359,0.0249818344800453,0.0316496835249855,0.2433676997564494,0.1843854200261727,0.1943076602806567,0.061744891235724,0.0380716006905997
haberman,rf_importance,logistic,14,0.2178637788305813,0.19105905582454,0.1783919787416348,0.0340976313332954,0.0296457510804789,0.2380466179597749,0.1908560164984315,0.1854418705554433,0.0652284816284077,0.0435920122198762
haberman,rf_importance,logistic,15,0.2137348602775293,0.1917316706237588,0.1937993127046642,0.0351154212186583,0.0277893604406372,0.273769801938311,0.1920961458995964,0.2218906727466141,0.0689580076539611,0.0520739587298948
haberman,rf_importance,logistic,16,0.2035007785197201,0.1909217521949126,0.1844904584102683,0.0292612652771652,0.0305751321752969,0.2551341451825066,0.1908525359690408,0.2003670059062031,0.0635845139306793,0.0460473246566418
haberman,rf_importance,logistic,17,0.1984874188897565,0.1922095984780296,0.1888839632605674,0.0271734135010414,0.0334026597385955,0.2288403133839036,0.1929167110130268,0.1945775329111553,0.0655038203805,0.0351598744360928
haberman,rf_importance,logistic,18,0.1982029047419947,0.1926540734981193,0.1912148501164912,0.0357841945510395,0.0313790829836353,0.244660160166416,0.1937732495754658,0.191685473041762,0.0621105559138662,0.0463683482220149
haberman,rf_importance,logistic,19,0.2029211828959625,0.1943015392705335,0.1886827487361118,0.0394386295966517,0.0376962885022912,0.2212798868923761,0.195076480477036,0.2030591964947263,0.0648118791815628,0.041341782824595
haberman,rf_importance,logistic,20,0.2035951611179174,0.1744594534519613,0.1790915967236531,0.0336495500899648,0.0412361759683437,0.2499684266745163,0.174870145693316,0.191461590456078,0.0603651380954516,0.0355789334674981
haberman,rf_importance,logistic,21,0.2045013438573965,0.1982107448753652,0.1872478850912197,0.0322441466870631,0.0303046472933924,0.2329731799743476,0.1998811702460538,0.1920452258044636,0.0631610528060251,0.0399459923498579
haberman,rf_importance,logistic,22,0.2040274703070113,0.1973563953622352,0.181587842519505,0.0430235142255781,0.038830356951199,0.2461137225304931,0.1986021772784146,0.1938274342976864,0.0668928362556162,0.0439702420499137
haberman,rf_importance,logistic,23,0.2140159835274743,0.1956300592371028,0.1954206367870489,0.0340788939679828,0.0377543502983345,0.2256375372454224,0.1959087869832322,0.1941733406309433,0.0627290376019574,0.0397806536893659
haberman,rf_importance,logistic,24,0.2035106440256359,0.1827495898695188,0.1737669051964566,0.0309984348652475,0.038522467792408,0.2223991811670354,0.1833983006018841,0.1830883997321626,0.0624846438430488,0.0448474312681287
haberman,rf_importance,logistic,25,0.1946652409176951,0.180775664978086,0.1785126161199397,0.0269704985960906,0.0286956863857542,0.2397201754243545,0.1821238483296379,0.1881656135415868,0.0636061708450445,0.0423607016126904
haberman,rf_importance,logistic,26,0.2144785659528179,0.1834995791736744,0.1970142219045265,0.0360790285273156,0.0318087663469587,0.2535096935848316,0.1840411569596344,0.1921471387781063,0.0696098402025544,0.0314663075547413
haberman,rf_importance,logistic,27,0.2062055040422502,0.1777912164715341,0.178360069988151,0.0369371908783555,0.0308862914241932,0.2415070431268531,0.1789167690931322,0.1864420788218969,0.0679977158867614,0.0419522053585894
haberman,rf_importance,logistic,28,0.2345709316189489,0.1698048041452376,0.1879344623052948,0.0312711341006747,0.0238978735023238,0.2402638278059422,0.170988571649966,0.1796063035431044,0.0578545667417287,0.0414427281346819
haberman,rf_importance,logistic,29,0.1965713037566064,0.1990549268715435,0.1933332142749467,0.032723543911212,0.0360417178471705,0.2688256987239271,0.1999803113907459,0.2158927146311627,0.0668957448939305,0.0529733678331524
haberman,rf_importance,rf,0,0.1885076430114657,0.2700335196705132,0.1919899264103085,0.0428374979289156,0.0133775066599173,0.2871137363469045,0.2946209816197848,0.2680216868247767,0.0267257275681383,-0.0271068905108023
haberman,rf_importance,rf,1,0.1817090399009405,0.2572426631753399,0.1922330515129181,0.0457666920674003,0.0088855708956971,0.2739951091189902,0.2762373839594382,0.2529216081458018,0.0319800478730887,-0.0142463276859942
haberman,rf_importance,rf,2,0.1698277143833989,0.2054772008526982,0.1693546647863826,0.0559102997143309,0.0284604422697509,0.2605502278673206,0.2516142206564766,0.2243995932233927,0.02329920976513,-0.0141902984188383
haberman,rf_importance,rf,3,0.1668839892599856,0.2216697730506979,0.173890877618867,0.0554164939910895,0.0195148520923305,0.2785994819626096,0.226482433152333,0.223152917335297,0.0478649437910668,-0.0022109929303941
haberman,rf_importance,rf,4,0.1612233667078572,0.2136961121576879,0.1625405588128334,0.0560585532575502,0.0260650668163808,0.301901848452265,0.2608147372026697,0.2356923887972902,0.0363675253963035,-0.0145541363497682
haberman,rf_importance,rf,5,0.1852875147492503,0.2645635763046506,0.1949707500977062,0.0473378223430351,0.0262725773076996,0.2742566741233282,0.2535706800003013,0.2447047528633913,0.0506819928464961,-0.0053041708202236
haberman,rf_importance,rf,6,0.1660705366614338,0.2795617656703957,0.1973970111987777,0.0502202138758021,0.0310265735359777,0.2838337080133398,0.2296238259867749,0.2372624122945501,0.0501616127441022,-0.0132943052121024
haberman,rf_importance,rf,7,0.1746085607436041,0.2527600742296162,0.1873602555652752,0.0432456691885602,0.0011182632795138,0.2863693020891697,0.2776617535859114,0.2467175651287496,0.0182081908903478,-0.0242284054572497
haberman,rf_importance,rf,8,0.1516070748455464,0.2081338722900426,0.153305167664839,0.0648239843788647,0.042850205864936,0.2954850131117572,0.2564277772325583,0.2487811368706087,0.0200856470185898,-0.0273365196761259
haberman,rf_importance,rf,9,0.1934865426448839,0.2201537317551352,0.1703528283411306,0.0370945541233481,0.0225073554373553,0.3108723331268804,0.2954927753862917,0.2667149441777458,0.0383651130700395,-0.0330203785091703
haberman,rf_importance,rf,10,0.1532068817981926,0.2235058633066836,0.1687951775137454,0.0427132682540373,0.0304097255629845,0.2744713612675206,0.2949310603871617,0.2372808874890065,0.0459088744536975,-0.005357167238877
haberman,rf_importance,rf,11,0.1712824684005253,0.2481030696802122,0.1823006030977434,0.0440996502123267,0.0235488424347394,0.2703111371321304,0.2763924444444933,0.2344850175307783,0.0477664097945379,-0.0046425530532779
haberman,rf_importance,rf,12,0.1573781013879642,0.2107647440764632,0.1477810834668905,0.0600386534287594,0.0425389357400735,0.295290099995785,0.277975985723416,0.2488807726984537,0.0480746603389681,-0.0199413055277919
haberman,rf_importance,rf,13,0.1605408815804024,0.243660089594048,0.1678266930931795,0.0756859325325982,0.0158191240219823,0.2781488200671388,0.2506565598920615,0.2298807298756712,0.0375497899625353,-0.0201684599468352
haberman,rf_importance,rf,14,0.1744539603790585,0.2275232347890121,0.1931178850268848,0.0390295942225134,0.0255252698982442,0.2576840522358152,0.2683450003606982,0.2277424936799252,0.0442504115987376,0.0043795424177462
haberman,rf_importance,rf,15,0.1703694355440155,0.2320541478161983,0.1736206955781763,0.0556898550737815,0.0401468652653408,0.280606819820394,0.2976174582819398,0.2466508258262382,0.026669978369909,-0.0249243962020295
haberman,rf_importance,rf,16,0.160680629388505,0.2063571652500155,0.1681186353520221,0.0387233900457739,0.0115754956681386,0.2865252589532996,0.2606994746616055,0.2429417017608247,0.0193163762059775,-0.0136494095958598
haberman,rf_importance,rf,17,0.1711966300080973,0.2500389572392672,0.1841160485466072,0.0209970858450844,0.0129433132674778,0.2788570304154998,0.2671713627530274,0.2304682917986772,0.0363152860599495,-0.0165170914736482
haberman,rf_importance,rf,18,0.1815287271984133,0.2320577993432615,0.1828218542597673,0.0575362280907629,0.0210050889576405,0.2666919527196983,0.2413950860796795,0.2166736759292535,0.0367290086691582,0.0085181139081774
haberman,rf_importance,rf,19,0.1805131712914406,0.2512900924448943,0.1951867756054338,0.0443753143026868,0.0188268027385035,0.3557067976087807,0.2752161404595767,0.2884439251627175,0.0106806647351225,-0.0269812979732431
haberman,rf_importance,rf,20,0.1885025060341802,0.2422340905190487,0.1901350899091347,0.0230142642746919,0.0099089320761775,0.2555620123274069,0.2194345998324365,0.2318682723637009,0.0551648187783149,-0.0036927345978221
haberman,rf_importance,rf,21,0.1633461456275499,0.242252374992406,0.1760996594499803,0.0474617963280051,0.0228624534156928,0.3291590302653437,0.2900728568803817,0.2800442897048809,0.0162540625951338,-0.0183352316793223
haberman,rf_importance,rf,22,0.1460793849985629,0.2152053492192743,0.1550045453423961,0.0575575619898513,0.0337510424391675,0.2704384236731557,0.2624878978487964,0.2090206342890713,0.0416376205762686,-0.0021783854356925
haberman,rf_importance,rf,23,0.1873868622320189,0.2528729582698574,0.1878442592081489,0.0633840125618113,0.0158833362859779,0.261348699778165,0.2605084018141335,0.2234749512933388,0.0616418986294428,-0.0013901620700106
haberman,rf_importance,rf,24,0.1698377177174798,0.2531610422327339,0.1870771387694352,0.0570059966317319,0.022165824029562,0.286452840997411,0.2750612035451687,0.2585534231852067,0.0318021733792299,-0.0205949813597967
haberman,rf_importance,rf,25,0.1717739383335788,0.2616039911900198,0.1898033298898333,0.0471067772243606,0.0087048627144746,0.2787563844796678,0.2605916490298334,0.2490900053026166,0.0203318470716645,0.0062327272617068
haberman,rf_importance,rf,26,0.1648184126871061,0.2391601251873895,0.1709289257436708,0.0481189777285856,0.0256777064976268,0.2812958101194366,0.2353333616751117,0.2292300931079081,0.0272169808552361,-0.0143368323252213
haberman,rf_importance,rf,27,0.184126648871441,0.2307401197903097,0.1824233678367779,0.0437212019104602,0.0217555586406383,0.2969261167910925,0.2911085993170104,0.2639810391476853,0.0192665744077395,-0.0314857388736637
haberman,rf_importance,rf,28,0.1614803995711311,0.2383457206774106,0.1837127487475217,0.0409266711418651,0.0280323798312139,0.2817773089700676,0.3097723301600391,0.2434463607020712,0.0413410200604515,-0.0037265135309899
haberman,rf_importance,rf,29,0.1662593471932907,0.2398220568503942,0.1733598945661265,0.0401819071366633,0.0361192547752189,0.3173499592948117,0.2768781865321957,0.2678030099156552,0.0208190064668002,-0.0133663483020766
haberman,l1_logistic,logistic,0,0.2151732037485802,0.1878286876774914,0.1918992845901598,0.0339728082212199,0.0403282513711303,0.1757906826412859,0.1868242129087871,0.1760696150720552,0.04124519769147,0.042061435492588
haberman,l1_logistic,logistic,1,0.2062951189414811,0.1808504604401319,0.1798538044141857,0.0393310558155542,0.0279252650350123,0.1994990733953626,0.1803792429449853,0.1731742548782195,0.039273714281608,0.0267958724434583
haberman,l1_logistic,logistic,2,0.2041415745880659,0.197765819802004,0.1867025387334413,0.0293036979365273,0.0356486823865912,0.1938245521888891,0.197753722924247,0.1844546139464585,0.0370394533145064,0.0395393001032077
haberman,l1_logistic,logistic,3,0.2210646236052408,0.1689895787496637,0.1760420690567173,0.0293045079550192,0.0290817486091378,0.1891261582892646,0.1693399937196121,0.1714204420476703,0.0307178553857362,0.0296821444213178
haberman,l1_logistic,logistic,4,0.207030394231049,0.1820373723343281,0.1820803540445572,0.0393851406360162,0.0274053137152883,0.1850873550658301,0.1817212676016861,0.1671525843462455,0.0336185647685235,0.0363445552981203
haberman,l1_logistic,logistic,5,0.1944244421951367,0.2009997574372911,0.1765943299495238,0.0364498232175436,0.0342063026288991,0.1965234060213371,0.2013966267938623,0.1896395340110912,0.039007566828866,0.0337238915576099
haberman,l1_logistic,logistic,6,0.1974296107516671,0.1898775325684176,0.1823026955295233,0.0301218716169505,0.0413325765027463,0.1901002289367943,0.1899992539119856,0.1728308522123607,0.0342473461189304,0.037125673180728
haberman,l1_logistic,logistic,7,0.2163743661912923,0.1950794298997145,0.181480369936288,0.0310335639240772,0.0338230169848269,0.2136657119486425,0.1954342610176842,0.1730994104012674,0.033891160087349,0.0351669768405812
haberman,l1_logistic,logistic,8,0.1964431268073905,0.1825214766543398,0.1787191067373268,0.0258973212640604,0.0376519947131878,0.1992026115550974,0.1824730657476468,0.1687920278464884,0.0371399594241339,0.0389996221140044
haberman,l1_logistic,logistic,9,0.2025749581895645,0.2097610096560067,0.185133922749413,0.031691536956941,0.0413043684957326,0.1953740156101016,0.2099174552174005,0.1914521360485012,0.0360889800393114,0.0379380603266592
haberman,l1_logistic,logistic,10,0.2095012834946993,0.2007352114474688,0.1903147000065471,0.0337122795612682,0.0366118214922396,0.2182047399504626,0.2019594733366473,0.1823928554786703,0.0425168099017191,0.0330425214115605
haberman,l1_logistic,logistic,11,0.2179817690600615,0.2026268657123031,0.1880078049399278,0.0400427692104403,0.0372949119422418,0.1921587178724816,0.202590875913981,0.1905877448880303,0.0403381173055637,0.0353192263918346
haberman,l1_logistic,logistic,12,0.2066520062023459,0.1789892881523146,0.1812575411515629,0.0355190852773505,0.0290046253388862,0.1966949754276132,0.1792731201756287,0.166087336961517,0.0365959834869874,0.0368298864667264
haberman,l1_logistic,logistic,13,0.2093996629903238,0.1918402217932577,0.1868713005423717,0.0329205016901664,0.0354538606098632,0.1852482318514688,0.1918253824956735,0.1886487597458946,0.0381303141070408,0.0415928398522275
haberman,l1_logistic,logistic,14,0.2262462296725572,0.1756218586653247,0.1818319220251607,0.0391239432577368,0.0338835363387509,0.1941784780444613,0.1749958574905903,0.1657649500088731,0.0300612958206405,0.0354493012656512
haberman,l1_logistic,logistic,15,0.2044555516668043,0.2036269007278745,0.1956380809650921,0.0278657743651417,0.0277528170167312,0.1674465455667462,0.2039000369149692,0.1920562419899382,0.0350633859005711,0.039363987861439
haberman,l1_logistic,logistic,16,0.2207959607948961,0.1814639865055337,0.1914611898618562,0.0320714067327999,0.0250672740962559,0.2147202264406052,0.1814376193300347,0.166359333003896,0.0450836399364922,0.0357108641223862
haberman,l1_logistic,logistic,17,0.1961789208031289,0.1821623447472122,0.177313479463835,0.0336680947614069,0.0361638580553335,0.201001122633598,0.1819998328667731,0.1736595914230043,0.0339441688208465,0.0384587813472212
haberman,l1_logistic,logistic,18,0.2105943318649076,0.202294649065222,0.1818909161758902,0.0338992998856813,0.0298719800883427,0.2040579002235268,0.2025611840974209,0.1783827172203341,0.0364095170029639,0.0352239068496159
haberman,l1_logistic,logistic,19,0.238532515017892,0.1886433721346183,0.1806017203468767,0.020506598238649,0.0221057871940186,0.2086336554675447,0.1887202455375865,0.1706892234523965,0.033791773690322,0.0364249417603403
haberman,l1_logistic,logistic,20,0.1967187155896396,0.1877896649680786,0.1847247225836573,0.0285817879906887,0.0400302489361164,0.1851085925775896,0.1882142296628892,0.1771594783956214,0.0386159997553767,0.0390869166676433
haberman,l1_logistic,logistic,21,0.2037920842245372,0.1835938715423495,0.1745233694656425,0.0270850970661957,0.0311174547201512,0.1737184736266545,0.1841362558336668,0.172518040407743,0.0335561968672034,0.0342260265866114
haberman,l1_logistic,logistic,22,0.1937727178100893,0.1769815711453721,0.1792962809416559,0.0347936019222352,0.0361256831991115,0.2034441361830942,0.1775270127017303,0.1686816395976728,0.0398811993480775,0.0354338684427329
haberman,l1_logistic,logistic,23,0.2157333100471679,0.1783957602183779,0.1804278813706326,0.033533762961971,0.030252210003765,0.2240825225892597,0.1788405099201165,0.1657172624134704,0.0391576161966506,0.0374182538526298
haberman,l1_logistic,logistic,24,0.1976514529426503,0.2013005882542974,0.1824163104668475,0.0341018209093629,0.0401852542865574,0.1978895098272696,0.2007853384838156,0.1725199213068191,0.0357598161156775,0.0442672576752754
haberman,l1_logistic,logistic,25,0.2297769299481251,0.1655602270517238,0.1763512438168257,0.0253703426593906,0.02388057838247,0.208280882775338,0.1657734170536767,0.1729674013752672,0.0367259411055716,0.026857400056462
haberman,l1_logistic,logistic,26,0.2176086191331789,0.1930249825805882,0.1845444940530659,0.0352056536161786,0.0303826372773784,0.1871649708029907,0.1933503674543892,0.1720355715816752,0.0411134968734812,0.0386312078444779
haberman,l1_logistic,logistic,27,0.2166054534976218,0.1847729365501803,0.1856857775589583,0.0310217708676768,0.0276093387210436,0.2044374412220958,0.1850335252168188,0.1573705854563837,0.0416021159308925,0.0332311125649104
haberman,l1_logistic,logistic,28,0.2287711118305645,0.1850230393438399,0.1753482274053037,0.0271743120992601,0.0330597551471713,0.2139429245493858,0.184322552969233,0.1683600616600089,0.0335312702148846,0.0311679069343086
haberman,l1_logistic,logistic,29,0.2190066049381825,0.1867379632111041,0.1912652611664736,0.0353712350536093,0.0252556990405184,0.1989332048062007,0.1870650407862814,0.1855458076944898,0.0333621878872636,0.039828636717663
haberman,l1_logistic,rf,0,0.1650113132551196,0.2284378422092792,0.1707885798989262,0.0712745159025459,0.020145165112841,0.3147253098235579,0.1864315381283214,0.2039658266696893,0.039814242006299,0.018414904141242
haberman,l1_logistic,rf,1,0.1773884011924265,0.239122925811289,0.180685881278151,0.0452230251124336,0.0213172898786381,0.3389747293030024,0.1946451960399091,0.2285973412581584,0.0361470569702848,0.0249174717236185
haberman,l1_logistic,rf,2,0.167905476540947,0.2765593272505703,0.1797459612546712,0.0521261646257828,0.0230913132514972,0.2906915114048789,0.1916372755726162,0.2039747939796906,0.0400810259903683,0.0301476847546222
haberman,l1_logistic,rf,3,0.1718621505335874,0.2476351234224993,0.178394779734425,0.049813395499506,0.0107212501261445,0.3045891058433648,0.1848881609694083,0.1872767618498966,0.0541398541374908,0.0281807233710953
haberman,l1_logistic,rf,4,0.1750840740384003,0.2155107116640215,0.1732451648442101,0.0537478791300611,0.016902197746241,0.2951994936508815,0.1667814933336788,0.1806614510645209,0.0517548089706723,0.0404579644242937
haberman,l1_logistic,rf,5,0.1683921605633654,0.2279429307288745,0.1705186166763024,0.0537870278493911,0.0217422626070505,0.3036818689158964,0.1956477668577153,0.2019288905640891,0.0424753210459618,0.0397955046035165
haberman,l1_logistic,rf,6,0.1543143905874725,0.2095955012265603,0.1615793176205124,0.0581112783754866,0.0292600957683489,0.2968803423237809,0.1880019357318859,0.1856859191721527,0.0627239517724552,0.0298720353830572
haberman,l1_logistic,rf,7,0.1938077000725389,0.2193019789387123,0.17945969964128,0.0419892363255641,0.0162426574603289,0.3377683438432044,0.167158515418345,0.1868127577388531,0.0328521842105783,0.014236236125522
haberman,l1_logistic,rf,8,0.1548820142216969,0.2329658990633986,0.1645779446694863,0.0464966940155056,0.0219030177124201,0.3330545482368629,0.1944423642520517,0.2147608413298972,0.0407312341958265,0.019864096659629
haberman,l1_logistic,rf,9,0.1699089102283851,0.199971598650909,0.1679461847771776,0.0626884167526801,0.0301899863586887,0.3147760012560504,0.1999595562054764,0.1980283958498433,0.051970993729313,0.0374076242063317
haberman,l1_logistic,rf,10,0.1712532623384788,0.2666774696775982,0.1861653013970916,0.0488438851838715,0.0085326552981635,0.3018889421751166,0.1826254992589401,0.1906387906220927,0.0457808765698249,0.0276290505491055
haberman,l1_logistic,rf,11,0.1715811878513491,0.2506985949738558,0.1895781091185062,0.0651366015068458,0.0238297001271369,0.2859696309861804,0.1830413822720482,0.1776897334906635,0.0432677385164497,0.0370824679662221
haberman,l1_logistic,rf,12,0.1775439164709066,0.2739674249489466,0.1855033565541579,0.0429435376432042,0.0223540137419734,0.3241557283560812,0.2122820291905973,0.2139189874074499,0.0355927225338399,0.0244871818582781
haberman,l1_logistic,rf,13,0.1796986456656714,0.2484007519689965,0.1838377722157547,0.057115950203215,0.0133392997633375,0.3453442062373318,0.1840060470870798,0.2105789591420334,0.0544008690813077,0.0165520234806617
haberman,l1_logistic,rf,14,0.1715555108403471,0.2214029563332286,0.1714023917451897,0.0526461044985564,0.0305292393335351,0.3231969046750461,0.1886986028127996,0.2068562287811344,0.0339863520982205,0.0137713245789437
haberman,l1_logistic,rf,15,0.1554407794804701,0.1970215446554448,0.1516525318312828,0.0567141986829891,0.0411475663813781,0.3120332589765651,0.1823626289871526,0.1885947079288135,0.0386149624724847,0.0250085522098052
haberman,l1_logistic,rf,16,0.1571641240662747,0.2307357778132255,0.1652836995712673,0.0600216701666563,0.0403126717378086,0.2919817706108392,0.1907478663504518,0.2018682876714784,0.0445654488706657,0.0304849350950523
haberman,l1_logistic,rf,17,0.1542874342831702,0.2288909418846938,0.1604469548199589,0.0536574472024106,0.0313622214332963,0.2863367856962437,0.176535834723777,0.2060255858516852,0.0399966288657184,0.0256282087954513
haberman,l1_logistic,rf,18,0.1754488797780945,0.2751143450474238,0.1915161864667866,0.0530873786474657,0.0273467041002914,0.2852667431656426,0.1830471033080698,0.1950818167924656,0.0506549926335578,0.0317287045927569
haberman,l1_logistic,rf,19,0.150460000903734,0.2415227846312577,0.1637463846411219,0.0425792131954646,0.0105650382409684,0.2942494440785386,0.1937877160830002,0.1955518307371617,0.0403695988405418,0.0244608260679868
haberman,l1_logistic,rf,20,0.1702326301420851,0.2378490776189639,0.1812873094181611,0.0410276312636053,0.0321706016888408,0.3825010071196788,0.1780901137657131,0.2152338272397482,0.020373629573949,0.0161413847062635
haberman,l1_logistic,rf,21,0.1694359170354356,0.2287903394656028,0.1599010486275628,0.0519682862267978,0.0411572906979175,0.3289632149672445,0.1713149183238718,0.1888243577584593,0.0282667975016574,0.0198070477590374
haberman,l1_logistic,rf,22,0.1811387266616791,0.2695255914514574,0.1865558567422249,0.053284163344571,0.0189900922334023,0.3492748935831637,0.1647838978501066,0.1861649407195058,0.0408822650155929,0.0244598948560974
haberman,l1_logistic,rf,23,0.1632727925460745,0.2484135879728595,0.1762632434947973,0.0285288731028248,0.0140531868795603,0.3429901986084376,0.196527212902571,0.2276860552708861,0.0458968551158454,0.0274372724188082
haberman,l1_logistic,rf,24,0.1632379773360036,0.204778579033955,0.1612810298781824,0.0509887787700504,0.0197038229272562,0.3082516845219265,0.1832046375365668,0.1973320843154238,0.0445669732715922,0.0441504964163954
haberman,l1_logistic,rf,25,0.159764828367213,0.2102567209103318,0.154426490371808,0.0522540077833172,0.0238434415183171,0.3053007623475807,0.17570935925144,0.1820822224691266,0.0522822179979956,0.0289445380649301
haberman,l1_logistic,rf,26,0.1549176901114459,0.2254739408177139,0.1614927234847864,0.069809588709271,0.0302646384752457,0.3275649053467525,0.2018243222390315,0.2110540298492679,0.0615220399767605,0.0242893621443363
haberman,l1_logistic,rf,27,0.2020643194114193,0.2827355440805478,0.2147778638825358,0.0453661057798068,0.0175879491272395,0.3790176656210376,0.192575820959956,0.2131216299563347,0.042868709223908,0.0062714737150739
haberman,l1_logistic,rf,28,0.1742559559914006,0.2190288739334669,0.1680587888227602,0.0488113264354062,0.0207900407980191,0.337591739179009,0.1770067340723545,0.2085431561901969,0.0357085972578303,0.0247811969704981
haberman,l1_logistic,rf,29,0.158988425328249,0.2313452398636344,0.1725968386474746,0.0382853210421429,0.0238723989325993,0.295604852700148,0.1986071550476871,0.1958177009272929,0.0358505433406076,0.0361770872519928
hepatitis,mutual_info,logistic,0,0.0853130628835501,0.0493396866554293,0.0514392459148242,0.0658910261648706,0.0466222501540726,0.0752999188972008,0.0563864557367634,0.0531580410395322,0.0412900975496449,0.0529360950781985
hepatitis,mutual_info,logistic,1,0.0837194108082301,0.0537502961342043,0.0477176842065564,0.0663087677815536,0.0477288753455911,0.0845037281503284,0.0558338145758639,0.0616729975603754,0.0257849304480988,0.0372650375389004
hepatitis,mutual_info,logistic,2,0.1093794152929499,0.0617041844040341,0.054169057208635,0.0437804383652944,0.0243705407294573,0.102776628194173,0.0590068694589822,0.0617859115780338,0.0453143176964705,0.0610219559798032
hepatitis,mutual_info,logistic,3,0.1082174304974164,0.0676090812631381,0.0623475858072504,0.0407451152512527,0.0457827422081146,0.0619046118070731,0.0618693797309323,0.0510789631480602,0.0605742777609739,0.0470967964119115
hepatitis,mutual_info,logistic,4,0.0828251684204741,0.0602382722821797,0.0502994479485161,0.0594284926083249,0.0598759738505856,0.0652426091289432,0.062224731248065,0.0546191028172157,0.0486473601488395,0.0521624407893929
hepatitis,mutual_info,logistic,5,0.0942359575837078,0.0711119121803238,0.0494824123161651,0.0714667917414509,0.0424260148085482,0.0647410141953735,0.0700151383356782,0.0532213151069775,0.0574438566673025,0.030504052788098
hepatitis,mutual_info,logistic,6,0.0875920842707506,0.057702007043386,0.0513026945275627,0.0610296425253446,0.0372121080535433,0.0787510256700339,0.0703175394186691,0.0628686756638824,0.0856112015985902,0.0349240384017567
hepatitis,mutual_info,logistic,7,0.1376534121872328,0.0787379486238254,0.0714861537696362,0.071723709905652,0.0417899895656901,0.0821511400948802,0.0709785054437912,0.0623729720920173,0.0394283805452334,0.036083591191815
hepatitis,mutual_info,logistic,8,0.1065608714351064,0.0631126824599469,0.0585294204755012,0.1001246505385497,0.0672445028111149,0.0845626591921592,0.074937255582451,0.06065695333295,0.0715808118262102,0.0155588385200282
hepatitis,mutual_info,logistic,9,0.0839589798157286,0.0625925172785574,0.051324591233242,0.0641157226847858,0.0454478078131559,0.0843595119919446,0.0696184988814565,0.0552986191078947,0.0475183669365283,0.0442495191217187
hepatitis,mutual_info,logistic,10,0.0812097358758391,0.0561783582284907,0.0480404482463298,0.0628502386120827,0.0344218650933336,0.080970376532301,0.0659847834306759,0.0665488679420614,0.0547015148103192,0.0455855233204529
hepatitis,mutual_info,logistic,11,0.0847178322346754,0.0563752897024385,0.0480890988357289,0.0860532171283751,0.0528597507144392,0.0597136123639932,0.0624103892338993,0.0556877826774476,0.0608457545631922,0.0363175817443543
hepatitis,mutual_info,logistic,12,0.0862139099636411,0.069914008489511,0.0610092936576783,0.061324692834567,0.0275444580195961,0.1002692165986423,0.0601671526166396,0.0581205415564371,0.0839998556814864,0.0436636140710047
hepatitis,mutual_info,logistic,13,0.1194699810581102,0.065547168807859,0.0640252252016055,0.0530123339209559,0.0290853807304864,0.0665341476860373,0.0595700426799869,0.0556758991174131,0.0412281678236116,0.0259818404978285
hepatitis,mutual_info,logistic,14,0.0865297397634638,0.0705249713275977,0.0552518967964458,0.0627072097763362,0.059454981057382,0.0599869262598727,0.0725526733261597,0.0549395264244577,0.0443218757101856,0.0366538917086084
hepatitis,mutual_info,logistic,15,0.0837017713584608,0.0633575942924765,0.049707629501712,0.0714824078134305,0.0510826917840286,0.0767544607579559,0.0577226442451828,0.0516295214038025,0.0534996013707636,0.0412239348215462
hepatitis,mutual_info,logistic,16,0.0913001255742812,0.0595332673914501,0.0555015625636252,0.0627027588715426,0.0613251308231462,0.0864878293024297,0.0686810498391377,0.0614373048008412,0.0522592929980746,0.0426338862050664
hepatitis,mutual_info,logistic,17,0.0875883725783937,0.0550647051851782,0.0500060015640949,0.050987188831794,0.0350080034211042,0.0698608560659098,0.0674687489771015,0.0588108983614884,0.0585897537576547,0.0378872825320564
hepatitis,mutual_info,logistic,18,0.0792663635271651,0.0633710692522849,0.044303479206064,0.0629910867949262,0.0587730921800043,0.0655310613586751,0.0686905838023566,0.0575562189172626,0.0649902141694893,0.0505524360845363
hepatitis,mutual_info,logistic,19,0.0945807144135746,0.0654040523863819,0.0558712383477363,0.0657292453625854,0.0294039466919151,0.08655591055887,0.0650260074975161,0.0616643441360474,0.0418046269351614,0.0300164215354237
hepatitis,mutual_info,logistic,20,0.0991846678053624,0.0812509343178804,0.0629250367113969,0.0421529488385213,0.0369900263030874,0.0787949739389561,0.0686204883693634,0.0579886603848117,0.0288083086630476,0.0408577763780131
hepatitis,mutual_info,logistic,21,0.1260867657633083,0.0745536249806676,0.0702752020080668,0.0578930352898885,0.0430565693769758,0.0733526345089244,0.071342815957301,0.0590813715477956,0.0643969957489195,0.0398332728189582
hepatitis,mutual_info,logistic,22,0.1211350132451468,0.0640389740571902,0.0623036624593081,0.0581292742895872,0.0540360001596438,0.0693994630336843,0.0810983279671288,0.0615787845706605,0.0343159065200933,0.0149322240610401
hepatitis,mutual_info,logistic,23,0.0873659160692599,0.0614654508805243,0.044698658950261,0.0688259915122706,0.0571135766175553,0.0902167620214257,0.0667379275399596,0.0604382323974783,0.0501386271995164,0.0483199770311072
hepatitis,mutual_info,logistic,24,0.1138783510658432,0.0664689402902395,0.0607116475926906,0.0682225648290054,0.0439281502688846,0.0756378568274197,0.0761054746617319,0.0598117500808068,0.0440438954434869,0.0404909337095425
hepatitis,mutual_info,logistic,25,0.090309799126908,0.0569930639740447,0.0554271247525212,0.0798128029061661,0.0492843630387174,0.0766424439301916,0.0739288241030127,0.0600359677067588,0.0617700789073326,0.0448320269160736
hepatitis,mutual_info,logistic,26,0.1155092788436745,0.0668843544442163,0.0598373768660967,0.0711934084855977,0.045501644885082,0.0734001292760479,0.0621019510554883,0.0550503967270735,0.0552154515469965,0.0391010135824717
hepatitis,mutual_info,logistic,27,0.0965357224938817,0.0620279561596607,0.0567358757625944,0.067859019292096,0.0372966986479805,0.0750859795153614,0.0657332504861238,0.0565339871034134,0.0519139627669193,0.0453237577601748
hepatitis,mutual_info,logistic,28,0.0941503538533394,0.0660909155497279,0.0583041847025545,0.0700428409673608,0.0467114302298296,0.0854653281731018,0.0615903576389821,0.0686633593114509,0.0274584030028048,0.0292267732544106
hepatitis,mutual_info,logistic,29,0.0991698984046077,0.0597765032649514,0.0517854846344648,0.0606767151786132,0.0360090958904068,0.0746752356607801,0.0712178709591818,0.062636680149079,0.0520357103552473,0.0380528851316592
hepatitis,mutual_info,rf,0,0.0549976394283854,0.0646045973634177,0.0475627462900748,0.0728534586488952,0.0407884268525452,0.0585408139280801,0.0711994099148755,0.0494059336674706,0.0838055945637126,0.0395256345834867
hepatitis,mutual_info,rf,1,0.052249266643087,0.062394942139626,0.0500022609329263,0.0701749025653223,0.0424080901706436,0.0791464537945877,0.0715990677619741,0.0560288537690766,0.0818035175811767,0.0260038275653228
hepatitis,mutual_info,rf,2,0.0545966976265947,0.0741035465467119,0.056587844679612,0.0839557778738013,0.0674184259682775,0.1142211726384733,0.0815732618643875,0.0870622986073392,0.0425573935318599,0.0247180539451304
hepatitis,mutual_info,rf,3,0.0511468492050384,0.0560020065959607,0.050130639550177,0.0527856783957599,0.0259185190006011,0.0966473353658145,0.0955450400034192,0.0809849727612852,0.073362984297384,0.0316243510344982
hepatitis,mutual_info,rf,4,0.0470446046655221,0.0649145705616348,0.046804824490348,0.0731948306224505,0.0357803208521642,0.0650073724093555,0.0901690863225559,0.0632109849710246,0.0329883448424453,0.0213483610851872
hepatitis,mutual_info,rf,5,0.0391737169844424,0.05341596159166,0.0433857311103943,0.0840525051558954,0.0660351617933045,0.0700573886804929,0.0472731609126326,0.053484746477712,0.0523565613485582,0.0338248979984787
hepatitis,mutual_info,rf,6,0.0440340807345726,0.0533987004685996,0.0436272746326814,0.0607302534466427,0.0432939266510197,0.0779771318790795,0.0899719918535189,0.0720148645865424,0.0518268780661297,0.0397217239161167
hepatitis,mutual_info,rf,7,0.0439400916722364,0.0578966774492832,0.0454273654040969,0.0759126757915527,0.0644957895441308,0.0836186164635757,0.0833050286501614,0.0769448906233064,0.0681288649093837,0.0250632841824459
hepatitis,mutual_info,rf,8,0.0507293106194838,0.0567301770208813,0.0479573277442528,0.0848265997071024,0.0486692863087504,0.0954054157087998,0.0723063994866248,0.0605724720224481,0.0434463595149705,0.0346142745832081
hepatitis,mutual_info,rf,9,0.0405452217987984,0.0621918204553455,0.0474324014499532,0.0713678483058723,0.0648589484752895,0.0874845734910812,0.0760760089960483,0.0702197590181562,0.076541374620534,0.0584935007241614
hepatitis,mutual_info,rf,10,0.0458733052108411,0.062246199853759,0.0475341170241791,0.0803730424636757,0.0553870114352141,0.0681483236990208,0.0744227860752359,0.0589154297205062,0.0325303903524581,0.0208650202152859
hepatitis,mutual_info,rf,11,0.0495441595304105,0.0544891818824942,0.0456133442703619,0.0604892644932948,0.0546098908175805,0.097362819395777,0.0796831592792936,0.0804791488440339,0.0923285728058756,0.0311195758828312
hepatitis,mutual_info,rf,12,0.0553135876646074,0.0644935250642888,0.0510983769231122,0.0741243499620079,0.0455684755299727,0.093822366603412,0.0895431098277338,0.0763773297539164,0.0676015327450895,0.0312131775780032
hepatitis,mutual_info,rf,13,0.0479264185315787,0.0659862502506779,0.05449262311873,0.0431748572653508,0.0404780135002466,0.0779652503055569,0.0999500488632228,0.0745891395969523,0.0774849466496873,0.0300773984636128
hepatitis,mutual_info,rf,14,0.052701415002858,0.0638311669306644,0.0567589010148729,0.055654990262895,0.0667718610502804,0.0958310542501217,0.0791843203673384,0.0792415268588067,0.0374696603900687,0.0300057328695804
hepatitis,mutual_info,rf,15,0.0539208946293629,0.0660077716440767,0.0507209027421694,0.0788225888597052,0.0385612247177648,0.1208578389419824,0.0698581491634258,0.0809945865957451,0.0349567833750253,-0.0028840254640375
hepatitis,mutual_info,rf,16,0.0442265471658475,0.0526412191892203,0.0468491777129198,0.0665836190609477,0.0710069904597691,0.1266105414030408,0.0674336034789597,0.0851681241445799,0.0875385603216783,0.0378450501153994
hepatitis,mutual_info,rf,17,0.0524202872000536,0.0512430858499969,0.0496815138257955,0.0735468022557774,0.0398724937725759,0.0674053435693868,0.0930859167476165,0.0694010693129336,0.0708890185549039,0.032555325583287
hepatitis,mutual_info,rf,18,0.0519301353540286,0.0561619506113861,0.0428240928992875,0.0505796685412338,0.0434885125691832,0.0732492443003881,0.0668067751182654,0.057011989872398,0.0568043237978825,0.0135438973354402
hepatitis,mutual_info,rf,19,0.0477456215611097,0.0533455195803306,0.0438370491390771,0.0359670456006891,0.0406925690868238,0.0677090763246118,0.0619193004940274,0.0527518227369886,0.066031293391933,0.0465518990411302
hepatitis,mutual_info,rf,20,0.0452450573477244,0.0528148863024066,0.0432820593318703,0.0633862382817383,0.0553374632473983,0.1013406624113046,0.0615726225114305,0.0677786086739845,0.0632974528401369,0.0434389988257869
hepatitis,mutual_info,rf,21,0.0407993839818716,0.0681306400092257,0.0484327010284148,0.0771085736635356,0.0556153599206129,0.1105910877241492,0.0862293964333293,0.0810199474003846,0.0199008693740534,0.0235352902315299
hepatitis,mutual_info,rf,22,0.0488992366769147,0.0548640915007912,0.0485240622232472,0.0578203005228632,0.0417060477985264,0.0950896630590093,0.0675700321082582,0.070529955500705,0.0400919924644553,0.0157451167542405
hepatitis,mutual_info,rf,23,0.0439968841120274,0.0638954258372266,0.0475436763504334,0.0714637271498608,0.0426542482343752,0.0854363941962855,0.0830140905261927,0.0782984249547682,0.0690938916831221,0.0295369330874629
hepatitis,mutual_info,rf,24,0.0633293389096661,0.0604928389234229,0.0567967240360763,0.0730841075651409,0.0477002739723454,0.1026920580697479,0.08354666864709,0.0809570238168211,0.0608716856594677,0.0345134250258589
hepatitis,mutual_info,rf,25,0.0428705823967792,0.062596454424357,0.0458060467717082,0.0775137928421285,0.0431508015648441,0.1268748180944501,0.0956936660917721,0.0892813609600221,0.0530992735870687,0.0168483267198851
hepatitis,mutual_info,rf,26,0.0495261590946975,0.0592371532144895,0.0456107924451665,0.0553937250754312,0.0418912689895587,0.1045672696524216,0.082930981576115,0.0762322453629387,0.0357976832976173,0.0095905101714295
hepatitis,mutual_info,rf,27,0.0489017518404056,0.058579726379185,0.0473291244445724,0.0602536069925648,0.0537629310416732,0.1003642755360013,0.0785667080131552,0.0668670869309993,0.0703754427870896,0.0107282942279562
hepatitis,mutual_info,rf,28,0.0616806508762154,0.0725089472526053,0.0545544041002646,0.0489453145928824,0.0420845374331489,0.0949380930533755,0.1036530634234921,0.0750285449128841,0.0543852181949256,0.0356896105578263
hepatitis,mutual_info,rf,29,0.0468051133992884,0.0624089040635991,0.0434494230403862,0.0656255614016017,0.0546695677905892,0.0744890840640288,0.0672498899184068,0.0545536145791982,0.0719676391658096,0.0705951082814736
hepatitis,rf_importance,logistic,0,0.0893282515875086,0.0579846317364326,0.0537223616962582,0.0929908386699402,0.0415863231172015,0.0642187909297424,0.0634748495422548,0.0527838650832873,0.070659607450649,0.0572570685061079
hepatitis,rf_importance,logistic,1,0.1040763031824228,0.0648132997986454,0.0566540570490155,0.0460364837130179,0.0344089387764242,0.0672316857852235,0.0663785455912199,0.0532351342627266,0.0643889797483147,0.0411647164655035
hepatitis,rf_importance,logistic,2,0.0739422785307201,0.0598581913333243,0.0549058611663131,0.0527813807603901,0.0375360930879586,0.0684294027749097,0.0683479999653602,0.0596522860213885,0.0665659453126996,0.0452761194416762
hepatitis,rf_importance,logistic,3,0.1160471574705842,0.0614019998957673,0.0619285060189878,0.073243183316738,0.0364915441176382,0.0830765178700763,0.0638096948167935,0.0589234126904987,0.0674742894798368,0.0445113331655148
hepatitis,rf_importance,logistic,4,0.0879520388961106,0.0641639620929189,0.0563753441234156,0.0709956582294547,0.0606653435796779,0.0729971721390874,0.0811090898883986,0.0610024875664134,0.0526283998807816,0.0525029086343519
hepatitis,rf_importance,logistic,5,0.0982036469004566,0.0704834843922685,0.0597000691695779,0.0706628239937363,0.0444881292792046,0.066038244960238,0.0752652240463282,0.0517846575496418,0.0755329880130419,0.0434194779479863
hepatitis,rf_importance,logistic,6,0.1052156799985233,0.0681622668607887,0.0555271988924504,0.0545475005717354,0.0303677057782604,0.0727509516311269,0.0629564287794963,0.0504245210086324,0.0778899974458925,0.0513320348017051
hepatitis,rf_importance,logistic,7,0.1000641901244462,0.0666239145606556,0.0540287420412083,0.0401217843755755,0.052512203333713,0.069376367896044,0.067389247574206,0.0518293989286922,0.0520265600162706,0.0418236347762201
hepatitis,rf_importance,logistic,8,0.0985759559636053,0.0672619291465372,0.0583502482819033,0.0799311036014379,0.0526817911651696,0.0733972899829922,0.0776208942133644,0.0647906329612484,0.0510898957091352,0.0310045722218512
hepatitis,rf_importance,logistic,9,0.1081848614789862,0.072451180862383,0.0585997978330545,0.0516232236200574,0.0281730436808956,0.0735624095863919,0.0692207533672649,0.0484640574318325,0.0669744810754223,0.053079645997611
hepatitis,rf_importance,logistic,10,0.0984953591856939,0.0617068481894455,0.0545040414221985,0.0708669256189828,0.0448402660267292,0.0622190380682708,0.0674868358140959,0.0511911798761481,0.0561337059285537,0.0300435749177028
hepatitis,rf_importance,logistic,11,0.0972358468825827,0.0603361897480044,0.053424467272175,0.0500676405947373,0.0325306429997966,0.0852182412847101,0.0708837665571914,0.062859050812491,0.0492844151747508,0.0288264865076436
hepatitis,rf_importance,logistic,12,0.0969765912101798,0.0750358184794725,0.065383514604038,0.0458434917277031,0.0352439778618362,0.0733067550673943,0.0676576148182676,0.0626477503251565,0.0678700353496858,0.0284424516346185
hepatitis,rf_importance,logistic,13,0.0765188071365922,0.070283416987648,0.053017571025605,0.0543323576730123,0.0457502949018305,0.070073647822511,0.0746055182477222,0.0508005898236149,0.0613771597348648,0.039981710366797
hepatitis,rf_importance,logistic,14,0.0864349746875373,0.0590493740306344,0.0487302337818744,0.0729866685612248,0.07716385962667,0.0738258760246659,0.0643428346415979,0.0544418129402702,0.0538102577191694,0.0403956024644355
hepatitis,rf_importance,logistic,15,0.0813602133153819,0.0724767704609626,0.0525412658596529,0.0698048498241139,0.0424671923406264,0.0602902051758879,0.0740270243614565,0.051088325107568,0.0873731904465914,0.0666611538120086
hepatitis,rf_importance,logistic,16,0.0991156326846049,0.0617491710701755,0.0582609751310866,0.0723101915545814,0.0524174944449701,0.0866070197731371,0.0649338154713405,0.063843790741022,0.0742489545359808,0.0528922538092959
hepatitis,rf_importance,logistic,17,0.0995741546167568,0.0602784902539379,0.0520770050094383,0.0670378352333789,0.0465948203863613,0.0680640997260474,0.0731870904467191,0.0526046681981232,0.0650231533145093,0.0510366917967326
hepatitis,rf_importance,logistic,18,0.0932379997871784,0.0688784247023843,0.0582157351761243,0.0657210569585959,0.075797634576648,0.0535011212486452,0.0711139666812703,0.053186566713369,0.0873329835463653,0.0620746784116305
hepatitis,rf_importance,logistic,19,0.11099402797463,0.0648924006277284,0.0560785850628713,0.0486379824117794,0.0440774475623644,0.0755849527583152,0.0675343322927924,0.059705836599863,0.0601605338198624,0.0504692931072988
hepatitis,rf_importance,logistic,20,0.1023844585773267,0.0748514982454102,0.0582185867027504,0.0674004095012341,0.0434380294297296,0.0644023895689221,0.0847095261970942,0.0633441605955778,0.0541333516545488,0.0307961962650142
hepatitis,rf_importance,logistic,21,0.0935696224903724,0.069770536015555,0.0487544143426601,0.0593103169252495,0.0715509881907356,0.0723327558296214,0.0675609136067241,0.0521600368688025,0.0679073554459394,0.0450578197580083
hepatitis,rf_importance,logistic,22,0.0974974855559236,0.0744171561695846,0.0577325399095522,0.0657842685113448,0.0356955610722861,0.066755938527008,0.0686020661667539,0.0509863253619553,0.0920466323140336,0.021938972981631
hepatitis,rf_importance,logistic,23,0.0850301878744219,0.0588411072750205,0.0502093153054179,0.0627500589518261,0.0549900107547619,0.0738761059651192,0.0792944585746767,0.0579578220469831,0.0858751991642773,0.0571643681072243
hepatitis,rf_importance,logistic,24,0.0788776903519561,0.0458206067099851,0.0453260831269459,0.0633079840618229,0.060416525260022,0.069822276319452,0.0608541392356258,0.0552616957374859,0.0585444162479721,0.056844466842919
hepatitis,rf_importance,logistic,25,0.097313899336047,0.0726062727866553,0.063899201305148,0.0752289855390804,0.0365758274139203,0.0722886571302207,0.0703358437486885,0.0689045328381722,0.057035949147651,0.0387050194804666
hepatitis,rf_importance,logistic,26,0.0933223337069915,0.0618645664954674,0.0544973044451801,0.0330984898075186,0.0069966971831284,0.0741741771061227,0.0722358028417447,0.0515677398798349,0.0658231569926888,0.0450294249902053
hepatitis,rf_importance,logistic,27,0.1011983525787957,0.0680534397848721,0.0579383165038331,0.0739445397417539,0.0385705243174659,0.0703348893541833,0.0727312043723919,0.0535143706699886,0.070662971505485,0.0248762008575831
hepatitis,rf_importance,logistic,28,0.1329994034140349,0.0730531360840643,0.0720539139051364,0.0509663794217013,0.0495504254942899,0.0901514140139449,0.0717872169108505,0.0615117401944295,0.0736580344354687,0.0307087745350346
hepatitis,rf_importance,logistic,29,0.1023693483488797,0.0649182326783497,0.0561095264629617,0.0614210605588136,0.0581952078705421,0.0668756076289393,0.0763305877643754,0.056919759210999,0.0704362037597228,0.05286864265115
hepatitis,rf_importance,rf,0,0.0493876134137081,0.055478218664427,0.0475256210774349,0.0667547191651872,0.0581609219536021,0.0849392396417734,0.073635850495016,0.0676631652339323,0.0794464009891377,0.0242687257313366
hepatitis,rf_importance,rf,1,0.0550123951183543,0.0659808090421686,0.0519153641035856,0.0726855388026243,0.0556690363353158,0.0812640761476743,0.0644420765699018,0.0566257297382825,0.0392768620571959,0.0317623979728956
hepatitis,rf_importance,rf,2,0.0426022352050603,0.0638589768652647,0.0454121081812581,0.0865701793600101,0.0557924975776654,0.0867219781805338,0.0722004816089122,0.0631597144339999,0.0912279243003109,0.0544175017189108
hepatitis,rf_importance,rf,3,0.0452247120730879,0.0638319008216833,0.0488267910078444,0.0795082740199973,0.0516999200152437,0.0709542766056553,0.0719232715818183,0.0607350305774331,0.0684666360966041,0.0441064367720502
hepatitis,rf_importance,rf,4,0.0415177938153728,0.0510844621589644,0.0437102365560908,0.0637295885470821,0.0445767508693453,0.0682125023700037,0.0627070011749745,0.0623571270339219,0.0679903245848022,0.0201811529334933
hepatitis,rf_importance,rf,5,0.0388442341954204,0.0574120135941366,0.0437980017543086,0.0781232174482124,0.0621496883680853,0.0832880122286608,0.0830482445642428,0.0720953136446442,0.091156691718495,0.0593937586625782
hepatitis,rf_importance,rf,6,0.0405579502475485,0.0595092875957241,0.0406100349543211,0.074549216710861,0.0604817215807628,0.0806884853833015,0.0731564892124427,0.0663466079969263,0.0721929185760317,0.0567894153531885
hepatitis,rf_importance,rf,7,0.0457036417091015,0.057538890835779,0.0459810712196272,0.0601241082106894,0.0565556614552142,0.0771922388486124,0.0707443784858907,0.0655821531325146,0.0442400737343725,0.0275500114593476
hepatitis,rf_importance,rf,8,0.0462737452826068,0.0639689542595412,0.0480529075027138,0.0694632426623931,0.0607707366252689,0.0811872779333635,0.0907290015118667,0.0720581440452691,0.0803863687296705,0.0341381661387546
hepatitis,rf_importance,rf,9,0.0395843608994382,0.0593488461083972,0.0445349326364482,0.0806679093917221,0.0584827305933697,0.073061168920695,0.0747983753312396,0.0684874062861813,0.1019326325128772,0.0307183352453731
hepatitis,rf_importance,rf,10,0.0374614472536558,0.0561850395171414,0.042918930110449,0.07996700346756,0.083544375161651,0.0909429430368204,0.0772872288625137,0.0764928124866363,0.0896700903332814,0.0299460222502201
hepatitis,rf_importance,rf,11,0.0392532913151129,0.0585933285552677,0.0447844443925023,0.0971920833002271,0.0638683630397219,0.0687881376369021,0.0617434726185846,0.0523132411556935,0.0751266162895673,0.0603878379168871
hepatitis,rf_importance,rf,12,0.0510789198391785,0.0652058343136803,0.0553906142094962,0.0773357987554227,0.0426246694506441,0.0873380917556483,0.095812716665014,0.0844636747836385,0.0707287995798359,0.0199299834031941
hepatitis,rf_importance,rf,13,0.0477249239836415,0.0607541360945762,0.0490305720523348,0.0963170941969663,0.0598765505028893,0.0917488175159951,0.0791372000613701,0.0734338208143587,0.0827971095161466,0.0300999077546326
hepatitis,rf_importance,rf,14,0.0512596892977017,0.0610386774894618,0.0522782986132783,0.0782063678405538,0.0521974666242746,0.0805629053551633,0.0712789493672805,0.0696213195347761,0.0394690447839359,0.0121392014819376
hepatitis,rf_importance,rf,15,0.0480822096412655,0.0558123245750463,0.0444882470955932,0.0785961857615467,0.0617897406064884,0.0945095724982851,0.0819302372601801,0.0777041422761715,0.0389673677487648,0.0422089851111187
hepatitis,rf_importance,rf,16,0.049692642628488,0.0600249613367352,0.0463663691627651,0.0572349125488017,0.0509598627479012,0.0789276508782538,0.0876409892042937,0.0655792252854184,0.068234414115294,0.0258549913630827
hepatitis,rf_importance,rf,17,0.044054993747497,0.0548971676039771,0.0461197041891541,0.0675357628772012,0.0337222425818287,0.095326871571351,0.0741682612386536,0.0672128743491126,0.0883037274355495,0.017349710096723
hepatitis,rf_importance,rf,18,0.0518480390712308,0.0617308259138866,0.0528280412183467,0.0530271242767934,0.0396335911461033,0.0961732375871283,0.0868397418978947,0.0806008113010014,0.0586559197617174,0.0200280835157391
hepatitis,rf_importance,rf,19,0.0485944977900931,0.0538180075972208,0.0420357496626941,0.0686458612586599,0.0438878529800415,0.0902005074725129,0.0652231395460388,0.0570570715498894,0.0575364896029397,0.0249929144709339
hepatitis,rf_importance,rf,20,0.0486996869732284,0.0669198774206428,0.0459094496722957,0.0780878609976136,0.0491256240902504,0.0777423056512199,0.0690845264583161,0.0606163474059106,0.0490757695249044,0.0404858412384185
hepatitis,rf_importance,rf,21,0.0585554906718101,0.0638521579756839,0.0538013657705601,0.0697123539667378,0.0558837977204717,0.0978046782525005,0.0776999636159492,0.0684764090122092,0.0759867687037701,0.0437300661052663
hepatitis,rf_importance,rf,22,0.045580040797332,0.0591073317091022,0.0484870978929177,0.0639360060651801,0.0708043310447485,0.1037361432431208,0.0780117028262297,0.0783535992536441,0.0697288332587684,0.0362505845596814
hepatitis,rf_importance,rf,23,0.0503060407581473,0.0605845972469878,0.0543930032695179,0.0609640002653893,0.0056672497396968,0.0727696748669702,0.0708234232423125,0.0670002545700133,0.077965292483634,0.027404613367597
hepatitis,rf_importance,rf,24,0.0418770397981086,0.0593451458063629,0.0434014082996525,0.0882576649508518,0.052330011465055,0.0967738277206467,0.0948193443983593,0.0796030578760247,0.0643100170957316,0.028029586166034
hepatitis,rf_importance,rf,25,0.0444841259142181,0.0574141879019961,0.0452542057706598,0.0862292835752914,0.0736166200931536,0.0823096087774101,0.0821288628138089,0.0721145992331288,0.0776896145194848,0.0355335188906667
hepatitis,rf_importance,rf,26,0.0454367944398124,0.0594155825868731,0.0489607157590351,0.0769989673486487,0.0549650011677473,0.1035307942643179,0.1090114788954904,0.0836833408093882,0.0851561541565269,0.0366153652054841
hepatitis,rf_importance,rf,27,0.0460516068414584,0.0550464136081845,0.0428207981734437,0.0927678377918757,0.0502393015797752,0.1127941058753194,0.0700709389340334,0.0711406484061496,0.0875656853393694,0.0547547338117329
hepatitis,rf_importance,rf,28,0.0510776207871459,0.0647767533267991,0.050686099202861,0.0665698767056863,0.0372921180438423,0.104384023125289,0.0699475971446692,0.0813713255500982,0.063150401080727,0.0204282181495021
hepatitis,rf_importance,rf,29,0.054841657050751,0.0623804046639029,0.0514195023733883,0.0595351201320285,0.0636278926083467,0.0950874269197795,0.0862909413586641,0.0834603321859999,0.0478855810424369,0.0190391653623087
hepatitis,l1_logistic,logistic,0,0.0889230948914293,0.0559597969472025,0.0466195208640484,0.0653928708284257,0.071203924330508,0.0783026365209317,0.0656842842797692,0.0507175997202168,0.0638199494353836,0.0481732997801725
hepatitis,l1_logistic,logistic,1,0.0932643989921346,0.0633139152252369,0.055134853658603,0.0586783348379094,0.0587738997153271,0.095032918861162,0.079269313664889,0.0647783604674452,0.0602976965869277,0.0334248999765083
hepatitis,l1_logistic,logistic,2,0.0860051181609632,0.0672081640099147,0.0589039164768938,0.0668071325777128,0.047827738591432,0.0898982939477364,0.0682406896467582,0.0571670630846861,0.0618273722779368,0.0550673562102326
hepatitis,l1_logistic,logistic,3,0.0912046806566819,0.0679524219770286,0.0585650201792546,0.0503840796832388,0.0354720606125376,0.0859978067831167,0.0753446891500375,0.0652454420475896,0.0541343204979092,0.0453121740254132
hepatitis,l1_logistic,logistic,4,0.0915834354534916,0.0671666214392964,0.0619132721772565,0.0528854480222181,0.0512441732188135,0.1070254887958615,0.0811072460165895,0.0778888692821335,0.0328916108442114,0.0132251154867404
hepatitis,l1_logistic,logistic,5,0.1132528484664139,0.0647519226848715,0.0629121284180617,0.0521750310495266,0.0225005024274521,0.1330330138197863,0.0688186340287046,0.0631581612275483,0.0577334964226478,0.0253551523558051
hepatitis,l1_logistic,logistic,6,0.0993560102533226,0.0713931812136982,0.0566984408442194,0.0770885220743462,0.046309032400644,0.0919973378752281,0.063443817694763,0.0624702361753425,0.0535890185364346,0.0485304209813624
hepatitis,l1_logistic,logistic,7,0.0929648970163749,0.0670588938129523,0.0568002836447048,0.0646159566308403,0.0357283784366658,0.0963888116595392,0.0802146747515864,0.0739577870680044,0.0366076639742102,0.0175998512424931
hepatitis,l1_logistic,logistic,8,0.1007965914246171,0.0586095660685549,0.0428601957457309,0.0427201946832879,0.0684170654001544,0.1286847062282735,0.0705365009517439,0.0544748106429056,0.0579561350918735,0.0582724331626479
hepatitis,l1_logistic,logistic,9,0.1029319694384678,0.0642152983535706,0.0594895662339661,0.0550505453195226,0.0453364267391359,0.1223588926516384,0.0942947204798348,0.0862603750879872,0.0410077486041544,0.0313214127170279
hepatitis,l1_logistic,logistic,10,0.0814366294836133,0.0737152133102729,0.0529641036225543,0.0844422806630125,0.0491260511922804,0.0717580905829983,0.0692616248814847,0.0525315671041824,0.0526972295822846,0.0412867494372762
hepatitis,l1_logistic,logistic,11,0.123201497264717,0.0757994263297201,0.0665331792123597,0.0412560781571332,0.0427430555530852,0.1425171366336661,0.0725399698618002,0.0736899781158386,0.0623173586558148,0.0484187204904303
hepatitis,l1_logistic,logistic,12,0.1116148589721783,0.0576021474983119,0.0567698251241764,0.0560403941010342,0.0605092769724876,0.1270483198963062,0.0762670663371761,0.0747374692278242,0.0504653629596529,0.0103379746357433
hepatitis,l1_logistic,logistic,13,0.1250524243807611,0.064819974157231,0.0599955480658091,0.0464687863596787,0.0364678929084909,0.1730897998127081,0.0835403487748058,0.0919016883780858,0.0409823752250364,0.0244140775862894
hepatitis,l1_logistic,logistic,14,0.1020082218362813,0.0635162663132841,0.0600016399191928,0.0534470977112997,0.0438124525565872,0.0993573512074714,0.0745052935443081,0.0679500936763109,0.061152517302076,0.0291767275743091
hepatitis,l1_logistic,logistic,15,0.1038703276443275,0.0584377184595403,0.0614506244442809,0.0529614345325743,0.0511452549425729,0.1247240258992913,0.0869170846936139,0.0894555890666361,0.0515766100568592,0.0352355992041341
hepatitis,l1_logistic,logistic,16,0.118857650127052,0.0571749707974413,0.0600741190806325,0.0664180513991025,0.0448253136719093,0.1334526417841723,0.0620828220717173,0.0727497110800014,0.0700716716772359,0.055316371433908
hepatitis,l1_logistic,logistic,17,0.1126150847447214,0.0556733501459961,0.0548557122342431,0.0534292324636699,0.0358175168583077,0.1476885560528591,0.0703048481681085,0.0754788875235882,0.0580954777621476,0.0659292215650908
hepatitis,l1_logistic,logistic,18,0.1046557874179535,0.0557997961313334,0.0538865842166557,0.059678738352226,0.0308746081760736,0.121521632137048,0.0687522034296378,0.0634837281582971,0.0596253994829069,0.0293593859264658
hepatitis,l1_logistic,logistic,19,0.1123368504063093,0.0568160217310119,0.0551101639908456,0.0412158426854688,0.0438687553766836,0.1096071606113029,0.0815829959126325,0.0741810785284408,0.0371187666883997,0.0461944979947418
hepatitis,l1_logistic,logistic,20,0.1061609317654866,0.0611224949128313,0.0539325831351506,0.0530693997126426,0.0353742035132878,0.1200125662005119,0.079067632551318,0.0733549915212265,0.0689052410331113,0.029346831588624
hepatitis,l1_logistic,logistic,21,0.1031463151873881,0.069958302019769,0.0617988560988439,0.0664967581227632,0.0316425813747733,0.1229717407852079,0.083004052932109,0.0789993889030319,0.0301161678486103,0.0087515326095681
hepatitis,l1_logistic,logistic,22,0.1341344256651889,0.0695118316670352,0.0663396888589718,0.034966001097565,0.019155100342176,0.1232553432643185,0.0710192873294555,0.0738022861744019,0.0431117367844335,0.0174469055482806
hepatitis,l1_logistic,logistic,23,0.1090816032018908,0.0724914078259564,0.0624712166629783,0.0461020769219145,0.0298358010366207,0.1239593543541605,0.0809248807140312,0.0696488477609598,0.0535663671641561,0.0349244300558867
hepatitis,l1_logistic,logistic,24,0.0843216519279315,0.0659749111346507,0.0534082308807087,0.0439792563297194,0.0450891672051053,0.1010262675440831,0.0734018268306351,0.0653391327825852,0.0464953544239106,0.02626542333417
hepatitis,l1_logistic,logistic,25,0.1106798230773161,0.0757910418462916,0.0618238551644754,0.0420120338792204,0.0119606547895546,0.0961807903992754,0.0786903058538858,0.0664282962632485,0.0326679448667868,0.0270543477657404
hepatitis,l1_logistic,logistic,26,0.1068245694820218,0.0547171144055358,0.0580732206204302,0.0509711444613334,0.0478204585095931,0.0994145740003432,0.0650837633972694,0.0636486311537441,0.0432215651464076,0.0375521658062311
hepatitis,l1_logistic,logistic,27,0.1062936353654753,0.0592667164608725,0.0499278943653237,0.0711236773599993,0.0688887700614203,0.1125135451656358,0.0642098509804055,0.0554784314669329,0.0681517441310693,0.059442936308124
hepatitis,l1_logistic,logistic,28,0.0946550978820205,0.0633556194258946,0.0510094193362402,0.0709035716507875,0.0552549950537926,0.0928417527178517,0.0671031739484558,0.0648450761449711,0.0532682632195329,0.0476987229975215
hepatitis,l1_logistic,logistic,29,0.087510557304718,0.0625908316956694,0.0544452767320122,0.0641548627904397,0.0328372500341166,0.1116706904721365,0.0746913847043036,0.07951995635044,0.0315560761435103,0.0078439112098117
hepatitis,l1_logistic,rf,0,0.0454659341077059,0.0522899870490798,0.0443382952403393,0.0720426597226143,0.0574200511251118,0.1177138977150439,0.100331644714126,0.0895310182667382,0.0290676447237479,0.0274925627741237
hepatitis,l1_logistic,rf,1,0.052286925688055,0.0572268955061676,0.0474679785487641,0.0804542749435172,0.0525872540395979,0.1006614352180701,0.0816653587480275,0.0807003363159238,0.0311536113264474,0.0108736493477158
hepatitis,l1_logistic,rf,2,0.0565147050317573,0.0651512902372332,0.0564237008803835,0.0467390748479031,0.0339404672142403,0.1449137432533323,0.1299022137168409,0.117509768716031,0.0335503534936009,-0.0176896425049775
hepatitis,l1_logistic,rf,3,0.0569078196499283,0.0681007386602185,0.0567633140118932,0.0541223600737533,0.0381794222973806,0.1216589794292332,0.0865791302178744,0.0941471121661717,0.0192814494395755,-0.0030458249237309
hepatitis,l1_logistic,rf,4,0.0484837330097515,0.0623384691085754,0.0513130954185769,0.0713322043927115,0.0765418689603424,0.0972755333903309,0.0822607886365401,0.0716476487100711,0.0570311722986328,0.0424321266407176
hepatitis,l1_logistic,rf,5,0.0471913518315643,0.0595038444469244,0.0493251928278177,0.0534722023281658,0.0458906472208862,0.1214810944696653,0.1043903484851511,0.0887249435391508,0.040007051604837,0.0124595630382326
hepatitis,l1_logistic,rf,6,0.0522359871686053,0.0626513004090755,0.0555383039174762,0.063324471862309,0.0308864483165808,0.1213925188108751,0.1006643340028736,0.0849474185769367,0.036641526357564,0.0390672056874092
hepatitis,l1_logistic,rf,7,0.0463974091200298,0.0470649743729418,0.0427652360939727,0.0712441986196744,0.0438824302903267,0.0948561569254158,0.0977904312882351,0.0774793353322735,0.0568140530265169,0.0186182062134332
hepatitis,l1_logistic,rf,8,0.0556300062525489,0.0651614585957166,0.0538015553604635,0.0484402956621343,0.0556985017729619,0.1104469494919915,0.0992281754296092,0.087355165309728,0.0462343725039954,0.0222926142430088
hepatitis,l1_logistic,rf,9,0.0492536450399786,0.06311625632074,0.0438932340587724,0.0753383475243991,0.0465961948778672,0.1315552528889521,0.0945729912938395,0.0851884431492754,0.0322623207394903,0.0220350060413552
hepatitis,l1_logistic,rf,10,0.0520261179955966,0.0590448419464899,0.0533270845895511,0.0570223978965435,0.0317650594715204,0.1288229901807841,0.1139963907448479,0.1062862588413196,0.0486997861759171,0.0262855031303794
hepatitis,l1_logistic,rf,11,0.0532491510702017,0.0582308037714594,0.0451595964852057,0.0737482065042535,0.0470613568874101,0.1018250371784763,0.1105490726988607,0.084163267276756,0.0509876056570309,0.018003009403016
hepatitis,l1_logistic,rf,12,0.0427223832573179,0.0640962011087315,0.045333272904894,0.0695335591020634,0.0717669185862679,0.0877395105572193,0.0959425994077682,0.0718230950704509,0.072494736241531,0.0336662914354859
hepatitis,l1_logistic,rf,13,0.0479472673230659,0.060770999747612,0.0468541637811716,0.0493545463783408,0.0373172417242748,0.1090933337751268,0.0960158894718445,0.0807387936100815,0.0176014527676883,0.0075355137408095
hepatitis,l1_logistic,rf,14,0.0497072984266045,0.0542152290356657,0.0504141828380184,0.0604510485850543,0.0443436979606837,0.1353384051356279,0.1023643038255422,0.0957149143191836,0.031697306349814,0.0158359708355175
hepatitis,l1_logistic,rf,15,0.0486264497483769,0.0620260101657291,0.0505957372492545,0.0639048287296569,0.0566584590434258,0.1024789375237704,0.0782933473129184,0.0768161454034829,0.0804133761517571,0.0511493356090856
hepatitis,l1_logistic,rf,16,0.0492101012600527,0.0586170764214656,0.0495096671002769,0.0644651278811715,0.0317051619195649,0.1366143050946178,0.1320030888166513,0.110768147297568,0.0423560150723781,0.0051430623574725
hepatitis,l1_logistic,rf,17,0.0419324170330913,0.0564684844595301,0.0437011755765724,0.0940173891625493,0.0669946518504205,0.091928482011783,0.092373947126007,0.0803814447572637,0.0355529500960842,0.0329982338044003
hepatitis,l1_logistic,rf,18,0.0432367300409069,0.049940193062244,0.0425614468724356,0.0615410051439212,0.0612316924001212,0.0916529620782791,0.0786495736618305,0.0748840571610659,0.075110856848547,0.0364711791019095
hepatitis,l1_logistic,rf,19,0.0499727821384554,0.0652212885881828,0.0523992574899619,0.0607305154357518,0.0391250866591972,0.103926423153091,0.0997016400516209,0.0792766301194721,0.0440298566236677,0.0245569890671903
hepatitis,l1_logistic,rf,20,0.0547561258077663,0.0661865349780221,0.05156855783439,0.070311048083507,0.0481178696432545,0.0853867442399375,0.0884632394415508,0.0707019217240427,0.0679675009812932,0.035831494892461
hepatitis,l1_logistic,rf,21,0.0496823194154454,0.0537250638878847,0.0443841898443476,0.0810221669123334,0.0486204225459954,0.1050793319928596,0.1041146427552399,0.0864706126957595,0.0141428172174358,0.0004244425068513
hepatitis,l1_logistic,rf,22,0.0574124633788,0.0662628386932991,0.0556900616069607,0.0688423587705863,0.0530248626696071,0.1323661525346489,0.1153643398909577,0.1094834454025391,0.0035702984067868,-0.0227955432806364
hepatitis,l1_logistic,rf,23,0.0408529187713281,0.0577701717382695,0.0427362890374647,0.0709159867696747,0.0527628782106264,0.1101649817420128,0.1083028779231458,0.0838005178627392,0.033517091784862,-0.0074280032375506
hepatitis,l1_logistic,rf,24,0.0507451290033909,0.0706733463354122,0.055762980382203,0.0573609480720256,0.0558295192413569,0.1117171058213424,0.0937776117847678,0.0906722048667317,0.0551531817764037,0.0465036259913419
hepatitis,l1_logistic,rf,25,0.0534588389904379,0.061548101814929,0.0506741781138755,0.0646009387756948,0.0422891977952387,0.1179968362638097,0.0975454546598091,0.0905120718631347,0.0495223009608352,0.0200468169301182
hepatitis,l1_logistic,rf,26,0.065349406077578,0.0660715079593397,0.0587527689734289,0.0474149018313816,0.0491499497313776,0.1411743314245695,0.1053190256418583,0.0996374501091254,0.027052644259618,-0.009769432424614
hepatitis,l1_logistic,rf,27,0.0458937588409156,0.0624675837515365,0.0504599884328002,0.085984663717782,0.052444518085075,0.115335293065454,0.0753194160831683,0.0768826573687857,0.0418884688770537,0.0441626047851218
hepatitis,l1_logistic,rf,28,0.0454068917405304,0.0679062493744054,0.0461480621400517,0.0643308920564687,0.0520040331594726,0.0970492980034016,0.1142126853552097,0.0881026210658143,0.0443959570377733,0.0064114133720067
hepatitis,l1_logistic,rf,29,0.0426140389813641,0.0500167690486063,0.0469031933392787,0.0609312735611436,0.0601125531129052,0.0675248777773314,0.0886135775842955,0.0636995658586351,0.0465758253986504,0.0181343192120271
mammographic,mutual_info,logistic,0,0.0959735919524698,0.1266946739796634,0.0982804812331669,0.3730732848916388,0.3729273978193146,0.1647793699388718,0.1353225958767683,0.1143344531820275,0.3980949568052767,0.3890113238465357
mammographic,mutual_info,logistic,1,0.0951847916148583,0.1275554733190982,0.096239642336114,0.3757383099922339,0.374968196018721,0.1596748874936206,0.1369071324253564,0.1178481436999378,0.3987957825727771,0.3918300648680654
mammographic,mutual_info,logistic,2,0.0972388312075122,0.1304089148918455,0.0967159728738606,0.3776694643617505,0.3754833249194022,0.1656694815797327,0.139774117952535,0.1192853328668679,0.3954773665201271,0.3874516906075658
mammographic,mutual_info,logistic,3,0.0922788233407358,0.1238087484494313,0.0939836473105399,0.3779434539506885,0.3656168292227419,0.1681575028974968,0.1329583230833397,0.1161985966029249,0.4020997898706677,0.390573587309294
mammographic,mutual_info,logistic,4,0.0957876562529666,0.134927355449121,0.0968395106185363,0.3706051667240741,0.3704616111381355,0.1705931801059454,0.1403166685760025,0.1144190831050342,0.4031072452961019,0.3890558059920652
mammographic,mutual_info,logistic,5,0.0955902824466871,0.1279552222471779,0.0979941433143344,0.3781316730547129,0.3734858969836411,0.1669078269646562,0.1373935357637417,0.1181284809789306,0.4043938792173853,0.3912412618453876
mammographic,mutual_info,logistic,6,0.0959183576180511,0.1313036045392384,0.0972048492749623,0.3790148865851364,0.3721177283761365,0.1659242728102491,0.1387858092930673,0.1181155095839107,0.4034749702035882,0.3892819493623429
mammographic,mutual_info,logistic,7,0.0981578936928919,0.1308637766697776,0.1026764553057101,0.3708045044390266,0.3733824256642601,0.1687798897707363,0.1392023999944283,0.1186804952615688,0.4036350595378584,0.3930335960251245
mammographic,mutual_info,logistic,8,0.0935008954160606,0.1300136597466372,0.0959867838594503,0.3759655353608356,0.3701473383091169,0.162873965460722,0.1373961486349022,0.1183096569528991,0.4013161137633008,0.3886264042551062
mammographic,mutual_info,logistic,9,0.0943927029996317,0.1297609935885992,0.098375850635176,0.3743218797123033,0.3687142339118388,0.1665247155805406,0.1407127362941587,0.1225926517948555,0.4012692853103327,0.3913330200607334
mammographic,mutual_info,logistic,10,0.0953136227638971,0.1366373052663778,0.1030639730820813,0.3760227848906871,0.3687046899545947,0.1700153714302434,0.1411880769862569,0.1183346530551256,0.4046756444523762,0.390306293813047
mammographic,mutual_info,logistic,11,0.0947840385743386,0.130405611016666,0.0955152005478044,0.3778239076814543,0.3676984980667101,0.1738547625233958,0.1389857479336538,0.1175885558368458,0.4047534020427156,0.3882873983836105
mammographic,mutual_info,logistic,12,0.0943724541412352,0.1345369772131295,0.0994011932511385,0.3743843726737612,0.3694279164372531,0.1750249722340151,0.1425395073038008,0.123302317375693,0.397468987350668,0.382231168497296
mammographic,mutual_info,logistic,13,0.0976364529709721,0.1334333256238365,0.1009581414571914,0.3763720927454746,0.3688789529530923,0.1675568273025918,0.1387031184706256,0.118820802152996,0.4059266251294189,0.3926573753694635
mammographic,mutual_info,logistic,14,0.0978046142076061,0.1267497370881235,0.0956690730397499,0.3755976927174775,0.3688306726151726,0.1619104693747069,0.1381527872669276,0.1173994477633532,0.4009960908001556,0.3922600384352757
mammographic,mutual_info,logistic,15,0.0937064581176752,0.1298464535896135,0.0964888635026483,0.3758363804433599,0.3760202220860852,0.1652640898544441,0.138477761880619,0.1173646370648457,0.4001817694717672,0.3909036223213259
mammographic,mutual_info,logistic,16,0.0970585592872676,0.1289481135827441,0.0972592958718748,0.3797419020369659,0.3657408429694795,0.1686235833316194,0.1389388848624102,0.1196551333645851,0.4035255073138774,0.3897191765436971
mammographic,mutual_info,logistic,17,0.0920475139746398,0.1280490706545958,0.0977225168742711,0.3802005967988129,0.3691764283531292,0.165103248594631,0.1350429700134211,0.1195263418369551,0.4029230900536229,0.3921048604052623
mammographic,mutual_info,logistic,18,0.0963601084290009,0.1378015592713284,0.0982119181688996,0.3773091421975982,0.3704390331089315,0.1772716340951698,0.1510185875303656,0.1222732578276936,0.3832939559783002,0.3682924420489469
mammographic,mutual_info,logistic,19,0.097108522262439,0.130755727449788,0.096719527963322,0.3771961259760451,0.3714774178110989,0.1680350089779468,0.1380110932885352,0.1201332149508565,0.3996989519739245,0.390647348328411
mammographic,mutual_info,logistic,20,0.0955949074747628,0.132744253159052,0.1004655349518211,0.3806054179100659,0.3692034042938802,0.1637265811100613,0.140088444006398,0.1168466651700889,0.4011137563824334,0.3906869803991024
mammographic,mutual_info,logistic,21,0.0970338027842137,0.1301845447394682,0.1034953000189755,0.3759288203214517,0.3701920048103403,0.1694456204108376,0.1390293440295163,0.1200677355842519,0.4035251661656603,0.3916290875818524
mammographic,mutual_info,logistic,22,0.0986768624504171,0.1230914968937701,0.0922817517058969,0.3781928548435543,0.3728638043463056,0.1681933125482592,0.1320451877268229,0.1132923911614698,0.400907065279678,0.3872820998252415
mammographic,mutual_info,logistic,23,0.093817454621402,0.1257997823346945,0.0974842961275996,0.3754249062561219,0.3694051820489498,0.1665776429079799,0.1373588029376763,0.118273708191802,0.4004351785613079,0.3912928813867608
mammographic,mutual_info,logistic,24,0.0962538341949567,0.1256249867125818,0.0993149358152421,0.3776518449858388,0.3728677357787346,0.1625031956588265,0.1361127179729068,0.117200091704426,0.3947333144883485,0.389793513390617
mammographic,mutual_info,logistic,25,0.0983097394332877,0.1256837134201475,0.095469841176535,0.3768623632435876,0.368941401823696,0.1645703410281926,0.1366521043368617,0.1214271132107838,0.400711056529589,0.3889977136065105
mammographic,mutual_info,logistic,26,0.0947132404871863,0.1279149988613071,0.0954991604371976,0.3768298503348903,0.3699319519247366,0.170133445729698,0.1415100500087898,0.1275626208214666,0.3961705010199973,0.3849177059060631
mammographic,mutual_info,logistic,27,0.0964454837960174,0.1303286625999284,0.0974186930734844,0.3727615279747701,0.3713076793966683,0.1619339977629117,0.1397474283518363,0.1186295417402506,0.3938667880411151,0.3889269869433835
mammographic,mutual_info,logistic,28,0.0953614468564893,0.1260494982411989,0.096461165758135,0.3769020533247315,0.3680894033257897,0.1644792916627433,0.1326362593563976,0.113940075647372,0.3980445261636188,0.3914503484923456
mammographic,mutual_info,logistic,29,0.0972157093388017,0.1299953687484374,0.0983955440306051,0.375021058850696,0.3688852542783624,0.1718008805228487,0.1384517256243762,0.1192118087487975,0.4021466183236357,0.390661526401136
mammographic,mutual_info,rf,0,0.1138483612790294,0.1529150865595182,0.1142995716651613,0.3411289427772414,0.3443590248924073,0.1611707318638306,0.139964626472318,0.1161057036367448,0.3973423120862053,0.3921733197969173
mammographic,mutual_info,rf,1,0.1280794489470026,0.160022084282663,0.1252426450059685,0.3399993786182436,0.3483229438301771,0.1647701435306205,0.1372572964704232,0.1214335091139459,0.3945260321518167,0.3879579884809596
mammographic,mutual_info,rf,2,0.1261885876411799,0.1635110526636351,0.1258789765198089,0.3431609992464526,0.3456414750736605,0.1581477285174522,0.1430402267483718,0.1199437322542589,0.3964872208739089,0.3906624824481756
mammographic,mutual_info,rf,3,0.1098672520160773,0.1561836873262377,0.114458878026151,0.3391828498159484,0.3399691781574415,0.1601678848768585,0.1339420626025757,0.1165214128485251,0.3964750752575011,0.3899551703311318
mammographic,mutual_info,rf,4,0.1198268529015081,0.1569622553899998,0.1195952296921041,0.3484265181327857,0.343860655970887,0.1723477882790428,0.1514284885905253,0.1362288783484236,0.3847695449029946,0.3710813652268432
mammographic,mutual_info,rf,5,0.1158708312032827,0.1605702842664061,0.1154571764844485,0.3462697066145394,0.3428825451845411,0.1586743515029934,0.1374014508623788,0.1191143163751695,0.3970443236005303,0.3921428578433209
mammographic,mutual_info,rf,6,0.1312512563364243,0.1627078586258683,0.1304710304832073,0.3429774820156409,0.3348041225692706,0.1530599460269522,0.1389492713737444,0.1172475494863693,0.3961831729158606,0.3903988756016666
mammographic,mutual_info,rf,7,0.1236165900722109,0.1527765001773958,0.1199421636851943,0.3416295486832127,0.3400528380271886,0.1644688302169273,0.1381096982704552,0.1212518196728903,0.3976404863573045,0.3903942893586376
mammographic,mutual_info,rf,8,0.1165228388664607,0.150373311057535,0.1157177287709955,0.3506105186033005,0.3558963843452834,0.151943010801148,0.1384864844014884,0.1167834172030756,0.4003565658693096,0.3926128173110854
mammographic,mutual_info,rf,9,0.1233208297255451,0.1775439734336774,0.1253382762948991,0.3340902387569506,0.3354482828469783,0.1624840092258894,0.1476257042901836,0.1262749041223152,0.3952054373189769,0.3924587831836154
mammographic,mutual_info,rf,10,0.1117653621311951,0.1699264802209905,0.117550077502423,0.3431468421971964,0.3491941902396535,0.1535466195808608,0.1432181047652022,0.1195119523070552,0.3966106262551842,0.3906015546187027
mammographic,mutual_info,rf,11,0.117881070157173,0.1688893998793612,0.1192582040492588,0.3412745344887449,0.3528876480578904,0.1579622756981474,0.1432747606005126,0.119818276520118,0.3938228221463002,0.3896915721988557
mammographic,mutual_info,rf,12,0.120972581571368,0.1507203654962988,0.1180542319198539,0.3484716459796798,0.3487087829406771,0.1503678450466789,0.1345688086566097,0.1171074546744789,0.3945402738941089,0.3912555698595573
mammographic,mutual_info,rf,13,0.1180354987238526,0.1512600151432141,0.1178398889413597,0.3432431255695226,0.3442705135508681,0.1541142455583231,0.1369588314847283,0.1225535052560511,0.3545922373296041,0.3793844384945712
mammographic,mutual_info,rf,14,0.1189997291798775,0.1578861818814406,0.1171634943437979,0.3463936154902571,0.3405984644916537,0.1561216303053864,0.1369393844445985,0.1195681468746338,0.3967668053789548,0.390816534120277
mammographic,mutual_info,rf,15,0.130366414653915,0.1541276219220787,0.1240018863730294,0.3344208274413244,0.3364372229122521,0.171358987308531,0.139335114964974,0.1223973712335003,0.3850524192604321,0.3706619065105877
mammographic,mutual_info,rf,16,0.115238434402722,0.1588259674972015,0.1190841344251389,0.3346489123497015,0.3426015481546086,0.1538513291464016,0.1378868743964786,0.1191805339180565,0.3969923275200734,0.3907999570883282
mammographic,mutual_info,rf,17,0.1198633103676726,0.184662739592409,0.1253791048879755,0.3402773644422392,0.3439227614233902,0.1474109527320399,0.1404563724003701,0.117038145929264,0.3959138853321258,0.3921444034621038
mammographic,mutual_info,rf,18,0.1302897244947501,0.1685461688202112,0.1243248720681086,0.3365629624027246,0.3390698679182765,0.1676435637136567,0.1475730388165192,0.1271711390390207,0.3943873026240693,0.393020942706498
mammographic,mutual_info,rf,19,0.1179934118518038,0.1630045916745142,0.1202382236441901,0.33953528957383,0.339965335032638,0.1526267559858338,0.1384502491482316,0.1175707925789012,0.3953097917101901,0.39102543242505
mammographic,mutual_info,rf,20,0.1185155464061389,0.1689355019398719,0.1203839733708147,0.3381778326428581,0.3414863033154441,0.1526273205352581,0.1424264128923936,0.1209841371883605,0.3963343521801941,0.3898027514256738
mammographic,mutual_info,rf,21,0.1140651658039475,0.1584100315903526,0.1172040031787117,0.3399306454773703,0.3416508118979027,0.1615441547255241,0.1486624608984567,0.1308804379078063,0.3790531321234603,0.3665145179587807
mammographic,mutual_info,rf,22,0.1208938989002427,0.1759044522475745,0.1302521501400818,0.325998139356045,0.3340244748949454,0.1590377069343531,0.1375003005742933,0.1190868949941806,0.3949937726534666,0.3889899374572543
mammographic,mutual_info,rf,23,0.1136565460767854,0.159465856871342,0.1163605374561692,0.353732315957809,0.3587764607370052,0.1551499375308218,0.1417064552775825,0.1231355077039126,0.3984864946042059,0.3915077512455909
mammographic,mutual_info,rf,24,0.1206489022327103,0.1566197240016743,0.1184909727074441,0.3311181338802154,0.3289343588331678,0.1696182038660965,0.1419597173061096,0.1200731704224216,0.3959044123738476,0.3900730421847142
mammographic,mutual_info,rf,25,0.1193961742521674,0.1459604822647411,0.1155305481433655,0.3474072387080844,0.3545688957381826,0.1578217317891275,0.1371164654348268,0.1133871204054027,0.3976881264956964,0.3946443451975108
mammographic,mutual_info,rf,26,0.1210967335263859,0.1730114060102607,0.125967273657705,0.3342833081493846,0.3238727037055919,0.163748917712816,0.1398726372986045,0.1268635588134505,0.3928173105778539,0.3889719947883478
mammographic,mutual_info,rf,27,0.1114777871853717,0.1649143813695288,0.1137301995356596,0.3654229367229316,0.3457758742368771,0.1678833250459533,0.1412434547703418,0.1170698348711356,0.3949939094390309,0.3889874810654318
mammographic,mutual_info,rf,28,0.1123267503441131,0.1507117643034729,0.1156319127818412,0.3416599268519115,0.3448941740729969,0.153648763466323,0.1391416240916931,0.1182928983564513,0.3958985806273724,0.3887357255834487
mammographic,mutual_info,rf,29,0.1271437799901223,0.1655500388164427,0.1296800119620586,0.3386774562528865,0.3431055628077272,0.1665243165424107,0.1328495270995062,0.1215992959665434,0.3948687381922157,0.39012233215215
mammographic,rf_importance,logistic,0,0.0949451037792448,0.1282956432446274,0.0961374003562764,0.3826399293397307,0.3752738929593228,0.19974350732875,0.2709222922369741,0.1813099371426873,0.301774735912963,0.296067235776885
mammographic,rf_importance,logistic,1,0.0956751717182948,0.1338280809223631,0.0983450510606605,0.3765840847742899,0.3701193163668509,0.1732640477553045,0.2249562897162353,0.1570595166105935,0.3171847447414359,0.3283269055242931
mammographic,rf_importance,logistic,2,0.0940551233734383,0.1303879868653887,0.0963991801483269,0.3717241239718427,0.3699080726200837,0.1667002853360103,0.1757261399366426,0.1339480730538456,0.3491444004509605,0.3657977135614456
mammographic,rf_importance,logistic,3,0.0960586238945354,0.1313943335509731,0.09562913193748,0.3795578715894949,0.369272929321439,0.2041264894949838,0.2875311479627309,0.1925379751249898,0.2896267874782796,0.2861263913448654
mammographic,rf_importance,logistic,4,0.091307574887255,0.134793571436798,0.0983140577234487,0.3751873534052049,0.3718288903862571,0.1711642857591951,0.1766968865838578,0.133747422289894,0.3506828727723703,0.3657172054548063
mammographic,rf_importance,logistic,5,0.0933491751566476,0.127289715183194,0.0975730214219937,0.3787618622975749,0.3711166691847009,0.174602082650517,0.1709558076594493,0.1392391205385487,0.3430852751815531,0.3674733030831809
mammographic,rf_importance,logistic,6,0.0964913060178349,0.1330459327177186,0.1010677337679701,0.3732429214318181,0.3677710279849869,0.2039426015791703,0.2555365751696862,0.1785796896681846,0.2970359653432192,0.3024641773449805
mammographic,rf_importance,logistic,7,0.0924196862798382,0.1364530137527672,0.0990352565833313,0.3764551563166763,0.3738935358679637,0.1637594646836436,0.1451325542849002,0.1217224527301537,0.3996839221521496,0.3898043199566865
mammographic,rf_importance,logistic,8,0.0944928697770441,0.1300549850967861,0.0944078888880708,0.3765031773474701,0.3685383259368944,0.2048541051570367,0.2766529134449162,0.1885388886537016,0.2910062636875149,0.2826018447373266
mammographic,rf_importance,logistic,9,0.0927243987887038,0.1323308290025912,0.0992623980751713,0.3812569714018909,0.3678950044203468,0.1889378175554707,0.2666877926138207,0.180961399788915,0.3035393675146396,0.3062806719677701
mammographic,rf_importance,logistic,10,0.0935289473971592,0.131862278027899,0.1005133292144213,0.3781696300145424,0.3775635042998145,0.1974973028920389,0.2583999059447077,0.1806339359460873,0.2987790700132136,0.2989314279917227
mammographic,rf_importance,logistic,11,0.0935014307099723,0.1319280363958733,0.100965209514614,0.3796252371113393,0.366642280589002,0.2043436628205441,0.2801955693687346,0.1913098122464887,0.2930570467794258,0.2811525152114852
mammographic,rf_importance,logistic,12,0.0949360683152107,0.1303542297717152,0.0995955553139913,0.3759784184555243,0.3690344268483798,0.1742778626143384,0.2047517318197514,0.1446170747511942,0.3136032383335679,0.3500719010370143
mammographic,rf_importance,logistic,13,0.0944104411055092,0.1375171809583411,0.1016066716569531,0.3765261750245696,0.3700332318538796,0.199704774884226,0.2515138923304921,0.1808911358240127,0.3029064115305554,0.3137664994359153
mammographic,rf_importance,logistic,14,0.094740012521195,0.1267152689072953,0.0959866964464589,0.3743972413578071,0.3718773162535636,0.2080460713664884,0.2615998821803731,0.1846055954548371,0.2947914516995011,0.3037806643922915
mammographic,rf_importance,logistic,15,0.0930943870230102,0.133719322494031,0.1008161173813282,0.3757251317157603,0.361938251002083,0.2022494523826887,0.28264747185002,0.1940475099500356,0.2892863069692654,0.2813559249978029
mammographic,rf_importance,logistic,16,0.0945377673437765,0.124484180452107,0.0943475857435758,0.3763769207095585,0.3733849283225941,0.178373542275359,0.1974585935070672,0.1521619518051578,0.3115599097954577,0.3461910366039654
mammographic,rf_importance,logistic,17,0.097739340810567,0.1263447329494618,0.0975263750681722,0.3762874187760137,0.3721748462053355,0.1749405933736108,0.1986621940233807,0.1507246680432777,0.3186658632188315,0.3557524484355056
mammographic,rf_importance,logistic,18,0.0956888190383033,0.1266986793158516,0.0971729063613362,0.3705142632528141,0.3730344713184459,0.167092764503675,0.1405622918968102,0.1167156488216787,0.4033357979578026,0.3907044155147487
mammographic,rf_importance,logistic,19,0.0958481549251544,0.130089048872655,0.101723499688545,0.3753855773566756,0.367057801032201,0.2084804148814478,0.2708315936939576,0.1908962718179777,0.288409049610776,0.2899432100390003
mammographic,rf_importance,logistic,20,0.0956951993409709,0.1277675072469117,0.0959751818901273,0.3721323770128347,0.3704418690554153,0.2017435545795571,0.230685371065069,0.173242241907169,0.3111498790732445,0.3338725486495355
mammographic,rf_importance,logistic,21,0.0929325092834526,0.1300679878846,0.0932177155168181,0.3758779281873114,0.3717361351402677,0.1829339775544462,0.2284952875124088,0.1601228340461764,0.3185540243641974,0.3265164444199228
mammographic,rf_importance,logistic,22,0.0938675609079376,0.1329349314770169,0.097804404629394,0.3796874333553897,0.3627640797756613,0.2032380892854054,0.2188335091318108,0.1721262009245672,0.3116318554257242,0.3183183837713859
mammographic,rf_importance,logistic,23,0.0951920515394092,0.1294291203984822,0.0975334542880683,0.3829450977645679,0.3710615262828911,0.2094200064719238,0.276767288514558,0.1845263732136735,0.2847975836545277,0.2949518639488079
mammographic,rf_importance,logistic,24,0.0938372485463001,0.1339922976354393,0.1011808251530698,0.3767717456858652,0.3609921522334179,0.2063721000984027,0.2693398630654406,0.1837002559675393,0.2897933813209094,0.298418683546343
mammographic,rf_importance,logistic,25,0.0969416601376392,0.1275833871885336,0.0970113561555956,0.3676119791919106,0.3684896858376259,0.2153758750908794,0.2399148459570043,0.1764106726353806,0.2983517804325566,0.3066518065787578
mammographic,rf_importance,logistic,26,0.0938005431568081,0.1295722297365834,0.095594458247268,0.3755345197387382,0.3709149832235874,0.2025647600566489,0.283883304101394,0.1925080196762461,0.2951310047761402,0.287635679526094
mammographic,rf_importance,logistic,27,0.0938209773791999,0.1365077209653914,0.1006903361309113,0.3760307106791776,0.3633748865963497,0.2040546745202481,0.2934779397084476,0.1907539308892257,0.2913361468674267,0.2851868269374711
mammographic,rf_importance,logistic,28,0.0932483104723456,0.12602086854834,0.0963260327245518,0.3736111428368588,0.3668671040232361,0.1722723899472066,0.2402417834208753,0.1652683786343424,0.3195324456545009,0.3262137207520119
mammographic,rf_importance,logistic,29,0.0984965435977068,0.129433434154733,0.0969411713315046,0.3794135948512466,0.3716689479055237,0.1986100610894011,0.2285834858155719,0.1562267302447745,0.3154696251327554,0.326092024966416
mammographic,rf_importance,rf,0,0.1192653400134775,0.1490712255881817,0.1157742875403784,0.3601939142768559,0.3550870127241811,0.2150332210168053,0.3024595722829905,0.2176051515171053,0.2862228745589767,0.3013360121224745
mammographic,rf_importance,rf,1,0.1143682177820789,0.1576638430026146,0.1117472344790407,0.3485908406052302,0.3365582721211103,0.2226350851295544,0.2680528547114995,0.2028612433387487,0.3060929586775016,0.292688790708667
mammographic,rf_importance,rf,2,0.11506630427351,0.178550274872451,0.1232909573836598,0.3480960628206866,0.3363975625608613,0.2615729453794402,0.2926606268234227,0.2458243920361723,0.2752816135066935,0.2698987135223165
mammographic,rf_importance,rf,3,0.1128495338390678,0.1572410230428009,0.1148152524709454,0.343097364736343,0.3391975194736113,0.2054919747982531,0.2467229835694538,0.1999698454577929,0.2915480811479673,0.3214053243903773
mammographic,rf_importance,rf,4,0.1329764735561519,0.1660320859274202,0.1290497096100992,0.3407263091217956,0.343557401045836,0.2312587105077997,0.2677645357979716,0.2180676801358246,0.2867645144773935,0.2911565655917223
mammographic,rf_importance,rf,5,0.1207231052564838,0.1732104119491528,0.1264192988461515,0.3507101338033558,0.3504891645369044,0.1890926624845954,0.2254243818437472,0.1798574418527126,0.3041111518645271,0.3287579650248828
mammographic,rf_importance,rf,6,0.1156479658585305,0.1750095493009719,0.1224418615368004,0.3445959342577495,0.3349998562816188,0.1999432620677737,0.2551022804914279,0.2010812180905143,0.2890345086693383,0.2979631070181431
mammographic,rf_importance,rf,7,0.1099218820609197,0.1577101920735434,0.1114557503523514,0.3452608732515016,0.3498084388402585,0.2447644188212449,0.3059465491884299,0.2261128342953866,0.2858921933039959,0.2819067107231727
mammographic,rf_importance,rf,8,0.1140757421535536,0.1654282702567142,0.12317118346447,0.3420327418924427,0.3395963590741423,0.2587427755403098,0.343486297323811,0.2441643658677819,0.2746729037198755,0.2616406697310798
mammographic,rf_importance,rf,9,0.1157791582014318,0.1666141235759099,0.1195852987308167,0.3326813712158376,0.3341109087347599,0.2539419099872797,0.3158943828755493,0.2359052131319459,0.2760268067452625,0.260515788207633
mammographic,rf_importance,rf,10,0.1136946744045254,0.1600735080241007,0.118663180276277,0.3367152843223572,0.337598083801038,0.1621240908332079,0.1811661912191222,0.1536097618318417,0.3388771507996211,0.365245020889577
mammographic,rf_importance,rf,11,0.127033795779704,0.1740814286796962,0.1252654543822017,0.3454965174313087,0.3296444173214416,0.222010043940487,0.2915499120428287,0.2124422002895244,0.290280660738315,0.2987405810483736
mammographic,rf_importance,rf,12,0.1108489833218307,0.1528522506645006,0.1151985630908019,0.3478558270152015,0.3558589504668782,0.2275251443953631,0.2674767012986143,0.2121660261215486,0.2861732079425879,0.2887291074143694
mammographic,rf_importance,rf,13,0.1124588335541066,0.1514124503480661,0.1132237496617169,0.3503817119742091,0.3414206492100833,0.1975909073725937,0.2539745807950923,0.1946346018721687,0.2883376684324668,0.3099027745315503
mammographic,rf_importance,rf,14,0.1309965754537845,0.1649870720906711,0.1300234310410913,0.3346196704698042,0.3296929729590552,0.235909307425509,0.2657658337987675,0.2182753487814899,0.2758795628555064,0.2849508092813117
mammographic,rf_importance,rf,15,0.1107734535866317,0.1494302958079333,0.1104388876400372,0.3487283877858427,0.3457106221058936,0.2424191447302972,0.2903286127386235,0.2247597070285769,0.28127450621227,0.2852325303902112
mammographic,rf_importance,rf,16,0.1143828631074743,0.1706468499406606,0.1193032300950488,0.3426974150945511,0.3385400234374554,0.2192643036584888,0.286873100049311,0.2183737387141434,0.2796871265403922,0.2995698416627506
mammographic,rf_importance,rf,17,0.1251956211389497,0.1590007785054865,0.1222496771840512,0.3362073825266684,0.3366757540835499,0.1745014893911065,0.1839087994018909,0.1589997334599839,0.3438069639464465,0.3614338844217368
mammographic,rf_importance,rf,18,0.1137875561763516,0.1527304851094556,0.1101547959316579,0.3478586421537779,0.3456663049575549,0.1613533632073067,0.1411904061537626,0.1207150920253936,0.3947357966213919,0.3891470507844919
mammographic,rf_importance,rf,19,0.1309830214771808,0.1716385380861252,0.1292385557118801,0.3485419792076497,0.3408459273006765,0.1722536989660025,0.1743871473334106,0.1506044252440874,0.333084403905935,0.3610860418314474
mammographic,rf_importance,rf,20,0.1178215957819912,0.1556874542736069,0.1168328027306428,0.3351931514062403,0.3453384222721311,0.1862120904061422,0.221119000268173,0.1782557007231207,0.3142382905835383,0.3381116101542872
mammographic,rf_importance,rf,21,0.1220470473717519,0.1616215625114855,0.1205600540996726,0.3452353803110445,0.3487154803542552,0.2279748226740984,0.2760421484299361,0.2224672773141362,0.2664432080173789,0.2688376137075702
mammographic,rf_importance,rf,22,0.1116905831938624,0.1608285058403577,0.123016295515951,0.3412917528454365,0.3395683286565339,0.252741858091879,0.3046537184921304,0.2356585643204482,0.2894854054229874,0.2788679743112558
mammographic,rf_importance,rf,23,0.1141690940302116,0.1721994883225664,0.1213610245647364,0.3300610281303315,0.3340133475982326,0.1666768370612129,0.1814674473169046,0.1469292995972541,0.3372427736450931,0.367819155250909
mammographic,rf_importance,rf,24,0.1136267348084451,0.157882367401115,0.1199006082741376,0.3567751806175332,0.3496744343150052,0.2474759382944183,0.3028646951486354,0.2342691242972485,0.2762083285556314,0.2851585439038286
mammographic,rf_importance,rf,25,0.1155785091667555,0.1580596037357434,0.1142650983759556,0.3482037702134051,0.3538010273465407,0.1760913374409303,0.1813941789262531,0.1530293527540907,0.3382200929494173,0.3538278142795663
mammographic,rf_importance,rf,26,0.1111800780389236,0.1587916151681751,0.1131750310491878,0.3457998988746774,0.3479914918669771,0.1901292082686126,0.2259366636948736,0.1707083091895603,0.2983679742373327,0.3323879572755837
mammographic,rf_importance,rf,27,0.1170689849298265,0.1742559613172086,0.1222015273029693,0.3343682659157148,0.336066866049369,0.2423564082819604,0.3142113674963434,0.2299079018969834,0.2767502723453764,0.2688844553147315
mammographic,rf_importance,rf,28,0.1225719091062656,0.1535844810650899,0.1229521434793791,0.3340498952608202,0.3353283661700816,0.2160230428856056,0.260464083383238,0.2118022682811457,0.2796732721856194,0.291802878427806
mammographic,rf_importance,rf,29,0.121671566680427,0.1425939789699337,0.1159829947763895,0.3435381999476956,0.3494979489481315,0.1617818535135689,0.2270090932694691,0.1595549101375328,0.3065550245289692,0.3336187560654546
mammographic,l1_logistic,logistic,0,0.0958392318677932,0.1313333988814703,0.0983316289297591,0.3744828581628324,0.3725566507196158,0.1657252362594191,0.1396080682722707,0.1211689970101613,0.4029359945003248,0.389783377128327
mammographic,l1_logistic,logistic,1,0.0956849540587211,0.1364120713619763,0.0978416542680187,0.3816617371828242,0.367188290312704,0.1601703701328531,0.1424027317663107,0.1207100526403615,0.3996298893218019,0.3889778749515585
mammographic,l1_logistic,logistic,2,0.0951117438398851,0.1295734325342011,0.1011017143081585,0.3756248698395617,0.3735369163410023,0.1705718800856937,0.1342468719978771,0.1167310654798085,0.402969918506591,0.3925232288916689
mammographic,l1_logistic,logistic,3,0.0955788908279092,0.1271717474449367,0.0949337411038085,0.3784640872601865,0.3677823880300686,0.1636529438825748,0.1359789273574415,0.1168305371508295,0.4013269203293703,0.3894018467883249
mammographic,l1_logistic,logistic,4,0.094286518845808,0.1315057061892471,0.0942525321782534,0.3775885267925691,0.3701358986520147,0.1655078095210512,0.1408666068748326,0.1197210016928719,0.3980049020880304,0.3897719002584779
mammographic,l1_logistic,logistic,5,0.0976215748901733,0.1287685230612039,0.0978665155823597,0.3710448117488061,0.3695875022129394,0.1641853740508205,0.141081267493267,0.1233339157010357,0.3994214769761749,0.3924068724249581
mammographic,l1_logistic,logistic,6,0.0965434772737911,0.1311479451409057,0.0996088138834365,0.3739971013997389,0.3675071483839403,0.1706407140145551,0.1376474658589185,0.1201938796830574,0.4020889833045982,0.390996987315809
mammographic,l1_logistic,logistic,7,0.0928143017191035,0.1320640956536222,0.0978448352032583,0.3754986780128806,0.3689790207503811,0.1630039052049835,0.137426351975072,0.1199844058104249,0.3987849760067076,0.3903486505835035
mammographic,l1_logistic,logistic,8,0.1005491907974814,0.1238385153799755,0.0955396476469171,0.3754068099044614,0.3664491396787309,0.1692570275609333,0.1381684581414609,0.1178817938637397,0.4010992234142709,0.3904762040012651
mammographic,l1_logistic,logistic,9,0.0923966435385874,0.1346122178866689,0.1009904742648666,0.3769615755688649,0.3773940872159751,0.1624715149823357,0.1452742362290138,0.1196514193331957,0.3995974696235932,0.3915131294952259
mammographic,l1_logistic,logistic,10,0.0918680304043531,0.1309148484695855,0.0988971942736684,0.374522305292526,0.3706389881460651,0.1641118859311607,0.1387216074274075,0.1200924830052081,0.3988065891388466,0.3922201876752045
mammographic,l1_logistic,logistic,11,0.0997834973378863,0.1372228724678245,0.1019696124871655,0.368747804360873,0.3719519255420048,0.1694777728639864,0.1440878812829171,0.120951297804773,0.4004207698065485,0.3895438759423818
mammographic,l1_logistic,logistic,12,0.0950719007295284,0.1328931389541641,0.097635230143878,0.3775093959274623,0.3735596292778956,0.1647542882237791,0.141644169436753,0.1194126233639996,0.3971816019050752,0.3897719002584779
mammographic,l1_logistic,logistic,13,0.091720686016985,0.1364752478860813,0.1025856049689028,0.3798379662692928,0.3661198408047472,0.165262513547844,0.143696327085613,0.1226791293410119,0.4004531895047571,0.3913968874922493
mammographic,l1_logistic,logistic,14,0.0924048116971068,0.1227609581450898,0.093625236783552,0.37899773365081,0.3637441227671663,0.1644506189803593,0.1336099188160889,0.1161238127648478,0.4023411365128875,0.3886228020664164
mammographic,l1_logistic,logistic,15,0.0946544231028837,0.1324614436185817,0.100183302713448,0.3748999592948069,0.3723546526818134,0.1690838579606345,0.1423912691769625,0.117879871159293,0.4004964157690353,0.389793513390617
mammographic,l1_logistic,logistic,16,0.0930562739874728,0.1321074965226993,0.0973682305796186,0.3811552204777973,0.375017172208074,0.1638746588009825,0.1401633756690053,0.1234212174168662,0.4025009991626749,0.3897893966035428
mammographic,l1_logistic,logistic,17,0.0977401102963886,0.1330931224811346,0.0992039867727403,0.3705580068946797,0.370641076496393,0.167393132571523,0.1381482161445242,0.117158589297242,0.4006592595404971,0.3918102834449805
mammographic,l1_logistic,logistic,18,0.1009163678761741,0.1283003797793103,0.0976146924271876,0.3670331616010411,0.3742004144425571,0.1691297583377398,0.1368139680447195,0.1179358228564901,0.4011663478887081,0.3910240835824564
mammographic,l1_logistic,logistic,19,0.0955682353786618,0.1329071309329199,0.0984431031839726,0.3783359619318377,0.3705866106694719,0.1611620973958987,0.1389947488825487,0.1188388342338313,0.3972176237919737,0.3924558165033304
mammographic,l1_logistic,logistic,20,0.0948807561603844,0.1334288590483747,0.1028645818086902,0.3759961147781035,0.3704506031744436,0.1587695682032169,0.1405446046801618,0.1204111297901782,0.399374989671424,0.3890776578013416
mammographic,l1_logistic,logistic,21,0.0952807397784341,0.1295842689885893,0.0993286144953084,0.3756571854795865,0.3627270379042537,0.1716788132380106,0.1377664704730635,0.117708074732078,0.4023526883593756,0.3898355999919439
mammographic,l1_logistic,logistic,22,0.0931439966241917,0.1275698021612713,0.0953345507139939,0.3792942871909983,0.3680272943145032,0.1686808117622752,0.1373007269194074,0.1195743891702273,0.4004531895047571,0.390573587309294
mammographic,l1_logistic,logistic,23,0.0961266981070406,0.1321210888529887,0.0998098649135794,0.3725385183700493,0.3697590046479371,0.1677940904431463,0.1416047795083552,0.1206317862159383,0.3979400626916132,0.3897070608620606
mammographic,l1_logistic,logistic,24,0.095842888342529,0.1303945908678068,0.1012927093231327,0.3808598528852611,0.3668732186339695,0.1647077533141274,0.1382047073132536,0.1190682004891411,0.4026898035353841,0.3932983737613174
mammographic,l1_logistic,logistic,25,0.0960527292133505,0.1326136720422768,0.098857223703726,0.3736397779736892,0.3727514398718829,0.1684374304676119,0.1395214661261913,0.1196919826544328,0.4012843151321076,0.3883316498471057
mammographic,l1_logistic,logistic,26,0.0938301954948236,0.1340930272956516,0.1015322796230499,0.378111024921878,0.3670439469463201,0.1681076579430763,0.1393686167984519,0.1197698184598874,0.4005072223351049,0.3909053888034101
mammographic,l1_logistic,logistic,27,0.0930105143434148,0.1299523847507958,0.0965093801533354,0.3769080097242464,0.3675781759499482,0.1713233825115939,0.1390158426154553,0.1179212391333139,0.4025009991626749,0.388336973278667
mammographic,l1_logistic,logistic,28,0.0950018860863809,0.1301105423978336,0.0969070566071581,0.3788838120037284,0.3673879574557017,0.1657855062248159,0.1375379167948248,0.1181766901386529,0.4002077300730147,0.3876259087777969
mammographic,l1_logistic,logistic,29,0.0959841457593011,0.132984657406533,0.0988204032558762,0.3775851255428672,0.3659200489123835,0.1661596658688562,0.1418620419857847,0.1159788597432393,0.4016583216888363,0.3926754967790954
mammographic,l1_logistic,rf,0,0.1072408818342715,0.1627945148299915,0.1117950033246044,0.3445565465236891,0.341742854262112,0.1645946405807635,0.139925762205638,0.1200703095286924,0.3927867597960464,0.3896320486343267
mammographic,l1_logistic,rf,1,0.1261226844447884,0.1669815810969151,0.122473924285168,0.3442875315204874,0.3407251963780149,0.1619265994007882,0.1378443726723096,0.1193123860869182,0.3983256484833378,0.392252292068018
mammographic,l1_logistic,rf,2,0.127724827550579,0.1678979313849071,0.1287981029446317,0.3441941140339711,0.3418276278850644,0.1592437166456047,0.1405252855837692,0.1213155758613399,0.3963143272347647,0.3907238845021797
mammographic,l1_logistic,rf,3,0.1252491743000691,0.1575941130432532,0.1233485570820015,0.3465880779459473,0.3437976316335973,0.1564158819618295,0.1397750535819906,0.1205420780376209,0.3959272686129824,0.3914827789680644
mammographic,l1_logistic,rf,4,0.1209288799683013,0.1738961393407427,0.1262820199706168,0.332789759996092,0.3352683534797914,0.1607416151491321,0.1375424218303217,0.117457825386027,0.3972843884029832,0.3872114952656824
mammographic,l1_logistic,rf,5,0.118269585855019,0.1634163651531277,0.1216205718139918,0.3485300454237109,0.3431484755822276,0.157871139611145,0.1430418010341637,0.1188403448595101,0.3969847892462542,0.388966634842501
mammographic,l1_logistic,rf,6,0.1246842771171466,0.1550909542121823,0.1221990417718803,0.3439219997724502,0.3384593671229945,0.166584063625225,0.1396475096112261,0.1189218729950877,0.4002229681790777,0.3927779776799943
mammographic,l1_logistic,rf,7,0.1134520476137125,0.1657304895300525,0.1169050063670739,0.3397375864680165,0.3419237458213772,0.1716993922192962,0.1367153143354333,0.1196994452202233,0.3927354566154639,0.3892928708481758
mammographic,l1_logistic,rf,8,0.1062581016478722,0.1650645874013569,0.1172596878948807,0.3472077641532096,0.3488770962107497,0.1540222030070905,0.1365881735927778,0.1194356509292297,0.3962663932128988,0.3905028979026304
mammographic,l1_logistic,rf,9,0.1169973057812766,0.1454243350386932,0.1106851337824138,0.3407984679764659,0.3527501628003019,0.1568897304274498,0.1396998871233403,0.1178398496092463,0.3969412903754521,0.3913729167131584
mammographic,l1_logistic,rf,10,0.1281554406819436,0.1614911759284073,0.1285104659476996,0.3355748421039302,0.3478491135870339,0.1600498691326823,0.1406521209540938,0.1187020098855987,0.4004037772357556,0.392815707518757
mammographic,l1_logistic,rf,11,0.1142059214006835,0.1620492105168547,0.1150087082814229,0.3432198647219472,0.3426591755630392,0.1498325254531374,0.1406840573159073,0.1228625539811288,0.3945492352928452,0.3897493808547102
mammographic,l1_logistic,rf,12,0.127054046789741,0.173702870909905,0.128372504010476,0.3439485988295459,0.3416342634437632,0.1506563771794171,0.1351971354709286,0.115319549715551,0.3955641652789913,0.3872998921935231
mammographic,l1_logistic,rf,13,0.1132807661330818,0.1664246700551029,0.1161971577626326,0.3494598180373582,0.3303296010804854,0.1531377115871834,0.1421467710538973,0.1184953184198901,0.396400100466087,0.3911281230231685
mammographic,l1_logistic,rf,14,0.1143450446801064,0.1611010253147631,0.1181219880896851,0.333367704534476,0.3383703331331307,0.1613733029348461,0.1407553404976773,0.1201412212405923,0.3996568558408132,0.3915461912033599
mammographic,l1_logistic,rf,15,0.1188657201447289,0.1667206090320616,0.1251138626676457,0.3296484925328315,0.3431654393009558,0.1550021540138167,0.1406017167700015,0.1204707150546739,0.3974453245559245,0.3894715430886855
mammographic,l1_logistic,rf,16,0.1085304167110726,0.1619290341472254,0.1171976569800736,0.3477461772741529,0.3439378079596066,0.1477444180297164,0.1372471453729767,0.117662829242687,0.3956779039681476,0.3909095105812313
mammographic,l1_logistic,rf,17,0.1147706879916215,0.1691863796417032,0.1241826661164896,0.3424542340220696,0.3421124350567786,0.1602028523448953,0.1353693730077706,0.1236547340248196,0.3952250426507473,0.3922557982038796
mammographic,l1_logistic,rf,18,0.110331609462274,0.1750381783700469,0.1191866860548479,0.3373988858157862,0.3443221278715723,0.1595833912445426,0.1377996042949528,0.1188787228237605,0.3990308544489775,0.3892605045219997
mammographic,l1_logistic,rf,19,0.1163013025471041,0.1637997156030666,0.1221006266817163,0.3432923143084103,0.3351128111282673,0.1613087249801816,0.1376063421273445,0.1202295060442619,0.3937852562122015,0.3910519914956734
mammographic,l1_logistic,rf,20,0.1185969714716208,0.1605570300984943,0.1197506146452796,0.3403767630851504,0.3430589628446862,0.1504788092113336,0.1414732579221005,0.119495083817332,0.3943013960448892,0.3903611953305756
mammographic,l1_logistic,rf,21,0.1136055881093842,0.157745065303814,0.1104892471889049,0.3379850604806796,0.3369443614692763,0.1660876641339845,0.1379382747693502,0.1198403614551494,0.3959799981986056,0.3901225958570945
mammographic,l1_logistic,rf,22,0.1092737978269983,0.161747563310506,0.1145143001686412,0.3480733510568629,0.3464210009484261,0.153308082155772,0.1390049103390794,0.1179032375168791,0.3966565865697292,0.3901617990920468
mammographic,l1_logistic,rf,23,0.1239799041083951,0.1728663528113316,0.1259613595440165,0.3470617296385154,0.3418398383893912,0.1595129848746878,0.1416993554172649,0.1230768427220638,0.3986753310146533,0.3903254519894911
mammographic,l1_logistic,rf,24,0.1169674330143658,0.1601718398001366,0.1211084459007751,0.3329402990346575,0.3335813578232033,0.161327234004594,0.1355790932491517,0.1158289623770329,0.3973218874902375,0.390786705894364
mammographic,l1_logistic,rf,25,0.1253288773500788,0.1672360150478968,0.1258106347862944,0.3369419977875897,0.330081582625395,0.1633148458803578,0.1415726710492504,0.1181707282024446,0.400889469449689,0.3905788028347302
mammographic,l1_logistic,rf,26,0.117065170077901,0.1584171299473586,0.1181117799236004,0.3414336978588956,0.3423540099160231,0.1511293825132719,0.141217019723582,0.1165716242754924,0.3957960935635367,0.3901414795637096
mammographic,l1_logistic,rf,27,0.1175904554548842,0.1579880145974063,0.121952570270548,0.3398354192112073,0.34246235164893,0.1551015625723429,0.1336272348855365,0.1175642317401411,0.3951444058460655,0.3890732572238137
mammographic,l1_logistic,rf,28,0.1051852489026485,0.1592777105077226,0.1114667343485567,0.3425814345336008,0.3465523488920793,0.1702725368325944,0.1410639694612818,0.1217022848598507,0.3953558017892065,0.3887759017057986
mammographic,l1_logistic,rf,29,0.1166334404149795,0.1606879106482629,0.1245338771803731,0.3395419229443129,0.329182233100558,0.1665484604790769,0.1355816495158048,0.1198056733320068,0.3955370234598652,0.3887936018484162
bcw,mutual_info,logistic,0,0.003871413037089,0.0107431348369322,0.0035166224547919,0.3063905491964723,0.2693376905203927,0.0179671478384187,0.0180413520973819,0.009187220907639,0.2866547844396532,0.2431115772475402
bcw,mutual_info,logistic,1,0.0033772387797104,0.0108889856556804,0.0033701356204279,0.3043580652959106,0.2657697838409741,0.0196655353735933,0.0176519533049666,0.0097099728142322,0.2906347950549792,0.2478139113626791
bcw,mutual_info,logistic,2,0.0037874326367575,0.0109044120282381,0.0033911907068504,0.3143188510744563,0.267558692606627,0.0200354753599286,0.0179983233699898,0.0093809835304218,0.3001915570423869,0.2515585243730495
bcw,mutual_info,logistic,3,0.0050431791714597,0.0107833955190576,0.004180261205097,0.3125299423088033,0.26934760137228,0.0180326493066717,0.0183211478818393,0.0098323534221137,0.2853294088953766,0.2460300777515001
bcw,mutual_info,logistic,4,0.0058961661809874,0.0110402176185172,0.0043573578592768,0.3089521247774974,0.26422445021023,0.0173801016041177,0.0192406209012903,0.0098442383917668,0.2949582254546135,0.2446183907826194
bcw,mutual_info,logistic,5,0.0050297494122104,0.0106382963147209,0.0038513447461806,0.3028127316651665,0.2685798899828515,0.0213984884391171,0.0185645920760803,0.0097345708032331,0.2911146899483839,0.2496038249504562
bcw,mutual_info,logistic,6,0.0043754969617921,0.0107002814795122,0.0037371243686698,0.3099683667277783,0.267558692606627,0.0204258238037476,0.0173192300028721,0.0094406041062684,0.3066897054602084,0.2585192980992681
bcw,mutual_info,logistic,7,0.0035466423637585,0.0103134391340776,0.0033979503219041,0.3107410335431503,0.2639709642234338,0.0199158341189142,0.0167675887878966,0.0098894207805008,0.2901636277990409,0.2456520112211206
bcw,mutual_info,logistic,8,0.0069845866218508,0.0102198587094478,0.0050746944796639,0.3028127316651665,0.2649921615996584,0.0204947779356368,0.0172744937460381,0.0096990797989494,0.2940269850090451,0.2416741039453535
bcw,mutual_info,logistic,9,0.0034053349868987,0.010250019230165,0.0035289714294766,0.3079358828272165,0.2675537371806833,0.0181401021762952,0.0182657644121433,0.0093427440773291,0.295667230996389,0.2522342384055114
bcw,mutual_info,logistic,10,0.004199125772063,0.012141120167069,0.0042393640519786,0.3079358828272165,0.2614143440683525,0.0191664327820595,0.016633808274931,0.009447926303743,0.2930549401009641,0.2516444255279527
bcw,mutual_info,logistic,11,0.0043952519890283,0.0107291392402413,0.0035795018849656,0.3028127316651665,0.2657697838409741,0.020345812784286,0.0180729917929729,0.0095513648388053,0.286786304122806,0.2442570691688618
bcw,mutual_info,logistic,12,0.0065009873085731,0.010805152743582,0.0045595059555774,0.3020400648497944,0.2606515881048676,0.0212015442721257,0.017228889239786,0.0093375071921193,0.2912286647450876,0.2439987921002729
bcw,mutual_info,logistic,13,0.0037474228255351,0.010635058536445,0.0035300396910956,0.3061469740615635,0.26934760137228,0.0188915225750717,0.0188407412926766,0.009917162078456,0.2920890116737903,0.2508024737559828
bcw,mutual_info,logistic,14,0.0035735624070668,0.0103344632451604,0.0034627327073999,0.3053743072461914,0.2639808750753212,0.0204222626138272,0.0170350973798691,0.0100970419821062,0.2956226321628962,0.2487190526120324
bcw,mutual_info,logistic,15,0.0031668264198547,0.0108824254950873,0.003427871950505,0.3017964897148855,0.2603981021180716,0.0193797748531796,0.0161584531402196,0.0091782925967752,0.2994959002247876,0.2508017868237517
bcw,mutual_info,logistic,16,0.0038717364140662,0.0108933884961797,0.0038348385386677,0.3053743072461914,0.2639759196493775,0.0190415530172578,0.0169567527118468,0.0093670926110821,0.2911848694941802,0.2410642852296885
bcw,mutual_info,logistic,17,0.0049400030657557,0.0099533043457798,0.0038202670326999,0.3028127316651665,0.2603904680835097,0.0199739478171502,0.0181199989592056,0.0093111474409862,0.2956028104591217,0.2470367402910473
bcw,mutual_info,logistic,18,0.0036051908073712,0.0109722050168396,0.0034070438087678,0.3186693354211341,0.2667909812171986,0.0202543950145796,0.0168295163895569,0.0090017365017035,0.2947375081044753,0.2405332951980919
bcw,mutual_info,logistic,19,0.0036339112584996,0.0108940668452993,0.00350897085571,0.3133026091241754,0.2621870108837245,0.0186972820167893,0.0183082060244472,0.0095991660282071,0.2903942560010664,0.2478672204090951
bcw,mutual_info,logistic,20,0.0042533124388128,0.0109785876255428,0.003668646363285,0.3063905491964723,0.2675636480325706,0.0181623899770447,0.0179275067521218,0.0095718063064052,0.2947375081044753,0.2477933794274551
bcw,mutual_info,logistic,21,0.0053813362502836,0.010705769705003,0.004619577509838,0.2964297634179267,0.2596029349903068,0.0197300620485436,0.0189327766232835,0.0102648036792806,0.2867813486968624,0.2478155340882674
bcw,mutual_info,logistic,22,0.0058430151796144,0.0110012046766933,0.0043951189226736,0.3046016404308194,0.2614093886424089,0.0196265457461683,0.0176140753744489,0.0098061782555279,0.2975908142509004,0.2475790088830998
bcw,mutual_info,logistic,23,0.0046772705375143,0.010964934647075,0.0040647832922152,0.3089521247774974,0.2657648284150305,0.0200716746251579,0.0200743458742311,0.0103688385554654,0.2938161785107941,0.2505333056796439
bcw,mutual_info,logistic,24,0.0036483683134756,0.0100296455920179,0.0034334987067006,0.3099683667277783,0.2657648284150305,0.0185620607212657,0.0189618667171253,0.0095904985810933,0.2995256327804493,0.2447400566291449
bcw,mutual_info,logistic,25,0.003957464507354,0.0110441270748585,0.0036279364977248,0.3046016404308194,0.2568202845867657,0.0201746946810503,0.0179702482143916,0.0098959675191041,0.3010275286326641,0.2452894176062921
bcw,mutual_info,logistic,26,0.0033591369625685,0.0103909413701074,0.0035520192870315,0.3115137003585224,0.2693376905203927,0.0181885766697233,0.0178125976539732,0.0100252336594647,0.2905280525015446,0.2461538328545838
bcw,mutual_info,logistic,27,0.0036308016989364,0.0103801688963515,0.0034283076903687,0.3079358828272165,0.2657747392669178,0.0181144670698974,0.017355522033061,0.0089596631608974,0.2958879483465272,0.2540654637788432
bcw,mutual_info,logistic,28,0.004310174076242,0.0112697377575368,0.0036332593556383,0.3135461842590842,0.2711365101379329,0.018902237915668,0.0172305458150057,0.0094703904697241,0.2922601747644921,0.2452077947845986
bcw,mutual_info,logistic,29,0.0035625086970746,0.0107729382421423,0.0036440139777054,0.3097247915928694,0.26934760137228,0.0201287975589062,0.0188480039869197,0.0099529215178276,0.2866327603243482,0.2438874614498221
bcw,mutual_info,rf,0,0.0034227708048798,0.0097746496965482,0.0053749210965482,0.2534761313384813,0.2162482464276841,0.0441762148062843,0.0237482849218683,0.0177209771952427,0.274647609128875,0.2387226460635396
bcw,mutual_info,rf,1,0.0064186627133644,0.0099272372178093,0.0055657766627647,0.2572777023009214,0.2225553573120311,0.0436526568881714,0.024191697258982,0.0164059664922466,0.2856543694133633,0.2479382207650495
bcw,mutual_info,rf,2,0.0101544002006755,0.0108902588941736,0.0060879975345516,0.2570539488697873,0.2207148427896271,0.0472198292863957,0.0230455407330277,0.0184024316196309,0.2764266070426407,0.2418120278824896
bcw,mutual_info,rf,3,0.0044482478974084,0.0101561817155348,0.0053588241866948,0.2544923732887622,0.2216731712264611,0.0503353364520472,0.0235167039594809,0.0226631187621675,0.2733755831887015,0.2417553002626731
bcw,mutual_info,rf,4,0.0057667071070928,0.0120033392339537,0.0057219999942471,0.2667761149393677,0.2209704148117106,0.0457220931415164,0.0244856790747298,0.0172006174470832,0.2674473752327705,0.2361691063083691
bcw,mutual_info,rf,5,0.004036498080913,0.0105836953548979,0.0055920492719211,0.2670196900742764,0.2229606768968644,0.0527690910466634,0.0234672622494686,0.0210358986444748,0.2769286235902893,0.2238475962762473
bcw,mutual_info,rf,6,0.0034974802664187,0.0100727714658018,0.0045258021916612,0.2649822507477711,0.2275154299990077,0.0423781299452916,0.0244161271741179,0.0166870959959356,0.2656039567817375,0.2253613223252968
bcw,mutual_info,rf,7,0.0030667531586315,0.0081090746711934,0.0040469030361596,0.2595957027470376,0.2258091756742807,0.0447260544700208,0.0259656208204184,0.0170240008221416,0.2731121863500181,0.2302184385047901
bcw,mutual_info,rf,8,0.0047382802353155,0.0104790316244326,0.0056880914999028,0.2555086152390431,0.2214956482220525,0.055558854600203,0.0221278402753313,0.0228050870249169,0.2710499698937946,0.2387356373153378
bcw,mutual_info,rf,9,0.0037507998382432,0.0098535914545341,0.004986035280874,0.2670246455002201,0.2207427230270882,0.043602706043671,0.0252788064099922,0.0179961637485253,0.2854107942784546,0.2322609977437966
bcw,mutual_info,rf,10,0.0040642161913374,0.012049658593192,0.0060053191256661,0.2545072395665931,0.2159048606900988,0.0429672255699963,0.0261717029667666,0.0171715505069138,0.2874432781790163,0.2432884462242045
bcw,mutual_info,rf,11,0.0032391111470532,0.0092857331633535,0.0045726595416658,0.2686393550941752,0.2233601585708209,0.0480769729764628,0.0212725876886278,0.0185649241893117,0.2710400590419073,0.2422752846738346
bcw,mutual_info,rf,12,0.0032311201873808,0.0105002400321887,0.0047958097635445,0.2613895669386343,0.2198555301438608,0.0488974018823357,0.023636192897718,0.0195271761310365,0.2892123652408947,0.2345963169392886
bcw,mutual_info,rf,13,0.0036213796444155,0.0103927777799334,0.0052825265816696,0.2560228406416754,0.2215812631107489,0.0450267431710115,0.0247480325204253,0.0183351416590746,0.2731121863500181,0.239769022360775
bcw,mutual_info,rf,14,0.0058500267332382,0.0100720764777007,0.0051729458865317,0.26422445021023,0.2252914697640307,0.0445644885592784,0.0227760680807364,0.0168571479609099,0.2764662504501898,0.2477243781858026
bcw,mutual_info,rf,15,0.0042015585034422,0.010367237517915,0.0050462626071845,0.2642294056361736,0.2259406069235635,0.0453285334235809,0.0236334306781086,0.0175154865083942,0.2853909725746801,0.2520405763421678
bcw,mutual_info,rf,16,0.0035201559399975,0.0098283414233129,0.0046748581927579,0.2578315711111029,0.2285786569546466,0.0507400848059882,0.0202491698670226,0.0193811694887434,0.2838406835179922,0.2329966582501498
bcw,mutual_info,rf,17,0.0034665469925781,0.0083006374222476,0.0042379550307619,0.2649921615996584,0.2260252994578268,0.0418331191133649,0.023920454291383,0.0156616817491844,0.2907527434456953,0.2556134384475301
bcw,mutual_info,rf,18,0.0066214051643343,0.0110751356420219,0.0063132993767498,0.2608902078138329,0.2266923417357765,0.046724018589907,0.0231857370549522,0.0190733220652625,0.2800341571296084,0.2323186277531869
bcw,mutual_info,rf,19,0.0058384722604803,0.0102521983206945,0.0053753236031819,0.2554987043871558,0.2217594649623323,0.0501155083142438,0.0223176749889163,0.0178037366042644,0.2712885896027597,0.2308788680284063
bcw,mutual_info,rf,20,0.0059107418307264,0.0106421757757549,0.0059028126539801,0.2614143440683525,0.2202221980003949,0.0435219235237736,0.0243231454830698,0.0169158744708227,0.2853810617227927,0.2440466485530384
bcw,mutual_info,rf,21,0.0036760871826379,0.009090622663223,0.0048098169169149,0.2606515881048676,0.2185179552272284,0.0517908552971284,0.0245923298263035,0.0206912100107741,0.2805312182513134,0.2364473694248834
bcw,mutual_info,rf,22,0.0037442347122504,0.0088578403723021,0.0046633471408495,0.2598690104376084,0.2191167779633548,0.0471400520799896,0.0232792205175779,0.019316647138042,0.2710351036159637,0.251277820378683
bcw,mutual_info,rf,23,0.0034025899726801,0.010437537887948,0.0050411569006344,0.2667562932355931,0.2258671303054557,0.0452539949703405,0.0217653630266648,0.0182479361770946,0.2854107942784546,0.2405394123588216
bcw,mutual_info,rf,24,0.0034599265918772,0.0099024329479154,0.0050273522087834,0.2588478130613839,0.2255260858938054,0.045187745814604,0.0248322926596582,0.0184559226822968,0.2800341571296084,0.2368689766198424
bcw,mutual_info,rf,25,0.0034702081209708,0.0090743021004226,0.0040067426614335,0.2729204634776422,0.225897150450974,0.0494382974571771,0.0250093775778624,0.0197184004861368,0.2731171417759618,0.2345874775308486
bcw,mutual_info,rf,26,0.0036551840048576,0.009194702785228,0.0044861635152419,0.264997117025602,0.223222909033427,0.0470830463629923,0.0244486314371691,0.0194438768779045,0.27821056038235,0.2558669244343261
bcw,mutual_info,rf,27,0.0035374509323435,0.0096660442130667,0.00473847854329,0.2498784921034008,0.2265036500814739,0.0530900928978827,0.0245441504396046,0.0211231439038533,0.2682524320266515,0.2382709661721418
bcw,mutual_info,rf,28,0.0035294304357365,0.0095813448051084,0.0047105876239786,0.2596155244508122,0.2225118737104105,0.0422223654718443,0.0235419574187172,0.0168478210064462,0.2748416300043475,0.243776019471086
bcw,mutual_info,rf,29,0.0038054766084641,0.0108650376248676,0.0054727466624088,0.259873965863552,0.2199350668495411,0.0450502990916392,0.0255521351332819,0.0182151189203078,0.2712836341768161,0.2388426331730373
bcw,rf_importance,logistic,0,0.0050942063358981,0.0101671663001113,0.0040057096603905,0.3099683667277783,0.2695911765071888,0.0201186416405658,0.017432023667223,0.0097741196842581,0.2859324754663029,0.24553073013658
bcw,rf_importance,logistic,1,0.0054930977195241,0.0100678408542131,0.0042472441266786,0.2920792790712488,0.267558692606627,0.0175108251219054,0.0168844746215353,0.0083974431506044,0.2999536965970923,0.2549827291085911
bcw,rf_importance,logistic,2,0.0054187320839959,0.010669977185444,0.0040175034805697,0.3000075809492326,0.2693426459463363,0.0144171715400065,0.0160386567652176,0.0078541974465926,0.2932251213597349,0.2425878478682396
bcw,rf_importance,logistic,3,0.0046868206842528,0.0112870361720317,0.0042986673216225,0.3053743072461914,0.2711414655638766,0.0159213022437318,0.0162305316019443,0.0083083902550989,0.3163307096886579,0.2588514658575702
bcw,rf_importance,logistic,4,0.0047644336317583,0.0100816078474353,0.0037683968640629,0.3000075809492326,0.2621919663096682,0.0210572754556963,0.01790908803163,0.0097590279914979,0.2930400738231332,0.2422831206232226
bcw,rf_importance,logistic,5,0.0038463348348427,0.0106890795094337,0.0036902775503359,0.3053743072461914,0.2604030575440152,0.0179930621912588,0.0173837236294794,0.0096676280765356,0.3030234938445026,0.2515198894993881
bcw,rf_importance,logistic,6,0.0037035028052145,0.0108102332726133,0.0036018504876105,0.3081794579621252,0.2729254189035859,0.0200810174234108,0.0171007786569388,0.0094861266045266,0.2921187442294521,0.2441945726921261
bcw,rf_importance,logistic,7,0.003424741583192,0.010828805255578,0.0035885921239603,0.3071632160118444,0.2639808750753212,0.0199811617999616,0.0172641400597944,0.0096942132776803,0.3013700780314526,0.249509746263322
bcw,rf_importance,logistic,8,0.0067593382929558,0.0107346597875676,0.0046240869541481,0.2966733385528355,0.2632082082599491,0.018507503536803,0.0181226396878164,0.0095195342426905,0.3055732835476075,0.2408665881720963
bcw,rf_importance,logistic,9,0.0039229640577724,0.0110310833905961,0.0036889439069418,0.3071632160118444,0.2703687987485045,0.0189900956166671,0.0183875336779563,0.0099890036438427,0.2947292044177589,0.2462311760840239
bcw,rf_importance,logistic,10,0.0036442811105464,0.011015473542348,0.0037029642760043,0.3133026091241754,0.2657648284150305,0.0177086420681211,0.0162338475648046,0.0091187282705857,0.2958560729039707,0.2375725499602322
bcw,rf_importance,logistic,11,0.0035347570171593,0.0101567696920044,0.0034173790997817,0.3035853984805385,0.2621919663096682,0.0203307973875853,0.0178482298156621,0.0098354002379468,0.2939851391899655,0.2476814102022914
bcw,rf_importance,logistic,12,0.00352819660121,0.0105786573294265,0.0034007295572142,0.3097247915928694,0.2657697838409741,0.0124769789739675,0.0177322396583795,0.0077156851778647,0.2910786626624693,0.2528005309720996
bcw,rf_importance,logistic,13,0.0051806921446847,0.010925160262293,0.0043059122148576,0.3079358828272165,0.2675487817547398,0.0168859530705714,0.0167462158338823,0.009553327589516,0.2955621399270401,0.244739705063467
bcw,rf_importance,logistic,14,0.0042924785923828,0.0108594313304428,0.003711986232135,0.3025691565302577,0.2657697838409741,0.0162567300420356,0.0180347129410965,0.0087377734405689,0.2983226918094811,0.2508692316405478
bcw,rf_importance,logistic,15,0.004321975559394,0.0104248728819389,0.0036957533500564,0.3107410335431503,0.2639858305012648,0.0132735762960043,0.0147026382177871,0.007728660408145,0.3002016018247051,0.2519042698360973
bcw,rf_importance,logistic,16,0.0039034627165976,0.0108883120160076,0.0039091216298718,0.3089521247774974,0.2632082082599491,0.0113905604847537,0.0147218441635335,0.0066955170484631,0.3063905491964723,0.258592967461301
bcw,rf_importance,logistic,17,0.0036909777860398,0.0101713954075944,0.0033975617778389,0.3010238228995135,0.2614192994942961,0.0209292285657652,0.0174706169641033,0.0094875928217396,0.2967521792577261,0.2534525193719996
bcw,rf_importance,logistic,18,0.0037113989453811,0.0106213528677845,0.0036941622209772,0.3063905491964723,0.2639808750753212,0.0199309166097101,0.0192922162076564,0.0099739793703453,0.2911229489916233,0.2396205672496729
bcw,rf_importance,logistic,19,0.005599430939423,0.0112891265562136,0.0039905610868372,0.3046016404308194,0.2657697838409741,0.0164353959153431,0.0144881462578427,0.0079394939552233,0.3047578929247755,0.2401397441740702
bcw,rf_importance,logistic,20,0.0033740080602063,0.0107843861726025,0.003267812043434,0.3089521247774974,0.26934760137228,0.0185419207226856,0.0185995625395458,0.0093247091244625,0.2884909706474171,0.2486874034472224
bcw,rf_importance,logistic,21,0.0049170524646169,0.0100814015553734,0.0036437942097225,0.3017964897148855,0.2675636480325706,0.0178969179000225,0.0177334109040204,0.009011135667957,0.2888746370130568,0.2365527921827734
bcw,rf_importance,logistic,22,0.0040365930807384,0.0109094574178565,0.0036656593166519,0.3063905491964723,0.2711414655638766,0.0172721468076705,0.0149255696849893,0.0088911630540219,0.3022687737068723,0.2619612163225713
bcw,rf_importance,logistic,23,0.00330005664863,0.0103396489655562,0.0034096596597906,0.3079358828272165,0.2603931466921279,0.0119011131277052,0.0159858460573189,0.007669884232927,0.2992051815781986,0.242487505235863
bcw,rf_importance,logistic,24,0.0043942070631447,0.0102686290140714,0.0041824428181714,0.3061469740615635,0.2657598729890869,0.0213988298177843,0.0171102746775152,0.0096325730566849,0.2922434334606285,0.2441703883457001
bcw,rf_importance,logistic,25,0.0038304291543063,0.0108967902377668,0.0035513930272993,0.3079358828272165,0.267558692606627,0.0162881425322636,0.0164345537372465,0.0088246929131813,0.3091312793751389,0.2507569086217935
bcw,rf_importance,logistic,26,0.0034230461815731,0.0106371634313053,0.0033258841687126,0.3043580652959106,0.2675636480325706,0.015771493156351,0.0163438119760211,0.0083454165858265,0.2922728981554285,0.2426878526415754
bcw,rf_importance,logistic,27,0.0033022700968998,0.0106677711500599,0.0033795691467608,0.3071632160118444,0.26934760137228,0.0164177109545163,0.0184506237894753,0.00905355342819,0.3011377533773023,0.2478457836244835
bcw,rf_importance,logistic,28,0.0049057450153217,0.0106653479665247,0.0039720866566155,0.3107410335431503,0.2650020724515456,0.0175113736500217,0.0189159021754679,0.0100993179541847,0.2924759366886867,0.2459700030828168
bcw,rf_importance,logistic,29,0.0035297274039957,0.0100807321772885,0.0032742126441654,0.3133026091241754,0.2639709642234338,0.0145278924090864,0.0173056878189662,0.0076003749780395,0.3002549061362069,0.2512089896252256
bcw,rf_importance,rf,0,0.0037336535932809,0.0108862911888566,0.0052158818498265,0.2624256305926897,0.2251768719924052,0.0496296663366158,0.0234424926735835,0.0202122596982062,0.2805113965475388,0.2535611116574228
bcw,rf_importance,rf,1,0.0031985379250833,0.0093955749712679,0.0045986975123208,0.2765081918608354,0.2259590598949769,0.0365044119372454,0.0237767159317794,0.0141974746171307,0.2861834610938267,0.2406061097134144
bcw,rf_importance,rf,2,0.0058490055172332,0.009462043552718,0.0054606790172616,0.2588379022094966,0.2233934191697527,0.0453395568281765,0.0211438199878668,0.0144816436706897,0.2756935836348178,0.247791477331688
bcw,rf_importance,rf,3,0.0054885812396676,0.009294125789247,0.0047680809036525,0.2552501738263034,0.2233156384045092,0.0384868990467972,0.0241683040598289,0.0148259597149572,0.2961442468723722,0.2433392058575191
bcw,rf_importance,rf,4,0.0033083294578683,0.010133087225996,0.0049303594339536,0.262435541444577,0.2241723915264255,0.0527687795361734,0.0245277907897169,0.0192377377438913,0.2725731838176677,0.2212505291310314
bcw,rf_importance,rf,5,0.0034344772550283,0.0107861561954283,0.0048783115665576,0.2570489934438436,0.2297263032897192,0.0439534414863582,0.0238414683186864,0.0163972953817593,0.2838654606477105,0.2320025980548454
bcw,rf_importance,rf,6,0.0035448426601822,0.0095348696855117,0.0044457007841155,0.2588478130613839,0.2235563248358589,0.0326657876214961,0.0206823141750393,0.0128376872240422,0.2848817025979913,0.2326099051069595
bcw,rf_importance,rf,7,0.0034446952903959,0.0089042304949371,0.0045538428832304,0.2624256305926897,0.2222682185418419,0.0281172899316783,0.0177118916180682,0.0100950495570332,0.2887450366748516,0.2332003369247793
bcw,rf_importance,rf,8,0.004483896706408,0.0109291670717795,0.0058842776519102,0.2544923732887622,0.2198517916565229,0.0464664234577699,0.0245189836068771,0.0195560489685786,0.2777260675353795,0.2371388488885663
bcw,rf_importance,rf,9,0.0058937579279426,0.010149637263473,0.0051921686961993,0.2509145557574563,0.2217363325360486,0.0369379307383751,0.0205964836201997,0.0145422047388411,0.2846381274630825,0.2521442384956915
bcw,rf_importance,rf,10,0.0035872363240303,0.0099188883367026,0.0047116141279403,0.2685699791309642,0.2242911994655078,0.0385031664895791,0.0217016927087483,0.0154269181580007,0.2746674308326496,0.2381437829593326
bcw,rf_importance,rf,11,0.0030472811416827,0.0106800218284318,0.0045851712843509,0.2621919663096682,0.222220498816268,0.0370323146681903,0.0219390116302772,0.0116777772815204,0.2716286158336942,0.2519380299510063
bcw,rf_importance,rf,12,0.0035066854986127,0.0109293718632889,0.0053555601152114,0.2685600682790769,0.2268906872671958,0.0316980465970824,0.0223903388286352,0.0122869966969404,0.2907775205754134,0.2492918103376467
bcw,rf_importance,rf,13,0.0059032762642395,0.0117986938074222,0.005887185513022,0.2552749509560216,0.224186322455809,0.0308385849215942,0.0141389118357485,0.0079960975184632,0.2619114051900574,0.2402009248673131
bcw,rf_importance,rf,14,0.0066557600678422,0.0118987377541514,0.0060438960573745,0.2529519950839617,0.2225454210433743,0.0565443797510982,0.0216582581113602,0.0185666465686489,0.2830927938323383,0.2444004484325855
bcw,rf_importance,rf,15,0.0039798878720961,0.0096364381734968,0.0047417504005448,0.2534711759125376,0.2198056700351494,0.0357227933853957,0.0186346910874346,0.0125892387336076,0.2882159449943884,0.2451628026047775
bcw,rf_importance,rf,16,0.004221016015827,0.0129759086056761,0.0059507014870824,0.2631883865561745,0.224478250299981,0.0335245638613266,0.0199607579787559,0.010055334065581,0.2501617106458588,0.2447850734970126
bcw,rf_importance,rf,17,0.004500313301762,0.009621510063805,0.004962416193594,0.2588379022094966,0.2299047595551584,0.0405493540604127,0.0213032580746252,0.0149306140492009,0.2848817025979913,0.2469868011433287
bcw,rf_importance,rf,18,0.0034991726276915,0.0082649612761295,0.0044536414606717,0.2642046285064554,0.2214636406299526,0.0319062373204655,0.0190265312174556,0.0121926685720839,0.278011584080934,0.2350083977420522
bcw,rf_importance,rf,19,0.0032398685347167,0.0091491459198715,0.0043505951737831,0.264997117025602,0.2222968576981197,0.0359923410330714,0.022921305377433,0.0156560392579781,0.2790278260312148,0.2485271793481292
bcw,rf_importance,rf,20,0.0032605085902543,0.0096181227785636,0.0043548676611533,0.2695564885255833,0.227122430915779,0.0434280342943466,0.0232462056509712,0.0158312552384983,0.2764464287464153,0.2459309157854986
bcw,rf_importance,rf,21,0.0036691600275673,0.0093739896639575,0.0049186254167513,0.2580751462460117,0.2228185795316631,0.0392618256178194,0.0218126872898882,0.0139434361197033,0.2654892227213632,0.2421704614653476
bcw,rf_importance,rf,22,0.0034423167947726,0.0108534971560818,0.0047503519823325,0.2624305860186334,0.2315557660187579,0.0258599603289896,0.0189301749826569,0.0101304996390777,0.2647165559059912,0.227124694697561
bcw,rf_importance,rf,23,0.0033379830752368,0.0114803606806424,0.0050946272630451,0.262435541444577,0.2222690851277758,0.0478311518172519,0.0237630033960871,0.018656217080544,0.2712935450287033,0.2425390833038107
bcw,rf_importance,rf,24,0.0037251559284636,0.0124826349867693,0.005396009389786,0.2588279913576093,0.2234854447188613,0.0446908292374084,0.0236640627209125,0.0184478846376028,0.2764464287464153,0.238646886083122
bcw,rf_importance,rf,25,0.0061890246983724,0.0100624190435467,0.0050457817908263,0.2580553245422372,0.221243648745756,0.0307736773566818,0.0199983280854411,0.0129136948882212,0.2838654606477105,0.2523584828662311
bcw,rf_importance,rf,26,0.0064151006796608,0.0093994345641442,0.0051094439828707,0.2598590995857211,0.2315035747474648,0.0502004187282088,0.0204056077332257,0.0177425947191772,0.2687815237071148,0.2231410762125853
bcw,rf_importance,rf,27,0.0033407557073369,0.0094488981857129,0.0041410846554891,0.2570589042957309,0.2311924030381049,0.0412044841986401,0.0219369691066422,0.016052181925186,0.2923228542061576,0.2539137273488626
bcw,rf_importance,rf,28,0.0054753110794025,0.0094645325211827,0.0047210369940059,0.2606367218270368,0.2222528843676746,0.0466790881847715,0.0222056638687266,0.019536235519891,0.2731270526278491,0.2372146790230191
bcw,rf_importance,rf,29,0.0040646869114207,0.0089990486012204,0.0045879294902452,0.2670246455002201,0.2266957061994302,0.0445502049392726,0.0225378289684366,0.0165622740182502,0.2836218855128016,0.2496028864097337
bcw,l1_logistic,logistic,0,0.0066867900785718,0.0117262779020587,0.004225381632504,0.3135461842590842,0.2614093886424089,0.0121257156606771,0.0142521276780101,0.0069517870855233,0.2966459724260152,0.2530707809906338
bcw,l1_logistic,logistic,1,0.0039185243705163,0.0106930410332645,0.0037747437336357,0.3099683667277783,0.264997117025602,0.012358547713935,0.0133373375635637,0.0071627513780554,0.3109778678375989,0.2568330235219135
bcw,l1_logistic,logistic,2,0.0032300843403478,0.0106195196917289,0.0034034134409821,0.3158641847052004,0.2657697838409741,0.0116150913625918,0.0130568076235073,0.0068171030160001,0.3132737476031576,0.2613980271028914
bcw,l1_logistic,logistic,3,0.0033018380119766,0.0107055430520354,0.0034259276260772,0.3143188510744563,0.267558692606627,0.012942825499997,0.0132291334350846,0.0069833054314318,0.3247081699129961,0.2651434851988199
bcw,l1_logistic,logistic,4,0.0053741757546697,0.0109422391915356,0.0038818356609057,0.3081794579621252,0.2729254189035859,0.0132683422488071,0.0134279417711309,0.0072224288031987,0.3140337806391094,0.265046101393769
bcw,l1_logistic,logistic,5,0.0063838415435416,0.0101933064136042,0.0043989587666196,0.3020400648497944,0.266786025791255,0.0167251423598982,0.0133023359077257,0.0073922841163564,0.3099486346355197,0.2573380259852403
bcw,l1_logistic,logistic,6,0.0034686844229222,0.0109496983716708,0.0035646257975677,0.3061469740615635,0.2711239206774275,0.012233136786009,0.0141892373905059,0.0071821125044413,0.3147336789115829,0.2644632220250441
bcw,l1_logistic,logistic,7,0.0047273227014078,0.0106417799371535,0.0042348827246433,0.3107410335431503,0.2711365101379329,0.0117190907376145,0.0127930079905789,0.0060445907754487,0.3096061966831426,0.2581580844302873
bcw,l1_logistic,logistic,8,0.0051642288191457,0.0106798098584414,0.0037324193968575,0.3071632160118444,0.2621870108837245,0.0107323508313404,0.0123047124575516,0.0057214794615995,0.3131074060079685,0.2600915043696263
bcw,l1_logistic,logistic,9,0.0046459555184454,0.0102426788953063,0.0038798218849696,0.3035853984805385,0.2657697838409741,0.0119277186546544,0.012662394406654,0.0058981361654463,0.3091525743136534,0.2543974777976615
bcw,l1_logistic,logistic,10,0.0038878082985355,0.0106861629898544,0.0036061683001818,0.3107410335431503,0.2711365101379329,0.011554331702541,0.0119350099832091,0.0059279473466781,0.3168121895877762,0.2520793600126444
bcw,l1_logistic,logistic,11,0.0033486199547911,0.0110559699016985,0.0034641308744342,0.3168804266554813,0.2675636480325706,0.0116387024862486,0.0162419529614392,0.007048848460036,0.3028693399185261,0.2495714521941178
bcw,l1_logistic,logistic,12,0.003524822005358,0.0105781508943307,0.00335045970156,0.3053743072461914,0.267558692606627,0.0114320375713432,0.0117732220715126,0.0057099305265807,0.3018544372725544,0.2530558788513697
bcw,l1_logistic,logistic,13,0.0038383260612459,0.0104189013084478,0.003528892172459,0.3125299423088033,0.2721577075141575,0.0116992292105396,0.0127301053345179,0.006188940406875,0.3159317087755223,0.2633195881227164
bcw,l1_logistic,logistic,14,0.0042444044492127,0.011324792509268,0.0039474073618341,0.3133026091241754,0.2657697838409741,0.0105582240506777,0.0120597952006471,0.005945244764821,0.3059166811724585,0.2583965522036463
bcw,l1_logistic,logistic,15,0.0053112586142673,0.0104204713300715,0.0041360562401186,0.3081794579621252,0.2632082082599491,0.0153170506788267,0.0125529969409994,0.0078414678506539,0.3209603946648666,0.2677889022248883
bcw,l1_logistic,logistic,16,0.0039451025092349,0.0107210557064874,0.0035933033696195,0.3115137003585224,0.2649921615996584,0.0117586594701747,0.0132241690024005,0.0066894789486515,0.3199208488196076,0.2540381646087121
bcw,l1_logistic,logistic,17,0.005227914813645,0.0112742598379469,0.0041599374749028,0.3135461842590842,0.262435541444577,0.0130748128220861,0.0122373360985619,0.0068348343740133,0.3143138513295977,0.2520110267423451
bcw,l1_logistic,logistic,18,0.0040718543732889,0.010977743756935,0.0039173878788561,0.3089521247774974,0.2596353461545868,0.0144309316602514,0.0137694721631248,0.0077653716105897,0.3108352762475955,0.2523290011291585
bcw,l1_logistic,logistic,19,0.0054977001894876,0.0110746173610781,0.0043680062307596,0.3017964897148855,0.2578414819629902,0.013908240573243,0.0136587138769209,0.0070110753674159,0.3159058602023568,0.2540883120909432
bcw,l1_logistic,logistic,20,0.0036404298997032,0.0121798884565285,0.0038051168229602,0.3125299423088033,0.2649921615996584,0.0143607038420899,0.0161531798121007,0.0085048196084957,0.3118923226603888,0.2596193447208498
bcw,l1_logistic,logistic,21,0.0052230839782509,0.0108396980579074,0.004265693400668,0.3063905491964723,0.2685798899828515,0.0130243740675899,0.0126303008179451,0.0073423985047263,0.3113555959716774,0.25781793275426
bcw,l1_logistic,logistic,22,0.004638492960826,0.0105056688862924,0.0037872010371944,0.3061469740615635,0.2632082082599491,0.0108672186482889,0.0133803371499469,0.005976921989263,0.3056133287464493,0.2564910229354938
bcw,l1_logistic,logistic,23,0.0038892627055291,0.0105606650340167,0.0036684000946802,0.3081794579621252,0.2657697838409741,0.0101524010643623,0.011970640827514,0.0057082133117358,0.3076343389488677,0.2566539738944173
bcw,l1_logistic,logistic,24,0.0034622363253354,0.010639078796226,0.0036032759075161,0.3079358828272165,0.2675636480325706,0.0100441792486502,0.012331968023451,0.0058202771712093,0.3108126420047719,0.2545410482808797
bcw,l1_logistic,logistic,25,0.0038110789197462,0.0107863031261862,0.0035747804772325,0.3053743072461914,0.2685650237050206,0.0101898045738555,0.0123134196725531,0.0056334497481583,0.313038833627343,0.2617628245843982
bcw,l1_logistic,logistic,26,0.0033643792335685,0.0110103544525133,0.0035598306602809,0.3079358828272165,0.2586141487783622,0.0108092271182571,0.0115017657753712,0.0055443337700067,0.3071867434487695,0.2619644504250188
bcw,l1_logistic,logistic,27,0.0037256602172725,0.011200059526785,0.0035455903058712,0.3063905491964723,0.2657747392669178,0.0158880407556823,0.0153961124422352,0.0083007077015654,0.3103031484861362,0.253393586019355
bcw,l1_logistic,logistic,28,0.003645493649502,0.0104840154015598,0.003476716716458,0.3025691565302577,0.2657697838409741,0.0105759174843954,0.0129622075751741,0.0059071702227719,0.3127285168189266,0.2566911444262239
bcw,l1_logistic,logistic,29,0.0046622421562345,0.0100945199541737,0.00379333492192,0.2974460053682076,0.2614192994942961,0.0133770565398999,0.0129131401755851,0.0067009592781095,0.322065476809755,0.2612709120040645
bcw,l1_logistic,rf,0,0.0036275334715673,0.0094788430169334,0.0045627163253952,0.2596105690248686,0.2204396384809981,0.0336482068953433,0.0150199697601405,0.0121938566467399,0.3114717589478767,0.2596909912384927
bcw,l1_logistic,rf,1,0.0053277407289017,0.0117586764024359,0.0054707631044278,0.2585992825005314,0.2280351426106447,0.028152176955152,0.0190197916903602,0.0114062170061459,0.2974040639575619,0.2453301668538327
bcw,l1_logistic,rf,2,0.0035095148811749,0.0101641355177959,0.0045948891995244,0.2631982974080618,0.2316260644660378,0.0245902588147422,0.0136293123215554,0.0097352953600964,0.3219616364068857,0.2653090140118754
bcw,l1_logistic,rf,3,0.0034654680811981,0.010897895098489,0.0050097495471098,0.2614143440683525,0.2220388714919987,0.0244052994664973,0.0149662961019095,0.0098554583738559,0.3012673980344223,0.2490032810379008
bcw,l1_logistic,rf,4,0.0040438405864496,0.0109344780410219,0.005272940951902,0.255255129252247,0.221332687520122,0.0255137251444428,0.0135858937711688,0.0096396800748438,0.3015109731693311,0.2607663221652419
bcw,l1_logistic,rf,5,0.0053290647464237,0.0100713065525992,0.0053236564696429,0.2606367218270368,0.2208169363096284,0.03092331134706,0.0118680036998537,0.009747182250074,0.3114717589478767,0.2699147977208664
bcw,l1_logistic,rf,6,0.0055403305247361,0.0112402396645018,0.0053001389596993,0.2580751462460117,0.2243762296349288,0.0273936618969937,0.012618684900111,0.0106701225017664,0.3078889859906272,0.2501192641526009
bcw,l1_logistic,rf,7,0.0032457267024202,0.0093231950693593,0.0047853632719427,0.2588527684873275,0.2139654895195553,0.030326765926907,0.0162496339296858,0.0094240635602688,0.3056178823811002,0.2676799017876334
bcw,l1_logistic,rf,8,0.0049635885547019,0.00976639063251,0.0055773577930171,0.2509145557574563,0.2228396361659035,0.0262686664934207,0.0139637857590689,0.0105501163644356,0.3122444257632488,0.2579280031623911
bcw,l1_logistic,rf,9,0.0032575153602071,0.0098871889006565,0.0046223856298926,0.2649921615996584,0.2271440463280953,0.0258378299021605,0.0169151313323389,0.0111820707675797,0.2943553381067194,0.2435888301772386
bcw,l1_logistic,rf,10,0.0032809356589005,0.0105307035045244,0.0047006093804138,0.2631982974080618,0.219944028740266,0.0337540014454315,0.0167832315007472,0.0115066720947918,0.2943553381067194,0.2510810979091322
bcw,l1_logistic,rf,11,0.003734904269307,0.00975673586413,0.0045357696875212,0.2606317664010931,0.2296004779508691,0.0322016104651744,0.0159726964396282,0.0096193580083249,0.3140333345289018,0.2555787504659246
bcw,l1_logistic,rf,12,0.0040578020826155,0.0112227493067914,0.0053392782965045,0.2616331420735431,0.2233741187019897,0.0250568441232024,0.01228531686899,0.0096867949626332,0.323959432325842,0.2643721578585642
bcw,l1_logistic,rf,13,0.0038125186697335,0.009533086259319,0.0046555157652729,0.2570737705735618,0.2213563584772099,0.0330182030794692,0.0132825916224263,0.0106825666761681,0.3145204847987194,0.2488599521500235
bcw,l1_logistic,rf,14,0.0037019512388127,0.0099057840470105,0.0050188198182926,0.2598640550116647,0.2186115552094767,0.0241343421971175,0.0137091191361439,0.0094262005050649,0.3140333345289018,0.2587725132566829
bcw,l1_logistic,rf,15,0.0035802232924112,0.0090823111136094,0.0046079205032743,0.2578216602592156,0.2199894955579987,0.0318773465206682,0.0165220009576874,0.0096963236219882,0.3027707902545208,0.2506317333552886
bcw,l1_logistic,rf,16,0.0040701345555201,0.0141116731163297,0.006041387771094,0.2537197064733901,0.2259095854498239,0.027715625529716,0.0142054021929533,0.0112599205321408,0.3007383063539591,0.2610098973001508
bcw,l1_logistic,rf,17,0.0037237694666737,0.0100338358322094,0.0045586480926882,0.2660133589758829,0.2344007344052623,0.0428527060432555,0.0184351453136043,0.0146119418047747,0.293826246426256,0.2457965245125352
bcw,l1_logistic,rf,18,0.0029598372599787,0.0101224161543419,0.0044355540026862,0.2649921615996584,0.2265542936417576,0.0170338982315928,0.0143340381147023,0.00936858662545,0.3004947312190502,0.2572147549983942
bcw,l1_logistic,rf,19,0.0033697147181511,0.0107572489151498,0.004822406341928,0.2542190655981916,0.2296777519595781,0.0246829810877764,0.0186780089855396,0.0102584340043767,0.3247667871228195,0.2509747801324506
bcw,l1_logistic,rf,20,0.003617164553824,0.0094332651101236,0.0043783522543631,0.2598640550116647,0.2259629636441769,0.027021289688627,0.0173213124616805,0.0118690265059551,0.3007383063539591,0.2594596082434631
bcw,l1_logistic,rf,21,0.0037877647499416,0.0093004024151956,0.0046235096253402,0.2695663993774706,0.2321820643576555,0.0255754188303048,0.0161070848527857,0.0106722727534898,0.3214325447264223,0.2620459609542062
bcw,l1_logistic,rf,22,0.0035608088119435,0.0103851243103123,0.0045646291870692,0.2685699791309642,0.2250353307433652,0.0390596984353791,0.0179187000868638,0.0131278034249383,0.3071212746011988,0.2601554700123645
bcw,l1_logistic,rf,23,0.0042990317560134,0.011089357974287,0.005342640413314,0.2552799063819652,0.2178186570377378,0.031457987628436,0.0170027597904433,0.010536638362153,0.2915501873907855,0.2464476229567586
bcw,l1_logistic,rf,24,0.0058453808347382,0.010788204287792,0.0052338326177506,0.2642145393583427,0.2199907680931963,0.0373620084806613,0.0168408460381067,0.0133399400794996,0.2971604888226532,0.2509454618596111
bcw,l1_logistic,rf,25,0.0041448343053248,0.0103331578771362,0.0054682152385782,0.2509195111833999,0.2163338823629468,0.0181793681693099,0.0139431711724717,0.0102120265759852,0.3012673980344223,0.247112991896436
bcw,l1_logistic,rf,26,0.0036601900161469,0.0107102210722809,0.0050627908477575,0.2632032528340055,0.226577261286132,0.0269839258601064,0.0153848868539622,0.0106161486702079,0.3188709691453974,0.2673247324963213
bcw,l1_logistic,rf,27,0.0033204833410841,0.0093258417082217,0.0046756379253364,0.2631982974080618,0.228733797413286,0.0261250451205015,0.0135347836625427,0.0101716872296863,0.2900048537600413,0.2615241227027831
bcw,l1_logistic,rf,28,0.0043415160794148,0.0103304574753567,0.0052473210448851,0.2519407085596244,0.2236806395011785,0.0276368583369718,0.0144063772041621,0.0106690653137117,0.2892321869446692,0.251789344187237
bcw,l1_logistic,rf,29,0.0049095177477473,0.0114252165324846,0.0063205363579461,0.2457864491694626,0.2120333498722,0.0312613271356536,0.0148859404952294,0.010496330087492,0.2969169136877443,0.246658983767378
spectf,mutual_info,logistic,0,0.0528032375325105,0.3098485051423285,0.1594052638433907,0.7872343494794279,0.706251869344202,0.0560136819864469,0.3263882962854861,0.1752689928080645,0.7806558647682394,0.7163871280793108
spectf,mutual_info,logistic,1,0.063307383406836,0.322563342088998,0.1669660969534717,0.7604271801171484,0.7123943575833637,0.0551595503274105,0.2665244005737091,0.1614706861347316,0.780280896491957,0.7414245459395125
spectf,mutual_info,logistic,2,0.0689780689570707,0.3569669142929718,0.188962993160736,0.7512029471699028,0.7236869354001574,0.0571214871758144,0.3041656315764385,0.1614434170633847,0.7833200322559001,0.7477002177992734
spectf,mutual_info,logistic,3,0.0600616605413125,0.3020957693441191,0.1569945240755354,0.7636918746468008,0.7329815519746616,0.0531457541457837,0.3212991093537002,0.1522416121777448,0.7780216411681662,0.7390008492093196
spectf,mutual_info,logistic,4,0.0620993168755669,0.2900652596100977,0.1767276678353793,0.7549576986039856,0.7007639421965104,0.0579924561983681,0.2901398909248354,0.1574394419431873,0.7978178252807245,0.7653723420947333
spectf,mutual_info,logistic,5,0.0580516225520687,0.326113490426141,0.1661552135629481,0.7665233279404849,0.7168138678101066,0.0565881647690076,0.3310065652102781,0.1656535444581902,0.7853976547999901,0.7335487236404326
spectf,mutual_info,logistic,6,0.0638079163142216,0.3074857106184835,0.1692495971426554,0.7610052737202065,0.7209141672731083,0.0618213362295847,0.3204035899747968,0.1540763140978791,0.7847556621377999,0.7256121909261546
spectf,mutual_info,logistic,7,0.0610831534142338,0.2928993027269832,0.1553342073924729,0.782661217146704,0.7313233073620721,0.0650343136240844,0.3329447225120541,0.1878337633809342,0.7721866224679118,0.7247721411769468
spectf,mutual_info,logistic,8,0.0673520413619618,0.3372876756336586,0.1921777159950134,0.7722576418914692,0.7098228378357303,0.0603035067987226,0.3328820590988611,0.1950782503180348,0.7634755399708884,0.7379909607656611
spectf,mutual_info,logistic,9,0.0641868601979012,0.310166846517067,0.1704385047009387,0.75619543505301,0.7152892538049688,0.0629814657579623,0.3212882877174846,0.1791027916273122,0.7872983996807661,0.7311279766109046
spectf,mutual_info,logistic,10,0.0568157054559356,0.2973965696377991,0.1661251327034589,0.7599929756232501,0.7388952382448837,0.0553911304628605,0.2786527161559142,0.1705331828728724,0.7973518564713086,0.7526440001082504
spectf,mutual_info,logistic,11,0.0651229352736495,0.3403468752607911,0.1765421537637855,0.7587340588603974,0.7110734815279335,0.0547018816775419,0.3325848128005061,0.1558956858723409,0.7846540158514225,0.738580675081221
spectf,mutual_info,logistic,12,0.0690242105087185,0.2990376733948308,0.1862371941575395,0.7747116143874858,0.7174705448420919,0.0632045958383643,0.3540486305704968,0.1740984009378314,0.7807910777324566,0.7407454786751058
spectf,mutual_info,logistic,13,0.0747470835577261,0.3496909196639067,0.1982490705743735,0.76262701790381,0.6900847563793304,0.0692226264193171,0.3245148428029725,0.1985370870960973,0.7539014554804293,0.7368357141729307
spectf,mutual_info,logistic,14,0.0548086469967835,0.3083744140840674,0.1594864624468105,0.7757285457720355,0.7241737710914272,0.0568639744276449,0.2975855505281344,0.1467381692721232,0.7984726107872572,0.726725349722305
spectf,mutual_info,logistic,15,0.0678173213573436,0.3282728494912467,0.1939775786283089,0.7497372573715622,0.7122992538094399,0.0553250297863457,0.3234857765845882,0.150293227674773,0.7775997852928166,0.7252211922773265
spectf,mutual_info,logistic,16,0.0644607561201168,0.2840173184858288,0.1611104397908767,0.7741083623342733,0.7089044737468599,0.0586111066878561,0.3171654906424657,0.1731731804377643,0.7886090433647909,0.7365959258724999
spectf,mutual_info,logistic,17,0.0581431020672622,0.3097701799862984,0.1533429711691409,0.7531441742297563,0.7251989315800514,0.0579154009528214,0.3075475728816143,0.1602684892892614,0.7869046975663221,0.7446546938472856
spectf,mutual_info,logistic,18,0.0681879187011946,0.318655933689189,0.1878172049409323,0.7777846417801085,0.7062161903371029,0.0611005583036061,0.3043883810301183,0.1726308801865983,0.7744985109415263,0.726244659862859
spectf,mutual_info,logistic,19,0.0632396331331866,0.3533979906843798,0.1822064487540336,0.7751381862526788,0.7049375009624262,0.0642032368665083,0.3586520909812979,0.1908325686741962,0.7841550752272733,0.721297421639475
spectf,mutual_info,logistic,20,0.0696073752504449,0.341174302829454,0.2011583702130566,0.7422568768514267,0.6885222209623115,0.056026747512904,0.3156125479666014,0.1810090120036672,0.7955498216793997,0.7634878682050905
spectf,mutual_info,logistic,21,0.0654957805648455,0.3330833418099274,0.1817682750207085,0.7603216153841791,0.7035223889576584,0.0599945078306632,0.3131365850260016,0.1754308358700295,0.7953803934161006,0.7329065658157553
spectf,mutual_info,logistic,22,0.0748870299781941,0.348105423239253,0.202155150261721,0.7666439150733072,0.7082781550700269,0.0624185102772421,0.3218104957568634,0.169851178535426,0.7512918551594808,0.7248557742051182
spectf,mutual_info,logistic,23,0.0659561616062127,0.3048925311160233,0.1638667455600204,0.7581790947446763,0.7095320438316403,0.0546752926851624,0.3296734578388297,0.1685279763726904,0.7955234556454404,0.7365125464688785
spectf,mutual_info,logistic,24,0.0710893334314293,0.3294977802065976,0.20544698045058,0.7455421608498337,0.6933647117218238,0.0677910478162088,0.3631842450895098,0.2166359123131691,0.7857628854392358,0.7269065199232806
spectf,mutual_info,logistic,25,0.06734087548582,0.3510827434079973,0.2027444079205237,0.7758535945945806,0.726259672050157,0.0664412449233658,0.3666052745622294,0.203815621944502,0.7707130117564344,0.7265902965097518
spectf,mutual_info,logistic,26,0.0627700531699578,0.3075840665440339,0.1776341528964988,0.7925636204153521,0.7143122847833311,0.0563662576182576,0.3004933615406263,0.171866600285284,0.8047476898325397,0.7429417364901061
spectf,mutual_info,logistic,27,0.0645383499736934,0.3046954284751202,0.1691558135278965,0.7668438672824077,0.7138445723319213,0.0554777690879489,0.3025371981270908,0.1640021361368625,0.8028044439416571,0.7558673717583426
spectf,mutual_info,logistic,28,0.0684378935504693,0.3189733509642681,0.1775599280071508,0.7675519835960782,0.7211000627509339,0.0604176974837704,0.2955202360011807,0.1529374204803015,0.7849818728709258,0.7480775454314298
spectf,mutual_info,logistic,29,0.0611900964286637,0.3080999974719069,0.1650280820509963,0.7729819244038411,0.7244517249327195,0.0606004904281671,0.3350403406050197,0.1701100997821158,0.7656507209513642,0.7131282474930137
spectf,mutual_info,rf,0,0.061177734908908,0.3153083326794749,0.1697998604955043,0.8020389766503015,0.7240268428123159,0.0748299410712498,0.3420528100160254,0.1958003178783819,0.800668632340903,0.7031978278218047
spectf,mutual_info,rf,1,0.0583927469796738,0.3211108339313813,0.1691943541637591,0.8152803298349109,0.742792437686506,0.0690309520417573,0.371668693795422,0.1905958362099769,0.7864304210489271,0.734008537064335
spectf,mutual_info,rf,2,0.0601497487754896,0.3286531222229392,0.1647928751274237,0.796576922514013,0.7298004619833909,0.0649574489075427,0.3424564585253148,0.162151870533288,0.7921309524039516,0.723574340560468
spectf,mutual_info,rf,3,0.0646659358682331,0.3063248874850149,0.1711441315599166,0.8010308399142098,0.7354468252390931,0.0698050588563027,0.372524121382269,0.1837209404546254,0.8010591467498885,0.6930462039504587
spectf,mutual_info,rf,4,0.0639910628659398,0.3472484224284573,0.1794648776974687,0.7972959106291191,0.7367911831384476,0.0699282960413967,0.3409098397986498,0.1873559085521625,0.8099302433317936,0.7069220550398879
spectf,mutual_info,rf,5,0.0573830168757976,0.318882750891009,0.1497184271496349,0.8205000974374302,0.7235303283034519,0.0603550734098443,0.382791059871962,0.1682462742925196,0.7989093455472434,0.7181509896438689
spectf,mutual_info,rf,6,0.0545139582648819,0.3109514946365593,0.153288062086861,0.8141651294596751,0.7285628229712057,0.0648922286771952,0.332255991902206,0.1712202804948385,0.8084183916784774,0.7211314776755069
spectf,mutual_info,rf,7,0.0630173272618773,0.3440700873962491,0.1852245673972834,0.80727936284733,0.7057359065309688,0.0600388639697364,0.289941527924799,0.1594825699960223,0.7856659222225818,0.720516020794085
spectf,mutual_info,rf,8,0.0575849738021845,0.3135528111688506,0.1564610584259405,0.8190244456912424,0.7489368785398817,0.060637698456066,0.3286092820201158,0.1606700281246128,0.8191740475240161,0.72908213396248
spectf,mutual_info,rf,9,0.0583437363142672,0.2980533711219262,0.1579245337256905,0.814910065568926,0.7261134066109897,0.0596938864422249,0.276359619691494,0.1491583744566656,0.7824157348278372,0.7095032325369072
spectf,mutual_info,rf,10,0.0616800979356621,0.3542993504733686,0.1791832590748254,0.8220463702812072,0.7301119375671152,0.0739046874859667,0.3101345235711362,0.1946522456037037,0.7886747965747913,0.7152891815628387
spectf,mutual_info,rf,11,0.0563511347758923,0.2814577325518231,0.1526163179350312,0.8283543116702043,0.7311268057336531,0.071658581538428,0.3379788412155335,0.1794386357255547,0.7925401402293919,0.7149847073143277
spectf,mutual_info,rf,12,0.054814985415408,0.3372327175423263,0.1556498050157528,0.8087494207108094,0.7208686908912852,0.069623928953684,0.361877048066567,0.1725128283450235,0.7960612584299788,0.689726618365333
spectf,mutual_info,rf,13,0.0584973020420392,0.3583449716215958,0.1712911095185472,0.8125791691919637,0.722896207443387,0.0628658506329132,0.3407634097136758,0.1664337740436087,0.7798421033858688,0.7020241678729228
spectf,mutual_info,rf,14,0.0634036978234308,0.3546073462902629,0.1743031559733084,0.8072500908083914,0.7244712842767029,0.0683400153261065,0.3495397418112178,0.1691517984312694,0.7921556692295866,0.726482221115307
spectf,mutual_info,rf,15,0.058684941691101,0.317140012344087,0.1531709456417213,0.8138088789804536,0.7346593017778599,0.0641144195747626,0.3109898234620273,0.1439926150005591,0.787393600290459,0.7287658455315691
spectf,mutual_info,rf,16,0.0618690218532181,0.3566914289626025,0.1713966918192003,0.789977093966429,0.7336820847395635,0.071028747967423,0.3299213322451836,0.1612541827246338,0.779592041100823,0.7042760710371911
spectf,mutual_info,rf,17,0.0612602780016295,0.3460507688125366,0.1798373943315474,0.8136286532949777,0.7070384057953578,0.0630341712906615,0.3093170512651273,0.1676953472000019,0.8069671654475336,0.7158610982091458
spectf,mutual_info,rf,18,0.0632778629028469,0.3341846922384732,0.1793705530647241,0.8200121206069312,0.7223023129091799,0.0799982765935536,0.2899950984128353,0.178556392364223,0.7883743524813582,0.7218191423441461
spectf,mutual_info,rf,19,0.054334319496171,0.3429574330506879,0.1600602477321145,0.8271913158944069,0.7277704132008451,0.0619041321451236,0.2795500058180946,0.1487602910028865,0.7960704784945138,0.6966238104530029
spectf,mutual_info,rf,20,0.063177297801935,0.3476592345296175,0.1830079774360858,0.8123332272342657,0.716282988647378,0.0735176506309555,0.3562001724332383,0.1924307173145065,0.784593068227255,0.7046119656973169
spectf,mutual_info,rf,21,0.0626506923885033,0.3006556652796232,0.1645789351065166,0.8005588723514147,0.7424433786300323,0.0709859803817584,0.3553782350584104,0.1914727563692467,0.7775087096380787,0.6850692582052531
spectf,mutual_info,rf,22,0.0564484259188857,0.2953272769343732,0.1564794661280514,0.8133486578354446,0.7231121019907454,0.0608135236219079,0.2952401906026456,0.157004093753714,0.7904320665155975,0.73566076793582
spectf,mutual_info,rf,23,0.0624019119943541,0.304400446676547,0.1557182472384375,0.8146440838961563,0.7032859460781622,0.070143911892724,0.3555300014215798,0.1633154232253957,0.7885937636540349,0.7035160270555001
spectf,mutual_info,rf,24,0.0608611844551086,0.3488802811080316,0.1644070044791325,0.8257156641482188,0.7308075535346575,0.0701292607744463,0.3218214698676894,0.1800721487396382,0.7693310736203329,0.7047316137162078
spectf,mutual_info,rf,25,0.0596352763040397,0.3188671720761579,0.1662142815467756,0.8076491799840466,0.715757318574634,0.0652301908976042,0.3519160055238096,0.1635994843251753,0.7741790363271172,0.7063967273495124
spectf,mutual_info,rf,26,0.0582585719859903,0.3187523408801773,0.1613395941751851,0.8097085126449008,0.7228991324713321,0.0651383758973768,0.3383260748834689,0.1691024449320427,0.7847274131657906,0.712089122858048
spectf,mutual_info,rf,27,0.0556099977634266,0.3090737989594135,0.1506048392380267,0.8388043637039122,0.7301936192853786,0.0642092681707636,0.2818616951473619,0.1534597542222682,0.7977187777148858,0.7142567171165286
spectf,mutual_info,rf,28,0.0648214292585097,0.3505174315766673,0.1779413878997626,0.8122763228723078,0.7328883398216928,0.0640173348624813,0.3064311223797027,0.1618033285159022,0.8033479707137053,0.7097328954294078
spectf,mutual_info,rf,29,0.0576256648572735,0.3170007454748899,0.1553839331669263,0.8163857173151139,0.712927728074147,0.0657452534053742,0.3428844232359496,0.194017816383087,0.8148687603619529,0.7372160871018902
spectf,rf_importance,logistic,0,0.0661004042468366,0.3311064355886986,0.1888893137768324,0.7634063575324567,0.7188133346659672,0.0533222925389279,0.3046508228971969,0.1738559963320371,0.8078717184750911,0.7646029029628465
spectf,rf_importance,logistic,1,0.0577722208978111,0.3004278046741415,0.1461587462952572,0.7918906070540548,0.7173507429200148,0.0574383505631762,0.3089698831159724,0.1575556139741382,0.7823375245198187,0.7463022540648536
spectf,rf_importance,logistic,2,0.0676320571866835,0.3287884429854986,0.1684959670955129,0.7768340729582672,0.7268512724614947,0.0528966746073829,0.3110445180090866,0.1403116886166087,0.7999935645139417,0.7634805472928147
spectf,rf_importance,logistic,3,0.0738289320407286,0.371466397060408,0.2055941359178283,0.7562890768894198,0.7072391011456528,0.062758971312756,0.3267446972805528,0.1689769975884438,0.7885257153743118,0.729940973840924
spectf,rf_importance,logistic,4,0.0621667919016114,0.3457636766271509,0.1652576792376125,0.7738505000524664,0.7303454472229817,0.0563200906950062,0.305571341198139,0.1571712237631626,0.7741584722585917,0.7393683099821594
spectf,rf_importance,logistic,5,0.0769374227658458,0.3564917760906015,0.2140190457340638,0.7505704190813903,0.6996736766845456,0.0695672040864863,0.362488869784789,0.197724433646234,0.7620351643788199,0.7374176814799608
spectf,rf_importance,logistic,6,0.061323524209547,0.3278385061817875,0.1824039192774009,0.7571002087450064,0.7206680769570591,0.0548560531217464,0.2936426027751677,0.167047335531172,0.7890096784412327,0.7288850394512864
spectf,rf_importance,logistic,7,0.0700514508211661,0.3293151173355606,0.1991981787007188,0.7563247972232764,0.69059117028014,0.0601593982399832,0.3024428738922052,0.1704023851781185,0.7895255517913216,0.7530003269904211
spectf,rf_importance,logistic,8,0.0677703169427245,0.3343763929312522,0.1872426962666255,0.7790694132132797,0.6884920044881098,0.0569452813603397,0.3307615815911774,0.1727729456872141,0.7930879706382992,0.7236159687638524
spectf,rf_importance,logistic,9,0.0653586871710256,0.3056177465917702,0.1569518142917557,0.7695421174625342,0.7186947108441368,0.0565617330951794,0.3107781330889446,0.1533922872619978,0.8086390591987789,0.7483558434653663
spectf,rf_importance,logistic,10,0.0635234163547305,0.284595703940386,0.1770303833556028,0.7767143723743909,0.7054085813039968,0.0532948176347818,0.2996463244623033,0.1522425696588602,0.7814630822181315,0.7317505114519857
spectf,rf_importance,logistic,11,0.0664185725341543,0.3347197602675062,0.194766557189866,0.7683241838447179,0.706745896153901,0.0552642933406988,0.31413957054545,0.1607631969052788,0.7786172040018786,0.7391641710271949
spectf,rf_importance,logistic,12,0.0595004558035685,0.3271737779983976,0.1654076637350665,0.7782734614696485,0.7210352511358684,0.0557451335317595,0.3028568820659108,0.1532255733523864,0.7971272527534423,0.7362173899317388
spectf,rf_importance,logistic,13,0.0779056384214317,0.3036183085820889,0.1998056198804086,0.7521951649636756,0.6915905612509432,0.0671928214978742,0.3472631702347053,0.1791886412367209,0.7659158427206595,0.7235335923456386
spectf,rf_importance,logistic,14,0.06320218337088,0.2935343779098253,0.1654386225019666,0.7635996022917357,0.7219331589533455,0.0575612455815113,0.3000068043144351,0.1533099643346411,0.7859874063401543,0.7409173518283755
spectf,rf_importance,logistic,15,0.0663865532869977,0.3316709980403902,0.1842918719982893,0.7522620134176133,0.7003052833640945,0.0503521133839035,0.2975644717213559,0.1556808465763199,0.8102082031845826,0.7374743918676981
spectf,rf_importance,logistic,16,0.0714898022424884,0.3275360961011892,0.1830621731676343,0.765079278208093,0.7122342925457282,0.0678317896289452,0.3275611777238618,0.1844879030620083,0.7727977048502476,0.7315788336621618
spectf,rf_importance,logistic,17,0.0626007523824626,0.3453484111395081,0.18077976840874,0.7605195711805554,0.7025940376355959,0.0579950574859163,0.3043919013285853,0.1741695862909264,0.7844266737765713,0.7344953350592425
spectf,rf_importance,logistic,18,0.0592412284056063,0.3156552967843188,0.1701589962897917,0.7564642200792717,0.7373379083685425,0.0511174904194922,0.2706037384580294,0.134772432032156,0.7891515238038367,0.7515696030586639
spectf,rf_importance,logistic,19,0.0592288075437987,0.263517609133529,0.1671436834943359,0.7756605748763027,0.7187887203543607,0.0525658896665287,0.234364657043256,0.1415371752637272,0.7947174184516413,0.7401033662072771
spectf,rf_importance,logistic,20,0.0635153734278869,0.3482966187933326,0.18757544617357,0.7632708848800092,0.7246293651738579,0.057319595248704,0.3142818959472304,0.1589874995600265,0.7909977854810715,0.7507300543724219
spectf,rf_importance,logistic,21,0.0669547309435428,0.3378936207651108,0.1862067954508798,0.769811712780493,0.7240020881193125,0.0631195869881193,0.3356969933541007,0.1895186545602495,0.7881042163113224,0.7325681573129191
spectf,rf_importance,logistic,22,0.0678114492867075,0.338720475105103,0.177958132766017,0.7699787557919047,0.697868631161342,0.0561441684725469,0.3214102794406273,0.1403232970465364,0.7916801435636773,0.7617623691470089
spectf,rf_importance,logistic,23,0.0741038457199376,0.3541332535668022,0.2221492587859137,0.7317500134857736,0.6799085496875092,0.0626407657306297,0.3086528979184775,0.1772282910259501,0.7760344771084213,0.7237397738964472
spectf,rf_importance,logistic,24,0.0559860323825225,0.3036887843984434,0.1519923183408542,0.793145446803308,0.7357575229764526,0.0531852307272179,0.3063618504402487,0.1483226197056302,0.7906534788965122,0.7397964184009738
spectf,rf_importance,logistic,25,0.0654161483987914,0.3201618842273752,0.1818492491207072,0.773498291923404,0.6988721396137435,0.0619725863231839,0.3288233736207996,0.1513397523048285,0.7870296790894928,0.7254058708811111
spectf,rf_importance,logistic,26,0.0671936281148103,0.3268670753773565,0.184641002455015,0.7723288156037981,0.7181044470464508,0.055755821089509,0.2953869666908321,0.1614048184879628,0.7695321068999567,0.7461755113867987
spectf,rf_importance,logistic,27,0.0591642555469379,0.283953543720509,0.1596976365577074,0.7754183066551953,0.7272828081873751,0.0602509950143125,0.322783672005058,0.1493661047542821,0.7741723739665883,0.7278713243861558
spectf,rf_importance,logistic,28,0.0669158966035495,0.3643696117574415,0.1894067551589371,0.7774166697798637,0.7212644253836833,0.0544597867380533,0.2887828380352629,0.1488659885065604,0.7957859073186455,0.7208292627120725
spectf,rf_importance,logistic,29,0.0710949671767277,0.3124380691108698,0.2000588897893866,0.7645986049848341,0.7206872384684496,0.0544969179651308,0.3182294274309603,0.1599835057594075,0.8024675447685594,0.7524872584799543
spectf,rf_importance,rf,0,0.0608468214616906,0.3347143301421051,0.1609195059465411,0.7996219021807143,0.7532747014100745,0.0672604668435912,0.3671642594015973,0.1584673081845702,0.8144806250834463,0.7118705427405585
spectf,rf_importance,rf,1,0.0535904042312732,0.3310789657269548,0.1658086287518427,0.8242539453346517,0.7474849596282224,0.0582551176247217,0.3163935872921071,0.1653030630756284,0.8025901042960252,0.7228974087419765
spectf,rf_importance,rf,2,0.056959289821876,0.3111034641619192,0.1538715673376184,0.812152920694647,0.7250568628353972,0.0622899570245853,0.2790469153151346,0.1593551902684649,0.7880078975323648,0.7170579779830097
spectf,rf_importance,rf,3,0.0555925722608162,0.2991844489254654,0.1543581778728419,0.8098409429298151,0.7247124207321494,0.058630658676214,0.300817768623816,0.164689951262058,0.8180959449481181,0.7269563428208737
spectf,rf_importance,rf,4,0.0588638251168543,0.3289761212171409,0.1690834108850878,0.8051501248618932,0.7402991218374726,0.0649070144438332,0.301594141286379,0.1691309003853733,0.7851364980811792,0.7107388357965665
spectf,rf_importance,rf,5,0.0565406899468432,0.3060373638153689,0.1506451955318044,0.8197939343347231,0.7221993902309239,0.0613419455362388,0.3080948441759443,0.1511462822987975,0.7932265120336971,0.7254689222364821
spectf,rf_importance,rf,6,0.0597940431452135,0.3140628018903932,0.1631932751092967,0.7996268070060815,0.7284553732305303,0.0673696442766162,0.3274076914510269,0.1720288838286759,0.7995640952259064,0.7266579646580227
spectf,rf_importance,rf,7,0.0562241700999244,0.3633086070128234,0.1696217996331095,0.8271435204938451,0.74452520347229,0.0549427871721166,0.323759905900383,0.1551795209333157,0.8079140038436994,0.7161915104814964
spectf,rf_importance,rf,8,0.0579611522217324,0.3149910806078505,0.1631968203291422,0.8206325277223446,0.7361013764593107,0.0637187013472992,0.3169876317938368,0.1620260834938502,0.812403595841394,0.7049679845939728
spectf,rf_importance,rf,9,0.0580296550673371,0.3060586808305959,0.1609189936127314,0.8371305654005881,0.7533648384663569,0.0661044979827158,0.3669750623399193,0.1787668777295656,0.7857143682084079,0.7206794522978155
spectf,rf_importance,rf,10,0.0618599060436017,0.3413139143568008,0.1820923473197553,0.8132073904771707,0.7411582313772639,0.0708707417392767,0.3422881917794003,0.1898905054174224,0.7903988535627402,0.7302632936069156
spectf,rf_importance,rf,11,0.0566042876829696,0.307007032817741,0.1442154355328967,0.8153551518242307,0.7224249459666489,0.0593123877263987,0.2880350459448054,0.1374714083842854,0.8014094427845115,0.7273743309478855
spectf,rf_importance,rf,12,0.0556220671369241,0.2768583541739776,0.1507272820191049,0.8030032804011608,0.7321437989788805,0.059537825995559,0.2471064204908915,0.1437627431638172,0.7645267050699514,0.7038214995744202
spectf,rf_importance,rf,13,0.0579340327898876,0.2978085567354423,0.1562558687294629,0.8052108554546052,0.7389497018829694,0.0612836325435993,0.3110861603567896,0.1607897429982049,0.7814015380968754,0.7207993783255539
spectf,rf_importance,rf,14,0.0487035892933068,0.2828846808718437,0.1370344817196306,0.8352963769102463,0.7505096182122384,0.0553731698018794,0.2987828157779008,0.1473215159748657,0.8195406598177442,0.7342725159124163
spectf,rf_importance,rf,15,0.0583938651195466,0.319876142117753,0.1821076184881136,0.8032681409709895,0.7411680912750598,0.0651049820097775,0.3254403778962923,0.1923830234752631,0.7866800527296651,0.7271686752239818
spectf,rf_importance,rf,16,0.0549834904511503,0.3104512757681277,0.1601638414910934,0.8152367353260798,0.7496888550933081,0.0612205700347278,0.3027034185645324,0.1560604984431118,0.8149932226115381,0.72046521535077
spectf,rf_importance,rf,17,0.0627647958869867,0.3326399111819824,0.1733312581061881,0.8312438868293979,0.7165088497428044,0.0778389018411765,0.3529227295985071,0.205618888275575,0.7922702532298432,0.6820428507541801
spectf,rf_importance,rf,18,0.0653421991596015,0.3290092006667052,0.178276054315019,0.8186649920607606,0.7215905207112566,0.0732829232981557,0.350757461628879,0.1908682839502966,0.7689388823541792,0.7078967672883307
spectf,rf_importance,rf,19,0.061783823135528,0.2958631341478673,0.16706844126433,0.8139413092653679,0.7288523933050456,0.0693126393670065,0.3507217528296402,0.1774319349774252,0.8001834903073718,0.6898340702413961
spectf,rf_importance,rf,20,0.0604190423372792,0.3247152861974128,0.1677678344652644,0.8107390781357842,0.7220172481146087,0.0717708275286917,0.3166034481981528,0.1837292083947203,0.7842195929940831,0.7050851991082827
spectf,rf_importance,rf,21,0.0644289645678859,0.3180109974575384,0.180099409357219,0.8130360018650541,0.7514061813418496,0.0696457147596328,0.3627744294054265,0.189535965269153,0.7772979539719892,0.70844638323638
spectf,rf_importance,rf,22,0.0574953090648188,0.3079259992263052,0.1567291553658095,0.8207509442204954,0.7237052214700687,0.0628207178713,0.3083330511010494,0.1685439742624245,0.799630805190441,0.7094440277880242
spectf,rf_importance,rf,23,0.0591106883905468,0.3394410250761966,0.1683400410472587,0.8071176605234771,0.7389500841403521,0.0703650962623278,0.3596787064033946,0.1943425019598558,0.7959994492426536,0.6900948330100524
spectf,rf_importance,rf,24,0.0554578625533951,0.3229460410744236,0.1459115945000733,0.8226508489830594,0.712554083723942,0.0692830499834661,0.3517556366200375,0.1760148585207868,0.7827885509943733,0.6856257963490751
spectf,rf_importance,rf,25,0.0628727097062936,0.3466242407875415,0.1797760960257053,0.7899519657970601,0.721686012630856,0.067214633782696,0.3346142736659754,0.173397900434665,0.800711185730426,0.7100202625470181
spectf,rf_importance,rf,26,0.0590441102344663,0.3377199594410095,0.1643671856456791,0.8193371016616326,0.7278170463512659,0.0682842293543734,0.352063584477589,0.1823557271089853,0.8002019955624845,0.7217892370761358
spectf,rf_importance,rf,27,0.056653819969469,0.3438232659211381,0.1630645454326828,0.8141673348704649,0.7286071065373781,0.0703668159814013,0.3080289692544576,0.1735413760888951,0.7742298241409438,0.6973171476012221
spectf,rf_importance,rf,28,0.0580116613632727,0.3253014209226282,0.1627417985397229,0.8033595308803823,0.75446311602692,0.056608355057843,0.2768514577988277,0.1371397122450232,0.8124161780962055,0.7238073541279605
spectf,rf_importance,rf,29,0.0581653933850309,0.3178165662713823,0.1600574663699346,0.8252894965050449,0.7184381237309334,0.0649984498227948,0.3315714380412752,0.1611172393346617,0.7834955694502207,0.7038121597905281
spectf,l1_logistic,logistic,0,0.0712403116522584,0.3612288972395053,0.198579792760365,0.7728187548366781,0.7073067422467126,0.0600405943839884,0.3106837258911299,0.1637663304020597,0.7820373443360066,0.7263264976202367
spectf,l1_logistic,logistic,1,0.0602695990380534,0.2956049784350631,0.1600338226065117,0.7905500942189672,0.7499675683086826,0.0568576303565671,0.3019023047774387,0.1568583643689583,0.7934122707306238,0.748679674692705
spectf,l1_logistic,logistic,2,0.0628583848556184,0.3308111040844111,0.1969450126070167,0.7723197910403086,0.7160925320393429,0.0632853220772864,0.3285838021382786,0.2031895052005503,0.7710459582675672,0.7141393658159281
spectf,l1_logistic,logistic,3,0.0626477750773323,0.3242693008127579,0.1704645513838665,0.7775489947091557,0.7053186121833024,0.0602815210645142,0.3600482384207198,0.1710986923229162,0.7941134152873363,0.7334532600092322
spectf,l1_logistic,logistic,4,0.0735503102121502,0.3425240921144322,0.2211747567836114,0.7548506581476092,0.6919318164178337,0.0686416202878434,0.3450845301540897,0.1889362914607913,0.762154431394691,0.6969364240703332
spectf,l1_logistic,logistic,5,0.061519239176857,0.3100146807201652,0.1746026473478462,0.7915343209821127,0.7205418083126379,0.061843527732638,0.3234277339410327,0.1570932789762179,0.7889738277052365,0.7389680366693177
spectf,l1_logistic,logistic,6,0.0584011417817092,0.3026316063736383,0.1625644101531927,0.7677556344473198,0.7302823472652289,0.0575864521330403,0.3225481310675007,0.1605762447316313,0.777814400673446,0.719885195677457
spectf,l1_logistic,logistic,7,0.0642285037956306,0.2980649843508328,0.1598284031651151,0.7840309230261141,0.7104358686571047,0.0601672324077716,0.2855191513012081,0.1352686784094161,0.7753486092177851,0.7348877353680341
spectf,l1_logistic,logistic,8,0.0653173264631078,0.2802100559861993,0.1744416533907959,0.7810067771210442,0.721801311222273,0.0567449046606963,0.2799555802684744,0.1538862246104824,0.7753535161797079,0.7277238656877065
spectf,l1_logistic,logistic,9,0.0703840434286256,0.3339818071611827,0.1798843100127485,0.7712698751483223,0.7087277173449743,0.0590977799482728,0.2942977586580395,0.1522479730877724,0.7867943691500733,0.736948514008111
spectf,l1_logistic,logistic,10,0.0644986196623111,0.3394022104724711,0.1724311046014092,0.7710443745693706,0.7147722947970541,0.0599368427900205,0.3143097235690081,0.1539927500956729,0.784668061662176,0.7203379063237069
spectf,l1_logistic,logistic,11,0.0679651479239354,0.3299828672818775,0.185213354024139,0.7729720565150517,0.716424813267537,0.064525997778258,0.3298474945373952,0.1622956881078334,0.7870087873567053,0.7133386988796654
spectf,l1_logistic,logistic,12,0.0675611097940184,0.3019588709990672,0.1766618312078148,0.7664169730098986,0.7317580061067218,0.0637925081218473,0.2873259272783007,0.1526472115564143,0.7559827405314196,0.7242344294326202
spectf,l1_logistic,logistic,13,0.0705268794002419,0.3402712015791314,0.1915834910468365,0.7584682567523745,0.6977000254116502,0.0663541545720125,0.3664083248962311,0.1770422742677037,0.7838536255709677,0.6944844029928209
spectf,l1_logistic,logistic,14,0.0697958648680179,0.3810013630442036,0.2116555102918448,0.7595531436846022,0.7013263125734238,0.0681525368368694,0.360540584003984,0.1975137113715206,0.761932866314092,0.7035903747267543
spectf,l1_logistic,logistic,15,0.0713622231641827,0.3293435838931428,0.1834779809923575,0.7678548742259369,0.7015756032647772,0.0710988376887626,0.2914417779663512,0.1743788842402753,0.7775819289375723,0.7191017261395539
spectf,l1_logistic,logistic,16,0.0677885190249213,0.3109695220479868,0.1774836884601687,0.7668833024501193,0.7016871789966701,0.0632522135282092,0.3445626051910369,0.1657204223788665,0.7999510910013548,0.7176288160719647
spectf,l1_logistic,logistic,17,0.054123498284,0.3356828043021133,0.1572564606322821,0.7679549197937829,0.7182496615564189,0.0565240418561752,0.34790297571878,0.1543337314534862,0.7797413501923248,0.7253882827362057
spectf,l1_logistic,logistic,18,0.0624767626224382,0.3005732136361195,0.1746460228121256,0.7688169894049546,0.7165948683202805,0.0597701680966055,0.3114064723379098,0.1671210844993168,0.761932311514673,0.7359436497035955
spectf,l1_logistic,logistic,19,0.0566873291534083,0.3125129646837806,0.1640582377301392,0.7837917195710253,0.7298867510975712,0.0553154177974939,0.2926517767277272,0.1445423591677164,0.784191141605588,0.7533623355959854
spectf,l1_logistic,logistic,20,0.0671436330743322,0.3125046055179125,0.178315386301393,0.7699470649511332,0.7321914327252609,0.0719552394933166,0.35907193907227,0.1818548859164833,0.7754750618475283,0.726512754121332
spectf,l1_logistic,logistic,21,0.0665889178344852,0.3265389149878908,0.1737132800822975,0.7690262040558133,0.7040689467900533,0.0624352225352583,0.2979073666596523,0.1633448197093689,0.7917799553736437,0.7309907926413952
spectf,l1_logistic,logistic,22,0.0638598053413828,0.3064594209392343,0.1784214221908413,0.7662020864671235,0.7155817184694043,0.0643191096469546,0.3205986188369664,0.1721706012491883,0.7857962306238837,0.7267652008781075
spectf,l1_logistic,logistic,23,0.0719813758442249,0.3319403870943544,0.1926773154184233,0.7587644358574746,0.6911813722063154,0.0726718922056433,0.3105401438821015,0.1945575000927565,0.7670924473782067,0.7077910317089763
spectf,l1_logistic,logistic,24,0.0759088964264664,0.3617580854947603,0.1881475908796263,0.7585914162267634,0.6901700312833929,0.0731991674262268,0.3193551181654097,0.1850695784714356,0.7638357336566456,0.7068734109325597
spectf,l1_logistic,logistic,25,0.0662038632685579,0.3190675280737489,0.1773729300978075,0.7672882767608677,0.7254071752635622,0.0594552759141455,0.3226453426602388,0.155177969779393,0.7795234788085997,0.7279725987513103
spectf,l1_logistic,logistic,26,0.0641712358175234,0.3532918625243485,0.1854851006937507,0.7686072763478539,0.697550696989003,0.0578895934956338,0.3246864269070126,0.1473735263118747,0.7739583877839392,0.7157461107679067
spectf,l1_logistic,logistic,27,0.064702459164891,0.3136645393524294,0.1772595485649895,0.7579710732392313,0.7321804155877059,0.0627466991076164,0.3212488667014298,0.1736044522733204,0.758390088447569,0.7168644241479876
spectf,l1_logistic,logistic,28,0.068228975967755,0.3128321732514761,0.1891906337509811,0.7574733604025143,0.6947790222761974,0.0678614454238695,0.3188841821160797,0.18050600843299,0.7559229507261724,0.7116803050968274
spectf,l1_logistic,logistic,29,0.0607680163446361,0.3070544489900456,0.1942438019129977,0.7727890573348959,0.741823794753677,0.0637642371269551,0.3235059572752637,0.1833505292168008,0.7643694541659928,0.7301976166242068
spectf,l1_logistic,rf,0,0.0545875792519013,0.3068352926390049,0.1613331396259542,0.8286051584532694,0.7361338313132975,0.0648592332202534,0.3577156196092808,0.1758586711145649,0.8039417629286901,0.7226529582291836
spectf,l1_logistic,rf,1,0.0573693550812562,0.2893144177324391,0.1447881822792385,0.8394107570325623,0.7299251202743914,0.0663785016928216,0.3140878749070492,0.1633037655013456,0.7960502464886111,0.71636570005839
spectf,l1_logistic,rf,2,0.0610587485827957,0.3087491393861971,0.1686236407616584,0.8059546647476794,0.7211583238954757,0.0655403008568436,0.3181545242493702,0.1685346793708024,0.8035065950068646,0.7006295900023262
spectf,l1_logistic,rf,3,0.0562768926753132,0.2933089228522056,0.156376650139439,0.8299145983007448,0.7246759437393644,0.0645226001495015,0.2980323732343743,0.1640657149538965,0.7714327852852448,0.7219037305071329
spectf,l1_logistic,rf,4,0.0555370250136364,0.2989117564331176,0.1574593864918153,0.8149718747562511,0.7233754399559161,0.0585034160300292,0.3113348327441654,0.1651599368674134,0.795863647647466,0.720227480692815
spectf,l1_logistic,rf,5,0.0637743084121298,0.2709686181516521,0.16293194697768,0.8071355813951374,0.7228407066125255,0.0728513812124494,0.3204758074058297,0.1865355066277744,0.7666387263572613,0.706019431609868
spectf,l1_logistic,rf,6,0.0603351678155491,0.2942377601141665,0.1547063722041347,0.8208166604927173,0.730053086167237,0.0624919306178945,0.3277030679090654,0.1528142287712166,0.7895717075584366,0.722693014055865
spectf,l1_logistic,rf,7,0.0588200829755696,0.3296723213992543,0.1629847222758427,0.8120872852765677,0.7246255316774696,0.0629713063732961,0.2997347599068788,0.1516302038020455,0.8187651994706028,0.7080325402395493
spectf,l1_logistic,rf,8,0.057550449062866,0.3314528375206286,0.1603918635527749,0.8193371016616326,0.7347031019435617,0.0661172797159248,0.3261165082180001,0.1623891178042352,0.7853620612873126,0.6980856459924178
spectf,l1_logistic,rf,9,0.0638239209564036,0.3412060201530864,0.1806330263913021,0.7895024269890567,0.7076640139959783,0.0627575658253273,0.356003774201267,0.1632535133721592,0.8110632453060296,0.7200777445861211
spectf,l1_logistic,rf,10,0.0575924280017965,0.2918075052280762,0.1514025427555807,0.7990832206052269,0.7149427249735513,0.0651578084765397,0.2971567635737151,0.1553548504362955,0.7981791328247595,0.7166851218955381
spectf,l1_logistic,rf,11,0.0555411248506559,0.3248686464716392,0.158547293282408,0.8009816515226701,0.7209332497402491,0.0699004469703249,0.318752852958205,0.1705416209891895,0.7920511056516423,0.6855276321606029
spectf,l1_logistic,rf,12,0.0531386128788975,0.2952700871422978,0.1454934049159444,0.8219324063357553,0.7365206782474069,0.0608443154294607,0.3132915724276248,0.1515678772712247,0.8021758003592572,0.7155642496719973
spectf,l1_logistic,rf,13,0.0536518130957594,0.3368811995429449,0.1590560203806314,0.8225309586397879,0.7549759365080887,0.0598808983234591,0.3128741309991377,0.1613306873542305,0.8051015833818295,0.7303145412823767
spectf,l1_logistic,rf,14,0.0565228243284945,0.3287004830135879,0.1634084453234398,0.8081330911246558,0.7304240311028646,0.0681218708303383,0.3534575705341975,0.1781353506079643,0.7926259227772837,0.7041079565584238
spectf,l1_logistic,rf,15,0.0554821232025229,0.2766016898588091,0.1535314720136741,0.8334563667082093,0.7346161425589269,0.0544517363756812,0.2863083919724486,0.1389462682915698,0.8094263143967569,0.7375024269185179
spectf,l1_logistic,rf,16,0.0632439193493284,0.3120750399946257,0.1769863331859764,0.821515528038609,0.7220524638665848,0.0649302589065497,0.2882494797650506,0.1554869959880511,0.792623636512351,0.7109994978956318
spectf,l1_logistic,rf,17,0.0625631063913652,0.3303734460444965,0.1734246065323115,0.8120921901019349,0.7206355066229418,0.062263704242517,0.2997627153677347,0.1409917111918237,0.8085330154391686,0.7253770930947245
spectf,l1_logistic,rf,18,0.0598301998812177,0.325661543878143,0.1646532805963179,0.8284867419551185,0.740894032248675,0.076407310329732,0.3692228457901149,0.195032857764103,0.7805993287043975,0.7008736258160735
spectf,l1_logistic,rf,19,0.058002346232725,0.3377541680801722,0.1587540259309696,0.80288486390301,0.7262963189553059,0.061181122036327,0.3551064564524271,0.1643736986273484,0.8013746878016931,0.7153572215747253
spectf,l1_logistic,rf,20,0.0604488153842006,0.2899997198178644,0.168841963011307,0.8019109057229524,0.7474019379514968,0.062856170868862,0.3246526810152974,0.166707040195017,0.8131190482901288,0.7244328620309387
spectf,l1_logistic,rf,21,0.0608809452908716,0.3192403305512166,0.1653687819561313,0.8060671786799928,0.7268686260226193,0.0709865596871348,0.256125011728764,0.1602215686788663,0.776660809045362,0.6979058706022138
spectf,l1_logistic,rf,22,0.0596258582606604,0.323804123439665,0.1765318292402025,0.7931288302808739,0.7150293090482446,0.0682293548769854,0.3087161337454592,0.1815823770562019,0.7996902764536821,0.708217548494477
spectf,l1_logistic,rf,23,0.0543822419998679,0.3117155558449138,0.1521411820388708,0.8186309385589255,0.7445018131882012,0.0587681841296203,0.3067822572404656,0.156487400588478,0.789963761072701,0.7270172208127934
spectf,l1_logistic,rf,24,0.0578487959033076,0.3569940005688054,0.1709907859225144,0.8247976125896489,0.7319121234516486,0.0550215573961362,0.3111658435066923,0.1400409614049053,0.8194448308434236,0.7260358783427204
spectf,l1_logistic,rf,25,0.0649610153288994,0.339148365331542,0.1869807467860438,0.8088900398264939,0.7298788715178427,0.067023408186887,0.3366598847825701,0.1794635592401305,0.8059615120224849,0.730459279820881
spectf,l1_logistic,rf,26,0.059699609172253,0.3200125303194497,0.1536029355975529,0.7950306496702358,0.709053296740722,0.0508484355595916,0.2993310177451299,0.1251872273200955,0.8261290545386781,0.7446961331323593
spectf,l1_logistic,rf,27,0.0561785566687585,0.3016630171624089,0.1489403890414646,0.8271913158944069,0.7479025428576707,0.0627392510739286,0.3310851271245688,0.153888615277835,0.8083463031111287,0.7461434049601615
spectf,l1_logistic,rf,28,0.0583346008636481,0.3327121494773502,0.165455957027406,0.8327195385755858,0.7127942094457932,0.057247057456698,0.3156050010034787,0.1496036428027184,0.813224364226841,0.7072631504322404
spectf,l1_logistic,rf,29,0.0562294499258319,0.3480112156592738,0.1707598430652391,0.8238805587715493,0.7308311083284169,0.0546108017733613,0.2898622465131029,0.1401178161903598,0.812779818003649,0.7225184966879601
diabetes130,mutual_info,logistic,0,0.073889694370299,0.0904574705694751,0.0776541797153388,0.0039764025436811,0.0046179476340622,0.0770455828015756,0.0904548013290233,0.0801444807102679,0.0037633299082898,0.0045399898582194
diabetes130,mutual_info,logistic,1,0.0737835393418406,0.0904348470741938,0.0776525293850054,0.003958124670518,0.0046320113020777,0.0775158252888669,0.0904398361119933,0.080393357472201,0.003805182492164,0.0044572991431877
diabetes130,mutual_info,logistic,2,0.0737508325457051,0.0905798664061824,0.0776761681036009,0.0039965065254701,0.0046866497931466,0.0778487490657362,0.0905843874121455,0.0805418712465611,0.00371978856186,0.0045105446415938
diabetes130,mutual_info,logistic,3,0.0737133268041656,0.0905704301018112,0.0777467994689016,0.004022222807229,0.0046265299410639,0.0768376909313566,0.0905744816760784,0.0799639297907028,0.003790871881537,0.0044356843719441
diabetes130,mutual_info,logistic,4,0.0739660423183751,0.0906439675737226,0.077779970092587,0.0040073196042889,0.0046243902545706,0.0778657267767066,0.090646504499617,0.080677739491901,0.0037463837183354,0.0044221403038579
diabetes130,mutual_info,logistic,5,0.0736573895307249,0.0904716237081577,0.077702847948285,0.0040409563791514,0.0046078668417018,0.0776921571154734,0.0904750623990863,0.080504658574529,0.0038031011058169,0.0044598265989341
diabetes130,mutual_info,logistic,6,0.0737730474436413,0.0905202018599035,0.0777191305616706,0.0040009260418008,0.0046362371433193,0.0781624169524041,0.0905221811576419,0.080880215177535,0.0037166120478637,0.0044469627169407
diabetes130,mutual_info,logistic,7,0.0736822720396032,0.0905431149951298,0.0777096446012025,0.0039849056277132,0.0046818107799793,0.0774796820905236,0.0905463879508397,0.0805584032468706,0.0037714319105046,0.0044976702332123
diabetes130,mutual_info,logistic,8,0.0738644406378883,0.0905878232583042,0.0778195560276084,0.0040252029790206,0.0046583729829914,0.0780963704629063,0.0905944696344386,0.0809571285976854,0.0036892480741895,0.0044821857800871
diabetes130,mutual_info,logistic,9,0.0737921994620681,0.090426735291785,0.0776958424247908,0.0039997487857414,0.0046210351926489,0.0775842624353042,0.0904254953342621,0.0804634657695489,0.0037847888559936,0.0045179234343839
diabetes130,mutual_info,logistic,10,0.0737177769715649,0.0905588329146857,0.0777193563255214,0.0039754699946634,0.0046015326136415,0.0770549549479174,0.0905609194633063,0.0803660800589741,0.0038380077358759,0.0045267700269067
diabetes130,mutual_info,logistic,11,0.0738858166389145,0.0905171241060256,0.0777256846845543,0.0039720748275915,0.0046566129755206,0.0776688681347555,0.0905229968959384,0.0802983154136564,0.003744666899754,0.0044951747788492
diabetes130,mutual_info,logistic,12,0.0739463194733187,0.0905933629631796,0.0778020080384185,0.0040190145379036,0.0046188727662635,0.0775441614701219,0.090595630719378,0.080587463773846,0.0037779389148571,0.0044605265062935
diabetes130,mutual_info,logistic,13,0.074005631356766,0.0906456244247206,0.0778332552199485,0.0040071342998776,0.0046101039005776,0.0778407837600466,0.0906473379835884,0.0804742307009928,0.003751121697949,0.0044917198534039
diabetes130,mutual_info,logistic,14,0.0737561410642631,0.0904251387063821,0.0776806852409719,0.0040124995842026,0.0046217107623189,0.0769397842724898,0.0904290585655826,0.0802115263031456,0.003753253407401,0.0044897453072511
diabetes130,mutual_info,logistic,15,0.0737852793510758,0.0904999786747157,0.077698565847707,0.0039976377646305,0.0045723151775661,0.0776272087689312,0.0905061632675648,0.0806528735903436,0.0038025488020737,0.0044891496859381
diabetes130,mutual_info,logistic,16,0.0737723906083938,0.0904586343832632,0.0776248281301217,0.0039797717399136,0.004632029646986,0.0767615120377474,0.0904581773676718,0.0801017936530102,0.003745574954489,0.0044678312580587
diabetes130,mutual_info,logistic,17,0.0737440205214778,0.0905805558836391,0.0776760594793504,0.0039743917583281,0.0045936448055181,0.0773832456017706,0.0905833117853953,0.0803685104067811,0.0036610503230674,0.0043993711895967
diabetes130,mutual_info,logistic,18,0.0738212254396464,0.0905549398804476,0.0777590697202633,0.0039594319762225,0.0046056396512186,0.0773884308504791,0.090554427614657,0.0802256849409676,0.0037397102232729,0.0044419557697766
diabetes130,mutual_info,logistic,19,0.0737116417332853,0.0906579894010895,0.0778308609291869,0.0039862291970472,0.0046680951818063,0.0777681266047295,0.0906600629614609,0.0805240527672788,0.003780507845105,0.0044790470913233
diabetes130,mutual_info,logistic,20,0.0739375416057432,0.0905793050226928,0.0778428865486884,0.0039410712633368,0.0046063207370283,0.0789709943976865,0.0905844813686419,0.0812172197325318,0.0037531421259382,0.0044376551459294
diabetes130,mutual_info,logistic,21,0.0739507881358027,0.0905373486434606,0.0777613905504635,0.0039624069659697,0.0046633914930518,0.0806170715729821,0.090536737069075,0.0813240178282804,0.0040767131042199,0.0045825838422712
diabetes130,mutual_info,logistic,22,0.0738876323424663,0.0906399389737636,0.0778141751487872,0.0039853779028299,0.0046068972705133,0.0774864728370639,0.0906392543486744,0.0805604052444668,0.0037496508294091,0.0044792680043156
diabetes130,mutual_info,logistic,23,0.0737837730561961,0.0905768816367084,0.077650454476949,0.00395927625437,0.0046055556550336,0.0777833104352223,0.0905792048351445,0.0805111830162232,0.0038027513835133,0.0044889012294026
diabetes130,mutual_info,logistic,24,0.0738088055053992,0.0904643776843613,0.0776184092495448,0.0040128193320486,0.0046789316806378,0.0775847412501778,0.0904682692004518,0.0806781806224783,0.0037829165468881,0.0045239122866436
diabetes130,mutual_info,logistic,25,0.0738652122542508,0.0908077243209942,0.0779654714030039,0.0040251868405824,0.0046401654565311,0.0776429496243777,0.0908104432503621,0.0807563441162148,0.0038053904162183,0.0044665615981943
diabetes130,mutual_info,logistic,26,0.073749547839509,0.090603158074305,0.0776831365971329,0.0039674469054954,0.004662912407393,0.0776730837431675,0.0906055551016031,0.0803803351322869,0.0037267107220633,0.0044752966973442
diabetes130,mutual_info,logistic,27,0.0738645414277467,0.0906044780720831,0.0777956129308162,0.0039949861866536,0.0046312726287577,0.0784222357693029,0.0906084679900786,0.0809180607739556,0.0037063947289738,0.0043789395457792
diabetes130,mutual_info,logistic,28,0.0738564437464902,0.0906819157219833,0.0777107181611472,0.0039734392963538,0.0046912114201942,0.0773463255130094,0.0906851852540759,0.0805631438810437,0.0037581583010465,0.0044785031064601
diabetes130,mutual_info,logistic,29,0.0736663117802179,0.090576503643066,0.0776717141860636,0.0039965540335231,0.0046420961991493,0.0772165922776673,0.090583007027318,0.0802021834976149,0.0037678577596556,0.0045105020726772
diabetes130,mutual_info,rf,0,0.0778685521476802,0.0937034641272407,0.0820937663769509,0.0035859964320897,0.0016275246292323,0.0705326201021853,0.0906171709023797,0.0763634666448967,0.0038652473931928,0.0048144833228092
diabetes130,mutual_info,rf,1,0.0773923829664431,0.0938062858945643,0.081714286014267,0.0035443497163131,0.0016424405593765,0.0707545235353249,0.0905983226868817,0.0762539857423972,0.0038810615225818,0.0047865939574945
diabetes130,mutual_info,rf,2,0.0782297518522524,0.0936382348557902,0.0818860029807136,0.0034134687421393,0.0016353216272071,0.0721618740222334,0.0906731291665789,0.0771724094617301,0.0038669104711722,0.0047167442058753
diabetes130,mutual_info,rf,3,0.0784831811275436,0.093423330491235,0.0823398588695622,0.0033618912229998,0.0015139758028363,0.0714789984059421,0.0907651309690296,0.0763544771507121,0.0036538374955856,0.0047391642140831
diabetes130,mutual_info,rf,4,0.0785561247575267,0.0940825385111686,0.0827075858365148,0.0032808132906775,0.0012384023148266,0.0717028954350186,0.0905064497050637,0.0767831768481737,0.003809112816101,0.0047391753838839
diabetes130,mutual_info,rf,5,0.0785222818163944,0.0935638586737265,0.0821706573127734,0.0033207333781344,0.0015195125494196,0.0704348977315485,0.0904530836686114,0.076333795736742,0.0038330197345748,0.0048511522612654
diabetes130,mutual_info,rf,6,0.0785787493241411,0.0937693141519679,0.0822677174132641,0.0032760752226994,0.001408607324601,0.0709078924386453,0.090713634022866,0.0761387180020669,0.0037020719846605,0.0047813540308942
diabetes130,mutual_info,rf,7,0.0778915054564704,0.0940791756922467,0.0822871532202685,0.0034577999349112,0.001449892533077,0.0710353036253487,0.0906165149358857,0.076455431211831,0.0037739940601916,0.0048027325737512
diabetes130,mutual_info,rf,8,0.0785132471377893,0.0938623458132089,0.0825910326451176,0.0033500663239146,0.0014329708171575,0.0704597660427706,0.090617857588681,0.0763768468738028,0.0037331171974861,0.0048386298474668
diabetes130,mutual_info,rf,9,0.0791347030874644,0.0935455694807749,0.082766163144312,0.0033193730211645,0.0013633289991384,0.0715178998505545,0.090569706723423,0.0760704795993977,0.0038006819763745,0.0047172862526895
diabetes130,mutual_info,rf,10,0.0783601716981089,0.0937514847403926,0.082070753545579,0.0032497694284681,0.0016487867399089,0.0705461057417149,0.0906272695582523,0.0763149522254649,0.0038266541264328,0.0048973911757036
diabetes130,mutual_info,rf,11,0.0773158314959941,0.0938637448673629,0.0814351736303316,0.0034721446076675,0.0016974495314937,0.0721050174469633,0.0906936908640105,0.0770428985944736,0.0036834043826527,0.0047208213665561
diabetes130,mutual_info,rf,12,0.078437331470731,0.0943475556061596,0.0826300672161695,0.0032523354549797,0.0011803871663892,0.0705972056868761,0.0906489734448041,0.0763821941696067,0.0038259982857115,0.0047678780589705
diabetes130,mutual_info,rf,13,0.0787398623716111,0.0939121328385913,0.0827829274649901,0.0033958208089134,0.0013839176842116,0.0720563037013265,0.0906023711663093,0.0764443302903713,0.0038048931705678,0.0047057193062404
diabetes130,mutual_info,rf,14,0.0789713435795248,0.093500903985923,0.0825255065621776,0.0032164457231443,0.0012902326776146,0.0721939528055582,0.0906324279459138,0.0766178104868577,0.0037568242775885,0.0047591524893488
diabetes130,mutual_info,rf,15,0.0785146267764949,0.0933279513551318,0.0821195251295886,0.0033663659189323,0.0016587185506444,0.0710821193567211,0.0906122390064737,0.0759895839699346,0.0038557030629053,0.0047464750225756
diabetes130,mutual_info,rf,16,0.0785327485014294,0.0938113926970623,0.082320956150554,0.0033808562525689,0.0013057985909403,0.0731888795024964,0.0905729754715965,0.0774367537074912,0.0037985365949279,0.0046800199311782
diabetes130,mutual_info,rf,17,0.0783510619778388,0.0935578655326987,0.0820682168072375,0.0034193728124154,0.0015389053061798,0.0705028058010612,0.0906560837605696,0.0763548739962356,0.0038455343879283,0.0049045258533036
diabetes130,mutual_info,rf,18,0.0780886922417865,0.093654897725974,0.082031533297123,0.0033697713856325,0.0015342665913432,0.0722665304627447,0.0905365234972656,0.0772375043724335,0.0037764177989289,0.0045351048037634
diabetes130,mutual_info,rf,19,0.0788995851857352,0.0944654766021974,0.0824985905946904,0.0032774429221504,0.0013992076903417,0.071074293638555,0.0907674766924636,0.0765452733784388,0.0037569653348295,0.0047877742478688
diabetes130,mutual_info,rf,20,0.0787641051932449,0.0939839356523793,0.082363775420687,0.0032924551036133,0.0016385422889149,0.0708658512088649,0.0906384777399617,0.0765224766595495,0.0038366070370967,0.0048211676701519
diabetes130,mutual_info,rf,21,0.0779424396449606,0.093648401289798,0.0821108626225377,0.0034680132891528,0.0014650139555627,0.0705987820806665,0.0906138903136775,0.0762602614318087,0.0037672650448811,0.0047966974163967
diabetes130,mutual_info,rf,22,0.0780376286309174,0.093890354865252,0.0821547524909041,0.0033182312265716,0.0015269676050489,0.0710642259501544,0.0905886911956648,0.0764824578358788,0.0037628834006531,0.0047011484654249
diabetes130,mutual_info,rf,23,0.0782358298505051,0.0938080676684662,0.0820080742880431,0.0033810670895102,0.0015715938425733,0.070697424059055,0.090539095446737,0.0762974348377403,0.0037815130476544,0.0049109563057839
diabetes130,mutual_info,rf,24,0.0782935843658078,0.0930721390758527,0.0818829720208402,0.0033619053272602,0.0015534024169602,0.070832008961498,0.0903863389300002,0.0762996847819761,0.0038368961305961,0.0048040900865314
diabetes130,mutual_info,rf,25,0.0787296341705951,0.0939119394860925,0.0824723421014236,0.0031780757117005,0.0014582955279967,0.0707306685523292,0.0905755610169716,0.0763614535911416,0.0038096894411878,0.0048202196152368
diabetes130,mutual_info,rf,26,0.0781013368551706,0.0939403653717722,0.0821202955562875,0.0033049555407226,0.001511367524041,0.0727060248100877,0.0906643841202718,0.0769150219561973,0.0037795586207802,0.0046467648202434
diabetes130,mutual_info,rf,27,0.0792136093321931,0.0940587807027158,0.0831029755869887,0.0033620599779494,0.0013359263331584,0.0707491710555452,0.0906805744202707,0.0762162817693194,0.0036875041516388,0.004697307961513
diabetes130,mutual_info,rf,28,0.0783434300612672,0.0933676908311908,0.0821990143427153,0.0032208661627566,0.0015825045953415,0.0728413197855032,0.0905015994188278,0.0771455206378686,0.0037911953942628,0.0045805103899547
diabetes130,mutual_info,rf,29,0.0780821173241082,0.0942771233856845,0.0824418355618983,0.003356904643018,0.0013709490836361,0.0714378935495205,0.0908101894243795,0.0766474015303252,0.0037433876825016,0.0046871460984295
diabetes130,rf_importance,logistic,0,0.0737549551225784,0.0905903175606393,0.0777415108029008,0.0039707293645241,0.0046742704201957,0.0938091539600295,0.0905805336348846,0.086138720119854,0.0055442440505428,0.0050483282751999
diabetes130,rf_importance,logistic,1,0.0737167181312389,0.0905008766583208,0.0776693103784454,0.0040326048213601,0.0046471165142119,0.0936763403906668,0.0904911617628677,0.0861038776235333,0.005506584776931,0.0050695755434383
diabetes130,rf_importance,logistic,2,0.0738038453704249,0.0905230847447837,0.0777925812587113,0.0040032539121054,0.0045957831741159,0.0939055160705071,0.0905155982876747,0.0861244129759729,0.0055165495854038,0.0050771258509377
diabetes130,rf_importance,logistic,3,0.0737817631945172,0.0905401104624497,0.0776815562265665,0.0040391302059519,0.0046306375111723,0.093747038587485,0.0905288499799517,0.0861455114642137,0.0055420759707838,0.0051065887562031
diabetes130,rf_importance,logistic,4,0.073824640037574,0.0905697894890784,0.0777007340565261,0.0039588355364044,0.0045829371925963,0.0938780693231171,0.0905600727224697,0.0861779536264368,0.0055298023791008,0.0051174000302463
diabetes130,rf_importance,logistic,5,0.0738689110342777,0.0905337322771931,0.0777991002884339,0.004005226043787,0.0046067371637319,0.0937116312283487,0.0905235274530646,0.0861560856180239,0.0055181814184584,0.0050722167626952
diabetes130,rf_importance,logistic,6,0.0737850162431643,0.0904765966402202,0.0776494981355373,0.0039939590178858,0.0045634142776102,0.0937439855273608,0.0904678874309636,0.0861116245074464,0.005523995117486,0.005072342821768
diabetes130,rf_importance,logistic,7,0.0737679956612249,0.0906923619235887,0.0778116672669524,0.0039540978717472,0.0045824915538392,0.0939326292179836,0.0906775670165416,0.0863406963398399,0.0055308011998965,0.0050982815972557
diabetes130,rf_importance,logistic,8,0.0739744572066381,0.0904739475029816,0.0776737606413086,0.0040559945173774,0.0046417275355616,0.0937842968880657,0.0904616757297015,0.0861167001107486,0.0055309856368823,0.0050786579104557
diabetes130,rf_importance,logistic,9,0.0739129167289987,0.0905486991626255,0.0777205432081524,0.0039980118144621,0.0046732306290558,0.0937370598208842,0.0905391597012478,0.086154139994484,0.0055553665715083,0.0050693237177072
diabetes130,rf_importance,logistic,10,0.0739089044433509,0.0904699283490063,0.0777002638186595,0.0040030398341715,0.0046425069962677,0.093817673869514,0.0904626900287351,0.0861155202643683,0.0055129637421113,0.005074338340505
diabetes130,rf_importance,logistic,11,0.0737673508304105,0.0906066821199148,0.0777431974799633,0.0039569513057555,0.0046483782825006,0.0938050105450644,0.0905998023592583,0.0861530303265419,0.0055337823351104,0.0051034107489704
diabetes130,rf_importance,logistic,12,0.0739225195517468,0.0905323548869245,0.0777967067161501,0.0039612462986365,0.0045857965661191,0.0937641164889155,0.0905219885645031,0.08612427094619,0.0055479358556937,0.0050407712990726
diabetes130,rf_importance,logistic,13,0.0738173774833982,0.0905226349218229,0.0778039438035401,0.004033763153124,0.0045933508616364,0.093836746633065,0.0905172470739733,0.0862394706929927,0.0055277734700757,0.0050250175276863
diabetes130,rf_importance,logistic,14,0.0736681133487665,0.0904610235464212,0.0776122932903112,0.0040339351762137,0.0045717954296656,0.0937943806509063,0.0904498631983503,0.0860279622541929,0.0055163809864971,0.0050570385160904
diabetes130,rf_importance,logistic,15,0.0738219128763454,0.090447650381299,0.0776344633413563,0.0039644156223443,0.0046225526982006,0.0939362616937215,0.090439758812762,0.0861711107732748,0.0055529576507656,0.0050557210715799
diabetes130,rf_importance,logistic,16,0.0737249262043526,0.0907164958026434,0.0777548569530725,0.0040024843274335,0.0046487941268018,0.0937145182239403,0.0907082782084488,0.0861769239960977,0.0055280506875507,0.0051036919796904
diabetes130,rf_importance,logistic,17,0.0737493095582781,0.0905360191806155,0.0776151205137405,0.0040089943556574,0.0046934868997342,0.0938078202334882,0.0905261245114305,0.0860798597201936,0.0055463953725923,0.005051219328475
diabetes130,rf_importance,logistic,18,0.0739076719587194,0.090478280997602,0.0776630457911563,0.0039601041968504,0.0045900057152169,0.0937477247612085,0.0904682339876332,0.0860430938532716,0.0054987344031105,0.0050673671375623
diabetes130,rf_importance,logistic,19,0.0740092578028095,0.0906273399506646,0.0778721464514881,0.0039553844930663,0.0045463336741922,0.0938111742610415,0.0906178163524436,0.086163325173722,0.0055031526140964,0.0050262206371041
diabetes130,rf_importance,logistic,20,0.0737891786482284,0.0905103678346233,0.0777425633629874,0.0039658121260132,0.0046399864953998,0.0938950494326406,0.0904993036287685,0.0861657783772336,0.0055538948563245,0.0050855547299666
diabetes130,rf_importance,logistic,21,0.0737998759862206,0.0904552447388818,0.0776809863701811,0.0040011295220891,0.0046469838711842,0.0936781829157656,0.0904453825423129,0.0860881374271386,0.0055405706379999,0.0051048618828087
diabetes130,rf_importance,logistic,22,0.0738220778356395,0.0904064561253136,0.0776817676355045,0.0039728106279084,0.0046361417406899,0.0937595053864057,0.0903967906791974,0.0860897804235572,0.0055500742007364,0.0050752268136149
diabetes130,rf_importance,logistic,23,0.0737784496369387,0.0904148224509317,0.0777429676861707,0.0039637880902604,0.0046079167715606,0.0937234514573258,0.0904037410601834,0.0861158056249017,0.005549342277119,0.0050709619909847
diabetes130,rf_importance,logistic,24,0.0737673985499781,0.0904268622557765,0.0776543779678963,0.0040165454992625,0.0046578591090989,0.0938215412992933,0.0904165917273672,0.0861272775642085,0.0055616457056995,0.0050342168179694
diabetes130,rf_importance,logistic,25,0.0737924436821815,0.0906504353115755,0.0777914350984909,0.0039834738361666,0.0046491188976169,0.093701021824785,0.0906441906145427,0.0862893298894832,0.0055248351487659,0.0050420925978189
diabetes130,rf_importance,logistic,26,0.0737417039269474,0.0904994811260594,0.0776416909775556,0.0039560052581837,0.004595718614203,0.0938561266267946,0.0904928630641816,0.0861413693004511,0.0055374032265394,0.0051067422216825
diabetes130,rf_importance,logistic,27,0.0737120955223025,0.0905548624974448,0.0777286465690992,0.0039971853732758,0.0046383078741329,0.093700993552779,0.0905454910760742,0.0861336531220591,0.0055180941557515,0.0050345793087802
diabetes130,rf_importance,logistic,28,0.0737356523958977,0.0905618549068039,0.0776643916193946,0.0039808051647421,0.0046279773956122,0.0937353642588535,0.0905529191699884,0.0861627558609805,0.0055649215313661,0.0051186607324448
diabetes130,rf_importance,logistic,29,0.0738517663370282,0.0904120446715891,0.0777104305022405,0.0039903018167677,0.0046451510399349,0.0939502880178102,0.0904017363812633,0.0860929027235833,0.0055533950882926,0.0050937715952751
diabetes130,rf_importance,rf,0,0.078753505829009,0.0941715064337336,0.0823944675855834,0.0030563960423339,0.0014108094310495,0.1074289932828432,0.1119308693085074,0.0990008431798568,0.0011416547422856,-0.0105599275651301
diabetes130,rf_importance,rf,1,0.078424701039696,0.093850030268383,0.0822095734133095,0.0034951813925935,0.0015781014369014,0.1074693996445805,0.1120022936552305,0.0989246669350794,0.0012897948137002,-0.0102027068546861
diabetes130,rf_importance,rf,2,0.0781563588063897,0.0941108179869873,0.0822273325953067,0.0031783085928756,0.0014965342941605,0.1086865738523083,0.1133479991056353,0.1001458151956631,0.0011719560985849,-0.0106344205514292
diabetes130,rf_importance,rf,3,0.0781928657256069,0.094065179363277,0.0823301325514785,0.0033591955613266,0.0014730994868205,0.1072917844445067,0.1122100002725845,0.0996558117648467,0.0012786232090759,-0.0103763760249335
diabetes130,rf_importance,rf,4,0.0782495880818444,0.0938775642403482,0.0821905582142913,0.0032343266875423,0.0015141747816588,0.1080824976836637,0.1138710488789481,0.100363500240721,0.0008176140659188,-0.0109807751540772
diabetes130,rf_importance,rf,5,0.0785493080331004,0.093668260037742,0.0823516511840633,0.0034149893813501,0.0014233600373129,0.1085710327731351,0.1124643293887553,0.0994925439083281,0.0013102885709654,-0.0106378110039979
diabetes130,rf_importance,rf,6,0.079345809860246,0.0940036147914278,0.0828535093039123,0.0032864598833926,0.0013380182196335,0.1075910869100546,0.1128040652201081,0.0996387009339879,0.0012967750249848,-0.0106472007644521
diabetes130,rf_importance,rf,7,0.0781869435757039,0.0938331763937073,0.0818907641274478,0.0034569682475501,0.00167860104336,0.1087817133805769,0.1132614204387507,0.100098404211872,0.001188712121874,-0.010827630311397
diabetes130,rf_importance,rf,8,0.0777635174829254,0.093501886841351,0.0817261269563911,0.0032010775568556,0.0016456500197109,0.109633759492494,0.1135676928574225,0.1006947503856755,0.0011311910246745,-0.0107163439630839
diabetes130,rf_importance,rf,9,0.0792414347567011,0.0936021629135095,0.082814234160998,0.0032045861607004,0.0013812989892653,0.1077362419350766,0.1130535234762727,0.0992175622676447,0.0011860816107825,-0.0104132459375906
diabetes130,rf_importance,rf,10,0.0775896868499352,0.093523086398739,0.0816929845615918,0.0033213509120948,0.001738245749687,0.108811127862584,0.1123876011814418,0.0994967315928692,0.0012179207375973,-0.0104442685549614
diabetes130,rf_importance,rf,11,0.0776180441661046,0.093977151352315,0.0821782560409756,0.0034044370489524,0.0016538804627887,0.1081504280477526,0.1130355505961108,0.099729152453484,0.0013300374330901,-0.0108649947841523
diabetes130,rf_importance,rf,12,0.0788775485527361,0.0933837873545009,0.0824355235670585,0.0034467243313679,0.0013829625263589,0.108198928943443,0.1124832647720952,0.0996114436027544,0.0010452351876341,-0.0105742446359148
diabetes130,rf_importance,rf,13,0.0791475222466885,0.0939799702249084,0.0830328287314905,0.0032717047061925,0.0012237757116309,0.1082330210458143,0.1132715799343374,0.0996108879986349,0.0009950373766841,-0.0108298524494493
diabetes130,rf_importance,rf,14,0.0786648921065885,0.0934799163050783,0.0821267220473123,0.0033014342639166,0.0014441720711949,0.1088338851999862,0.1131731753104678,0.1000021643356852,0.0010993344610165,-0.0109581131144996
diabetes130,rf_importance,rf,15,0.0774795695269663,0.0936048576670421,0.0816687501716953,0.0033731098386679,0.001667321854427,0.1074452729715141,0.1120811785058339,0.0995166809963711,0.0011425520522763,-0.0103861957169566
diabetes130,rf_importance,rf,16,0.0789038891677067,0.0938840061339166,0.0823473508514385,0.0033479408222216,0.0015041067448578,0.1078502295772267,0.112846129396152,0.0991474389594291,0.0012296629589646,-0.0104645788150302
diabetes130,rf_importance,rf,17,0.0787246150283393,0.0937797545826779,0.0825357130219024,0.003413858433685,0.0016003463938262,0.1091741650229326,0.1135983189757291,0.1004568575655954,0.0008698487522611,-0.0111191338893143
diabetes130,rf_importance,rf,18,0.0779227618458925,0.0934710493581565,0.0816859283315261,0.0034893252027188,0.0018646448022245,0.1080604861621662,0.1131576384753878,0.0998017567558547,0.0012863000551871,-0.0106287786755369
diabetes130,rf_importance,rf,19,0.0785426581272183,0.0935898530744384,0.0824006977741709,0.0034666153377315,0.0013196474972042,0.1084586155708787,0.1127745391316636,0.099667198341296,0.0011942311332082,-0.010539234417685
diabetes130,rf_importance,rf,20,0.0781021387164884,0.0936150086329522,0.081980464309181,0.0034003915717942,0.0015089082474415,0.1081490853665047,0.1135589656543036,0.0998608871502553,0.0013661252566122,-0.0108690813129953
diabetes130,rf_importance,rf,21,0.0783843616243718,0.0941058936812088,0.0824164885677184,0.0033726831039339,0.0014424538077733,0.1094191097813246,0.1137653102026904,0.1002245045153065,0.0011177313150861,-0.0106798994164164
diabetes130,rf_importance,rf,22,0.0780869034729471,0.0938437163824871,0.0821321209629086,0.003409831787175,0.0015083490660328,0.1097085361233728,0.1140895141373659,0.1005975158780769,0.0009085092143779,-0.0109589529627299
diabetes130,rf_importance,rf,23,0.0781189168168608,0.0938687433940671,0.0822240731712484,0.0034292793145215,0.001581749166118,0.1087729771321336,0.1139632071830459,0.1002323737863955,0.0013004631675989,-0.0108129433256428
diabetes130,rf_importance,rf,24,0.0785427995024608,0.0941601243495366,0.0824413008662176,0.0032715518927521,0.0012524265274895,0.1089753375305635,0.1136469247444168,0.1001505216599591,0.0011500192211418,-0.0109666269929885
diabetes130,rf_importance,rf,25,0.0797898063789151,0.0936048725911316,0.0830765093023916,0.0031907718492541,0.0013205381061913,0.108576293372745,0.1122353979484613,0.0991769173137881,0.0012227815319637,-0.0104093737055791
diabetes130,rf_importance,rf,26,0.0780025849814801,0.0936536567532124,0.0822990378276545,0.0034309835287919,0.0014835572889562,0.1082562880893086,0.1120646384981644,0.0994774280655943,0.0012835511828669,-0.0105369990019371
diabetes130,rf_importance,rf,27,0.0783173838383629,0.0938334902123071,0.0821342527489606,0.0032098524439929,0.0013644839910619,0.1080409281720234,0.1128515734113314,0.0993802503443085,0.0012198121246253,-0.010785596492252
diabetes130,rf_importance,rf,28,0.0778625366977692,0.0942600140385685,0.0819304373807936,0.0033582039770487,0.0015508473389964,0.1080273366139604,0.1129212891769229,0.0994699527987591,0.0012497897868324,-0.0105841421154307
diabetes130,rf_importance,rf,29,0.0789494884830814,0.093893092244624,0.0822784575960373,0.0033475949553422,0.001565502550454,0.1073689526984507,0.1119045396918431,0.099295365650841,0.0010967854810773,-0.0107985930080631
diabetes130,l1_logistic,logistic,0,0.0739899305184325,0.0905788736190278,0.0778332692193793,0.0039557975177101,0.0046276977679134,0.0750953179454123,0.0905838854255861,0.078714808632861,0.003852402045238,0.0046122577676416
diabetes130,l1_logistic,logistic,1,0.073857792605162,0.090563381589182,0.0777485889101874,0.0039790185210525,0.0046005975535345,0.0761022824484227,0.0905659566104799,0.0793681048350814,0.0038007994960692,0.0045913543796125
diabetes130,l1_logistic,logistic,2,0.0739301944030479,0.0905362688610189,0.0776605000880139,0.0039482065004441,0.0046245083637396,0.0752252552918774,0.0905398560284331,0.0785763951916659,0.0038344921410135,0.0045913296872633
diabetes130,l1_logistic,logistic,3,0.0738285434156441,0.090601124072354,0.0776739067421902,0.003993141130722,0.0046524465233123,0.0761447108639627,0.0906063404526509,0.0792505673180129,0.0037320917130917,0.0045770568068182
diabetes130,l1_logistic,logistic,4,0.0737656068347025,0.0906758329306811,0.0778055287358896,0.0039658335026564,0.0046428225922113,0.075084307943265,0.0906792540948482,0.0787406745180308,0.0037942945707188,0.0045673402276154
diabetes130,l1_logistic,logistic,5,0.0739161388644209,0.0905835183363825,0.0778244584669735,0.0040145651616652,0.0046313855272308,0.0751219559646494,0.0905869798085922,0.078715530519798,0.0037785043415801,0.0045606994291649
diabetes130,l1_logistic,logistic,6,0.0737026919299939,0.090511438773873,0.0777275320581767,0.0039878186748985,0.0045769971106656,0.07569548592103,0.0905150182933977,0.079175012318733,0.0038329090483702,0.004530123689461
diabetes130,l1_logistic,logistic,7,0.0737543810255114,0.0903806352307097,0.077625895482444,0.0039698192453843,0.0046194426360242,0.0759663842869979,0.0903826027527506,0.078885300943833,0.0038603156399992,0.0045808213918526
diabetes130,l1_logistic,logistic,8,0.0738515987802625,0.0906949301770514,0.0778270717743654,0.0039959439452221,0.0046631681925829,0.0757547118391237,0.0906960802434548,0.0791150876270812,0.0038698642354308,0.0045830999126233
diabetes130,l1_logistic,logistic,9,0.0737278924481335,0.0906696670824175,0.0777263042718787,0.0040009853382942,0.0046087722468293,0.0750881722628154,0.0906737142675635,0.0787211661869577,0.0038462633225519,0.0046463889285052
diabetes130,l1_logistic,logistic,10,0.0738411125303725,0.0904531475426565,0.0776914758643923,0.0039569726801701,0.0046696513354585,0.0751517381912122,0.0904572380660614,0.078546568437253,0.0037836913197886,0.0046279291739833
diabetes130,l1_logistic,logistic,11,0.0737844177941981,0.090381979481862,0.0776287515281895,0.0039707395702709,0.0046140096773614,0.0751391231323078,0.0903844439878253,0.0785740095901766,0.003829209170908,0.0045390887867518
diabetes130,l1_logistic,logistic,12,0.0738260392536447,0.0904468814407697,0.0776607690747368,0.0040182467487006,0.0046064967332458,0.0750527828922154,0.0904515444021343,0.078580820722169,0.0037749945356646,0.0045694420553255
diabetes130,l1_logistic,logistic,13,0.0737972042164089,0.090640800364194,0.0776911567014819,0.0040448769679096,0.0046972228445528,0.0750826846448358,0.0906442739275439,0.0786540587689945,0.0037864040834961,0.0046457496019702
diabetes130,l1_logistic,logistic,14,0.0737911194931829,0.0905866929856007,0.0777951252590819,0.0040090282421935,0.0046440786883489,0.0761664771737495,0.0905903286642006,0.0792272232076641,0.0037723013031552,0.0045592055924675
diabetes130,l1_logistic,logistic,15,0.0739015878558233,0.090534538040769,0.0778211879201413,0.0040205973908056,0.0046311297846857,0.0751192363680478,0.0905401794099824,0.0786841950766693,0.0037823363392765,0.0045773036708199
diabetes130,l1_logistic,logistic,16,0.073882907572071,0.090437471478608,0.0778144076126702,0.0039852236031006,0.0045945007643187,0.0751747250352287,0.0904420894928758,0.078677105311628,0.0038098648768161,0.0045716858518059
diabetes130,l1_logistic,logistic,17,0.0737006743816543,0.0905965015669535,0.0777910910430744,0.0039998607470933,0.0045898940634597,0.0759219309829252,0.090597559251438,0.079363821600015,0.0037550522566686,0.0045245235446459
diabetes130,l1_logistic,logistic,18,0.073783867557169,0.0905119466367494,0.0777291455689874,0.0039880953292629,0.0046059370737399,0.0750790887613732,0.0905144350132131,0.0787069426940761,0.0037997886762864,0.0045923642826165
diabetes130,l1_logistic,logistic,19,0.0737535558526864,0.0905534918205301,0.0776759613892502,0.0039308549202379,0.0046697486990608,0.0750903222978084,0.0905564418900841,0.0786391032002307,0.0038422349764664,0.0046703731292522
diabetes130,l1_logistic,logistic,20,0.0736842358018554,0.0904785050691742,0.0777068878381434,0.0040074051675237,0.0046702780746941,0.0751198491217319,0.0904805643957977,0.0787774760787366,0.0038023885882061,0.0045933160528594
diabetes130,l1_logistic,logistic,21,0.0737771338071058,0.0904413286711837,0.0776813920552077,0.0039216326998302,0.0045989002396733,0.0751202512024397,0.0904398604202085,0.078591488455588,0.0037849362949882,0.004549267809588
diabetes130,l1_logistic,logistic,22,0.0737648768109104,0.0905853213619851,0.0777331120131075,0.0040017500182706,0.0046137138050285,0.0759265732418966,0.0905898051829593,0.0793841828049791,0.0038080084641789,0.0044865636130102
diabetes130,l1_logistic,logistic,23,0.073991074969985,0.0904577933657318,0.0777061976888456,0.0039884460464121,0.0046031950638869,0.0752829508581679,0.0904604602636132,0.0786565985131709,0.0038627445736511,0.0045942768744928
diabetes130,l1_logistic,logistic,24,0.073781937208498,0.0905814426367042,0.0777730538774408,0.0039849886010401,0.004689318224846,0.0759156739714438,0.0905853399552358,0.0790205354316784,0.0038305378762658,0.0046623907203724
diabetes130,l1_logistic,logistic,25,0.0739427383048146,0.0905337788382185,0.0777783436905717,0.0040464794749725,0.0046806197750121,0.0751382403355027,0.0905368511261176,0.0786345430540107,0.0038267819743357,0.0046213052162375
diabetes130,l1_logistic,logistic,26,0.0738186088053104,0.0905029648584715,0.0776982151008992,0.0040093775911514,0.0046223692977353,0.0757079865051157,0.0905060240317977,0.0789934380664889,0.0038703161972792,0.0045413605939423
diabetes130,l1_logistic,logistic,27,0.0737662553981523,0.0907074736082374,0.0777826028917814,0.0040183264853809,0.0046610932693873,0.0751109178854767,0.0907130413118504,0.0787089837009083,0.0037745591709553,0.0046339810098517
diabetes130,l1_logistic,logistic,28,0.0738392707336523,0.090468853315768,0.0777595275103535,0.0039005522833315,0.0046391322082661,0.0752132074036639,0.0904704023622988,0.0786134624617837,0.0037946188791093,0.0045724720943232
diabetes130,l1_logistic,logistic,29,0.0736724886801064,0.0904829115272488,0.0777043351241205,0.0040194698279382,0.0046449373574164,0.075099475015076,0.0904868924716861,0.078679347924932,0.003791374306279,0.0045921557007358
diabetes130,l1_logistic,rf,0,0.0784638045548324,0.0938373970290326,0.0823505965387827,0.003539766425525,0.0013539204218562,0.0728711646161443,0.0908955328684408,0.0758646237302889,0.0037951877426626,0.004603633862427
diabetes130,l1_logistic,rf,1,0.0790610769234922,0.0938821143485,0.0828037984766572,0.0035501795541087,0.0014082998360558,0.0730178076130042,0.0910259060475352,0.0760022652990881,0.0037223898951788,0.0045032856939309
diabetes130,l1_logistic,rf,2,0.0789497664992122,0.0937156371186234,0.0828515049502417,0.0034245164149185,0.0013630304010697,0.0726829503430895,0.0910078862029148,0.0753941900426561,0.0036365311618526,0.0045100317604015
diabetes130,l1_logistic,rf,3,0.0776796907143019,0.0940450051029393,0.081862007380438,0.0034630809085773,0.001798622063975,0.0733821701474931,0.0909772912088607,0.075728611160882,0.0036249008718033,0.0045277563338542
diabetes130,l1_logistic,rf,4,0.0789160052857445,0.0937509719180073,0.0828384835584123,0.003261564768959,0.0011591618240771,0.0721996473346758,0.0908326108422783,0.0753302453693997,0.0035325836825422,0.004479820141159
diabetes130,l1_logistic,rf,5,0.0781310244382079,0.0937790607849609,0.0823796647600861,0.0032912234507424,0.0015110219005126,0.072680719636192,0.0907543139063991,0.0753063523722321,0.0036620260687508,0.0045917983391316
diabetes130,l1_logistic,rf,6,0.0787722941506404,0.0942025036820202,0.0825282921792828,0.0034012287729567,0.0016524004540561,0.0726189561914494,0.0908355181033166,0.0753688150705296,0.0036018450055769,0.0046380206126046
diabetes130,l1_logistic,rf,7,0.079477872369026,0.0936992584926274,0.0828853588140611,0.0034008918795186,0.0013559649302733,0.0728679563832731,0.0908707633973835,0.0756806964894385,0.0036078737615609,0.0045258932007388
diabetes130,l1_logistic,rf,8,0.0780565717828381,0.0938557435156061,0.0817602597689562,0.0033529864773524,0.001774950480305,0.0731113710068426,0.090982364998125,0.0755482001710459,0.0037282584929543,0.0044889879704229
diabetes130,l1_logistic,rf,9,0.0793152117347479,0.0939923194489749,0.0826231455441599,0.0032717037865621,0.0014434313727506,0.0722128157927188,0.0908453779222616,0.0753525370279976,0.0037441632065506,0.0044632698948974
diabetes130,l1_logistic,rf,10,0.0792929154029236,0.0940263063068641,0.0830041079312545,0.0032566532539121,0.0014574107138154,0.0725281325898695,0.0909275253079939,0.07549429988187,0.0036176312704322,0.0043575922497315
diabetes130,l1_logistic,rf,11,0.0783026801273574,0.0937643738891056,0.0823530849162867,0.0033549442038934,0.0013279224276877,0.0725948512576835,0.0907396748858167,0.0754591611163876,0.0037206431914509,0.004618507997463
diabetes130,l1_logistic,rf,12,0.0785673756537613,0.0938518873993104,0.0824987238733539,0.0033331622674893,0.0016017958605592,0.0717475031968545,0.0910310662468678,0.0751745523098902,0.0036942375938893,0.0046118559291546
diabetes130,l1_logistic,rf,13,0.0779630980038722,0.0944149731865949,0.0822237192351179,0.0033249498089715,0.001403634871905,0.0724357194111794,0.0911975654244376,0.0756303734937751,0.0037491241202068,0.0045697184638438
diabetes130,l1_logistic,rf,14,0.0790603895482643,0.0936258131715485,0.0827061442588584,0.0032195727637767,0.0015113121777934,0.0720210135681186,0.0907479390032727,0.0753064019432209,0.0036534519383953,0.0045789512476027
diabetes130,l1_logistic,rf,15,0.0775671075316255,0.0937360044680523,0.0817782014368051,0.0034938966558103,0.001608132218287,0.0723671250519017,0.090979653794607,0.0754705131018333,0.0037149047257227,0.0044222129766705
diabetes130,l1_logistic,rf,16,0.0780730981210159,0.093218804823574,0.0818822237925235,0.0031845809605764,0.0015599913925526,0.0727338778600546,0.0908807721049178,0.0755959307194368,0.0036641761639021,0.004429238877501
diabetes130,l1_logistic,rf,17,0.0787108441536096,0.0937497932566615,0.0825030752211758,0.0032422486078781,0.0016553841137501,0.071979593002128,0.0907561630836616,0.0753339721850189,0.0036575114677848,0.0045822093091112
diabetes130,l1_logistic,rf,18,0.0782008555703313,0.0939801259799722,0.0820532517242816,0.0033668467779862,0.0014444363744796,0.0717060862785515,0.0909090037379512,0.0755960235376912,0.0037371539110605,0.0045204162204406
diabetes130,l1_logistic,rf,19,0.0781144087203552,0.0940817886267722,0.0820919298023541,0.0034236091290011,0.0014611475273713,0.0728788223008388,0.0909076849083362,0.0754759089535946,0.0036660103859012,0.0044085877286634
diabetes130,l1_logistic,rf,20,0.0776387467019994,0.0937541707359637,0.08194953475846,0.0033768073850103,0.0014571248382197,0.0726514532950822,0.0909068306394719,0.075393287502595,0.0036792680917037,0.0044488951383206
diabetes130,l1_logistic,rf,21,0.0784899588248197,0.093885509713231,0.0823790518751493,0.0034028075840789,0.0013088675660068,0.0723310997809005,0.0907068623858265,0.0756670596381006,0.0035882427765639,0.0043988915698076
diabetes130,l1_logistic,rf,22,0.0788803895394697,0.0936953035367956,0.0824324912993603,0.0031802269948407,0.0013930871801948,0.0725483283067986,0.0908352841256816,0.0757484773648486,0.00371393573291,0.0046090524447831
diabetes130,l1_logistic,rf,23,0.0781372869975645,0.0938016534908529,0.0821627346273362,0.0033538691688355,0.0013420457654596,0.0725717666972405,0.0910902943415349,0.0755689001706008,0.0036889218454173,0.0044934152932843
diabetes130,l1_logistic,rf,24,0.0787248855567597,0.0939894323410956,0.0823987432424081,0.0031709124699916,0.0014333605402589,0.0726581456000006,0.0908611493909817,0.0757864906668072,0.0036443115168441,0.0045716332923005
diabetes130,l1_logistic,rf,25,0.0787513840370327,0.0935031440326208,0.0823033968961793,0.0032553226352745,0.001541889541232,0.0721018092718856,0.090669732140414,0.0752771774445538,0.0037475386375608,0.0045456173591149
diabetes130,l1_logistic,rf,26,0.0782023936335854,0.0937974023002417,0.0823698996398978,0.003556340677808,0.001375169152969,0.0725843432993164,0.0909171272524686,0.0754709707544324,0.0037037767302653,0.0045314006615929
diabetes130,l1_logistic,rf,27,0.0796295398760006,0.0938409769569299,0.0830488374515871,0.0033801598635861,0.0013209604552532,0.0726789939772704,0.0908326556237712,0.0754702014074662,0.0036008450771129,0.0045267475341969
diabetes130,l1_logistic,rf,28,0.0781310475172169,0.0937273827593037,0.0819956048096578,0.0031717781939816,0.0014928390310383,0.0726135362771402,0.0909884455759025,0.07558923346016,0.0037748331824827,0.0045541352046044
diabetes130,l1_logistic,rf,29,0.0780133905178468,0.0939313017714263,0.0822868532613935,0.0034017972604659,0.0015865191610609,0.0722010487831384,0.0909671607538334,0.0754880353006198,0.0036712401953413,0.0043677222175693
