dataset,method,classifier,rep,aurc_A_full,aurc_B_full,aurc_C_full,selnb_A_full,selnb_C_full,aurc_A_aggr,aurc_B_aggr,aurc_C_aggr,selnb_A_aggr,selnb_C_aggr
cleveland,mutual_info,logistic,0,0.08608947598323635,0.10981606840139779,0.08302290540048218,0.3991581631465102,0.37787561570277733,0.13905943601396478,0.13523543000038096,0.11043103064652876,0.34310705070709296,0.3184145223726223
cleveland,mutual_info,logistic,1,0.07716640370091436,0.11398887454983854,0.08715169352405634,0.39536573592275914,0.34958495362769104,0.10815714330365556,0.14101159295990592,0.10310266413304829,0.3459220594283778,0.3231403252002779
cleveland,mutual_info,logistic,2,0.07385398760741643,0.10923256477490119,0.08119287552394222,0.3940693359877865,0.3630589317965408,0.11907109091903006,0.1475457882773742,0.11168072278554302,0.33336757001789746,0.32388301395817964
cleveland,mutual_info,logistic,3,0.07696864403691342,0.12113651613275084,0.08873706463131195,0.3843488786859516,0.3571471296573588,0.13242409703970992,0.12935712793035584,0.10342556865276956,0.35517527210155764,0.315167133167597
cleveland,mutual_info,logistic,4,0.06945687530286825,0.11070065443141167,0.07806414305723791,0.37871089318511597,0.3774491962014269,0.12580885861376898,0.13758852549601447,0.10463489386105877,0.34297327405492967,0.31649159354595735
cleveland,mutual_info,logistic,5,0.07461958289745695,0.1086169930969934,0.07952023428015584,0.38719020643695423,0.3745307227887628,0.13233712853051627,0.13402846775229546,0.12101075084320147,0.3483705146726089,0.3287218382800572
cleveland,mutual_info,logistic,6,0.07880502891071994,0.11939650854170564,0.08701020355458197,0.38999749894715124,0.3797378495693392,0.13692823242007118,0.13172432150224928,0.11511420362235196,0.3392576142859188,0.3248506218227658
cleveland,mutual_info,logistic,7,0.07772612452960789,0.11576224460731202,0.08264601388263766,0.3885310267402949,0.3863160791323575,0.09901285053525788,0.12299972922812083,0.09006619009858424,0.3627470391686372,0.332084510066475
cleveland,mutual_info,logistic,8,0.08547398965383107,0.1195002298197593,0.08815712808927093,0.3938390541529491,0.35758815135722527,0.15065941797079513,0.13440708120154876,0.11230964169384354,0.34826437358689144,0.28213604022890787
cleveland,mutual_info,logistic,9,0.07817405252058102,0.11869443728248437,0.08604763655743089,0.3938464950013573,0.3662195749020077,0.13777069748326548,0.12142197480511421,0.11071544078600531,0.32418132410397577,0.3116566882075884
cleveland,mutual_info,logistic,10,0.0811085701225739,0.11333954429115504,0.0837030835090517,0.36857877196852545,0.3673841893812724,0.1387630664250085,0.12732925990252614,0.11072231787684589,0.3476473478046018,0.30783277703049156
cleveland,mutual_info,logistic,11,0.08630593646975494,0.11551764746123826,0.08559070278476548,0.39767879349719243,0.37743637024573573,0.15277966464902878,0.1415453448493795,0.11491160741907919,0.3326532344813537,0.3104756530690129
cleveland,mutual_info,logistic,12,0.0802815280603953,0.10731697803588672,0.08468545278531578,0.3852504592809127,0.3728745058614738,0.1440484200844442,0.12275247955856311,0.10821482711845073,0.3547337871956927,0.3135881112438144
cleveland,mutual_info,logistic,13,0.07571637634170197,0.11308290916834642,0.08252552871623825,0.3803133618875633,0.36660864137223875,0.1263070885640344,0.14238805715726757,0.10517843981611116,0.33244375984818725,0.3309709369851927
cleveland,mutual_info,logistic,14,0.0778722954441106,0.1090821088486553,0.0842220954345625,0.3844697316853828,0.37149289380046524,0.14167189589741533,0.13281146491750315,0.11451386477425396,0.3456331410005533,0.3001128783982406
cleveland,mutual_info,logistic,15,0.08316753678577885,0.1151378881145408,0.08439716378376887,0.37000670076114,0.36855925771236486,0.11892215176259258,0.12679149048871943,0.09459273925007819,0.33089206431819196,0.3061705835375448
cleveland,mutual_info,logistic,16,0.07444863585872212,0.10431332408712464,0.0823288393551121,0.39212255644177824,0.38782407015934384,0.11033555484801796,0.12927311104579975,0.09630180483550017,0.3375328994529921,0.31623498390282884
cleveland,mutual_info,logistic,17,0.0874339991105537,0.11738399243210862,0.08708853918771288,0.3886583567274297,0.37337281529835703,0.1450664357644564,0.13892126030666802,0.11326283515293786,0.33397057754114357,0.32322703961478594
cleveland,mutual_info,logistic,18,0.0723593159975163,0.11607689473757171,0.08061940086456024,0.39368601303090517,0.3945556947358344,0.130674097463522,0.1250319875289658,0.10462797676178379,0.36618967909824063,0.3175158916241325
cleveland,mutual_info,logistic,19,0.0985681081159463,0.11927195587439968,0.09059716241421478,0.3819709552066845,0.35616855396041003,0.1312018155517497,0.1224302861614425,0.09948320241620641,0.3299224347983587,0.322748567635405
cleveland,mutual_info,logistic,20,0.07206393583434914,0.1101172688714313,0.07806370825151232,0.39203855536449495,0.3861066025903365,0.13189418076838805,0.13393294443209672,0.1059897406383051,0.3561630561034042,0.32018487741256824
cleveland,mutual_info,logistic,21,0.07658610715142261,0.11004606745632814,0.08786007151839136,0.3854165086815237,0.3647156371725285,0.08814717547910719,0.1182882431810133,0.08796036007221698,0.33788432258560763,0.34826892949075183
cleveland,mutual_info,logistic,22,0.07889272835269535,0.11452658206011382,0.08241231267831187,0.38893871519040024,0.36328920558479777,0.12222041070780215,0.11978046723244111,0.09345576721291862,0.3745314268987017,0.31490585889574185
cleveland,mutual_info,logistic,23,0.08022810066148389,0.11953493062454576,0.08400438190528717,0.38858925753817786,0.38094778725826245,0.1287571356910927,0.14359186900192844,0.10382982197139234,0.3407167211438134,0.31656303512861494
cleveland,mutual_info,logistic,24,0.07909853613652831,0.11422603537858779,0.08450970252178977,0.388326510916928,0.36894731093788763,0.13306142769860313,0.13271874324179583,0.10782784158882167,0.3404914014301184,0.2969262215016008
cleveland,mutual_info,logistic,25,0.07331017075681098,0.1178740558430846,0.07933664079132363,0.39127631857745343,0.3845493549038177,0.12749419153149846,0.1403636834976709,0.10945770623173331,0.3470374393992886,0.3285264461901784
cleveland,mutual_info,logistic,26,0.08093776094842109,0.11339409180350529,0.08646731134533132,0.3868575448652837,0.3669580178290751,0.12492161617813147,0.13278869893177983,0.11456133658481435,0.3235253071948182,0.3113162221896703
cleveland,mutual_info,logistic,27,0.07930033395934721,0.11366844646074419,0.08208037606883532,0.39475004045950673,0.38272043539875783,0.12894724543412478,0.13560319572200302,0.10765456768779741,0.3419535129749757,0.3215481229825833
cleveland,mutual_info,logistic,28,0.07955396841113903,0.11656802159436151,0.08413032476148326,0.37193277110860995,0.3605342245352296,0.10576253206769964,0.13460918757798246,0.1043922286679985,0.3579500351365223,0.3411480810473441
cleveland,mutual_info,logistic,29,0.07701489128583842,0.11683874881380182,0.08028274261450313,0.3705241265491365,0.37262237899212425,0.13745057918794215,0.12732120463825072,0.10627604078458161,0.3377710250557227,0.31585304981501683
cleveland,mutual_info,rf,0,0.07156194926317101,0.125618757721896,0.08618264020889921,0.3750106441567878,0.3685297804421731,0.11255884019492463,0.11698875490214666,0.09661709726753524,0.37087746112984,0.3441736978996996
cleveland,mutual_info,rf,1,0.07290760058061108,0.12076990197318753,0.08760024634583805,0.3780774095400667,0.36317722099123156,0.13910227072857867,0.12096963148738402,0.10717926493814826,0.35926155587390635,0.33192823331089516
cleveland,mutual_info,rf,2,0.08075269486152108,0.13016943271783946,0.0993841604525624,0.3823016184425318,0.37183042385353093,0.11469793235724261,0.11598244751598531,0.10536920097780111,0.38045720343885925,0.3443048298048174
cleveland,mutual_info,rf,3,0.08104015258292602,0.1213367072315962,0.09136912438150548,0.3908535724691531,0.37836535047558273,0.18962481472548648,0.1736227788078272,0.1648056887768312,0.32538238043290535,0.2881467018298549
cleveland,mutual_info,rf,4,0.06929801471572762,0.1128867876017545,0.08107057330147535,0.39184547319332586,0.38593492907674676,0.1402777805575346,0.12791115792039434,0.12260862677417937,0.33700705947069853,0.30735572269872
cleveland,mutual_info,rf,5,0.07745177763396349,0.12617971115207477,0.09220803619477502,0.3777489975887039,0.3639307275813504,0.15890310170299454,0.16063850983511774,0.1451337944443423,0.34626111143215665,0.31000509958919736
cleveland,mutual_info,rf,6,0.0759847948511658,0.12812586160334793,0.0925102495437602,0.3610183071877398,0.3604091698092733,0.14136076816892376,0.1428176335339431,0.11765124625537077,0.34430119842695495,0.31073036701565826
cleveland,mutual_info,rf,7,0.08706694293903537,0.13534689802091368,0.10165236416593872,0.387799798431341,0.35550135451850984,0.16929611540740613,0.16476271754408728,0.1547469143453275,0.3373043358287246,0.2879322688344055
cleveland,mutual_info,rf,8,0.07820567250724855,0.1287515160439479,0.0923102627776198,0.3514711884829716,0.36039460532983353,0.13130629569069835,0.12502720483835547,0.10887105663745453,0.33904423667700323,0.3155633275962442
cleveland,mutual_info,rf,9,0.0801046503547942,0.11659537089568664,0.091874524573667,0.3731310940581194,0.35290586813053176,0.1401825704132808,0.15537419450684653,0.129999141695939,0.34188305014559944,0.29445994657914676
cleveland,mutual_info,rf,10,0.08227143563420103,0.12420445055750262,0.09283987044457018,0.36048541460473865,0.3497280652594661,0.15340784752234832,0.1301062963680034,0.12132998540188732,0.352358009938642,0.32469550118259194
cleveland,mutual_info,rf,11,0.07293011848414249,0.1291276990857808,0.08988525257944777,0.36605693959446706,0.376181789274545,0.1297991021153196,0.14211848751799394,0.11808619803478193,0.3187324803467506,0.3050614674639758
cleveland,mutual_info,rf,12,0.08180135915822186,0.1225265565986915,0.0970129857851279,0.36313785460899534,0.371751175309833,0.1609367279757764,0.13642524023462282,0.13215503940926077,0.35781530183921645,0.33433766895704986
cleveland,mutual_info,rf,13,0.07811698638899538,0.11937060172635741,0.09015510540054142,0.3641598266594927,0.36243921812000296,0.1360434592313363,0.11349068477255742,0.1160855551846633,0.3662464594488861,0.3158562389961869
cleveland,mutual_info,rf,14,0.09271769321472922,0.1295045081985141,0.09835949730108244,0.36801501438229256,0.3736559194879281,0.1624076045728196,0.14874281877229364,0.13790031429839328,0.31247655471691,0.28625956718024087
cleveland,mutual_info,rf,15,0.07499551318548808,0.11468825551100922,0.08642517051238167,0.39082167817713237,0.3844560380917145,0.10699935062118587,0.10238850578286622,0.08904685978478519,0.38030510961016134,0.3397279028455221
cleveland,mutual_info,rf,16,0.0715356274877361,0.12026712217116771,0.08398016317391283,0.35801770779026787,0.3829346431725886,0.14028676351679503,0.13677274370062092,0.13305695804213963,0.32228147234990506,0.29541148415289314
cleveland,mutual_info,rf,17,0.07482352631545484,0.13329264395434504,0.09708790867348631,0.37676854642427793,0.36639898009457506,0.10947922777345906,0.11019071423762025,0.10444589920252265,0.39684281312775466,0.3436169532430207
cleveland,mutual_info,rf,18,0.07305309520207834,0.11263494600679275,0.08067753448022913,0.3834412229110176,0.37185228974700096,0.12135090681583194,0.1390090518348002,0.1088066055900564,0.3549148252865248,0.31196897377745625
cleveland,mutual_info,rf,19,0.07486152049098937,0.11328450275921689,0.08553643005237355,0.3693504765786684,0.35693775053497995,0.14203815042073412,0.14964356807611556,0.13301868116171123,0.35116269815739526,0.30616133509557913
cleveland,mutual_info,rf,20,0.08647716585217492,0.12451527171465386,0.09460774702248181,0.38070216583493,0.36779593043172715,0.1480495205502994,0.15902198322928812,0.12816791788519707,0.31155321453793267,0.27307396282482954
cleveland,mutual_info,rf,21,0.10848897081914348,0.12163779964248013,0.10081816187000364,0.35912837451583285,0.34188734383744324,0.17096426822722116,0.13895797050653233,0.13369036110548588,0.32220594029260097,0.29983738616194294
cleveland,mutual_info,rf,22,0.0801591712155098,0.12859829961966107,0.08950037423270778,0.38548636469955927,0.3448016456365042,0.15954949301102772,0.14798124442455318,0.14833708947950464,0.3651574761402206,0.3167977191885841
cleveland,mutual_info,rf,23,0.07794430755100946,0.1230822704713873,0.08882212083121828,0.3763792173092439,0.37943261515542204,0.13857761491205328,0.18127323680920926,0.144267786496751,0.3262152747296075,0.2995716856592384
cleveland,mutual_info,rf,24,0.08309896269993054,0.1232773734115995,0.09584732491392578,0.3850946422263789,0.35827359990475083,0.13111820209218922,0.1349917538596983,0.12910993617647548,0.36646030123102946,0.3157033666288182
cleveland,mutual_info,rf,25,0.07599351863069906,0.12106490085661753,0.08654579698039745,0.3830908064781835,0.38511024967894825,0.13319779684286429,0.12179303427860626,0.09984296299453624,0.35319122550140947,0.3241744942012598
cleveland,mutual_info,rf,26,0.07160850100548115,0.11684384845067336,0.08546842592954404,0.3896654270908625,0.37304427790409594,0.12219301430299905,0.13916821692089615,0.11980666618464442,0.3446462884831201,0.32010718834564156
cleveland,mutual_info,rf,27,0.08499408318520377,0.11192804335478687,0.09225760331603816,0.3553081075820441,0.3590348992487067,0.15310415366280178,0.15975842890899491,0.14791505419489429,0.34675150305620583,0.29665928462677726
cleveland,mutual_info,rf,28,0.07915633784140622,0.12352343499731785,0.09249796249304817,0.3637722681639881,0.36051834006456795,0.11317132300171082,0.12099875977066661,0.10754751909467337,0.37627699030674744,0.3442146526703185
cleveland,mutual_info,rf,29,0.0867215934374505,0.12777328370226354,0.09950008165738135,0.3760238580800312,0.3702576332010409,0.20869774687841341,0.1594309085600875,0.16231715037633274,0.3363228642661589,0.28270016155439465
cleveland,rf_importance,logistic,0,0.08161867161446557,0.11705532473081731,0.08444483228380345,0.39134572155821534,0.37298719698709154,0.14518974736356596,0.15424065558917083,0.1313847873228054,0.3271541404646424,0.29319708674746253
cleveland,rf_importance,logistic,1,0.07313838699098853,0.10636298015983117,0.08540901322970858,0.3992621992987527,0.37611411950558793,0.12032637369658049,0.1510688227872154,0.11752036192594832,0.3542520307176902,0.3157655340485418
cleveland,rf_importance,logistic,2,0.07558780276947857,0.11683497381943639,0.08106507495096059,0.3938010161587863,0.37641917992595997,0.12540863798041418,0.16261814447529369,0.11512088483036204,0.36179219890728365,0.3469624520934919
cleveland,rf_importance,logistic,3,0.07688294193380475,0.11449766008693434,0.08147420270158998,0.3856100858656985,0.3766426897290673,0.1474904922911296,0.13574491750570353,0.11500215872584038,0.35417908490115596,0.30721933101950094
cleveland,rf_importance,logistic,4,0.07017338096107346,0.11627303972874227,0.07802847470488665,0.39500011312583255,0.3692934242054899,0.09863716913875828,0.1305092196008459,0.09844741320395811,0.3724288971779125,0.31732210027033475
cleveland,rf_importance,logistic,5,0.07826038809543631,0.10298875923181705,0.08267624834605503,0.3843884818605478,0.3504864093292584,0.16301748506247227,0.1327692206512029,0.1323630037180193,0.3371048914860827,0.29913793841805775
cleveland,rf_importance,logistic,6,0.0829062226395363,0.1125382484447103,0.08904351646276637,0.36537584879203544,0.3728987871067533,0.16397982159436184,0.16835701268853207,0.13461342244572244,0.3296387029807749,0.30247734518079245
cleveland,rf_importance,logistic,7,0.07849882208039628,0.11478530506931657,0.08657390712886343,0.38118603669713014,0.37681498184414275,0.1382371617060959,0.1302748744245423,0.10458621192347589,0.3516104940511113,0.32912775984710385
cleveland,rf_importance,logistic,8,0.07806746308719618,0.12001584478040564,0.08669050768865404,0.38470720704978323,0.3728291219792233,0.13644593284122714,0.15308056315190777,0.11555014500107491,0.3195672588862521,0.3238136656515199
cleveland,rf_importance,logistic,9,0.07625958455211658,0.11076506564728973,0.08406046394698255,0.38945465418171576,0.35805932365192855,0.14274144238161554,0.14726474216156052,0.12074040950813374,0.35719372139648903,0.3031288068088817
cleveland,rf_importance,logistic,10,0.08347825703584677,0.12052662066388398,0.0899755586304639,0.376017351216555,0.34945759200298976,0.1676273191074445,0.16509828696027767,0.13248658212019712,0.32071791474807054,0.2946424604358544
cleveland,rf_importance,logistic,11,0.07352395175643671,0.11260933723878014,0.07730208460730817,0.3793089503001463,0.37652771024256915,0.12796196128286963,0.14583833541072225,0.11214871021999517,0.3606827205146333,0.32850999063680897
cleveland,rf_importance,logistic,12,0.08484300817628905,0.11606041897521754,0.08293117872989791,0.3864516844584191,0.3653616629353022,0.1475560351081226,0.14162151163937753,0.11987073193100672,0.33876065733374583,0.3074818844963383
cleveland,rf_importance,logistic,13,0.08568197050225285,0.11667715584616592,0.09176420740851213,0.37592847806643354,0.3593423249050472,0.15296003425944749,0.13257992546225716,0.1229029091621829,0.35572917803943666,0.3122656107942991
cleveland,rf_importance,logistic,14,0.07808338258914689,0.11255522629736925,0.0820588613810567,0.3885240782022548,0.36152571405377004,0.14851089945877063,0.16363357112035248,0.1259306447152136,0.3199498072662048,0.2978350672849426
cleveland,rf_importance,logistic,15,0.07764800572962716,0.11730503105203212,0.08767914114677924,0.39053141138165004,0.36997611541760955,0.13203199526731152,0.13427337453035437,0.12150626970036446,0.3375414581560541,0.3007284550170379
cleveland,rf_importance,logistic,16,0.08942494820764205,0.11402659844043085,0.08580525348183161,0.40800169109215895,0.37085237814232197,0.1413629729777902,0.13069948207484425,0.1142597786105071,0.3537799855495478,0.34039139691289655
cleveland,rf_importance,logistic,17,0.07253998305815729,0.10550571695556175,0.08018495175026613,0.38444189922763455,0.37294854125338617,0.14197719196399972,0.16138054521155556,0.11991324585743307,0.32813034665288887,0.3043377331307666
cleveland,rf_importance,logistic,18,0.09264861195651347,0.11257272452119607,0.08463601385931067,0.3852733850195463,0.3698818661632015,0.13464039847430348,0.14066477043422795,0.11636701357176166,0.3495920048411935,0.33314246591591895
cleveland,rf_importance,logistic,19,0.07410504158557399,0.11125299759211091,0.07720893959626093,0.3894634424896177,0.3800131689756649,0.16043675048410955,0.15195640452328033,0.12891686944850747,0.3222799340938993,0.28924305034506614
cleveland,rf_importance,logistic,20,0.06900345374678477,0.11062327953009297,0.0800519262691806,0.3874986717726333,0.3703566975765816,0.12728060222043944,0.12721555904169402,0.0989274191184829,0.3591482816619629,0.32731226463984264
cleveland,rf_importance,logistic,21,0.0748677499184513,0.10656309250918843,0.07599278334168047,0.4003758042357773,0.38554546114771077,0.1445898328587889,0.15675945262388435,0.12260003630928212,0.3420560075472788,0.31874940569490096
cleveland,rf_importance,logistic,22,0.07761355601831685,0.10864968417227402,0.07670097882784474,0.39345182730277645,0.38227743815105625,0.149339261517324,0.13608704968674123,0.11022383438178612,0.3509091799266755,0.31384212651807203
cleveland,rf_importance,logistic,23,0.07685032906042506,0.119726512539489,0.08481127469579264,0.38796245540551827,0.35088778472926857,0.1368567603477457,0.15707775269848637,0.1231776070773455,0.3468771195914023,0.3330393619023613
cleveland,rf_importance,logistic,24,0.08003235799716518,0.12330906380675181,0.08769292887384819,0.38451371900132175,0.3629019719153642,0.18265594342297198,0.16592877480646284,0.14326256782529792,0.3452575859341503,0.3091343296195785
cleveland,rf_importance,logistic,25,0.06979224159274343,0.11874869241542046,0.07891923854710489,0.39122013708120196,0.37251254874333006,0.12412108713141434,0.15207153754246702,0.10809562374673118,0.32563299961398706,0.31134005303944745
cleveland,rf_importance,logistic,26,0.07525915830425682,0.1141175636854781,0.08366570239560608,0.38843766454994166,0.37920939929452585,0.15983726799513728,0.16163840168117333,0.13176087937675224,0.3399905327454215,0.2924617529720789
cleveland,rf_importance,logistic,27,0.07891083340354771,0.11747258335559325,0.08468174617499025,0.3873623498850609,0.357603890864154,0.1518872150127183,0.15458141199013012,0.11712751549595406,0.3474522677926453,0.30858415007090584
cleveland,rf_importance,logistic,28,0.07129313468594822,0.11292208767351945,0.07771610562807271,0.39315979990735817,0.3751570276272358,0.1494327551492329,0.15142297443089264,0.1272089397835897,0.33589619414561717,0.30067442553409834
cleveland,rf_importance,logistic,29,0.07789374278010776,0.11413357973426658,0.08427750284957727,0.3813675084438839,0.36802202517833815,0.16332776533470728,0.14746137958901323,0.13163138056908452,0.3288228673257903,0.30888751464755937
cleveland,rf_importance,rf,0,0.07875919283848012,0.12600163094968114,0.09372535191277016,0.3717077715538639,0.35633260528087896,0.1560927049168919,0.21312471823058166,0.15750421439901233,0.3208856379084109,0.28701180612109295
cleveland,rf_importance,rf,1,0.08153264880734093,0.11133482594436896,0.0895134750882625,0.360847821908787,0.3595555678713528,0.15575263265991113,0.15619215350190124,0.13687546750281782,0.3278269159859128,0.2850804767540578
cleveland,rf_importance,rf,2,0.07719794990822519,0.12320355228411584,0.09128104876668848,0.38027711149814275,0.3471417515685034,0.1841526938920513,0.20206007608559223,0.1757975590689996,0.30042581124605094,0.2771029341127996
cleveland,rf_importance,rf,3,0.07725590014407666,0.12355105613368891,0.09208997246898534,0.3766905068918144,0.36313829398012837,0.15438190982255573,0.14677314298466548,0.14603965583242512,0.3474430956240151,0.29573131591196056
cleveland,rf_importance,rf,4,0.07881662410749837,0.1331054104874692,0.09340916973011715,0.3776570107867859,0.36063648058068126,0.16024286505167767,0.22513122665754626,0.15414120800182077,0.30150022313497926,0.2793131149530103
cleveland,rf_importance,rf,5,0.0747550127205113,0.12748564595265693,0.09477721982778946,0.3858964894054213,0.3523207193025029,0.1578125918551238,0.1881738220878898,0.15389392821181108,0.30963161438932135,0.2932817954736527
cleveland,rf_importance,rf,6,0.07854142544390015,0.129280014461024,0.09371069481568634,0.380651138374741,0.3729701101327753,0.16325418128575175,0.22377416408815223,0.16624099560072134,0.3154555828987153,0.2713712310547245
cleveland,rf_importance,rf,7,0.07420055907530633,0.11501495774835832,0.0891979311800748,0.37000962948171556,0.36940198188570916,0.17631680129977778,0.2092666297972068,0.16810832838982867,0.2848451690157597,0.28809134526699187
cleveland,rf_importance,rf,8,0.07241201543964475,0.11633054380078599,0.08292234967909942,0.36760699283344644,0.378545306221146,0.1495346694168545,0.15708211325852367,0.13307210631278138,0.3263431169609573,0.2819395690175738
cleveland,rf_importance,rf,9,0.08374184914850985,0.11932416921732464,0.09648842205712875,0.3657124053136737,0.36634001164508323,0.19678049841290818,0.1872323053299025,0.17833280926296813,0.3181226383707692,0.2842392841988513
cleveland,rf_importance,rf,10,0.07391643683017957,0.11630624151103423,0.08539421194882812,0.3857500307751421,0.3657693022004353,0.1645910424148882,0.1979974898549896,0.1573842189022645,0.3209541855972664,0.28714377383153766
cleveland,rf_importance,rf,11,0.0891329921271853,0.1432834862308638,0.10757670876437538,0.3677970786609121,0.3428458336759326,0.19544515963231368,0.19914203112086035,0.16180271427144172,0.322981787942563,0.29476851150808153
cleveland,rf_importance,rf,12,0.07819127955620704,0.1258529151662089,0.0896501622199093,0.3711214576431708,0.36842112643027825,0.15333418757231365,0.20944864191128187,0.1442763592420233,0.32599958658765055,0.3144199081800534
cleveland,rf_importance,rf,13,0.06902310258037256,0.11184409871703188,0.08120818388686765,0.3753346305790735,0.37853843364575046,0.17015023870901808,0.18220395419033408,0.15894137204259132,0.30280970624815545,0.2839065108225105
cleveland,rf_importance,rf,14,0.07883328318862967,0.1143966929357518,0.08783864980562496,0.3611442949285047,0.3627102827143648,0.21064229347106234,0.20834996186315044,0.19101330334426747,0.2718598661865648,0.25077609128000844
cleveland,rf_importance,rf,15,0.074109772115903,0.11181601660642268,0.08809895182816671,0.37725806618364505,0.3746902515678977,0.2186279759513588,0.24105390360140508,0.1975788712784969,0.2909910951215324,0.2578036543232766
cleveland,rf_importance,rf,16,0.07668924832283398,0.11801586008871165,0.08420747612649626,0.37874549781195754,0.3723391002949622,0.16769779569671514,0.20102594349359063,0.15466968855959434,0.27929841694471763,0.27322891949983424
cleveland,rf_importance,rf,17,0.08978191787949645,0.1337487254003249,0.09522814571752719,0.3659706160416567,0.35926562723772876,0.18938846828122058,0.20132544699190402,0.17135821018513087,0.30594580163310203,0.2825320786428958
cleveland,rf_importance,rf,18,0.08045621904505028,0.1205952697420018,0.09470667109301015,0.37432744060866385,0.36924509902140323,0.13979124227332412,0.1364109828401136,0.12213253789195594,0.34994348079298765,0.3241032015921933
cleveland,rf_importance,rf,19,0.07455105996879328,0.1323562589760483,0.09088466711284052,0.3665727312591764,0.3676550659279132,0.13912520706559714,0.15352454961184403,0.13357171091852732,0.34748302593225205,0.3396723818595834
cleveland,rf_importance,rf,20,0.06989215083290559,0.11213841615953997,0.08298293887868781,0.3878586435212941,0.38053899364119503,0.17994141095233132,0.21299738261611195,0.17438141777626037,0.316106684182341,0.285947701737006
cleveland,rf_importance,rf,21,0.07118454732232644,0.1279366651649488,0.08852517313525218,0.40546686680253624,0.3915554726329797,0.17798935297643853,0.21096862228337157,0.16085275306943694,0.285465679076108,0.2758663909802441
cleveland,rf_importance,rf,22,0.0729328402623364,0.11107946571865734,0.08612207878496574,0.38472027153696,0.3831740364892921,0.17076237361516144,0.1956795911012746,0.15418982381147842,0.30871366995250316,0.28158025694377115
cleveland,rf_importance,rf,23,0.0772529554394831,0.12360826481454981,0.0887776834017059,0.3861657458754355,0.37459088044324806,0.14654869940385096,0.18079969178411848,0.13897973445755082,0.32844139821120955,0.29920438993058346
cleveland,rf_importance,rf,24,0.08242336726031907,0.13128473636411608,0.09444522835817622,0.36548748796250274,0.34955744400404326,0.18523537433825432,0.19967828095638937,0.16739841025368235,0.28553425368285845,0.2533207364910917
cleveland,rf_importance,rf,25,0.08243003181132312,0.1274309830272648,0.10060641648284718,0.37088505696536817,0.38229557901256267,0.1996515992042595,0.18336664983929005,0.16903593056546376,0.29508484749857744,0.2682280204937537
cleveland,rf_importance,rf,26,0.06975035934203624,0.11849036932954865,0.08825256939864008,0.3678037702163986,0.36306033232231105,0.1510281307227859,0.18891905665492092,0.13951260655173892,0.33093639594792146,0.2924440668496655
cleveland,rf_importance,rf,27,0.08013339647260881,0.1281201734743858,0.0937544242633979,0.37521544708437127,0.35527802627577304,0.19398741096877314,0.1930245882525501,0.16704811322393523,0.2997872593621239,0.28294134636527885
cleveland,rf_importance,rf,28,0.08187419001109805,0.1219705163167296,0.092476218294908,0.38609630619461255,0.35896793149390366,0.16538819987953807,0.1636343599511508,0.14687594821938643,0.33408056700182415,0.3029895167467929
cleveland,rf_importance,rf,29,0.081812017682583,0.12190967559639959,0.09063549077289212,0.3824386080478306,0.3636015944103188,0.17634439301138594,0.18245154890334772,0.1536134003340488,0.28516848580255794,0.25725757906722874
cleveland,l1_logistic,logistic,0,0.07517415606650414,0.1224491380674661,0.08351819900215009,0.3960433842674612,0.3714824650537743,0.1201234688132523,0.12801341416859785,0.10988775957325082,0.3461456289195885,0.32259217366208426
cleveland,l1_logistic,logistic,1,0.07157503723112324,0.11081243825151199,0.07839003666854637,0.40392765221297927,0.3845725423904631,0.11253330098307683,0.13017583155665874,0.09465445687796985,0.3647711737263394,0.3395746784800736
cleveland,l1_logistic,logistic,2,0.07178780864442214,0.10506655180395072,0.0788189602419036,0.39077672007091085,0.3820104001485591,0.12075372812174046,0.10331834407358514,0.09644343823382129,0.3464995894598235,0.3378385549738702
cleveland,l1_logistic,logistic,3,0.0697616342808062,0.1067518210070445,0.07876523157746551,0.3945004057938126,0.3765653615534433,0.11840088537593178,0.1258798842147064,0.09908106738961005,0.3516094789638304,0.3333023110756
cleveland,l1_logistic,logistic,4,0.08255053824633345,0.1167540640446369,0.09143704382024527,0.3828323015809784,0.3714959161709423,0.12510971911696422,0.13110708274293498,0.1059983297477484,0.33452823730979436,0.33026313909560107
cleveland,l1_logistic,logistic,5,0.08078110533065366,0.11121578739962383,0.0826639547715563,0.37845735628946614,0.37730869602296274,0.1229019525824816,0.12156279640015555,0.09672584715835074,0.35640755018748416,0.3277420852717081
cleveland,l1_logistic,logistic,6,0.07993218463315302,0.12125309255031759,0.08185717601127823,0.38821112086619375,0.36209350148100433,0.12474557201740277,0.13860731342518018,0.10622699284519119,0.3578284684380372,0.3204098642925084
cleveland,l1_logistic,logistic,7,0.08990758817224709,0.12159868218890026,0.09273373557617545,0.38926920302248313,0.3762111926109652,0.14594662703854727,0.12579847010099945,0.10613986354917046,0.3443820797321662,0.3180884351039204
cleveland,l1_logistic,logistic,8,0.07938208519958781,0.11948083544424323,0.08710966229136875,0.39223427565140695,0.36248938438208256,0.1277842499532315,0.12262741898492968,0.096528005870364,0.36170092905568907,0.3277908178796167
cleveland,l1_logistic,logistic,9,0.09309441452223838,0.10789955779227348,0.09675529211765795,0.37794446287584454,0.35889206757943015,0.11875601371525525,0.12291857610613105,0.10397721739630594,0.3475279195958954,0.31668458291821183
cleveland,l1_logistic,logistic,10,0.08316200030863637,0.10766720648639325,0.0834007478095588,0.39826996885268057,0.3733783666236421,0.12298028470685336,0.13081906483140993,0.09777852899835097,0.3457747671102384,0.3100845149713546
cleveland,l1_logistic,logistic,11,0.08113503945481906,0.12097719351149307,0.07785738644912958,0.39673926776511886,0.3717851075301111,0.12388307622115824,0.12054017612001686,0.09002944032652041,0.34098657538875987,0.3493941840678361
cleveland,l1_logistic,logistic,12,0.07235552235468719,0.10832913343254376,0.07744817319752766,0.3802022053706657,0.38046615498090786,0.11711917747784029,0.1327092138675089,0.11008760938819201,0.3374696634015116,0.3264664747918071
cleveland,l1_logistic,logistic,13,0.07664284302931683,0.10980081387001504,0.08885511061981519,0.36824252919468486,0.3687930847428092,0.11975531706136862,0.1260974791366635,0.10979681373287442,0.34512055926738755,0.3204652585649203
cleveland,l1_logistic,logistic,14,0.08265568586111968,0.11516902514692934,0.08037175429951034,0.3870489601260434,0.36807458977840063,0.11879334326174135,0.11478617648775949,0.08899894164187891,0.36968538103645754,0.3344270769667639
cleveland,l1_logistic,logistic,15,0.07346910920124065,0.10976974284081215,0.0805981640676383,0.38692418795906786,0.37826195411897806,0.11201559024979818,0.11969358386956304,0.10109758613527331,0.3518970896556859,0.3307112545378026
cleveland,l1_logistic,logistic,16,0.07409368003979039,0.11240091055737897,0.08515021177736708,0.3949950323506931,0.37323022750803525,0.11670506044053028,0.1233200020663145,0.09642750497898986,0.3461567349379524,0.3298893214417078
cleveland,l1_logistic,logistic,17,0.07096554943405886,0.11255601142590606,0.08034653268908246,0.40145286669114477,0.3725952585987365,0.11023036373684683,0.12018764120549881,0.09572614612804664,0.36345905529724154,0.3383163697588591
cleveland,l1_logistic,logistic,18,0.08662806460303094,0.12142417625630192,0.09441388350541925,0.3834991961953584,0.38134569885052455,0.12066811092490926,0.12453001555945767,0.10356842267559091,0.34905806564290753,0.322845794048002
cleveland,l1_logistic,logistic,19,0.07487176119232336,0.11906738006922846,0.08190409231069715,0.39261011109399946,0.3724618407196378,0.1120154666472412,0.12701472712383693,0.09323569393103805,0.3451832186982956,0.33424103435343416
cleveland,l1_logistic,logistic,20,0.07523904349753255,0.12304993047402743,0.08698834656809265,0.3996508501462378,0.36772197153361036,0.12200910828352712,0.12825423171779973,0.11071254877311172,0.34700748759423466,0.32462549886310654
cleveland,l1_logistic,logistic,21,0.0798585801498033,0.10745161602389094,0.09498151647540135,0.4049613955064317,0.3832523274699245,0.1114993292232857,0.11843371697892746,0.10085663072617983,0.3762123466419705,0.32774529533162616
cleveland,l1_logistic,logistic,22,0.08303349335730467,0.11060749415226867,0.08475847213739378,0.3835145184980131,0.35916520058887746,0.1268582626593544,0.12059456834305096,0.09658668963540779,0.35701163486805426,0.3303395543954133
cleveland,l1_logistic,logistic,23,0.07182778143789356,0.11529071188715129,0.0854159686627757,0.39171765158788185,0.37663124882958227,0.12146165035103643,0.1455753960145007,0.11217845748165252,0.34923952768062233,0.33111244585859123
cleveland,l1_logistic,logistic,24,0.07076997175455213,0.11309413481297903,0.07879040908743054,0.38562511550171896,0.3702141521370831,0.11848589682112992,0.11904211818911681,0.09089238356709181,0.3552618812022083,0.3493671080726498
cleveland,l1_logistic,logistic,25,0.08097330285779565,0.11833915303262943,0.08794397331157508,0.3866010956001416,0.36927645831766187,0.12084859050800315,0.1198224044002407,0.10585650644899097,0.3534977208374885,0.3346790517617159
cleveland,l1_logistic,logistic,26,0.07637899234272143,0.11612329799470786,0.0819200974650298,0.39187394001016906,0.3715635003886022,0.11867734993645795,0.12938157111637305,0.09959149300889789,0.33382526750583724,0.31422573329414055
cleveland,l1_logistic,logistic,27,0.07772573604591622,0.11669978614845974,0.08431422698494671,0.3970661399097488,0.3849599234489216,0.11776324952131027,0.13072312189768928,0.09604265478799057,0.36846240962097676,0.3453095559480321
cleveland,l1_logistic,logistic,28,0.09150354369715533,0.11734374457850448,0.08966445419570868,0.38227380435618113,0.37880953731037503,0.13007759381644934,0.1193710954629506,0.09970829645091214,0.343289589569828,0.31475789934855974
cleveland,l1_logistic,logistic,29,0.07618828473047357,0.11742665525268504,0.08660097076274792,0.3866008072561829,0.3806520202717858,0.12154673432207527,0.1212099854266151,0.1044511479703938,0.3446299544909064,0.31894972482814044
cleveland,l1_logistic,rf,0,0.08301233073354293,0.1267035373193762,0.09642269783277513,0.37221879650736645,0.36039114262531907,0.11334456859264729,0.12376201830194312,0.10272839210522555,0.35062293958027635,0.32942624558258143
cleveland,l1_logistic,rf,1,0.077626608036713,0.1275662147259095,0.09329545002288984,0.3876763857353548,0.38819268582326805,0.16465224803431308,0.1407946742729973,0.13018733931918214,0.3377317113246936,0.3122622883860117
cleveland,l1_logistic,rf,2,0.08012704709268324,0.12929788480571736,0.0940474624123428,0.3604427099379633,0.3649289212910053,0.14861839467551508,0.12191281621979767,0.10331116312931005,0.3228211800772429,0.29704217498954
cleveland,l1_logistic,rf,3,0.0747289520002012,0.11916251816498744,0.08664543147762759,0.3720397697132318,0.35132401630417537,0.11497975827371171,0.12427824553801305,0.09718663331216432,0.352749260395042,0.3507191027921923
cleveland,l1_logistic,rf,4,0.07645031903906624,0.12701001053797417,0.09372559689668096,0.3652924879434599,0.35423242177215325,0.13933031456078865,0.10891842159841571,0.10500696889163147,0.3610948989927753,0.3353871874084408
cleveland,l1_logistic,rf,5,0.08070465381615567,0.13557344470261684,0.09318155536037309,0.3760749823523695,0.3753251544395516,0.1319175445628477,0.11031733667126853,0.10086158792012855,0.36781422368054856,0.344148486430017
cleveland,l1_logistic,rf,6,0.07251353418130935,0.12549981989494952,0.08933865571513407,0.3762016057952978,0.35543184653680615,0.1233565906308857,0.11892352435809225,0.1044104672304247,0.359184249883746,0.32619992814804427
cleveland,l1_logistic,rf,7,0.07703139609092535,0.11520290163596415,0.0866280232439127,0.37765316474984223,0.3785835781497261,0.1297233158962916,0.1439649946390422,0.11950799027771497,0.36235231434686943,0.33120419210611596
cleveland,l1_logistic,rf,8,0.08430997338693236,0.12638252716626067,0.0926435787327178,0.3693108409859398,0.3622598898310433,0.15071210257039866,0.11586390764723224,0.11593982339670039,0.37239596250608775,0.34111639476191624
cleveland,l1_logistic,rf,9,0.06947265589447083,0.11514647018661182,0.08657097721498785,0.37389079626088695,0.36974480932561443,0.1228222677816119,0.12647458690408409,0.09535697274454384,0.35752999350157605,0.327712955628104
cleveland,l1_logistic,rf,10,0.0824125575027637,0.12313370821631744,0.09129149393910081,0.38550272536256913,0.37407377326435254,0.12675585909466044,0.12055543930656855,0.10440431941399023,0.33912273553864863,0.3273494806098524
cleveland,l1_logistic,rf,11,0.07156840264366396,0.10685397379337996,0.08245898536664009,0.3836681250312647,0.37853330416625053,0.156856064602458,0.12440036978736295,0.12575550797718318,0.3583777415958571,0.32405972571516667
cleveland,l1_logistic,rf,12,0.07287315484235418,0.1304607822523452,0.09038095090342721,0.36797850504793334,0.36676532901986486,0.11269552214338718,0.11172554735726599,0.08893753473548924,0.3562187934168877,0.34674452857931964
cleveland,l1_logistic,rf,13,0.07392414660387311,0.1177382063654078,0.08496339340531281,0.37895794478036493,0.3747658187174448,0.1565920171295839,0.13553756235357575,0.141169758264213,0.3773032963166412,0.3404311757186799
cleveland,l1_logistic,rf,14,0.08673674104953452,0.11576530899026213,0.08883757307440576,0.3581002616858263,0.3547874690949254,0.14248029495211634,0.12795372544854658,0.10745867779326487,0.351444174036622,0.31977839161082877
cleveland,l1_logistic,rf,15,0.07822409062660216,0.12193945884357796,0.0860423550637063,0.35406864247200537,0.3568680890343535,0.11800533668840561,0.12251009113249378,0.09052129286859803,0.35216725360268397,0.3367648742378688
cleveland,l1_logistic,rf,16,0.07768807442807282,0.13750843290295028,0.09993294721697847,0.3774525687981181,0.36390174271722225,0.13781800527429683,0.1428053335576906,0.13140046331164043,0.3575662074417401,0.3159669474428878
cleveland,l1_logistic,rf,17,0.07855811731510468,0.11221237524851788,0.08505825880219084,0.373191643636662,0.36199621689615286,0.1388567551077346,0.11803746637740888,0.11114284373603874,0.33721523239371964,0.3318480714775832
cleveland,l1_logistic,rf,18,0.08516479508976077,0.12214000137295043,0.10175393349594092,0.36173055092377393,0.3549820139548768,0.13535890181217508,0.12517233650431053,0.1134888857374724,0.35970056243775206,0.30841904569133455
cleveland,l1_logistic,rf,19,0.07723042955059775,0.11201466708651811,0.08624089089152806,0.3733544070565429,0.3569644130850751,0.1401479807772332,0.1399229061650328,0.12026593571004861,0.32498326730931376,0.32346663436045314
cleveland,l1_logistic,rf,20,0.07053503222899302,0.12433677254515293,0.08927198448874747,0.37125571022813725,0.3771363962325031,0.14906515414785246,0.12221321089479757,0.1264557319211088,0.3723591762662267,0.3298117855253433
cleveland,l1_logistic,rf,21,0.08078716794007193,0.13044875384890106,0.09745215722709061,0.3785156773693963,0.3788880053015522,0.12546757739841546,0.11746215913939098,0.11597736105816447,0.3833110411773932,0.32999054171959147
cleveland,l1_logistic,rf,22,0.08032306597182497,0.12095899524377048,0.09122135227982142,0.36925559888239495,0.35961324425614166,0.11327274592006994,0.12826590916446096,0.09395391085717844,0.35717815189927693,0.3162809411962503
cleveland,l1_logistic,rf,23,0.08814917053047684,0.12359466863845806,0.10162628004738315,0.3721836946710824,0.3546133355491884,0.17348187165360848,0.12367132585919301,0.1354254543288833,0.35985976541334486,0.3091358986941318
cleveland,l1_logistic,rf,24,0.0745224532072638,0.12468600050709502,0.09038679263981736,0.3637154334751081,0.3749375943363417,0.17554416708868184,0.14928469668176325,0.13591340538321184,0.3211439287440476,0.2965653905633332
cleveland,l1_logistic,rf,25,0.08591463210412964,0.13864502507300072,0.09219150957562272,0.38402652650827485,0.3574116999902982,0.13314601651048164,0.1332454785786107,0.10935429735204608,0.37493346492440277,0.33944894777559653
cleveland,l1_logistic,rf,26,0.08417328688485512,0.12612491151815297,0.09461163835709949,0.36963614635531933,0.3462316533481198,0.10313850612659717,0.12693820130200523,0.096983931469661,0.36642343540017225,0.34929776266335943
cleveland,l1_logistic,rf,27,0.07065886138542915,0.1190332713644434,0.0877560173322395,0.3839386845478258,0.3758612793761248,0.1527572938929455,0.14279441751343608,0.13361861989945312,0.35830816666035353,0.3207683705411541
cleveland,l1_logistic,rf,28,0.07942601749505748,0.11722682261743887,0.09072650473689871,0.38249400709350284,0.372416602351173,0.12616013649077534,0.14101672254699613,0.108145835433288,0.3352881476140417,0.2970896380982464
cleveland,l1_logistic,rf,29,0.08664593530238675,0.12784245398484484,0.10001907916164662,0.35890183476245574,0.3726036207728411,0.14409003511681068,0.12206170878422523,0.11441524933952019,0.3545162846643614,0.3331677814400053
pima,mutual_info,logistic,0,0.11376587807679195,0.19706086701208736,0.12570786986817253,0.19362590990453007,0.19846283320766203,0.1211507865633791,0.202383444402657,0.13310834977139213,0.1903576086139876,0.16929742879642318
pima,mutual_info,logistic,1,0.11163367312361269,0.19484870582995928,0.1260555614088759,0.19601377497007286,0.19038270838604995,0.12223301848538466,0.19918959084988247,0.13145777363622296,0.19159736294910065,0.16499894141988505
pima,mutual_info,logistic,2,0.10829702550804833,0.20261842875238104,0.12820536402736993,0.19359619546004905,0.18797345598971532,0.12587373858541806,0.20440106738101357,0.13627761022053775,0.19285546817001853,0.16144068206238818
pima,mutual_info,logistic,3,0.11360382086970312,0.20877812047077002,0.13106891330895623,0.20081449056252035,0.19358884339037957,0.13224489144882431,0.2175318269734764,0.14275521011195463,0.18883332290129515,0.15762993794350988
pima,mutual_info,logistic,4,0.10969972578464289,0.20126058090281113,0.12552546716733082,0.19447200141538834,0.19680366519982187,0.12693236300145572,0.20459050171664545,0.13298023405722087,0.18660805055190546,0.1748718280016778
pima,mutual_info,logistic,5,0.1112174956755198,0.1998455527096154,0.12739711600137443,0.19983019187573045,0.1958731750759056,0.12133028205266369,0.19877471612028313,0.13422213787112316,0.18525641297111153,0.17176367944100931
pima,mutual_info,logistic,6,0.1116786852454927,0.1977485527082239,0.12635845758494973,0.1930730032938139,0.19007745432633208,0.12198694453072377,0.20573979215344673,0.13442340815326828,0.19079871493411543,0.16603324520401244
pima,mutual_info,logistic,7,0.11070319097281846,0.2024506637571789,0.1277912251345786,0.19278177231373697,0.19154438309244162,0.12224266745167339,0.20459581788447243,0.1351461378798496,0.18833626126870326,0.16793928989290635
pima,mutual_info,logistic,8,0.11416657069607856,0.19385966032756266,0.12437035110514222,0.1927253714599446,0.1900054515988038,0.1185151553732468,0.19785217420062506,0.12847574560869274,0.18952444168247398,0.17454362369436885
pima,mutual_info,logistic,9,0.11630813027049977,0.19633939319770044,0.12627010612279038,0.1989458356381279,0.1898523257708983,0.1339624439962262,0.21070364727809016,0.14032362225748224,0.18143632567496765,0.1677062338734605
pima,mutual_info,logistic,10,0.1167373182787659,0.1947091412814842,0.12498916773049935,0.19896703844644667,0.19507773463443978,0.12078470927398884,0.20258172615546755,0.1306670328324142,0.19157485004246336,0.16805839104776152
pima,mutual_info,logistic,11,0.11211011384733946,0.20721324108266834,0.12960941825999084,0.19463049062656418,0.19150937642812815,0.12398064450163898,0.21139087168662254,0.13690986042276965,0.1924343323131137,0.15916864544919151
pima,mutual_info,logistic,12,0.11280365367045986,0.19789934922500474,0.1268004693461146,0.20337869786804696,0.19653676892770083,0.11795371526476503,0.1966343809873825,0.1318059373815834,0.18836307656650594,0.1695053729221192
pima,mutual_info,logistic,13,0.10940045726078268,0.20310354244549356,0.12783803278669786,0.19628945697757785,0.1808771025236661,0.12466174787945819,0.2078181604250589,0.13748434715626281,0.1828870044367726,0.16125228578686168
pima,mutual_info,logistic,14,0.10917392930314326,0.19851895665735042,0.1255371830578053,0.19890675013420162,0.19557847532186678,0.12022310369466499,0.20197147112544606,0.1301853778199039,0.18892156744934194,0.1748422487340716
pima,mutual_info,logistic,15,0.11050190771301366,0.19853077413522935,0.12750197656721282,0.19600936879808512,0.2002865316721662,0.1325073176567416,0.20929729454372625,0.14127570300763354,0.1867504709519733,0.1651799690969803
pima,mutual_info,logistic,16,0.11062993400193225,0.19460721095041855,0.12587492783828125,0.19864502771246173,0.19590054692066972,0.12358989947456545,0.20187694179943197,0.13567186751768123,0.18041645194589606,0.16779447031692885
pima,mutual_info,logistic,17,0.1126923109176295,0.20544987767897044,0.12849184198671537,0.1936525736131975,0.1971517346555933,0.12096254821028328,0.20754222800468752,0.13259264391447567,0.18351362725697393,0.1672010840916345
pima,mutual_info,logistic,18,0.10896051751081703,0.2018330253802605,0.12733736406725218,0.20408140515471582,0.19181089787694816,0.12027098918537432,0.20362435653696787,0.13280085246763457,0.19246348303702002,0.16933215724117848
pima,mutual_info,logistic,19,0.11018769300261572,0.2042421968553002,0.12753295218490046,0.19913723435017092,0.19554797016041867,0.12533987228860546,0.20523698918684047,0.13493313365874043,0.18086325150581237,0.178708470968459
pima,mutual_info,logistic,20,0.10939034545378107,0.20105593422565368,0.12491775480868947,0.19771223262426982,0.19695303264940606,0.12208331403443072,0.21010123083571375,0.1340942052014275,0.18320548652632035,0.16177601847864775
pima,mutual_info,logistic,21,0.11094393952784294,0.19947991633564222,0.1275392460858314,0.19430714250457493,0.19606478616170936,0.11883733907291869,0.20609824520348052,0.13396127115538592,0.18877437856877788,0.17203694858472549
pima,mutual_info,logistic,22,0.1175829563129523,0.2030834334605373,0.12999653655891694,0.19586716939261584,0.1862351668478569,0.12332839604702903,0.20609591331982188,0.13410651586380687,0.19463769767132727,0.16920161375933962
pima,mutual_info,logistic,23,0.11308860377486346,0.1978876842490474,0.12741936976960322,0.1985253863455594,0.19023459432365994,0.11960670372861718,0.20252287099949765,0.13058486395176216,0.18896120961780857,0.16049503094482076
pima,mutual_info,logistic,24,0.11418145900017795,0.20002854670884435,0.12816376812156396,0.19812542092596244,0.19148048598183556,0.1348409118496089,0.21290092999482313,0.14054888480659034,0.19216211374283287,0.17233800982409583
pima,mutual_info,logistic,25,0.11275497803329551,0.19824022586608803,0.12651690095135765,0.1999302376345458,0.19911175691051097,0.12974157672299164,0.20231251227731029,0.1371744420093325,0.17872019984678444,0.16476298333696648
pima,mutual_info,logistic,26,0.11193812590102589,0.1977398007764511,0.1249601599795982,0.19421232240208833,0.18909028301446246,0.12928220803481144,0.1976042639630258,0.12940752907822284,0.18792412992987573,0.17513886063294679
pima,mutual_info,logistic,27,0.11427524493462207,0.20304750580509032,0.12982026244991662,0.19335566797286638,0.18956363774885662,0.1345287392226287,0.2095894376313096,0.1393125280913049,0.18785569586399228,0.17083771349543844
pima,mutual_info,logistic,28,0.10942686257767749,0.1900952967054652,0.12463792151513492,0.20107783316863098,0.19026497464882167,0.12357573439389936,0.20334457893659474,0.1373929356293152,0.18986933804952708,0.16714551651189472
pima,mutual_info,logistic,29,0.11128839403170973,0.2003584115282075,0.12870956901964198,0.19644122386997945,0.1926604474062355,0.1256885004111864,0.20524077292566822,0.13812461131441678,0.18149656165460937,0.16538226686686597
pima,mutual_info,rf,0,0.11334125966401769,0.21969296057229354,0.1431263382718307,0.19610320603185927,0.1612779632911602,0.16480187891740825,0.22775077278590872,0.17457992016975016,0.16218769861620994,0.13054748601513647
pima,mutual_info,rf,1,0.11662138168632355,0.18846714138304918,0.13571670928642435,0.19280421457849553,0.18239972443933264,0.16034784047149814,0.27799552059086247,0.18603927340145343,0.17233896214952207,0.12723779572256774
pima,mutual_info,rf,2,0.10763609807750935,0.2150535995995621,0.13501956552931943,0.19331761379537976,0.17248743910793574,0.1499930861282776,0.23963096073620627,0.1651008478711417,0.16843486624354567,0.13607159448287773
pima,mutual_info,rf,3,0.11041670036392248,0.188678312152961,0.1307322048187707,0.19407940397568657,0.17331543488466117,0.16121827558857982,0.2737829191497946,0.18593827425090947,0.15947114476841814,0.12020297309645199
pima,mutual_info,rf,4,0.11442278302735583,0.21004817393384423,0.1389741615475429,0.19064328549097334,0.16885351977716156,0.16555244065984961,0.2722506896781342,0.1865892108573134,0.15790094875100433,0.13011605060917392
pima,mutual_info,rf,5,0.11196460434171696,0.20462278705694292,0.13682727701265188,0.18577126907930683,0.1696323618923073,0.1593667772333891,0.24199162894039977,0.17377631859342185,0.17863923529581785,0.1276487891090132
pima,mutual_info,rf,6,0.10752638725585723,0.2069546086728003,0.13484552526743615,0.2102307835005276,0.18359101287517884,0.16699388365725182,0.28516788992147646,0.19073856280285936,0.15834214503369246,0.12803034717488285
pima,mutual_info,rf,7,0.1155318326392866,0.20515385579857537,0.13878005382434808,0.1886462079237604,0.1637134435376616,0.18495303476206074,0.26415414091992917,0.18697447138930032,0.16067504694765475,0.12380114664473997
pima,mutual_info,rf,8,0.11921858243692193,0.2067172209925192,0.14167165722707806,0.20321601380012885,0.17929219216533665,0.18453276166943477,0.27094339938591955,0.19393212911875574,0.15467964729010572,0.12077035583266084
pima,mutual_info,rf,9,0.11077912624317875,0.1971618684559709,0.13209915915499854,0.1942909777978119,0.16955868097784635,0.1610606655513455,0.26501235304030757,0.17783004587397572,0.16226274655947914,0.1209703681955797
pima,mutual_info,rf,10,0.11211722759203693,0.20269518962358435,0.1350300469726922,0.18719858832230096,0.16868356571810522,0.1792801207019677,0.265846271261059,0.18827461791890532,0.16914654236235938,0.12660454529729132
pima,mutual_info,rf,11,0.1095638615975961,0.2029433840577986,0.1345662785348266,0.19704008978203819,0.175049423044035,0.19447654595284145,0.26946697860116564,0.20084466740250578,0.1554791749540429,0.11744774787710666
pima,mutual_info,rf,12,0.111090128633617,0.20814422058043752,0.13757217278496303,0.18891816381269544,0.17311095571171017,0.15859293736002017,0.2638678999836911,0.1829900927084781,0.16807439622894613,0.12336593885820896
pima,mutual_info,rf,13,0.11914757655658866,0.207160028672992,0.14231566288626712,0.18807961612753585,0.16818999753267475,0.16036588345204933,0.24271822528147702,0.17725829495569573,0.17239186342018456,0.13259617304282934
pima,mutual_info,rf,14,0.114442568392029,0.2082562765130921,0.134894827351086,0.17177180664831915,0.15932530623923075,0.17183502045744667,0.2465969018522302,0.1772658485849076,0.16926800377182946,0.1289173438180888
pima,mutual_info,rf,15,0.11574161918037097,0.21318317182628396,0.13925379770683055,0.17829122474572498,0.15785263642795727,0.15900412598102703,0.2544955900430176,0.17922430224784483,0.15858289645135648,0.12833506594067223
pima,mutual_info,rf,16,0.11102913102864752,0.20897735295237707,0.13507459986885403,0.20712522523067745,0.17408689844369102,0.15149221191257572,0.24410420021393087,0.1708866579214246,0.18475625220063846,0.1383565341501292
pima,mutual_info,rf,17,0.11531498541528512,0.2101718737544354,0.1390515270569793,0.17106024909511502,0.16145064702828257,0.1700367454091003,0.25435721829408225,0.18589296424801066,0.17396409757178616,0.11923403997058864
pima,mutual_info,rf,18,0.11331671229528258,0.20337681457159526,0.13380087936434534,0.20456478035388376,0.15796244218203476,0.17692441045036622,0.2672712608254848,0.18882685590902915,0.17578630282849425,0.12461783938009473
pima,mutual_info,rf,19,0.11178567894099414,0.21277829221833458,0.14009397989986916,0.18126995633206322,0.16218830587912314,0.16494108201696617,0.23387231207403586,0.17276302815949723,0.17098498206170562,0.12949488545240465
pima,mutual_info,rf,20,0.10800135891639376,0.19192670148369806,0.12938089938651812,0.19199031137860623,0.1698380709857143,0.15538337205657804,0.26385975827592656,0.18094712097369653,0.1781621065988437,0.1401578391065433
pima,mutual_info,rf,21,0.11526677429984834,0.20825142530075558,0.1387659854223116,0.18104457310098834,0.16675720881605569,0.15740403196060862,0.2562091089948455,0.18103795069608758,0.1606590203782019,0.12576938416163727
pima,mutual_info,rf,22,0.11311442441745015,0.2093027464939033,0.13853136157539991,0.19390358609952332,0.1666202536054491,0.16333154319804744,0.2515816530268662,0.18035892774737527,0.16560390038090828,0.131821364219159
pima,mutual_info,rf,23,0.11492940374153646,0.22161068659170474,0.138900677435948,0.18227647942153705,0.16669178447779287,0.1710544957467873,0.25704461799488754,0.18019165180296687,0.15366178107455972,0.12557227435708765
pima,mutual_info,rf,24,0.11477921901603214,0.20703989265557876,0.13962455123678058,0.19424483909173604,0.15827047801780542,0.17768748539170237,0.2573699091546908,0.1857238639634236,0.1694452198753462,0.11778221510231554
pima,mutual_info,rf,25,0.11212617295870025,0.20363279951689836,0.13450698527621052,0.17948002829566748,0.1807045210835657,0.15478206786938267,0.25947149291595695,0.18189443782875503,0.17143795629708616,0.12312294134760109
pima,mutual_info,rf,26,0.11051155140682666,0.2140512706910262,0.13577871231794483,0.18079110948326269,0.16964618446386076,0.16233341579368782,0.25291908206800584,0.1812793069669249,0.16075590277412918,0.11795731736091689
pima,mutual_info,rf,27,0.11821396334565265,0.22310562896315728,0.14462078211533214,0.17663796879357993,0.1644128467630591,0.16188073035900713,0.25654702005097185,0.17976778323511944,0.17417465743003238,0.13332024113839142
pima,mutual_info,rf,28,0.10650810488329601,0.19059316792386888,0.12980182170280902,0.18527480809746233,0.16392655551398677,0.15806370370881312,0.26031896357069684,0.17380676592746047,0.19106013352888337,0.13615838524326404
pima,mutual_info,rf,29,0.11463890493830277,0.2066998994034137,0.13916669248589902,0.18156573615173266,0.17066276166807903,0.1748841776707821,0.2655211876744844,0.18996123131985482,0.16993428463790405,0.1213405088127613
pima,rf_importance,logistic,0,0.1147673573866756,0.19839759169933088,0.12695065300555128,0.1949287717282511,0.19376999700870332,0.11940391608643171,0.2024254237957311,0.13344472403564353,0.19083668510690963,0.1676543599343375
pima,rf_importance,logistic,1,0.114684152360491,0.19774417671829467,0.1262734994059097,0.18752476875578075,0.19638641582556834,0.12687099263430346,0.20178656144293514,0.13618345970655668,0.18266468058253527,0.16789357052706383
pima,rf_importance,logistic,2,0.11373869684904957,0.2006246024534989,0.12684950364464193,0.1998005551099491,0.1843478308500324,0.12051699468575663,0.20505363138352073,0.13161695224079503,0.18627461660158565,0.16781940244800897
pima,rf_importance,logistic,3,0.11431215009592353,0.19806982811899287,0.12752675348436027,0.19801065128190729,0.20095886327845758,0.1198958750259509,0.19911247234906448,0.13093192264549597,0.18905761242611172,0.17513803100006742
pima,rf_importance,logistic,4,0.11309573141098074,0.19294140013109656,0.12583147794691066,0.19783897791218572,0.19260280218518797,0.11866499560271476,0.20116551814708472,0.1311916830214293,0.1908289602632675,0.17129203707499507
pima,rf_importance,logistic,5,0.11040177354511285,0.19525263949421562,0.1277598312796251,0.1919897700630452,0.19367695676892036,0.11980630606677123,0.19643366771857051,0.13231546455456147,0.19212907486083902,0.1670498483352788
pima,rf_importance,logistic,6,0.10968573639717205,0.1985014771856237,0.12707802659883666,0.197022659330307,0.19772269723477623,0.11885794920299325,0.2008466231821052,0.13383650644534567,0.19195208953403298,0.16372729568798094
pima,rf_importance,logistic,7,0.12033480143708443,0.2047308752178354,0.1315391329225624,0.189695860641825,0.18361780032507435,0.12191639446460797,0.20032778036972473,0.13207450898283493,0.1868487881238214,0.16425192514073783
pima,rf_importance,logistic,8,0.10860134805298437,0.19753634635686118,0.12629854780435007,0.1937766491639495,0.19036764619693228,0.11960553120082383,0.19857196739365196,0.1327502048734368,0.19621241930142852,0.17169791855984687
pima,rf_importance,logistic,9,0.106438730756852,0.19863780141519294,0.12513716039810502,0.2018619919027051,0.19382191604929927,0.11752302956241541,0.20162247381479104,0.13163923800747276,0.18751792249990037,0.17515224106396568
pima,rf_importance,logistic,10,0.11326947641729962,0.2112201734719541,0.13225684863833548,0.20116482843855843,0.19163219695644526,0.1207992077399363,0.2068978278003944,0.13535187876239768,0.19037024555906829,0.17064944716024746
pima,rf_importance,logistic,11,0.11003269843713193,0.2003258381033859,0.12609143909661322,0.19070546903338204,0.1906063524920266,0.11911682933822548,0.20263270258552418,0.13288971163783653,0.1903097606013505,0.17034560444905336
pima,rf_importance,logistic,12,0.10994224874945135,0.19804308286161126,0.12682824411145036,0.19827716228177275,0.19191437866726185,0.11958576638929752,0.2019313959695222,0.13076203605491601,0.18918196741201668,0.16653245987024046
pima,rf_importance,logistic,13,0.10948500734000798,0.20228788485435995,0.12823501620463387,0.19437519774549672,0.1893944863972321,0.11876993298467516,0.19904153371010225,0.13149209060833034,0.18964359323623295,0.17137572974781037
pima,rf_importance,logistic,14,0.11328895410121936,0.2012695526220868,0.12594576915171993,0.19021325370672829,0.19347915394233767,0.12081898515191683,0.20468158084719956,0.13181880041553426,0.189568154218142,0.1660202404272312
pima,rf_importance,logistic,15,0.11009860011731297,0.19740375358845563,0.12296012199731071,0.20127027188447025,0.2016679420388251,0.11904357546033255,0.19887312076072317,0.1306011097365748,0.19538419852574965,0.16829308228205772
pima,rf_importance,logistic,16,0.11611876595435319,0.19906805514591341,0.12684848070490728,0.193446284290094,0.18524932902564858,0.11990131563696035,0.20473715128664655,0.13195338267151752,0.18960560474017155,0.16479203688383376
pima,rf_importance,logistic,17,0.11189341313039158,0.1947447714564962,0.12611252221134953,0.1938132199992458,0.19752969788330735,0.12301956218250444,0.19915924074384925,0.13207448894621845,0.18836482936381627,0.16553810118621282
pima,rf_importance,logistic,18,0.11203483799540172,0.19184727880920993,0.12623798350767382,0.19334414348858625,0.18750035528546038,0.12176298901061218,0.19965091234808097,0.13157159270293853,0.18689459782323462,0.16465357330608962
pima,rf_importance,logistic,19,0.11062169918075322,0.2024505874889984,0.12736865534134853,0.20323225875234172,0.19589631009326988,0.11799660184527778,0.20429154406040317,0.13133343245091444,0.18962769929532883,0.18110922157394382
pima,rf_importance,logistic,20,0.11468816270691397,0.2016351059864817,0.13009175808971166,0.19384210487280137,0.18727237920995635,0.12099407533088916,0.2008307460053247,0.13322565498934336,0.19105272749504568,0.17350950555021893
pima,rf_importance,logistic,21,0.1093416019553074,0.19398734129922043,0.12445099779066138,0.20477516234210977,0.1911190962114927,0.11955868546798189,0.20123188463877423,0.13064726254145714,0.1886897981926011,0.16299269970108252
pima,rf_importance,logistic,22,0.10739151864298863,0.19656290289899941,0.12467244164593677,0.19716925049543763,0.18925396818150808,0.12060996372630148,0.19977413608938846,0.13177721064101655,0.1897712232669914,0.16935096575925668
pima,rf_importance,logistic,23,0.10777218266205892,0.20533857242365383,0.12897879010389257,0.20239965595765452,0.18991500110248452,0.12075869988209464,0.20951938943739695,0.13513150297340923,0.18569882986257805,0.1697914999930493
pima,rf_importance,logistic,24,0.11060522658002005,0.2010710583253026,0.12786696853225016,0.20213915274655783,0.1913997627084034,0.12311374239754924,0.20449855059758862,0.1322699836447107,0.18995659209528185,0.1656358611729209
pima,rf_importance,logistic,25,0.10924933544319179,0.20197051500489413,0.12922573954181443,0.20046078246039167,0.1927660998310927,0.11945219542427854,0.20141868619470701,0.13315998514424074,0.1864765890206228,0.1598664233197142
pima,rf_importance,logistic,26,0.11062734328824084,0.19827365505609823,0.12525897168911407,0.19390074292801798,0.19337317047201893,0.11971942970414383,0.19967485114896827,0.1295667432618129,0.18866904564577677,0.1660178333168906
pima,rf_importance,logistic,27,0.11176679858156802,0.19808761865547989,0.1278444525087865,0.2017441140196687,0.1970484974391072,0.12227844693390054,0.200509380400832,0.1314744201543494,0.19019860625541882,0.1712612458060229
pima,rf_importance,logistic,28,0.11549471790233935,0.20376903058877413,0.12901546578342188,0.19363792903395377,0.1891932049533369,0.12072831899952552,0.20117605979595604,0.13205919907358138,0.18675124723321027,0.1735596386464229
pima,rf_importance,logistic,29,0.11345074384781237,0.20498784729925568,0.13023553952905248,0.19824296644336364,0.19739774967716997,0.1185148758329422,0.20527017605171466,0.13447411019822025,0.18996868503096626,0.16713358855584917
pima,rf_importance,rf,0,0.10926246726409607,0.2055164172454592,0.13475284759326167,0.19195241219186332,0.16855727145862853,0.1586245454595526,0.23968861679668965,0.1707852912330597,0.18339635541309338,0.1388299635018747
pima,rf_importance,rf,1,0.11000855715781971,0.1962659752306895,0.13317907250574468,0.1981602223908315,0.1641515896375892,0.1581688912885773,0.2475859781698223,0.17959139359559884,0.17719730828537783,0.12992888300101138
pima,rf_importance,rf,2,0.11423750094637727,0.22763173970851103,0.14305567992992957,0.1830534254485357,0.1678882330885564,0.16509532469862043,0.24898679114862135,0.18292511711498383,0.17501929219982335,0.13051186975417053
pima,rf_importance,rf,3,0.11694206093920755,0.2119625842784939,0.14144565938258083,0.18563884333003075,0.1515317497168174,0.16129817271244168,0.23200144427998026,0.17074867397702245,0.1688110372218314,0.12257198282817126
pima,rf_importance,rf,4,0.11290123358289411,0.20207071970519722,0.13733766119235252,0.18323219570821045,0.1673458113285015,0.16285586307994912,0.25032520305779815,0.17734285067476235,0.16524614151794917,0.12037526887533098
pima,rf_importance,rf,5,0.11322919936648522,0.19290905905985112,0.13153946645006032,0.1967112121047829,0.16564255991881416,0.1702512854928521,0.26323091642351976,0.18076226921848704,0.16267741168276567,0.12305478517568609
pima,rf_importance,rf,6,0.11338421520919383,0.20487295321186313,0.13697759026218162,0.18596666686589727,0.16978285905699778,0.1669358047087636,0.26095031370292787,0.1824652316408827,0.17230942164988808,0.12478391791159833
pima,rf_importance,rf,7,0.11151463049873876,0.1987808691642199,0.13187581495889605,0.18816070868436205,0.17431089406572614,0.16060841128178477,0.25016086802438814,0.17920718946380507,0.16809747368721406,0.1364761447535272
pima,rf_importance,rf,8,0.11496401474746545,0.202386919641238,0.13607879935868156,0.18337682447259432,0.15907886874135618,0.16588839271819644,0.26923187365430856,0.18782192770437894,0.16417099459883536,0.12689301836740513
pima,rf_importance,rf,9,0.11046586662786854,0.18762692405681977,0.12968509457084598,0.199413027163988,0.1789504026178199,0.1612842167064377,0.24925510154879427,0.18115975458197695,0.16785086668528065,0.13006821874510469
pima,rf_importance,rf,10,0.1228913006168296,0.21798300498325276,0.14828654207034042,0.18382095980807703,0.15837800729539703,0.1602279797177955,0.26009709525912894,0.18226162379316782,0.16495702167738616,0.12029744642281798
pima,rf_importance,rf,11,0.11092043000148888,0.20024665534350036,0.13413826273908916,0.19866448669816994,0.1740995267028632,0.16723038455204065,0.260819585765091,0.18193566668732636,0.16700980842706067,0.13758617204003168
pima,rf_importance,rf,12,0.11558134979652505,0.2192304330069608,0.14083644417094526,0.1944807855518115,0.1570098917910294,0.17766130480872167,0.26010670921995316,0.1902191240362222,0.16259968809340972,0.1200612690320458
pima,rf_importance,rf,13,0.11407297865974449,0.2110155779877979,0.13704828109767214,0.18777058510503467,0.1615319013066258,0.17516991635423612,0.26676356680064883,0.19461449130956107,0.17165664036205813,0.1272225352094755
pima,rf_importance,rf,14,0.12037273422178592,0.20293211171539763,0.13732127760575827,0.2003848143328846,0.16153613688868676,0.16335580100867614,0.226824646251687,0.16938199512383334,0.17294060862400978,0.13900893693404293
pima,rf_importance,rf,15,0.10800056334321416,0.19568797673456848,0.1327952097719846,0.19497493293254572,0.1743292370887443,0.16101429375633222,0.23198806569000563,0.16970897098937612,0.17895153161641514,0.134370553239131
pima,rf_importance,rf,16,0.11686921143689717,0.20444325309385766,0.13734673960741234,0.1920824560871913,0.17488291883504928,0.15477000224634543,0.28359559090662456,0.17766643748518968,0.17200229312149573,0.13955006998936417
pima,rf_importance,rf,17,0.11198794430797537,0.21312668935147489,0.13917618779354282,0.18981527709510992,0.17311597622340344,0.1660918585887143,0.22471682489258904,0.16524425049620106,0.17881161320708241,0.14147742672720187
pima,rf_importance,rf,18,0.116064654427852,0.22394429794662024,0.14387008502319154,0.19044275256830265,0.16896873717484773,0.17979549256521543,0.2464950773219802,0.1842511986384497,0.15048717334343972,0.11064423940221288
pima,rf_importance,rf,19,0.11526243513067976,0.19928472063623945,0.13687429790159433,0.1968989134899754,0.18352994022501481,0.15342218770574031,0.23203243724548722,0.159329036361091,0.16694005799237369,0.13727424226376553
pima,rf_importance,rf,20,0.11653476000582993,0.2117821025381001,0.13949774554742211,0.18099669352881786,0.1680748616796524,0.1700694313075764,0.25535041769933303,0.18870817147866498,0.1719459443345043,0.120907714615355
pima,rf_importance,rf,21,0.11243514024524388,0.19163295680553866,0.13252892182572212,0.1794510400350551,0.17597062245934503,0.16492573160411939,0.2641415303654876,0.18246839175234691,0.18134024523926545,0.13186938669225418
pima,rf_importance,rf,22,0.11334700504085331,0.20808034530412775,0.13834828486187656,0.19441732625004904,0.16288893954702033,0.16775818382420288,0.26664963451911355,0.17807420310325411,0.16663240951698163,0.13190753569521743
pima,rf_importance,rf,23,0.11149547201125481,0.1875192532683106,0.1302034605002406,0.1895847606332183,0.17021160787512882,0.15163966495389494,0.24588398859500243,0.16367779868856303,0.162687673364044,0.13881490577345607
pima,rf_importance,rf,24,0.1155792996869046,0.2095927274123467,0.14083341412569464,0.1886707247506957,0.17555039433059164,0.17462730510730717,0.23893059639213957,0.18287425563979764,0.16837895596998334,0.12024733494803452
pima,rf_importance,rf,25,0.10614311434028048,0.21516900313619214,0.1323904050373897,0.18377379830073573,0.17220095548871353,0.15437274093695058,0.2475492115264424,0.17092275480213426,0.17679829095653626,0.13245051598564994
pima,rf_importance,rf,26,0.11664188700109515,0.20363074786984395,0.13592220903278512,0.19735389629791933,0.16852460528441887,0.15228008295217557,0.2368843802898294,0.16457947714100915,0.18859851986309517,0.14172565587803887
pima,rf_importance,rf,27,0.11939185752246617,0.20733900088305035,0.14167580123650236,0.17890488167488375,0.15880327985003154,0.16292410284784706,0.25706813995281763,0.18043153285285818,0.16961767900555877,0.14523682440318475
pima,rf_importance,rf,28,0.10821583798995314,0.197025814547501,0.13061821011021146,0.19628103971513966,0.17472861837279408,0.15810943846575565,0.23859514674435425,0.17220850814603345,0.1625775128031819,0.13397426328974135
pima,rf_importance,rf,29,0.11840223155569703,0.20431069974419747,0.14176459703565367,0.19021561891763752,0.16826724215214414,0.18001550271331995,0.2590551372518906,0.19412203139594278,0.17579604101349747,0.12151389457777421
pima,l1_logistic,logistic,0,0.11126860142970618,0.19688240673794838,0.12707245276065407,0.20018269048112858,0.19102655358194115,0.12134208468749424,0.1927952860055509,0.13008756945335612,0.19048240053087892,0.16683792555717203
pima,l1_logistic,logistic,1,0.10901237164981567,0.20274413911968509,0.12634807447340798,0.19834900648503587,0.19229674856900958,0.13018041767613786,0.21434613982541084,0.1387771668215403,0.1880231630381004,0.16120327058106468
pima,l1_logistic,logistic,2,0.11340810370787499,0.19992256233351205,0.12870220674545846,0.1977423735810339,0.18524736896402394,0.11997469160645434,0.20052776629370744,0.13080971368854885,0.1902008654608395,0.17078391103758353
pima,l1_logistic,logistic,3,0.11772861919318559,0.20345357635354624,0.13108142296792713,0.18958246108945556,0.1870320234120609,0.12375844678009826,0.19792248559192308,0.13122104940750196,0.19113820733531908,0.17101995797171543
pima,l1_logistic,logistic,4,0.11396444459341004,0.19767284350781922,0.12286036576244357,0.19504145183425697,0.19101123308949844,0.12184523084498128,0.19851170779166133,0.13021564767024724,0.18944850723792372,0.17372085742416649
pima,l1_logistic,logistic,5,0.10882947647943969,0.19956438469417603,0.12532350325510927,0.19989476964913738,0.19108118074898361,0.11890401382273627,0.1990481027870999,0.13139974802584073,0.18858559441761213,0.1628847787385079
pima,l1_logistic,logistic,6,0.11242065970744917,0.19942278494760377,0.1284117070006068,0.20023275506192656,0.18709685983963542,0.1207261825116131,0.20375603944711487,0.13373269007942448,0.19046788108629775,0.16552090816963724
pima,l1_logistic,logistic,7,0.11283229574228357,0.1980754858181318,0.12755140096682233,0.19395100183535788,0.1923236199662864,0.12056538612733339,0.2041960773593196,0.13294836447272518,0.1936468181979659,0.1792298892983228
pima,l1_logistic,logistic,8,0.11081783450119342,0.2006421839141018,0.12731257164949436,0.19795088004332492,0.18791846428838513,0.12090556146891786,0.20316907846413812,0.131645951793947,0.18868742744149447,0.16505658353525635
pima,l1_logistic,logistic,9,0.1165662377693016,0.20705445741447814,0.13098960351139613,0.19835628743143022,0.18442125093221107,0.11737518854068739,0.2083832847281868,0.1331597376066557,0.19188493030106402,0.17199766481193757
pima,l1_logistic,logistic,10,0.11315829318592342,0.1935007077552215,0.12271857857667455,0.20108695153317438,0.19489359510940618,0.11944185574475143,0.19769431401197474,0.13035250861911624,0.18925020515537866,0.17147210411158886
pima,l1_logistic,logistic,11,0.10779076229636178,0.1982221168565896,0.1243618627569,0.20099001927431054,0.20275832560335222,0.11947253904129411,0.20661875472317764,0.1336878531764091,0.18634045109561803,0.17488728061510203
pima,l1_logistic,logistic,12,0.11094917064668507,0.20247916010900782,0.12957335351144197,0.20007618664331744,0.1861652965933814,0.12261663482545919,0.20246919985676973,0.13459889637618755,0.18735951674835563,0.1726276706083304
pima,l1_logistic,logistic,13,0.11302143154694591,0.20573694045653484,0.12898039716908574,0.19858527330776168,0.1918385161357133,0.12181591060743917,0.20812099365229636,0.13305858057216788,0.19428514324052182,0.1696521674788739
pima,l1_logistic,logistic,14,0.11102915232202232,0.19901862666268028,0.12875840077922163,0.20316335823884923,0.19075202213137907,0.12018262849408157,0.20388561130213378,0.1338851107458793,0.1880200880366313,0.16442675598231543
pima,l1_logistic,logistic,15,0.11535316954331357,0.1986059608319404,0.1276808074324327,0.1956829312598817,0.18971061029615702,0.11911135190349333,0.20028657590336346,0.13093746003211393,0.19125886395541775,0.17754236592108197
pima,l1_logistic,logistic,16,0.11385898483065097,0.20133748097649068,0.1275286987362376,0.1911373738012625,0.19346521548535034,0.11784233882446575,0.1989305882481971,0.13174053725290652,0.19096831552998955,0.16104588853898089
pima,l1_logistic,logistic,17,0.1111558241223718,0.20070397467826578,0.12730668167311246,0.1907139019882494,0.199138811619283,0.12048566754696,0.19950231474901792,0.12874089456906507,0.19111058055710406,0.16959331604819203
pima,l1_logistic,logistic,18,0.1134169961297985,0.19998046140532966,0.13052201094293503,0.196177287394974,0.19372910785989142,0.11964344316606083,0.20215410415090618,0.13410768137029705,0.18672682304882324,0.1708365122426799
pima,l1_logistic,logistic,19,0.11489828035370449,0.20361421834070922,0.13155166996619255,0.1954108591621998,0.19247352312494123,0.11983615467538344,0.2042211294109846,0.13329292033959006,0.19163149335840296,0.1686705604331683
pima,l1_logistic,logistic,20,0.1104382050181664,0.20123906378022627,0.12749775120710505,0.2023979145498933,0.19575148125017403,0.11987902768716979,0.20083733029580503,0.13233001033691869,0.191529219272757,0.168454561540304
pima,l1_logistic,logistic,21,0.11416605616371589,0.1978913863145984,0.12746812696269394,0.19894025311305183,0.1969255391809667,0.12046551962364602,0.19735905488191435,0.13155690091804628,0.1904433302913809,0.16890392970405585
pima,l1_logistic,logistic,22,0.10647982861855451,0.19997087452344992,0.12506070236512185,0.19994183521300096,0.19475572400406316,0.11746475113347477,0.20560640188613633,0.13320987528494838,0.18948190793790665,0.1713942893403985
pima,l1_logistic,logistic,23,0.11559714993352599,0.19517838767607792,0.12790497858562358,0.195773428174211,0.18955088433567321,0.12088997279313073,0.197805739404134,0.13165131825757445,0.18843046095462337,0.17023336438256154
pima,l1_logistic,logistic,24,0.11451528891528895,0.19771733571833394,0.12758637557060443,0.20485682365236854,0.1940018102898975,0.11820624464576321,0.2014286115845613,0.13217042144096502,0.18640413740476172,0.17396443925408986
pima,l1_logistic,logistic,25,0.11833440854822407,0.202584595764574,0.12807127001491872,0.19665497068692675,0.19357787625358833,0.12238563982179936,0.20249730481790196,0.1319441408199722,0.18698430753630887,0.17069531047707173
pima,l1_logistic,logistic,26,0.11274331109668187,0.19899532328364294,0.1292669940846614,0.19745415256165091,0.19366132758833585,0.1196690004773964,0.20848870142249307,0.1357435504286426,0.18163030121754467,0.17188101459804794
pima,l1_logistic,logistic,27,0.11437927073070275,0.19825913715556176,0.12768894155344085,0.19196285881065256,0.18977324260708706,0.11984028474428454,0.20211804245550583,0.1328918822494621,0.19210263884959095,0.16763633979117337
pima,l1_logistic,logistic,28,0.11278520307017516,0.1969531434928392,0.1281558584283981,0.20356207835706813,0.186609558333929,0.12183392654843303,0.19943781996997273,0.13307895340388817,0.1852361862126525,0.16626677133491388
pima,l1_logistic,logistic,29,0.11188993668856977,0.20505617978440482,0.12757841421300903,0.1991400151457243,0.18995310629286513,0.120136940051994,0.20738455766149494,0.13162449836523565,0.18912097861780383,0.1702918432995414
pima,l1_logistic,rf,0,0.11269474056618933,0.2052925006464949,0.14095393721352226,0.19675816270327637,0.16514272721321385,0.16980774559504888,0.25551336519301887,0.18360559228022316,0.16273542543439398,0.12382844096254557
pima,l1_logistic,rf,1,0.11439912499997368,0.19537363559284476,0.13504714721277755,0.19404957257728084,0.15809560783147367,0.16213370871614782,0.2582589593703046,0.17396856558086604,0.17025433941614126,0.13196237295133253
pima,l1_logistic,rf,2,0.11395901048716539,0.2083439940430742,0.1372150078187399,0.1942775213577888,0.16146376866372258,0.1666366184469419,0.26677314748878556,0.18289786403209451,0.17286963923709747,0.1308686546778861
pima,l1_logistic,rf,3,0.113164977467449,0.20660293587785422,0.13559247562604693,0.18693001908099074,0.16875268739144156,0.1615033158443115,0.25208399632539097,0.1725802098758307,0.16541944376388945,0.13597498054059157
pima,l1_logistic,rf,4,0.11410384371046745,0.1999596879660496,0.13858267503012317,0.17607652755273664,0.16873251869323452,0.1704801786937541,0.2414829439675689,0.17960720666907878,0.17297803321247932,0.12832544950914015
pima,l1_logistic,rf,5,0.12284914164532762,0.21553958360463196,0.14521440351533416,0.17888158246698208,0.1693319119369623,0.16380941717761355,0.25708150590269524,0.18047201954216147,0.1664838331886511,0.12613538003939267
pima,l1_logistic,rf,6,0.10448189527197829,0.18493796512876057,0.12205071456604698,0.20298863389545582,0.1795710233907858,0.16395076354505642,0.24135454829134373,0.1721557489526399,0.1808720327983642,0.14091757520901801
pima,l1_logistic,rf,7,0.12062032392925112,0.23059294238595957,0.14911956361085701,0.18529108351932008,0.16884843944981043,0.15958564710334458,0.26557537751272475,0.1812955750141503,0.16105617185944351,0.12488433620020245
pima,l1_logistic,rf,8,0.11820972686045614,0.20758317705404955,0.14063427104457768,0.19279250272925652,0.1637073254978333,0.1629005817336901,0.25535015017874657,0.18296466412875081,0.1537921808081384,0.1189946690022611
pima,l1_logistic,rf,9,0.11608797378086834,0.19472495809535442,0.13295943054140383,0.1860602036301483,0.16519248305130793,0.16180405652605734,0.24482487127234187,0.17862417709007233,0.1790715419824096,0.13417641991824886
pima,l1_logistic,rf,10,0.11746446767821236,0.19418895983376683,0.13635114062454287,0.19350374147927352,0.17135548529037964,0.16868130358351,0.2624013734240066,0.18381072562827314,0.15831089262961479,0.11683911654339614
pima,l1_logistic,rf,11,0.11459124080817717,0.2120445196612618,0.13975395637971794,0.18346533168991386,0.17253401973772953,0.15203152785552476,0.27155047212454303,0.1808408311875951,0.17052804349812653,0.12819148549935275
pima,l1_logistic,rf,12,0.12222465179241115,0.21511252929894842,0.14503534040437685,0.1808547752404719,0.15800915035987181,0.17254598482916958,0.26172767705330685,0.18476511792881112,0.1812917904773713,0.13552246107693391
pima,l1_logistic,rf,13,0.10891651100715058,0.20731151748408758,0.13639251899727167,0.1967764550418918,0.18055651703375983,0.16242188942697788,0.2464464757945641,0.1758892178710997,0.1747942275339567,0.12714773230177934
pima,l1_logistic,rf,14,0.11256444285608294,0.21341498613705115,0.14045768999419264,0.1856470055395734,0.17629816978462948,0.15247962672903018,0.2568664849807086,0.17116866377227824,0.1849850586091561,0.1425440125340898
pima,l1_logistic,rf,15,0.12353570071319847,0.2045094409208735,0.14791873761416513,0.18164286748807623,0.16563160047662323,0.16367179922503824,0.24574876209905977,0.1747853897037535,0.17173271809187607,0.1286626087841225
pima,l1_logistic,rf,16,0.11221369409415051,0.2000353401581037,0.13714527910469074,0.19113485534053232,0.17101108759679445,0.1681984115401488,0.23967230558170066,0.17983125841287134,0.17954770812659135,0.1409492084765933
pima,l1_logistic,rf,17,0.11075232653460379,0.20112148367804294,0.13772716427527865,0.19204860098574866,0.15827284822442678,0.16442943476424676,0.2557268312077373,0.18548307875467132,0.16409604005206607,0.11498202600263391
pima,l1_logistic,rf,18,0.11584132071249564,0.21134882852025028,0.13957806882524199,0.17880011491775272,0.1584892781111574,0.15197685093019894,0.24799029007045426,0.1711333491087271,0.16901650325384662,0.12095380807907705
pima,l1_logistic,rf,19,0.11268098200865787,0.21332751963426141,0.14023397109353425,0.1844359625761756,0.16707757316239769,0.15971382405351472,0.2553852759284211,0.1752022541218422,0.17714306890654638,0.11876519742608427
pima,l1_logistic,rf,20,0.11279162893479,0.20968020917958075,0.1383890213076032,0.1922099471805526,0.1631242025097574,0.17162887519244455,0.25909413879005216,0.1800360558745279,0.16825237573537358,0.13281608425267272
pima,l1_logistic,rf,21,0.11431374346756815,0.2058962607351193,0.13712361815590504,0.19556736589945098,0.16193103972502051,0.18959091340064504,0.2615268507378523,0.1913582706848863,0.16388586166885788,0.10628833566240818
pima,l1_logistic,rf,22,0.11211015587611553,0.20457047901483386,0.1366118749992185,0.1968454985207193,0.1812340037666973,0.16348591999297646,0.25440846699433495,0.17354265487883602,0.17008032992740424,0.1317080822299792
pima,l1_logistic,rf,23,0.11245595613751926,0.18724007560581746,0.13055340390744705,0.18181571249872816,0.1647297280885408,0.16123068370130753,0.2810782005194089,0.1873705987412334,0.16610052322609534,0.12036052944173924
pima,l1_logistic,rf,24,0.10688008032732108,0.19634055812219933,0.13040323314988597,0.19050613713167208,0.1599213105572004,0.17233986713715793,0.24416839338114993,0.17951201598385258,0.16280834714469722,0.12844913992554732
pima,l1_logistic,rf,25,0.11154139834186257,0.2127014208980907,0.13682931679492397,0.1758122986924142,0.17078901509875946,0.15879718065442505,0.24901333485149624,0.17078186853681593,0.16711756758030638,0.1382463610157162
pima,l1_logistic,rf,26,0.11140761004865649,0.20073254123451417,0.13587725309822393,0.18942654016024174,0.16142577218583815,0.1632363640228432,0.2491473788794819,0.1835919650891027,0.16800344306008594,0.12373000926436925
pima,l1_logistic,rf,27,0.1186447090523648,0.2061522276727462,0.1428875542461492,0.17859809975003896,0.1618827479617952,0.16811415793278137,0.25765778722750443,0.18544200777605113,0.15881944405754048,0.11724956919330813
pima,l1_logistic,rf,28,0.11259729156808818,0.19863661703123164,0.13241854718711965,0.1980334984384988,0.17848428588870763,0.16596178536192385,0.24967482247504916,0.18259623840042802,0.1696339534031185,0.12582237336019172
pima,l1_logistic,rf,29,0.11198475195437158,0.21149859130394427,0.13965459577312542,0.19718215127414193,0.17356513996116804,0.16757392343076774,0.2670953453839908,0.1828284602920866,0.17174183702520787,0.12963134454375952
ilpd,mutual_info,logistic,0,0.12844204118242777,0.3451684140228115,0.24086782137978696,0.6476964997296303,0.651077135408663,0.15179248266042378,0.37812441321679324,0.27522940057591994,0.6374106255889004,0.6159010864289199
ilpd,mutual_info,logistic,1,0.12935690008484835,0.38045849094654444,0.25503574955714514,0.6477888186029471,0.6523732432417327,0.1545832991956654,0.37794921196322623,0.30107124908659194,0.6497017908231751,0.6072259160055321
ilpd,mutual_info,logistic,2,0.1340218138618313,0.36159826602332196,0.2572357792573521,0.6527457541096726,0.6305913689325252,0.14699208728317475,0.3808338101971796,0.28960609073902355,0.6466289995146064,0.6157881431264578
ilpd,mutual_info,logistic,3,0.12806210487197306,0.3500740274476847,0.24558337644876188,0.6457461305853119,0.6409739198191494,0.15800591019555116,0.383770293796485,0.2964784329306842,0.6404834168974692,0.6097555038117828
ilpd,mutual_info,logistic,4,0.12916469165886793,0.36247102700403255,0.25280216813066647,0.6627448697693618,0.6520735576590505,0.15265524020022483,0.38616508584390974,0.29886463264916413,0.6558473734403124,0.6097555038117828
ilpd,mutual_info,logistic,5,0.13011990798053688,0.3440562349224214,0.24366549966475398,0.6605027549571484,0.643501551897219,0.1626463894746606,0.38134901437929936,0.3008892292450978,0.6466289995146064,0.597464338577508
ilpd,mutual_info,logistic,6,0.12972123060347188,0.3531496801853483,0.2512078690928836,0.6528627034644503,0.6354169145792676,0.14863581712432408,0.37494611420043555,0.2880399735554544,0.6497017908231751,0.6189738777374887
ilpd,mutual_info,logistic,7,0.12744052779924708,0.3535898536180746,0.24768886505075555,0.6595747129584522,0.6380641086933997,0.14978250799814152,0.3805662259974858,0.29988129379339057,0.6404834168974692,0.6098684471142449
ilpd,mutual_info,logistic,8,0.12814059869143266,0.3654278977980569,0.2559995002655545,0.6589105306617973,0.6368113202395427,0.15821714168158937,0.3791449608350471,0.3010101131265276,0.6435562082060376,0.597464338577508
ilpd,mutual_info,logistic,9,0.12808316288077587,0.36197036161188945,0.24051158031444067,0.6525036500049076,0.6486979898669568,0.15040733949547014,0.37782646595327846,0.27082905237898036,0.6435562082060376,0.6097555038117828
ilpd,mutual_info,logistic,10,0.13199806576539855,0.3497190071935014,0.2526215777978633,0.6604627603158437,0.6425757399373374,0.15089969747835885,0.3812238686807886,0.29474186354674564,0.6527745821317437,0.6189738777374887
ilpd,mutual_info,logistic,11,0.13095659100922816,0.3749102509156316,0.2541807060037631,0.6548614408263267,0.6449724275105119,0.1462298721608261,0.3798674450182695,0.2751305014850648,0.6343378342803317,0.6128282951203514
ilpd,mutual_info,logistic,12,0.12709558080609012,0.36454273741094834,0.25946782978835725,0.6482068172374238,0.6343772187359459,0.14367678930463962,0.3806870267381143,0.2787155353029455,0.6404834168974692,0.6159010864289199
ilpd,mutual_info,logistic,13,0.13032558266423483,0.35112874423944135,0.25385832557834087,0.6563946797202277,0.6450850774537469,0.14949324504393882,0.38118523676186256,0.2781505501545042,0.6619929560574496,0.6159010864289199
ilpd,mutual_info,logistic,14,0.12971913182574027,0.3606171478768272,0.26257226823569035,0.6431148258650473,0.6498237665301962,0.15279876489892938,0.37717577236623195,0.29440322024839227,0.6527745821317437,0.6189738777374887
ilpd,mutual_info,logistic,15,0.12857665858937595,0.36570959675640197,0.2554325081643522,0.650498745805416,0.6426249562621746,0.14982957729655216,0.38055146144879876,0.2793318602026217,0.6527745821317437,0.6128282951203514
ilpd,mutual_info,logistic,16,0.13210975042255785,0.35794468619700076,0.2591689149521282,0.6517436082474292,0.6359655740907647,0.141184885281087,0.38307003026406455,0.279391341260143,0.6558473734403124,0.625119460354626
ilpd,mutual_info,logistic,17,0.1290957338227137,0.3331086758813586,0.2432908889181859,0.6579949267527048,0.649592982101653,0.15296403037324194,0.3656399789306597,0.2917732760597344,0.6466289995146064,0.6097555038117828
ilpd,mutual_info,logistic,18,0.12788787063991358,0.3496709438497101,0.24865231407034108,0.6485167023677288,0.6366330938800767,0.16155756840876076,0.3815698263023358,0.29870891786623965,0.6281922516631946,0.6159010864289199
ilpd,mutual_info,logistic,19,0.1330747822977189,0.35357136970208036,0.2647349046482113,0.6599906092686638,0.6402456661666464,0.15345459961891839,0.3642768634765876,0.2785669522975245,0.6374106255889004,0.6132693118252037
ilpd,mutual_info,logistic,20,0.12629788824011484,0.35883295337490984,0.2436817222282834,0.6426729566342732,0.6455209475338449,0.14245486851789974,0.3853066953433515,0.28112727804886484,0.658920164748881,0.606682712503214
ilpd,mutual_info,logistic,21,0.1283589298148306,0.34943899922935096,0.26106041368678157,0.6535633528167047,0.6555219763258924,0.14802408073106776,0.3802980442968552,0.29466722739094575,0.6527745821317437,0.6252324036570881
ilpd,mutual_info,logistic,22,0.13327046477113286,0.3602353361112963,0.26620219157238323,0.6423399641503491,0.6424727113264371,0.16032047594432808,0.3817993254557721,0.2960919016157354,0.6466289995146064,0.6128282951203514
ilpd,mutual_info,logistic,23,0.12842727168183887,0.3539315683820167,0.24445199639468396,0.6425611867687196,0.6495557042218869,0.15100748757605026,0.38474283461404424,0.2923439707632336,0.6435562082060376,0.6189738777374887
ilpd,mutual_info,logistic,24,0.1274254281597844,0.36197130849366177,0.2511285643102491,0.6449782521792254,0.6434637085569135,0.14080432975724638,0.3822258284200976,0.2771634795676601,0.658920164748881,0.6128282951203514
ilpd,mutual_info,logistic,25,0.1299124058080662,0.3520750133055373,0.24854312987710317,0.6482456989451163,0.6467635599073149,0.15630194538012787,0.3736775640127198,0.2928372350357199,0.6527745821317437,0.6067956558056762
ilpd,mutual_info,logistic,26,0.13016165040042113,0.34679429808765055,0.2576546295763169,0.6547225819161427,0.6457315519071963,0.15267540696778747,0.3724234580175574,0.2817621328162133,0.6435562082060376,0.6220466690460573
ilpd,mutual_info,logistic,27,0.1314085372801357,0.3758462846909366,0.2521470976119745,0.6475391699006217,0.6367492428761229,0.15060040375637312,0.37086963108578747,0.2944120685963164,0.6404834168974692,0.6100835772141728
ilpd,mutual_info,logistic,28,0.1315589187805653,0.38254075957728684,0.26267549594961465,0.6536699816099503,0.6481620820810712,0.15413242060493149,0.3858798985844898,0.28985391820570355,0.6466289995146064,0.6189738777374887
ilpd,mutual_info,logistic,29,0.12868761093193654,0.3715889956712023,0.2526446343085982,0.6577200171864399,0.6400712237160526,0.15755466451752734,0.38308947019555073,0.29949626029645016,0.6558473734403124,0.58846109475173
ilpd,mutual_info,rf,0,0.14494987436754275,0.45382200080894786,0.32351000351072523,0.6293943478737675,0.6069153287448863,0.21295194477995882,0.4431356291511182,0.3549395074556051,0.6020283355513688,0.5327073968525807
ilpd,mutual_info,rf,1,0.1438108692769771,0.4772663741836753,0.2940116462753244,0.6343970581452827,0.6076640346538237,0.19067882122225513,0.41857854144476714,0.3175785553435108,0.6084353930612706,0.5623604225828054
ilpd,mutual_info,rf,2,0.13611361953810924,0.42686909813044965,0.2859320341594017,0.6318868427596334,0.6199372561646864,0.1928343670189468,0.4109664410135279,0.32069581408500925,0.5898744437840214,0.5585844022741302
ilpd,mutual_info,rf,3,0.14195692616111436,0.44961341665586524,0.289699703368303,0.6279304347164397,0.6007599360887694,0.18865275629765146,0.4174922864284909,0.31389560531682625,0.5996413633384593,0.555217048294318
ilpd,mutual_info,rf,4,0.13306854852052813,0.4554303378776617,0.2754196316683109,0.6463207858170887,0.5917466093437804,0.216629802785927,0.4226457441206748,0.33486016673230107,0.5792641725832666,0.535244589229559
ilpd,mutual_info,rf,5,0.1352946674335509,0.4624549449012101,0.28592700725231773,0.6302467790404781,0.5924490244337556,0.16844748314307592,0.39150863615474146,0.2891977388454421,0.6289910069259046,0.5706671029197558
ilpd,mutual_info,rf,6,0.13654052485428403,0.43592247114226773,0.2825591325743233,0.6369283633207629,0.6085452620347158,0.18414544821828177,0.394522377250762,0.2994388985432531,0.5911892950734,0.56489392934306
ilpd,mutual_info,rf,7,0.14136582644712667,0.4081530862927075,0.28045550917991374,0.6350159654450241,0.6098934733982656,0.2089466791828169,0.42745465811110506,0.33182920565371754,0.5908862171023473,0.5556512511256498
ilpd,mutual_info,rf,8,0.13773007400285336,0.44829048521127457,0.2916411825922659,0.6394003260250681,0.6057203783616995,0.20896058716825414,0.4814997568264719,0.36209477702800125,0.5774299971869471,0.5464434593632691
ilpd,mutual_info,rf,9,0.1402049530004799,0.40695019121581566,0.28098732635236184,0.6448452736775699,0.6077601478360872,0.17807535653525933,0.3837315515343098,0.3047245724153965,0.600209652344,0.573017806422195
ilpd,mutual_info,rf,10,0.1393327043453456,0.4321097914223098,0.2815198316617423,0.6566054200619288,0.6001840018227464,0.20476503812986696,0.46353714015676206,0.35138485648082685,0.5754940206204379,0.5434988607851531
ilpd,mutual_info,rf,11,0.12785501233825597,0.40672405766063846,0.2556487329183664,0.6557594328230546,0.5929320267594129,0.19639046123968656,0.40135459818413943,0.31198256094421173,0.5953905985617537,0.5529937937223716
ilpd,mutual_info,rf,12,0.1375624904434172,0.3908012594660508,0.26597256946527026,0.6614964398523694,0.6257283812397011,0.18916484440641584,0.3917869884870039,0.3192120696824312,0.6029536495823163,0.5621556649473408
ilpd,mutual_info,rf,13,0.15247404510910684,0.43384494699666126,0.30857946697692457,0.635041572037868,0.6090667651465926,0.20570026502482414,0.3927203569858531,0.3354012425584109,0.6082045255506758,0.5573615522927414
ilpd,mutual_info,rf,14,0.14325691965657225,0.44450897494768105,0.3036067205239616,0.6377354276671213,0.6112136109729369,0.2032760745371662,0.42094262165705054,0.32926402209523764,0.5892812367081487,0.5542606355030874
ilpd,mutual_info,rf,15,0.13885037882179302,0.41339288919666634,0.2769465517858537,0.6505984847873467,0.6189162390691867,0.20878860910882038,0.4127838797946414,0.3440537182701774,0.5916432106707153,0.5430092322885028
ilpd,mutual_info,rf,16,0.1596214689584053,0.443542489477604,0.31320720661612994,0.6385801027561842,0.605514234693107,0.1740555548974636,0.4155293307794747,0.285757023646751,0.5930021681567874,0.5647528934413267
ilpd,mutual_info,rf,17,0.1393706586298201,0.41123846595744495,0.28006865931986635,0.6329776367245178,0.6105155994792759,0.1831117960427545,0.37782049905395665,0.3015009684965541,0.5942479358830781,0.5624512889267848
ilpd,mutual_info,rf,18,0.1333939335942554,0.4451638705973616,0.2718531202586766,0.6462011582099197,0.617215632140778,0.1907844276376657,0.3885225716365863,0.3188107672409527,0.594060101483175,0.5584312326166961
ilpd,mutual_info,rf,19,0.14479239181376155,0.4476965968054093,0.29818682787623585,0.6544722812874879,0.6214925035286288,0.2159714360352229,0.43681745369961333,0.33927922456721005,0.5914512665809093,0.5415244951384482
ilpd,mutual_info,rf,20,0.13537922969277993,0.42608262915533446,0.27886209492214514,0.6510132991647326,0.6153690370121282,0.23530334800756927,0.4448363981785879,0.34081890839988993,0.5750423443435734,0.5190564665449899
ilpd,mutual_info,rf,21,0.14229940255281717,0.42598468879557094,0.27830816566161315,0.6410704637025705,0.6021382177485805,0.19149767090220207,0.3793729573494889,0.2987100395137929,0.575885149479889,0.5494063679283043
ilpd,mutual_info,rf,22,0.13248817179760117,0.4271826154449997,0.27101270037964054,0.6470455759423763,0.6115854382286662,0.2033114816418922,0.3861853890757889,0.29802392631482644,0.6214676492714297,0.5710689977761273
ilpd,mutual_info,rf,23,0.13687486780619457,0.40891140487277744,0.263665008769249,0.6427253098390097,0.6133206744111007,0.19554368449692497,0.41366851305029917,0.32698824165403584,0.5974219879945439,0.5627900338816264
ilpd,mutual_info,rf,24,0.1553741730474101,0.4662602645192524,0.3090961313453607,0.6368506262152388,0.5998970647013117,0.20277195208701343,0.4236743082290539,0.31837905100163844,0.5956309119153506,0.5510497752698917
ilpd,mutual_info,rf,25,0.13990118836349397,0.43147485167509037,0.2928040560211338,0.6489060285520468,0.6122620588091975,0.19364284045913815,0.4023203783193161,0.31873372994942845,0.6013542088632339,0.5551542267916599
ilpd,mutual_info,rf,26,0.15756204552475866,0.4295169199809735,0.30536154090070233,0.6413362825163389,0.6127668705692764,0.2058112936290969,0.42297727303183136,0.33286337496036844,0.5663706341927943,0.5388335486146106
ilpd,mutual_info,rf,27,0.13314588042758607,0.4432948550718733,0.27091361471096154,0.6434333886492624,0.6072150555932835,0.20459645474883736,0.3818793670974636,0.32440443406702457,0.5874817845961665,0.5747978196717123
ilpd,mutual_info,rf,28,0.15261565623362666,0.42430581081852786,0.28899514890836936,0.6416139692732967,0.6163887441841864,0.22673615868306082,0.43756274149356267,0.36013740139432315,0.5648400295913847,0.5396273172600433
ilpd,mutual_info,rf,29,0.16474200928127228,0.4238943810822964,0.296226337615593,0.6304974047768435,0.5943389445549678,0.20776712166495484,0.3867120088596021,0.3131596751414482,0.6122882046344954,0.5587954913677666
ilpd,rf_importance,logistic,0,0.13259311699908666,0.36538380356617106,0.264966297087489,0.6609904050666341,0.6347668380538806,0.1765414412412102,0.3756060650223122,0.3276466623933231,0.6497017908231751,0.606682712503214
ilpd,rf_importance,logistic,1,0.13529052150058105,0.3981654090581851,0.2615390636066389,0.6548091421038125,0.6513716553179972,0.1645506622131149,0.38329813593485673,0.2908263655024509,0.6466289995146064,0.6189738777374887
ilpd,rf_importance,logistic,2,0.13058557134956889,0.34704279969426965,0.25488385432001004,0.6557206762668369,0.6432136984700327,0.1694919525673722,0.37830480974432995,0.296347074804824,0.6497017908231751,0.5883589079542643
ilpd,rf_importance,logistic,3,0.13087673212202444,0.35063021655090554,0.249088902152657,0.6612299839781479,0.6545308430447602,0.15611512599169625,0.3828877859114729,0.29094946747473815,0.6497017908231751,0.6128282951203514
ilpd,rf_importance,logistic,4,0.13034940546079832,0.3507715141303188,0.25540036589216775,0.6686680287794601,0.6482798466786581,0.16042397121077684,0.377785232624596,0.28122475030423844,0.6497017908231751,0.6159010864289199
ilpd,rf_importance,logistic,5,0.13135111766534938,0.3519720808533714,0.2583676094159846,0.6510045353773117,0.6434604816054146,0.1670296168436185,0.38369978363316226,0.303171381074701,0.6343378342803317,0.597464338577508
ilpd,rf_importance,logistic,6,0.13333160107822845,0.34815652862366203,0.2665571789565306,0.6432699448708944,0.6288115988077665,0.1635091505742661,0.3842049903485232,0.29547819995854907,0.668138538674587,0.606682712503214
ilpd,rf_importance,logistic,7,0.1332681609507197,0.3583170663125873,0.26316543985717944,0.652442104089363,0.6274814485495955,0.1573481297202044,0.3785551604074345,0.29476678752239915,0.6466289995146064,0.6252324036570881
ilpd,rf_importance,logistic,8,0.1322923896314907,0.3584986607056558,0.25454715470805284,0.641820016807055,0.6371175575116318,0.17334961584288217,0.37573642426045717,0.3005035710254169,0.6404834168974692,0.591431699262833
ilpd,rf_importance,logistic,9,0.12991117792386686,0.356099058740572,0.255845802209984,0.6618781803227134,0.6579114957301249,0.15870166864407168,0.3802248508319022,0.2986834518082743,0.6619929560574496,0.6097555038117828
ilpd,rf_importance,logistic,10,0.12863612350544304,0.34420253652936367,0.24722521263161618,0.6445454717717835,0.6492375965300546,0.15328003206785457,0.38002756768484314,0.2684594876449443,0.6650657473660184,0.6220466690460573
ilpd,rf_importance,logistic,11,0.1318650422206027,0.33997991633178504,0.24705526032931358,0.6391102256552422,0.6425456217233475,0.1623537743858575,0.37620144483631296,0.2961876892590081,0.6558473734403124,0.6128282951203514
ilpd,rf_importance,logistic,12,0.1310312197959065,0.34092611704777026,0.2426523836864993,0.655501911063442,0.6386874397383048,0.15957371325792993,0.3779356070175069,0.2967708604449901,0.668138538674587,0.600537129886077
ilpd,rf_importance,logistic,13,0.1295164533615205,0.3534596556638072,0.24712949904407358,0.6634038099368512,0.6455173996713589,0.17178388405340253,0.3860247614133667,0.2967176917459163,0.6527745821317437,0.6036099211946455
ilpd,rf_importance,logistic,14,0.1289932794886143,0.3690335789002967,0.25232944977811766,0.6456912128876683,0.6490952280216319,0.16285280223218818,0.38636916560603796,0.3079021184029461,0.6619929560574496,0.6189738777374887
ilpd,rf_importance,logistic,15,0.1290812583792039,0.36762114833277726,0.25636368043109903,0.6530984847312084,0.6494595504207018,0.16741627272010964,0.3848533008738587,0.29931897125650275,0.6527745821317437,0.6037228644971077
ilpd,rf_importance,logistic,16,0.13061247648795687,0.3533209098078147,0.24393341999120133,0.6581612921767281,0.6497764601472615,0.1612760021839147,0.3776144452320752,0.28104285896084064,0.6712113299831555,0.6128282951203514
ilpd,rf_importance,logistic,17,0.13270044646161852,0.34740289781853323,0.26323778027801426,0.6483806517116482,0.6371341004210946,0.16017497824425236,0.38368970827488036,0.30124164692111066,0.6435562082060376,0.600537129886077
ilpd,rf_importance,logistic,18,0.1296028735054916,0.3433718405040705,0.24868816306769484,0.6593555651125868,0.6466285466374867,0.16022868085977154,0.38203104261067855,0.30093380306976636,0.658920164748881,0.625119460354626
ilpd,rf_importance,logistic,19,0.12925835161605465,0.3573986977191452,0.25448122840609344,0.6453209552787271,0.6342570307360474,0.1625909584772243,0.38123391165072273,0.30168029703333366,0.6435562082060376,0.6312650429717633
ilpd,rf_importance,logistic,20,0.13234801949199784,0.35027637830165503,0.24665575098576253,0.6495389722005103,0.630764119253084,0.1670939592018285,0.3697753383041656,0.284664968404556,0.6497017908231751,0.6037228644971077
ilpd,rf_importance,logistic,21,0.1293847134981319,0.3620091561403225,0.25150093425556924,0.6498160393616189,0.6550804409279138,0.16510541040190096,0.37867657979436364,0.2819410572689883,0.6650657473660184,0.597464338577508
ilpd,rf_importance,logistic,22,0.1278349456256404,0.36637499242870264,0.2486539195269858,0.6513564601603461,0.6424889948893369,0.16147114625367542,0.38183011931384525,0.29413608290656923,0.6527745821317437,0.6189631212324922
ilpd,rf_importance,logistic,23,0.12794954582535367,0.3544504766260774,0.24529073052835831,0.6538205310725277,0.640391299890815,0.1605620268924685,0.37511586546772513,0.2904388837083597,0.6466289995146064,0.6128282951203514
ilpd,rf_importance,logistic,24,0.1311750304358754,0.3466123393535936,0.24510692886374005,0.6605101484599899,0.6475801168965191,0.18163778988159196,0.3721885506759969,0.30322683844791265,0.6558473734403124,0.606682712503214
ilpd,rf_importance,logistic,25,0.12894813872296265,0.3623452212190224,0.24826766141559703,0.6607654985351217,0.6534087057365708,0.16656250042410012,0.383379267948418,0.2943658100983736,0.6435562082060376,0.606682712503214
ilpd,rf_importance,logistic,26,0.12544736632074274,0.35312641419471547,0.24276565537378172,0.6507899154673442,0.6370096991024407,0.1512218428966964,0.3855867385928912,0.2756913342917498,0.6619929560574496,0.625119460354626
ilpd,rf_importance,logistic,27,0.13262914177464097,0.35769313371083894,0.2527143451143956,0.654058807771456,0.6491023366684123,0.15548032678482546,0.38718583645810556,0.28194919237891736,0.6619929560574496,0.6282944384606604
ilpd,rf_importance,logistic,28,0.12995269696031142,0.3359501081930112,0.265131818593027,0.6513930705415808,0.6352117874730102,0.16696753010430035,0.38618783045534133,0.3215230159583237,0.6343378342803317,0.6159010864289199
ilpd,rf_importance,logistic,29,0.13241287827231224,0.3644279350217206,0.2503380708575252,0.6575360321413268,0.6530435117629857,0.16670397835088166,0.37896465695340853,0.28929711957990084,0.6712113299831555,0.597464338577508
ilpd,rf_importance,rf,0,0.13771005482269127,0.4140827894758295,0.295466750868825,0.6345896772033719,0.5956743140384326,0.19935172479121618,0.39718170773790423,0.3431923123601234,0.582262092120883,0.5628082007919799
ilpd,rf_importance,rf,1,0.13547166430967403,0.44966490178415064,0.29247512802054926,0.6419101796408002,0.6176646170618814,0.19568919461158768,0.4574017602048274,0.33669555568641596,0.5762243602170467,0.5480177849043169
ilpd,rf_importance,rf,2,0.13188735019421777,0.46429313329419064,0.28073440666919214,0.6713253809177574,0.6127385016985756,0.1975040034832356,0.4450441956219466,0.3334618346355024,0.5808886534785945,0.5345377477687603
ilpd,rf_importance,rf,3,0.13844354495683134,0.4168081236825272,0.28022975525088845,0.6360706049083621,0.6159382237175499,0.2102722236178859,0.4200658690584562,0.32281961824805727,0.5990494437585926,0.5451634278858546
ilpd,rf_importance,rf,4,0.143705502326183,0.4440679155484878,0.28425039422423437,0.6399749571841445,0.6002008252716907,0.21911268665212524,0.39964359749848966,0.3296683377070139,0.5895656968092308,0.5443791673217849
ilpd,rf_importance,rf,5,0.14071654540548356,0.4691310459136573,0.3078268251724103,0.6460082783020064,0.6094379492472094,0.20893781612487805,0.4561049437573957,0.35389328007532117,0.5993845790395768,0.5527650392307513
ilpd,rf_importance,rf,6,0.13681428961581152,0.3749299332850163,0.2573002149054331,0.640961846763566,0.621457468940319,0.19881219101490757,0.4298099333984061,0.3326163187218288,0.6045877889376738,0.5597363390069049
ilpd,rf_importance,rf,7,0.13962487885247116,0.41119157184015787,0.28245092011063966,0.627062901190073,0.6141208441076094,0.18827983650808217,0.4228335492291463,0.3242661030481179,0.596168754726862,0.5666391126073533
ilpd,rf_importance,rf,8,0.15796371648481633,0.4642546076187918,0.31433108067920945,0.64285917830051,0.6136624750425056,0.2397048036434376,0.44854327997042964,0.3740873379695163,0.5613226826456664,0.5455738471328767
ilpd,rf_importance,rf,9,0.13605492379168932,0.45304504980281346,0.282370392287879,0.6550267885498758,0.6191181990210998,0.19790153550758785,0.4243495736903171,0.32724159432098854,0.5936929924531517,0.5456138245103366
ilpd,rf_importance,rf,10,0.15532023935399536,0.4766843679765008,0.30850918855509346,0.6373220093505387,0.5904014551031436,0.21101086366610364,0.40862045173988804,0.318380636163054,0.5743934815409906,0.5377760734067432
ilpd,rf_importance,rf,11,0.14625164201174864,0.4574107720634988,0.3058634066296646,0.6418868008652122,0.5979333879783653,0.22895950424444148,0.47661279003619994,0.375465958956171,0.5789431598715037,0.5412302131464056
ilpd,rf_importance,rf,12,0.1561238457555069,0.46873018055555077,0.3154152385918967,0.6326882819058363,0.6000825179459711,0.23830294762032572,0.47241661743795493,0.3805046314532855,0.5569510480565822,0.5351067999441353
ilpd,rf_importance,rf,13,0.1282074066882452,0.4152163328280286,0.2776910322888365,0.649246417442764,0.6302152557717687,0.22484095811523097,0.4869996109385216,0.40556880515390725,0.5740581974151882,0.5353869931777837
ilpd,rf_importance,rf,14,0.14881830933101697,0.46327552363949376,0.29923052353673096,0.6334300343221844,0.6000794993098516,0.20817249353488176,0.4586293050897961,0.3393138776460234,0.5895459759184645,0.5429535038535485
ilpd,rf_importance,rf,15,0.13890000466684707,0.4561158000852041,0.314130971654488,0.634563438660874,0.6062897816244778,0.18195496230135577,0.44127695544288925,0.31895990719971773,0.6120595412717375,0.5661694615410472
ilpd,rf_importance,rf,16,0.14029473592974698,0.4022971420582922,0.280249250750012,0.6319230175836551,0.6180130493664189,0.20573287399537313,0.4131071514462293,0.3201691836335202,0.6032071978628694,0.5548146433749475
ilpd,rf_importance,rf,17,0.13795186649833835,0.42684235518086877,0.28558352433444717,0.648832969189563,0.6091871605975531,0.19438065729509357,0.42445396419561576,0.33979529961064225,0.6064788248453714,0.5581523179579955
ilpd,rf_importance,rf,18,0.1391710348527462,0.4583238933384627,0.2929289651328064,0.6216168457333605,0.6109561699499177,0.20326834478327466,0.4288570511515552,0.33400050162756884,0.5988660892434612,0.5405741141611863
ilpd,rf_importance,rf,19,0.13515700427875804,0.4237929011857997,0.29428917687161793,0.6448055359076397,0.6191123921386987,0.21519009677572465,0.4236161920739772,0.33855462709101597,0.5920501056131595,0.5375231054462454
ilpd,rf_importance,rf,20,0.12751151229542795,0.4185108842928014,0.25691433680771636,0.6325864436347985,0.623403236761428,0.20949320897100984,0.44006049359470456,0.3358958908496292,0.5861058157673105,0.5480791966323428
ilpd,rf_importance,rf,21,0.16204100604257604,0.45855365864663095,0.33097629550267366,0.62998134162427,0.5916311827698831,0.20876833279939086,0.4253540486414209,0.3474903326647124,0.58005375169685,0.5271613128285977
ilpd,rf_importance,rf,22,0.13903074223391151,0.4379345013447892,0.28915691000721044,0.635400796462025,0.6125311551655959,0.17830051082404508,0.42131386294819084,0.3000971143438827,0.6117879980338429,0.5666941811333559
ilpd,rf_importance,rf,23,0.13852749227534195,0.4349939340867177,0.3000234102342589,0.6423882808783224,0.5937844325192041,0.20246974045015337,0.4554986231954401,0.35481273086687326,0.5843710011600226,0.5477999629993221
ilpd,rf_importance,rf,24,0.1348027555768725,0.46913491404741214,0.2895374807236498,0.6464922943825117,0.6066148894766646,0.2106631445866004,0.43833032680009937,0.3567523762731545,0.5822579330049295,0.5324888731549766
ilpd,rf_importance,rf,25,0.14487078115107221,0.4838163136976258,0.31495895141971586,0.6362075053353129,0.6039353066892734,0.2227709962592874,0.4465594310743344,0.36301621605324974,0.5635689307225534,0.5127579163775775
ilpd,rf_importance,rf,26,0.14083165903293632,0.4248122987947197,0.2676277960288056,0.636233395062038,0.6231254412108157,0.20840269747935236,0.4213540028378563,0.32897401661269543,0.5828512105925491,0.5595706022720417
ilpd,rf_importance,rf,27,0.13938034312718928,0.4272155175232453,0.2928726941440192,0.6342478534298759,0.6025006063130014,0.218533571512517,0.4702561344709091,0.3745285457331339,0.5829957283435659,0.5230981985954479
ilpd,rf_importance,rf,28,0.1553209139657059,0.46478167872363285,0.2992871993626749,0.6449200242998888,0.6055713279490408,0.2196223770919149,0.42813743349878197,0.35704690786628396,0.5750431412101781,0.5340830836162427
ilpd,rf_importance,rf,29,0.13942513131352915,0.4228155316473581,0.27953113862642537,0.6350433491209948,0.6194492055805502,0.20070574260055474,0.4392788226358086,0.33931606618557886,0.5904944708749649,0.547278663867473
ilpd,l1_logistic,logistic,0,0.13093898156746595,0.36599049402522466,0.2539844264072651,0.6486249848740933,0.6649021792365581,0.13725784962697302,0.3902131047652088,0.27181420649095195,0.6435562082060376,0.6281922516631946
ilpd,l1_logistic,logistic,1,0.13236901753848296,0.3413461629576966,0.2493895175195442,0.6417784203000928,0.6381023346761754,0.14170509336617437,0.3767664435507483,0.26619537707854357,0.625119460354626,0.6220466690460573
ilpd,l1_logistic,logistic,2,0.13251312539023533,0.3531028905806421,0.24200494457884705,0.6510193828862911,0.639722922262871,0.13711708891471253,0.3814986937171022,0.26871540847049263,0.6466289995146064,0.625119460354626
ilpd,l1_logistic,logistic,3,0.12971988423616682,0.3581212781026063,0.2519089602042152,0.6617077906118556,0.654335593346952,0.13817328162708659,0.37936979506022106,0.2740676507869185,0.6497017908231751,0.6312650429717633
ilpd,l1_logistic,logistic,4,0.12842334884285253,0.3568601947362702,0.2566242302997717,0.6634839394490233,0.6513624548923795,0.13737443865871643,0.3847142928553842,0.26837875123082483,0.6466289995146064,0.6312650429717633
ilpd,l1_logistic,logistic,5,0.12843443524161224,0.34969415005451454,0.2443508324553036,0.6474497582016205,0.6498835820514588,0.13656825458622301,0.38103955219680735,0.26621226942201737,0.6497017908231751,0.6343378342803317
ilpd,l1_logistic,logistic,6,0.12736695732976322,0.3470045151642268,0.24126401222971358,0.6550011148922528,0.6348325037533546,0.14423175712818787,0.378274654144925,0.2793957057760501,0.6435562082060376,0.6343378342803317
ilpd,l1_logistic,logistic,7,0.12871308134752285,0.361174174277936,0.2505029411313364,0.6653374617841269,0.6493807940971629,0.13700445485415205,0.3781214099125582,0.26642639467636275,0.6497017908231751,0.6343378342803317
ilpd,l1_logistic,logistic,8,0.13808172568376476,0.3779777379364805,0.2638783997715382,0.653128223493184,0.640811213946964,0.14044587596088529,0.3800287135307824,0.26754744102862993,0.658920164748881,0.6312650429717633
ilpd,l1_logistic,logistic,9,0.13171265978814456,0.3468070377105938,0.26143464447006587,0.6400516592319384,0.6488585466474642,0.14223947090832093,0.3834903258831335,0.28595145897214846,0.6466289995146064,0.6281922516631946
ilpd,l1_logistic,logistic,10,0.12942367502805682,0.3421970853706884,0.24725167256804337,0.6434769267284682,0.6528458151956297,0.13629461028489367,0.3807418561925435,0.2693147136998024,0.6497017908231751,0.6374106255889004
ilpd,l1_logistic,logistic,11,0.12894304127812423,0.3609038117772966,0.25988363710264173,0.6487581667727745,0.6569098397810611,0.14067689343855677,0.38204113081849234,0.2826326131743334,0.6312650429717633,0.6312650429717633
ilpd,l1_logistic,logistic,12,0.1312985430400123,0.36270183874463774,0.25127766411927466,0.6427626565324606,0.6459604698908015,0.13722143620021876,0.38163766952037725,0.2691446169957453,0.6558473734403124,0.6374106255889004
ilpd,l1_logistic,logistic,13,0.13059774628408077,0.3347502174481109,0.25142305582674807,0.6569764195708806,0.656273014211706,0.1395684662755239,0.381004312815625,0.28387293925590384,0.6527745821317437,0.6404834168974692
ilpd,l1_logistic,logistic,14,0.12936951103728642,0.35337888600152645,0.2559562491098387,0.6543781261833093,0.6432177162159701,0.1360419404169241,0.38021238933561596,0.26676219225971987,0.6527745821317437,0.6159010864289199
ilpd,l1_logistic,logistic,15,0.1280648810553439,0.3593393251561065,0.2557546404801029,0.6620544032781273,0.6466578230380422,0.13694335044434144,0.3834669524274721,0.2705266906039278,0.6527745821317437,0.6343378342803317
ilpd,l1_logistic,logistic,16,0.12841192025008236,0.36402643529457795,0.25194127122843424,0.6608045918408298,0.6471753491883463,0.13675952805678024,0.38480025213573593,0.2679979466956719,0.6466289995146064,0.6281922516631946
ilpd,l1_logistic,logistic,17,0.13075608609533249,0.3683235244378337,0.24895402493600982,0.6542764495758039,0.6379612671521515,0.13762623414037256,0.3805571337454703,0.2764046965916634,0.6527745821317437,0.6312650429717633
ilpd,l1_logistic,logistic,18,0.13211456989804932,0.3513304826743354,0.24811463558052832,0.6542899855549568,0.6491642279433146,0.13710765005452072,0.37431331809450974,0.2727049236465307,0.6497017908231751,0.6404834168974692
ilpd,l1_logistic,logistic,19,0.12862753110892033,0.37537554509959875,0.255549486198096,0.6540859541289272,0.6462291571818121,0.1368852941559675,0.3869314299574203,0.2747274721166765,0.6435562082060376,0.625119460354626
ilpd,l1_logistic,logistic,20,0.129990653428775,0.3534137365206013,0.24841773933759442,0.6504476555136092,0.6428808632946799,0.13752229748499067,0.3795989549479554,0.27178206970685853,0.6374106255889004,0.6343378342803317
ilpd,l1_logistic,logistic,21,0.1310530050361575,0.3567429463504149,0.2563450447759812,0.653745235537553,0.6516627484514311,0.14089113025025932,0.3840087933644446,0.2769968369302692,0.6466289995146064,0.6281922516631946
ilpd,l1_logistic,logistic,22,0.12830491304267005,0.3453548090916171,0.2534187869744851,0.6503847651167013,0.636633455264632,0.1372165264196281,0.38642457152071347,0.278948074461424,0.6497017908231751,0.6312650429717633
ilpd,l1_logistic,logistic,23,0.13145818403600054,0.34731302637583217,0.24660303618052254,0.6544430010883449,0.65846835956863,0.1389092326992055,0.37751966032421863,0.2672920355253284,0.6343378342803317,0.6343378342803317
ilpd,l1_logistic,logistic,24,0.1262920092371882,0.346585603775344,0.24014554156038675,0.6629092104587415,0.6587848346525892,0.1357376786254636,0.3766685749625307,0.26630162045739114,0.6435562082060376,0.6435562082060376
ilpd,l1_logistic,logistic,25,0.12784068266723186,0.3520941407219302,0.25437887847560997,0.6601859162793127,0.6580302849592155,0.13654924730206694,0.38499466887820166,0.27372120405021727,0.6527745821317437,0.6281922516631946
ilpd,l1_logistic,logistic,26,0.1293371948964565,0.36264107156459,0.2567050458080488,0.6560362627699486,0.6407455205286706,0.13653936853077162,0.38789153174556434,0.27746102165439945,0.6435562082060376,0.6343378342803317
ilpd,l1_logistic,logistic,27,0.12778841189612003,0.36103738577643557,0.25593230124449107,0.6596743497872509,0.6457158763206661,0.13637490000876692,0.38309749674984767,0.27045051507889856,0.6558473734403124,0.6312650429717633
ilpd,l1_logistic,logistic,28,0.1297069612664412,0.3523921039873337,0.24749413666289152,0.6615944041636265,0.6373097758307591,0.13661313026667984,0.3821247332519021,0.26753707432274787,0.6497017908231751,0.625119460354626
ilpd,l1_logistic,logistic,29,0.13371222565378496,0.34823617760731884,0.26284492538319437,0.6546349750249792,0.660149454703483,0.13866560939728687,0.3769005615315468,0.2738993583007858,0.6466289995146064,0.6374106255889004
ilpd,l1_logistic,rf,0,0.14151453970443795,0.4473583096612063,0.29428254815477206,0.6339954297520292,0.5995639860130171,0.17717723386375855,0.3557011014971549,0.2957472182522651,0.6068836883776395,0.5639120869247136
ilpd,l1_logistic,rf,1,0.1507196871493463,0.4452607854122179,0.3185939041465996,0.6255508421224871,0.5930999612891427,0.19467080636594405,0.39566356100079314,0.32413165379666764,0.6070016070034241,0.5586103585588091
ilpd,l1_logistic,rf,2,0.13736182663070184,0.47283761836496657,0.29851514569821896,0.6528032570145609,0.6068460944692068,0.18702266234036088,0.3729860686382396,0.30618333723581304,0.5836994850072628,0.5647903157515981
ilpd,l1_logistic,rf,3,0.1425507567356187,0.4418728372090349,0.29117925611359985,0.6340658371730314,0.6015433053198033,0.17028334350247348,0.3725066447050208,0.28174577265581,0.611379812092547,0.588641950937782
ilpd,l1_logistic,rf,4,0.14310155117515516,0.42719825146185875,0.2782113163625809,0.6455134419650621,0.597962507548144,0.20335000453968344,0.380818068244533,0.3312420818591056,0.5989314149392121,0.555753977594743
ilpd,l1_logistic,rf,5,0.13597833462745726,0.4491192779873776,0.2745225679797332,0.6343916777245411,0.6015829101606059,0.18579254807233625,0.3495393114102039,0.30394286033945944,0.6075005330278478,0.5710899766412162
ilpd,l1_logistic,rf,6,0.14297176599510786,0.44083745039678174,0.2921654644274919,0.6400197440062569,0.597011356208226,0.19962922944053857,0.38611770875565116,0.3289576233920902,0.6065224797901271,0.553355266377364
ilpd,l1_logistic,rf,7,0.14306753002105796,0.4148880114343243,0.27640777643225845,0.6362682644188403,0.6074399300857894,0.21999442212462525,0.41831216192971576,0.3564604582629901,0.6000143154292021,0.5469525994332152
ilpd,l1_logistic,rf,8,0.1349651879694579,0.45676430183242583,0.2916176072812912,0.6375707848355147,0.6121558158485845,0.17139777674690293,0.38158758384778596,0.2875826745750286,0.6065380892067487,0.5714580048798982
ilpd,l1_logistic,rf,9,0.14623289032002346,0.45711192355247254,0.30159143331223043,0.6394329019336145,0.6045194457641705,0.1804555238803309,0.3666278453832623,0.2971402337593588,0.6100952052655789,0.5759676953347359
ilpd,l1_logistic,rf,10,0.13918491347982626,0.4566370052079862,0.2798434758297613,0.641123517868809,0.607469131703586,0.1881503768069267,0.4098762820487248,0.3094338422320138,0.603272487542998,0.5759034373045401
ilpd,l1_logistic,rf,11,0.1378534277545048,0.40740068494497317,0.27987809407836456,0.6356218680486927,0.6182368790897603,0.18231565279422576,0.39096826015628766,0.31348171266103264,0.6086437885539652,0.568352855160147
ilpd,l1_logistic,rf,12,0.13056309627798252,0.4062401206874493,0.2720194008440239,0.6550901731036235,0.6030650543247269,0.19272601371003303,0.4382085902131436,0.3315637422120393,0.5973029340830367,0.5668930555308744
ilpd,l1_logistic,rf,13,0.13844785197953854,0.43318070678535403,0.2736752106548818,0.6503087083962057,0.608107649689994,0.20243030681067628,0.3843817784926596,0.3198922434591666,0.5969318305586143,0.5488876534521692
ilpd,l1_logistic,rf,14,0.13583221945794471,0.4691174520021257,0.29412415270144765,0.6550417166228328,0.6138653276044851,0.2083415789904958,0.40088322047014374,0.32637906553150897,0.5960662674642757,0.5581294628303806
ilpd,l1_logistic,rf,15,0.1455474888612276,0.44766661817848297,0.2739750814834346,0.6383401659796666,0.6249676509152076,0.177723837390236,0.38751425347277046,0.2807082408789201,0.6034993650512428,0.5701486385943806
ilpd,l1_logistic,rf,16,0.15130389131758168,0.44025087527368667,0.306916561471559,0.6230379623895904,0.6082392964171465,0.18638313175491464,0.4008281338713514,0.3147518773444489,0.6186610047905836,0.5669242281180056
ilpd,l1_logistic,rf,17,0.134411930916076,0.4448749929206224,0.29157936209864377,0.6482946558320402,0.6147173606779984,0.2042660559358,0.3735064687718032,0.3304759706739503,0.5863431776972784,0.5632149598386939
ilpd,l1_logistic,rf,18,0.1355794343717804,0.42018983114898445,0.28071071498385675,0.6645089893878499,0.6308651449391518,0.17419088403526314,0.35999051316744707,0.28966042403477155,0.602409234689112,0.567646905545758
ilpd,l1_logistic,rf,19,0.13208367602969429,0.43070410868198006,0.2702648668985437,0.6321474870121113,0.6102009425993714,0.19935082341052374,0.4156852429817601,0.33706280667566335,0.6111409070288644,0.5719297532748521
ilpd,l1_logistic,rf,20,0.1321439917117039,0.42653250590328246,0.2783357685076526,0.6640417350374879,0.6185625706941288,0.18563582478543017,0.40392022089783297,0.3189862316830969,0.60355683382979,0.5666675101772206
ilpd,l1_logistic,rf,21,0.1415084367074571,0.4487886549064799,0.2895570004025335,0.6289946705814101,0.6062109055049394,0.17814172835061823,0.34488859598985433,0.2870581241887269,0.6140253662384408,0.5791375306751929
ilpd,l1_logistic,rf,22,0.140875273077177,0.4458939078377674,0.2797150164620749,0.6416276122490153,0.6042359378614265,0.19156079810714027,0.3744363438496964,0.29027992062749225,0.5866088703833581,0.5699528430283123
ilpd,l1_logistic,rf,23,0.13050817306337437,0.42180840062328656,0.26649512565202704,0.6543882959626167,0.6166675320443001,0.18926420413681608,0.3959516575579771,0.3191704064025063,0.590586265242846,0.567716400414154
ilpd,l1_logistic,rf,24,0.13167645622759397,0.42256328093598583,0.2818856857068608,0.6351246506185142,0.6153782896970953,0.19414980425523393,0.43037746736821647,0.34763617733898844,0.5876579661414604,0.5444390399135726
ilpd,l1_logistic,rf,25,0.15591214659122796,0.4650763200602175,0.3165933555144975,0.6303403506350492,0.5898384392851194,0.17447780492462134,0.3662285838882099,0.28851286202592596,0.6164849599639669,0.568207114689674
ilpd,l1_logistic,rf,26,0.1333352098220275,0.4285415894118044,0.26429296986867706,0.6320815244327065,0.6079160777027528,0.17521821543424318,0.3641014954207081,0.27802641302234665,0.6111816474561614,0.5830323520657493
ilpd,l1_logistic,rf,27,0.14978639286183018,0.4273652687150864,0.29162477719779323,0.6233411699320278,0.5820716061713159,0.21025607841713823,0.4125852676460883,0.33661214709383097,0.590304386824787,0.5535577954437385
ilpd,l1_logistic,rf,28,0.13367716249198736,0.4190103077760809,0.2682997444283192,0.6310832852823306,0.6184521261153847,0.23010404387275912,0.4426846814407599,0.37758673979549795,0.56357557835153,0.537831405602293
ilpd,l1_logistic,rf,29,0.14063800127731704,0.43386848572624825,0.28246443485943135,0.6402608061094593,0.598038181084945,0.1872507162567894,0.3868146277865341,0.3125317027843011,0.6055527791829836,0.5620088382246952
heartfailure,mutual_info,logistic,0,0.0821616125882246,0.12974982744278166,0.0794425313301899,0.16239478209367217,0.1396205896560072,0.11217904825230428,0.14456393482779223,0.10213063779376964,0.1976008218827546,0.12417548147253009
heartfailure,mutual_info,logistic,1,0.08154160624715645,0.14673887999954383,0.0920442520794215,0.19177292251104375,0.13730440685070375,0.09276077148512302,0.1430479396479896,0.09448184705478446,0.18946845490685396,0.11647475303979132
heartfailure,mutual_info,logistic,2,0.09005990695612098,0.13182281888457242,0.08319397489060133,0.18790202836229208,0.14500591472885743,0.09663296577012451,0.1342474647313689,0.09083716218577664,0.19203477933965393,0.13884894758440847
heartfailure,mutual_info,logistic,3,0.07670957834017343,0.13685607809082823,0.08141943273652244,0.17590635050839887,0.14242234582865326,0.07544142975037227,0.15636143746684344,0.09088713010395227,0.18309277825545478,0.1276636497124173
heartfailure,mutual_info,logistic,4,0.0786731658478626,0.1391739078198419,0.07957429514329319,0.19055220834700276,0.1421075652125442,0.08759357064895533,0.15250741742954532,0.09575640294629599,0.17583371623310323,0.11187978057352765
heartfailure,mutual_info,logistic,5,0.0785982166856932,0.13559133276453073,0.08555890214053874,0.18788694199374398,0.13269829839780614,0.08134377013551686,0.14955400632927662,0.09411733905189401,0.18492662772875565,0.13738265806206504
heartfailure,mutual_info,logistic,6,0.081973993020976,0.12479043548617799,0.08061275249609844,0.1794445615662524,0.1455271742635523,0.07883101172612832,0.13119060836945784,0.08763113960839611,0.2039463529484909,0.13173114082491844
heartfailure,mutual_info,logistic,7,0.0753758079237748,0.1337769249120962,0.07798825549062538,0.1714751298205294,0.13118578645223092,0.08785515539469826,0.14424873663328705,0.09932903591704093,0.1769978444531357,0.12226573681229787
heartfailure,mutual_info,logistic,8,0.07294031667448199,0.151845276550131,0.08298106572878829,0.18665218492465951,0.1483360197761225,0.0877623977071196,0.15095804521517214,0.09775073176385574,0.1939362561809914,0.14082922327691583
heartfailure,mutual_info,logistic,9,0.0938691964604794,0.1564950271921729,0.08973885348014102,0.16797491896965472,0.14511935650756827,0.09565502162669975,0.14918318705598876,0.08998615026022802,0.19476916523096865,0.1392042004548954
heartfailure,mutual_info,logistic,10,0.07914318283514485,0.1375582444108826,0.07772140340260783,0.18056460084641857,0.1496033997196566,0.08017760474676225,0.1481931735553269,0.08666428496398608,0.1935833259775491,0.14159788474386126
heartfailure,mutual_info,logistic,11,0.08652857510056876,0.1314430669243868,0.08113110126282566,0.16785150472934132,0.14330379026979298,0.09805024486650674,0.1417245150797501,0.09616804103259999,0.17515600045931373,0.12761554200508965
heartfailure,mutual_info,logistic,12,0.07279969376026682,0.13785801201951917,0.07847862301732111,0.1747275964366116,0.13711386095225123,0.09027312611507021,0.14078083082903048,0.08991950579810229,0.18687344650946805,0.1355896574581287
heartfailure,mutual_info,logistic,13,0.08658300082302275,0.13771680123070806,0.08175795830839351,0.16843790335052386,0.13028518097171196,0.09782508543519797,0.1456624692120856,0.08511256185260119,0.17939306934468205,0.1228557722040528
heartfailure,mutual_info,logistic,14,0.07730075183823032,0.12592251997176446,0.07841833160401267,0.16694157016984662,0.14391770555371722,0.08334400625352906,0.13930687527731667,0.08614003161653219,0.19022297296758658,0.1416541401071989
heartfailure,mutual_info,logistic,15,0.07483516472031121,0.12786652287685912,0.07160553018877808,0.18997349068936475,0.14423540738823581,0.09227227479314608,0.12336366324232446,0.09210947767889179,0.18080553702905547,0.13455805210842237
heartfailure,mutual_info,logistic,16,0.0753499142180023,0.14372669820267628,0.08223158233526204,0.17059132041471656,0.14004235842397458,0.08870536060907291,0.15475978865044643,0.1040528926049791,0.18919187504518184,0.13701271842466803
heartfailure,mutual_info,logistic,17,0.07734811446710864,0.13723861710900512,0.08540256470202717,0.172761251561015,0.1351979568361721,0.07929720807215937,0.1446280513072306,0.09099101736886095,0.18369643585957873,0.14156835573471246
heartfailure,mutual_info,logistic,18,0.07073651395713121,0.1290148711749246,0.07110643525930871,0.19531978998127264,0.14546250708244593,0.08697076535287523,0.1443748714917406,0.08296741604625749,0.17382998111010287,0.1393202863645663
heartfailure,mutual_info,logistic,19,0.07476604578165873,0.1231888873816219,0.07002981913306133,0.194999588846987,0.15876584367640034,0.0971319907975273,0.12212776319864756,0.07925128558500096,0.16744297245408726,0.1269724811953939
heartfailure,mutual_info,logistic,20,0.08716932791819673,0.144866568176174,0.08519281818908257,0.16575968349307982,0.14584216983285045,0.0978432996336515,0.12912005684829686,0.08783649490612516,0.1896669280454975,0.13899942026702114
heartfailure,mutual_info,logistic,21,0.07432973636075446,0.12884191852309607,0.07522337417211886,0.1879912334880344,0.14650764015559126,0.08791487547743249,0.1371485299927186,0.0947047940021638,0.17837338598829547,0.1375863277869723
heartfailure,mutual_info,logistic,22,0.07934318664573758,0.12779138437231846,0.07818676294425894,0.17316289895197337,0.1398322185151686,0.07989986847765357,0.11430597876656187,0.08373311419164096,0.19737645780802043,0.14415701644010673
heartfailure,mutual_info,logistic,23,0.07684421474036603,0.13789269905025586,0.07744000501155368,0.17636556603517387,0.14675459012054123,0.08160996153141967,0.15533785065180916,0.0878256436696436,0.2037947448554794,0.13692836551093168
heartfailure,mutual_info,logistic,24,0.08908031358858678,0.13460893659733952,0.08170982381665934,0.1677550180086879,0.13285050796925502,0.11741366029481093,0.1152172510865055,0.09289109170318802,0.18737390739180929,0.12642461206629574
heartfailure,mutual_info,logistic,25,0.07735220814320003,0.13062792599052214,0.07784511987858034,0.18115857120989082,0.13958641993756715,0.08825482896762923,0.14612259146142717,0.09252697733780833,0.1858021269162196,0.1358529596375723
heartfailure,mutual_info,logistic,26,0.07516305289250161,0.12426689894429582,0.08129421359352207,0.1996018329637248,0.15102472978879442,0.07805013024109639,0.1658381378174297,0.09954569145710215,0.1646379420716839,0.11679346533831192
heartfailure,mutual_info,logistic,27,0.07670798259078332,0.1329762352536097,0.07635167391350604,0.18104751831109264,0.1472486697869406,0.079976761193836,0.14695684936975115,0.09155636720715488,0.20331109982051698,0.14112804855815064
heartfailure,mutual_info,logistic,28,0.08050322309260396,0.13794884185098913,0.08020666261194757,0.19544767713967978,0.13819641885821807,0.0983904868608065,0.14875862434849407,0.09060227607758023,0.20936067082090185,0.14843568631330567
heartfailure,mutual_info,logistic,29,0.07477259598524727,0.14135172971192445,0.07494074080536697,0.18699274143313147,0.14127092934562605,0.08802440938948154,0.14571407026099625,0.09468076558373126,0.17461767649612112,0.1193734093751802
heartfailure,mutual_info,rf,0,0.05257494061124157,0.12141146848246927,0.06536561075965525,0.22108017836693242,0.18136468748233278,0.06872543668015026,0.1454678344513553,0.08353930279146882,0.20618025187569536,0.15616073559147975
heartfailure,mutual_info,rf,1,0.051079019097301094,0.11094335125316215,0.06810016822376341,0.21773947813676278,0.18892803128357438,0.06003225507702628,0.13549604838546875,0.07780658752319525,0.20912914404518582,0.18471862760380442
heartfailure,mutual_info,rf,2,0.053990868550783694,0.11289892702882773,0.06467166606189416,0.2197123823344963,0.18244736499248704,0.057573223842764976,0.14308971854957336,0.0722831699620417,0.1993932950247977,0.20133209040989694
heartfailure,mutual_info,rf,3,0.05594094605623648,0.1264269746771789,0.06951421554288885,0.2089303912169635,0.1819407652389355,0.08083994900908592,0.1377125271622553,0.08951030053673589,0.18744406869041386,0.16099778130079487
heartfailure,mutual_info,rf,4,0.05842880913810519,0.13136216414573976,0.07598547159661245,0.21648929488279997,0.17309097321696942,0.06407228645532835,0.1365141824850326,0.07728676331906131,0.20882617694760403,0.17054669315296758
heartfailure,mutual_info,rf,5,0.05116968123053418,0.10305481162181099,0.06501063507473681,0.1983951094554155,0.17745758218198815,0.07436175512019935,0.14724138247128776,0.09296725755977989,0.17958198272993814,0.149775334713436
heartfailure,mutual_info,rf,6,0.05979802293372753,0.09687954917912853,0.06444864586971634,0.2169177038472654,0.17973770984244364,0.08880180709468818,0.11711903699899791,0.08295063945000905,0.1970690295882331,0.17189733207397784
heartfailure,mutual_info,rf,7,0.05208061194351677,0.1199876510943353,0.06586368548638588,0.231462157768284,0.1938871895740069,0.05849010530025114,0.13002444202860164,0.06993339879809178,0.2037379932912782,0.18848962145506973
heartfailure,mutual_info,rf,8,0.05545305246847945,0.10476628072744676,0.06390725359791012,0.21194849879931035,0.18643261104942496,0.06815188465682248,0.11661160717323701,0.07296532888832605,0.1899771999738466,0.1661740811810375
heartfailure,mutual_info,rf,9,0.052999420325639805,0.11489901765860579,0.06565970866267942,0.20895452402609438,0.1751642420143423,0.090282061132123,0.1594493179809774,0.09125100188621266,0.188708338452868,0.1655873467310755
heartfailure,mutual_info,rf,10,0.04600727146280983,0.10556956053406163,0.059240386630908456,0.2077081865828279,0.16225917270749227,0.09676411423095098,0.14410668263349574,0.09672889003051165,0.19157273650224282,0.17230957018795806
heartfailure,mutual_info,rf,11,0.05128975180801568,0.13054043903602439,0.07184135312210332,0.20861142275886435,0.17225439214624427,0.08820468268565626,0.1724167549840337,0.09814428688031507,0.1932081985378433,0.17186750123931058
heartfailure,mutual_info,rf,12,0.049489583694334725,0.12254273595703992,0.06517977685464715,0.2193016787635628,0.189978309767302,0.10443443700237867,0.12183652048772606,0.08670200791305724,0.18285448101912252,0.15785471072483692
heartfailure,mutual_info,rf,13,0.05363342980462956,0.10401706406153538,0.06174989742121591,0.21419751010997717,0.1771219562033488,0.05132807310208178,0.11361164841343425,0.0632275908182024,0.21345221858524144,0.1765261601346775
heartfailure,mutual_info,rf,14,0.05731595486068306,0.1351457140820453,0.07422893755437206,0.2226082769677634,0.1891951546247413,0.07916780339347307,0.16023226060914303,0.0917550715964668,0.17846675608022894,0.16086288727605041
heartfailure,mutual_info,rf,15,0.05410006648251056,0.12042783480339639,0.06909347747765739,0.21600785328541008,0.1794870588722885,0.05753115178921207,0.15871466856353328,0.07611227217409205,0.2201854949996888,0.17880452224127572
heartfailure,mutual_info,rf,16,0.059071987481660475,0.13484521993818493,0.07497671088306404,0.20187037673512495,0.16535384732312441,0.09187188963882138,0.1262596344353576,0.08533263006567873,0.1978329957234056,0.16824607027759905
heartfailure,mutual_info,rf,17,0.05019502199201522,0.09974235713204771,0.05841086266503419,0.20257621672187448,0.18560123485306507,0.05812210929151689,0.12261754230020076,0.060052268148897414,0.21328162964429118,0.18240547604577764
heartfailure,mutual_info,rf,18,0.045954782115297015,0.12951363614701417,0.06568395614045702,0.21207908346782567,0.1781833634040341,0.047451365302663424,0.1214756639498899,0.06511527810767634,0.217856035057032,0.1952908499885398
heartfailure,mutual_info,rf,19,0.05404319805937555,0.13509650040677967,0.07238891107475637,0.2141132958637644,0.16863993362496,0.06634858133124825,0.12759552498406232,0.06746494896842355,0.18190195002918574,0.1844729456992814
heartfailure,mutual_info,rf,20,0.050198425268585666,0.12344961772899532,0.06767073955182276,0.2234871075758398,0.1726819328251517,0.08405505542557304,0.14729302510042264,0.08614502592308595,0.19091862093271733,0.17829224977984698
heartfailure,mutual_info,rf,21,0.05420921363124137,0.1333452449904892,0.07114355384130178,0.21992556795240756,0.19112523891366603,0.051542089242489424,0.1363567119712987,0.06474997415873614,0.20493610661088257,0.18243046480789382
heartfailure,mutual_info,rf,22,0.04893985758371169,0.11013590203590568,0.06516257523396372,0.20296202743882713,0.17802876348640442,0.06896603499702357,0.10561528976125063,0.06348163223993614,0.21177761804494158,0.171468672252459
heartfailure,mutual_info,rf,23,0.06241930670857192,0.14712030829977904,0.08717333428251978,0.2138666433897391,0.17427364084288155,0.0674909265398865,0.15601139520715507,0.08636895072812424,0.2107205275323826,0.1778508438327976
heartfailure,mutual_info,rf,24,0.05011039846716715,0.10630805627342792,0.06138058603193265,0.20752896725922385,0.17542106304348232,0.08372054783587343,0.15538007560988937,0.08678526661665713,0.20774089715017566,0.16778356564086802
heartfailure,mutual_info,rf,25,0.05141822236379085,0.13724793172985364,0.07580217025632449,0.19872965424383293,0.18173175890692447,0.07265859668224668,0.15867294104116053,0.0860777856075502,0.19331945262506373,0.1587992471694842
heartfailure,mutual_info,rf,26,0.05089678316914843,0.1168995317968887,0.06491506285230167,0.1990885064186324,0.1763818883535949,0.06939996143053515,0.1444821831500541,0.06989986557759045,0.20733204506236708,0.1656116079253791
heartfailure,mutual_info,rf,27,0.055041114162571556,0.13161085514215892,0.0721651630166682,0.2061150990939338,0.186570715809096,0.05269327601087995,0.14807059394065847,0.07434379487958032,0.21076417134095218,0.1706600306110299
heartfailure,mutual_info,rf,28,0.052490609816772955,0.14754066988378217,0.07398690114229553,0.2059599348899336,0.1711562575247735,0.06681643512687652,0.13338111134332317,0.0687023645639087,0.20691080177268775,0.19461091684995438
heartfailure,mutual_info,rf,29,0.055908637770476916,0.12842361880334757,0.07266825902202877,0.2083074872236809,0.1897755105283925,0.06764806664281557,0.13233401460565233,0.0695411896897945,0.2039779124645509,0.17967350122076908
heartfailure,rf_importance,logistic,0,0.076217737500341,0.13492422303140125,0.08141770734976743,0.18883734428010054,0.14951020119394692,0.07810518106965683,0.14620786919478918,0.09199445387266825,0.20308743070674593,0.1287095952710054
heartfailure,rf_importance,logistic,1,0.07575337838026383,0.1555064259506684,0.08618149553287269,0.1769542615433398,0.1528754526746731,0.07523149107447837,0.16330971393349444,0.08816982887724403,0.19130218196073742,0.1392496734449351
heartfailure,rf_importance,logistic,2,0.07494686234144723,0.1326099154914226,0.0770538298339889,0.18060713461727027,0.13801367354882893,0.07142784600094003,0.14641631930799096,0.0852395988218446,0.19429732889415036,0.13436672704304933
heartfailure,rf_importance,logistic,3,0.07633818400270825,0.14926147509999624,0.0854584627899255,0.1950047724695167,0.15647535577225977,0.07216894621903029,0.16387281204140952,0.09135731579453132,0.2061485795214083,0.14368212211921536
heartfailure,rf_importance,logistic,4,0.07413532426477082,0.12894025235326007,0.07526490838762886,0.17231806399549113,0.13977112491615254,0.07285808241544084,0.15245231127270356,0.08654716341472668,0.2000266408176469,0.13031336998221535
heartfailure,rf_importance,logistic,5,0.07711017261898219,0.14571196409554057,0.08350671748836036,0.1869048606367199,0.15815024256494697,0.08399182818071371,0.13961409628995042,0.08636181763053022,0.18859302682448717,0.14024506406461001
heartfailure,rf_importance,logistic,6,0.07454960697781599,0.11677641071075112,0.0756773991238727,0.19661057316078678,0.14729437767143597,0.07696626667871577,0.14599864162877985,0.0914511320166017,0.20021347186684277,0.15770786127349173
heartfailure,rf_importance,logistic,7,0.07620510468946705,0.1321372502422687,0.08245935850314587,0.20151939730639157,0.13272263276969287,0.07207820579540235,0.139838498666282,0.08673800011586726,0.20884241317616792,0.15128271834290893
heartfailure,rf_importance,logistic,8,0.08003428218398963,0.15308437909580702,0.08849931776283237,0.17123059908378413,0.13353269823736627,0.08055611667285154,0.1473305710983751,0.09204782208423497,0.18918632608351296,0.13237301049209957
heartfailure,rf_importance,logistic,9,0.0750727760988163,0.1264486355209695,0.07611793106499858,0.1940864926259623,0.15199443665014933,0.07607493550490839,0.1415633526531684,0.08601979299362009,0.19546819695100387,0.14858369842688937
heartfailure,rf_importance,logistic,10,0.0740072819867914,0.13422488168513788,0.07569054327819273,0.18397154306724975,0.14527813929578287,0.07326304618124839,0.14085446031526405,0.08156799655476066,0.2061292666624805,0.14657595546302804
heartfailure,rf_importance,logistic,11,0.08276212880005426,0.14472384670689079,0.0824281262027956,0.18294113811680898,0.12822839271810593,0.07603731021734732,0.15680455743371835,0.0866010914614962,0.17793436372853833,0.1477146208164716
heartfailure,rf_importance,logistic,12,0.07715044141070254,0.1358644713833232,0.07769989692238066,0.19066068547519122,0.14319565713541718,0.0747653003176174,0.14939015791693833,0.08867738566722193,0.20013878429404883,0.14510470799013753
heartfailure,rf_importance,logistic,13,0.07722288201476733,0.1345587564332223,0.0714081997646063,0.20061413058448618,0.153234805774039,0.07825453261992474,0.14412916241099713,0.08381453327878402,0.20268408467489998,0.1544075440910655
heartfailure,rf_importance,logistic,14,0.07556893737156299,0.14874755635989964,0.07746596571405075,0.18494050620179123,0.1503068819508015,0.07570708368467546,0.15379220742939598,0.08777466835130096,0.21561557686351995,0.1297313554503844
heartfailure,rf_importance,logistic,15,0.08958824919962158,0.1413530041449917,0.08777983292838845,0.1571495042065865,0.14081094987321136,0.10834683342299517,0.15248916983727123,0.10339758227949858,0.1630903846155249,0.11646272121988827
heartfailure,rf_importance,logistic,16,0.08942905339694876,0.13676778539799678,0.08129352932878903,0.18921352178514922,0.15457378213482953,0.08135305768253338,0.13537851076811325,0.08209194536882981,0.1965944651718618,0.13154319892031427
heartfailure,rf_importance,logistic,17,0.07931241386670879,0.14024852279156283,0.0776825229485945,0.19018561170619303,0.1329556444270667,0.07540959271399791,0.1615897928695998,0.09099149418181786,0.18442025572647824,0.13488362173578192
heartfailure,rf_importance,logistic,18,0.08847735048748948,0.13240611576574768,0.0785405561798849,0.17667477888290817,0.12806502950670706,0.09846733821881769,0.13169956702543947,0.09288847028257928,0.20192439242682275,0.1541547337162388
heartfailure,rf_importance,logistic,19,0.07653000030329024,0.13230999179303246,0.0787560495681165,0.20344853160619628,0.1618873239917399,0.07515530348849958,0.14493388843609006,0.08568728564097192,0.20553189051615334,0.14126262676653858
heartfailure,rf_importance,logistic,20,0.07761299692074414,0.14903832282541635,0.0824375445003768,0.1793904750544603,0.15416676866019766,0.08198185766273658,0.16224735539660068,0.09594990712237611,0.17040263432935626,0.13319373357994002
heartfailure,rf_importance,logistic,21,0.07306717078296035,0.12968316734582452,0.07396727630690086,0.19035997760016485,0.1530064741272294,0.07499062551109732,0.14865735862829244,0.08737797931212442,0.20357142532078487,0.1327756352376017
heartfailure,rf_importance,logistic,22,0.08219280440410268,0.1371959022569493,0.08321280677712639,0.19940262439864406,0.12889272087373443,0.08039040150176457,0.1556037124507677,0.08910457202024762,0.20476536800309195,0.14426277669122803
heartfailure,rf_importance,logistic,23,0.07884706725715249,0.13091051199822373,0.07772125677203065,0.17800853131670769,0.12524836609308357,0.07773894781291729,0.15703699591435805,0.08973224919031156,0.19705112919341006,0.1327946812647153
heartfailure,rf_importance,logistic,24,0.07284542477893977,0.11723375244009111,0.07525817231379126,0.19772199174158533,0.14723759412563053,0.07196199549685384,0.14109792642479935,0.0857026272281878,0.19505447824832384,0.12368758792895433
heartfailure,rf_importance,logistic,25,0.07104301595875016,0.12846274251280992,0.0762531054720063,0.1927051182634775,0.15287351185967935,0.0828705175455716,0.13406517692474884,0.08646868479549827,0.1945528214282489,0.12128805524397897
heartfailure,rf_importance,logistic,26,0.07810728059453957,0.12860923570169214,0.08299074998708458,0.20090721414185927,0.1453324143184163,0.07308928059299308,0.1377381910347661,0.0892079991033025,0.20217142039325275,0.13693940884240424
heartfailure,rf_importance,logistic,27,0.07477143225276293,0.13425497691002758,0.07717117197205194,0.18419195643015077,0.16991560741711595,0.07305344674747873,0.13712121205193428,0.08443838660093891,0.21145835191643522,0.15207523449165689
heartfailure,rf_importance,logistic,28,0.08222739665879893,0.13134296810671997,0.08443087494646198,0.19126455733130596,0.14182584878435395,0.0819051698396426,0.14508898805360437,0.09030221856885019,0.18556464982437051,0.14825127816223566
heartfailure,rf_importance,logistic,29,0.07894129163437183,0.13788626457839973,0.08009923460875182,0.19889522698884163,0.14593990728895848,0.08457894109208267,0.17620210338877737,0.09883125783977005,0.21315798588959803,0.14063255396401794
heartfailure,rf_importance,rf,0,0.05159535617126855,0.12291258927481581,0.07102755004011135,0.20357426091604083,0.16514516115271077,0.07124386914754606,0.1280865503342866,0.06888276547747321,0.21115118974852645,0.16998100754175693
heartfailure,rf_importance,rf,1,0.049720107612853726,0.10858156639744629,0.06495068341180639,0.2210559199544652,0.19649606610978274,0.043848533851737655,0.09396860524589734,0.05481375677356196,0.21025426367059996,0.1815681228015281
heartfailure,rf_importance,rf,2,0.05448287627363182,0.13615438901342242,0.07437339915009471,0.1962960399442077,0.18223259981285314,0.06901491584772343,0.12890809528319605,0.074047447506374,0.19847418582186255,0.17850606790512039
heartfailure,rf_importance,rf,3,0.05469226920045052,0.13132947629322042,0.07144510721217795,0.21850230121025185,0.1743077834336551,0.05746817549830035,0.1381014372921085,0.07081566205050052,0.20308325910769992,0.18876741249081036
heartfailure,rf_importance,rf,4,0.05766519709082918,0.12275382621132686,0.0697769186167747,0.2042916595990255,0.18159074151326965,0.0632481159592165,0.11293044994308665,0.06494879436455454,0.2177925485833443,0.18463995435254607
heartfailure,rf_importance,rf,5,0.058758482794043124,0.12847879142079965,0.07146661523324715,0.2169652130758436,0.15950063585769805,0.07785791783871993,0.12468729902534778,0.06747493386076764,0.2064721207407144,0.16599330136454912
heartfailure,rf_importance,rf,6,0.056425930200870146,0.13632649376481787,0.07553962804877506,0.1946398326940463,0.18188580367592996,0.04994063075868494,0.11716429186976768,0.06238397747164353,0.2114990335280093,0.1866141022540986
heartfailure,rf_importance,rf,7,0.05799548345168086,0.1260103749747124,0.07091542333426618,0.21812131148122632,0.18431120466840123,0.05323307325288849,0.1530943701196409,0.07208812980279335,0.2057662048140536,0.1876093958189969
heartfailure,rf_importance,rf,8,0.058270724187590196,0.11643418368710344,0.07331394125581069,0.2211318978123781,0.200575853154994,0.06441114342660335,0.10694805075589131,0.06439447766307702,0.21362229976371658,0.18768885073492658
heartfailure,rf_importance,rf,9,0.05406140717038395,0.10596211756596931,0.06417752267452116,0.20717039814624927,0.1931691895127318,0.07008614238653778,0.1290970687805275,0.0800902175259614,0.19451036360250307,0.1821775640053319
heartfailure,rf_importance,rf,10,0.05443320533189912,0.12864994756393855,0.07159867159418519,0.2060522978545708,0.17351568299297893,0.05727121701686255,0.1489159621100969,0.06943370337412981,0.2086911773441968,0.18575277613161925
heartfailure,rf_importance,rf,11,0.04896088310272922,0.10750080705234369,0.05793730423463303,0.20932946786255446,0.19169761154459758,0.045247315013445914,0.10143050717259369,0.050681856412628234,0.2033843258466821,0.1950474088979866
heartfailure,rf_importance,rf,12,0.05095299961854749,0.10654986071609596,0.06409073771503596,0.202125558689419,0.1765104057663582,0.057887671578931765,0.11922770741356954,0.0646946588468501,0.22142941663822244,0.20370758304836656
heartfailure,rf_importance,rf,13,0.05018730685413335,0.11818292295962193,0.06727675644123987,0.21743947333609653,0.17186231055305998,0.05762301595329685,0.11821958674010896,0.05815853361088222,0.20606110387439375,0.19109669040576607
heartfailure,rf_importance,rf,14,0.06185256039608748,0.13394668823123493,0.07737960546014774,0.2017069738429443,0.1692444743797596,0.06764256697606508,0.13634585628612192,0.07117176098458303,0.20373605793106456,0.18159913728687585
heartfailure,rf_importance,rf,15,0.06171642161597947,0.1235954254581128,0.0737072805571383,0.20981686823066795,0.1733802127757839,0.060094575696195744,0.1279907864790325,0.07104844869252044,0.21655759735299238,0.1639572830943593
heartfailure,rf_importance,rf,16,0.0538186999695689,0.11265670860416818,0.0673724589523556,0.20655205665085025,0.17074833878958398,0.08692908868178924,0.15370511959049693,0.07857647959832964,0.18546201143582053,0.1585071296021203
heartfailure,rf_importance,rf,17,0.05740578152201813,0.13174047424914961,0.07535489882703514,0.2091104376962474,0.16923284649039347,0.07816252893371481,0.11872879366335115,0.07203462205017688,0.22994579730048142,0.18618307604332388
heartfailure,rf_importance,rf,18,0.05609285352570623,0.12767539954156584,0.07604312478072447,0.2256604863735788,0.17665966860458152,0.06697476090493892,0.1411826001968799,0.08218122322220268,0.19286104252164316,0.1609972706709384
heartfailure,rf_importance,rf,19,0.05572378973393581,0.13143240839391743,0.07296307416690528,0.1916597010433228,0.16810221676062623,0.10282660169186982,0.15234214451736985,0.09191053331920812,0.1840187754318346,0.1785818628055252
heartfailure,rf_importance,rf,20,0.05232636998588528,0.1340645340961787,0.07235541980940728,0.2150557578938045,0.17998285793393112,0.05444752930737701,0.15465434106997286,0.07480695658610745,0.22116170765213666,0.17198606001744512
heartfailure,rf_importance,rf,21,0.05049585549259618,0.12695124942580768,0.07283637519001004,0.21706195171764095,0.16804568304752407,0.04776649241293753,0.13425586246903262,0.06892225231383109,0.20220038562740275,0.17835096270171294
heartfailure,rf_importance,rf,22,0.058458792763440084,0.1131736275533113,0.07011574698767488,0.18925423080936685,0.15260148460337836,0.06543744848224858,0.12584520662293153,0.06875205981550293,0.21409155573832792,0.1932997810156484
heartfailure,rf_importance,rf,23,0.05177259267676501,0.11488360031523512,0.061765168584473604,0.20319688748549064,0.17675059407454877,0.05691681403455601,0.11993275870112947,0.05762593595206654,0.21014782020867015,0.1849615003785984
heartfailure,rf_importance,rf,24,0.04724268757608769,0.12800299245151808,0.07075941189501311,0.22681899448843262,0.19032667411493098,0.04861771229917359,0.12827325682437263,0.06927037972987159,0.20877746328235028,0.18848822916615152
heartfailure,rf_importance,rf,25,0.06513174402632703,0.11301827713204925,0.07458732753262566,0.20702197491748175,0.17071658815483964,0.07209504743434503,0.11366374761866713,0.07014975156398592,0.21961413557498022,0.17776386743406372
heartfailure,rf_importance,rf,26,0.05201853603860183,0.13720081588703648,0.07437939232494051,0.2178670370243989,0.18018896992102254,0.06715766701398682,0.1303816881272449,0.068389688648087,0.20598914155091422,0.16926545509761323
heartfailure,rf_importance,rf,27,0.052950566598953315,0.11910311398281588,0.06529123171940135,0.2152276093371377,0.19208541821517833,0.07960283495516318,0.12049787392091124,0.07035544165126467,0.2227059141989485,0.1771915611743685
heartfailure,rf_importance,rf,28,0.05918018808645169,0.12476020340338285,0.06896632747294318,0.21467563362770142,0.19160603924711972,0.04923782909062579,0.1340439533311489,0.06273367336607216,0.21190033269279857,0.18501531912391125
heartfailure,rf_importance,rf,29,0.04749018950072963,0.11157637321533376,0.062091935136229376,0.23089485844147886,0.17280065047418589,0.07389966700384214,0.160436151834671,0.07835697784611043,0.2063364690066935,0.15846783685747984
heartfailure,l1_logistic,logistic,0,0.07747595032657015,0.15301415023282858,0.08562797690109454,0.1877025529296937,0.16587511207334546,0.0889676628005672,0.1701796039350989,0.09504477989301331,0.21142567147709238,0.12508903019554538
heartfailure,l1_logistic,logistic,1,0.08401917406548046,0.14415859735664588,0.08499814005379502,0.17996226608818136,0.1382352710557929,0.0844948767322872,0.14306429069106952,0.08445011131534917,0.18012119390814965,0.13404556731193784
heartfailure,l1_logistic,logistic,2,0.07790918588936664,0.14026771736397742,0.08236063659818205,0.18376968595493545,0.13848893355928488,0.0759373484839889,0.1561551580885986,0.08582752039120173,0.19481845952885582,0.1362917694828705
heartfailure,l1_logistic,logistic,3,0.07404121417696476,0.12114990831607675,0.07869205566413744,0.18450940811418834,0.14738043684245794,0.086944525055525,0.15050517133333247,0.09136653226657154,0.1991237236081151,0.1405635338814639
heartfailure,l1_logistic,logistic,4,0.08327171345720133,0.15487221400872625,0.09534918739822507,0.18084846531657944,0.1457332687036956,0.07654088924720692,0.1519988198216149,0.09504885157983876,0.19744832940689566,0.1457796271544456
heartfailure,l1_logistic,logistic,5,0.08862699941341243,0.1278584977865545,0.082472120344804,0.18799319955293423,0.14405909286294047,0.09537578723330298,0.14726589463456485,0.09106591000313197,0.19623811581580422,0.13570822779861966
heartfailure,l1_logistic,logistic,6,0.08317451245936987,0.13693097634408488,0.08512234784424466,0.17881921959701244,0.14032994672885662,0.0933336419093091,0.14875897219825776,0.09357418256678443,0.18861942847270832,0.13189820657379067
heartfailure,l1_logistic,logistic,7,0.07806060990204294,0.13971431095791148,0.07752950341416515,0.1852049517006956,0.13722617813443594,0.07495851805865893,0.15187819268168018,0.0853757386567106,0.20382925828100973,0.14025152580013514
heartfailure,l1_logistic,logistic,8,0.07531124909332033,0.13348679283313566,0.074612101903894,0.19787889976095,0.13863635287290224,0.09106975114066518,0.15864062130158144,0.0877073250560363,0.21053995258453298,0.15013837972013896
heartfailure,l1_logistic,logistic,9,0.0755719465193314,0.13175005427336312,0.08083639309946974,0.18644907074113404,0.14116153761452616,0.08554892576492558,0.1493058291062174,0.08700198917216637,0.18705364254738005,0.1446494499370237
heartfailure,l1_logistic,logistic,10,0.0774234267615579,0.12984806442339525,0.07783969413382681,0.17860116927401506,0.13906693796293496,0.09206373576921446,0.14282506150579632,0.08594250828017846,0.18571217547165544,0.14533541939201533
heartfailure,l1_logistic,logistic,11,0.07719160005922442,0.12647453112052523,0.07391505999414343,0.180343921216665,0.15697898494686968,0.0747515683026598,0.13117383664615448,0.08032589247090574,0.19384007055878322,0.14536197583907232
heartfailure,l1_logistic,logistic,12,0.07620480270096094,0.1355556360743685,0.08107710021398323,0.18054399114309272,0.1504550678498763,0.07387903637552906,0.14395858337946316,0.08858505988967078,0.204088220862076,0.13480984066955404
heartfailure,l1_logistic,logistic,13,0.07324286869763663,0.12205783783901156,0.0761926022517535,0.1895739082322227,0.15085902740235943,0.08845150734060866,0.14254530621420353,0.08568003489271783,0.20872882764965595,0.14857751057686874
heartfailure,l1_logistic,logistic,14,0.07265125632993347,0.1276621952322233,0.0721544159404943,0.19688479322449295,0.15903177021065162,0.08681495788138226,0.14191455722314741,0.08478398409245398,0.194278478234322,0.13076781709596036
heartfailure,l1_logistic,logistic,15,0.08685306761892417,0.15435213468615713,0.08874990843963063,0.18376663024235343,0.14570800957236738,0.11251305786352034,0.15150698453909833,0.104675862237259,0.17283128789265692,0.14626678617237995
heartfailure,l1_logistic,logistic,16,0.07514842019187115,0.12472001487547683,0.07389403078246552,0.17714406962834087,0.14055695241780852,0.08786191940922534,0.13218642144405574,0.08250197398196481,0.1966323499359528,0.13549550366794336
heartfailure,l1_logistic,logistic,17,0.07602744136951324,0.1259119239642102,0.07595320595779974,0.19197414281994407,0.15549757685468796,0.0720226923532278,0.13350121419039965,0.081873697762079,0.19084468060056187,0.14279995793582997
heartfailure,l1_logistic,logistic,18,0.08453934636757383,0.13052101691964263,0.08244538405127588,0.16301579220429957,0.14407386252463478,0.08029341555975399,0.13561380567380435,0.08797445191370695,0.18959927157287593,0.14343334206076452
heartfailure,l1_logistic,logistic,19,0.08551884060238141,0.14353687836893475,0.08888657827416996,0.1608630824508643,0.1333637561463296,0.0935297331337284,0.15287928711420468,0.0928824548603788,0.1927372025977988,0.12585933481442863
heartfailure,l1_logistic,logistic,20,0.08081770443524194,0.14191318368802197,0.07924931081862349,0.17603680755290688,0.1428120445122186,0.07825768322664925,0.15572261854283748,0.08716137587510706,0.19242084450446492,0.12672207354934878
heartfailure,l1_logistic,logistic,21,0.07489643188385887,0.1346904028653416,0.07896372981069949,0.18953347847577406,0.1574399340980697,0.07422356883570704,0.1427832299550869,0.08302478081713636,0.20818311649165086,0.14924764496429851
heartfailure,l1_logistic,logistic,22,0.07777293998130604,0.1360204738131684,0.07723637428962807,0.18900918779938836,0.13679402463497028,0.08456889152819319,0.13999454114039311,0.08385458557893519,0.19112252040615232,0.12668358228354354
heartfailure,l1_logistic,logistic,23,0.07950418442489487,0.13304443099568508,0.079109697948176,0.17447176461242778,0.12749032087630283,0.09297531869700122,0.15128970624460097,0.08514570405869035,0.19992820254435748,0.1354157748312257
heartfailure,l1_logistic,logistic,24,0.0996890199325034,0.13444761159024438,0.08825657375528922,0.18391262669773792,0.13373624610346965,0.10744924637042534,0.13769631919331735,0.09273323923014883,0.18705950209735445,0.10774318462100352
heartfailure,l1_logistic,logistic,25,0.08157051859846431,0.1420465730391853,0.0819638477967094,0.1693247103633577,0.14033282721260038,0.09028143204326641,0.15985135083044022,0.08750363324883523,0.1952344052917129,0.1297020132440584
heartfailure,l1_logistic,logistic,26,0.08740745045058888,0.14326098446254698,0.08408041700076298,0.17958891605965863,0.1318857321807794,0.10711754262170525,0.16975207356633965,0.10111742349851895,0.18505201205301666,0.12715963216012768
heartfailure,l1_logistic,logistic,27,0.07836051047939613,0.13884818119790332,0.07799503834017602,0.18929021481356445,0.155462060424059,0.10019214287432729,0.14968780176818966,0.09344069823561364,0.1999236329181251,0.14208908555943775
heartfailure,l1_logistic,logistic,28,0.07517224061854925,0.13289223005153594,0.0736248512713947,0.18539726810557203,0.1377542434027508,0.0906367452004234,0.14857941326038718,0.08516230840689878,0.190950322296602,0.12884656800609293
heartfailure,l1_logistic,logistic,29,0.0839171636679421,0.1357917951300917,0.08325534342915025,0.17538612793543887,0.1356972025006063,0.0992903901498334,0.1609065548313191,0.09546788172606016,0.17988157972928703,0.12890356613111098
heartfailure,l1_logistic,rf,0,0.05491847433068601,0.12287677377717371,0.07082666694398575,0.20376347419873014,0.16137977154862773,0.07257655378893585,0.1418437544164453,0.0712737351042589,0.2078931778846477,0.17971391663283995
heartfailure,l1_logistic,rf,1,0.05415404719391562,0.14125370937173623,0.07235188603920631,0.18044620951830223,0.17354568043095495,0.05438194546828022,0.1348720178476447,0.06808959949415053,0.1992248559051762,0.17570525860614838
heartfailure,l1_logistic,rf,2,0.04926289088942154,0.12216697594591353,0.06556835275741026,0.20794029439344786,0.19309368344549763,0.054540655559489296,0.10717002436275913,0.062256598648860864,0.2195804827595423,0.17944694982728135
heartfailure,l1_logistic,rf,3,0.05070517857529113,0.10563308403553315,0.06643177150405258,0.2095912439897228,0.1991312106315585,0.05482023518474116,0.1261989466680088,0.06890671654609079,0.1930902434007272,0.18042588762833991
heartfailure,l1_logistic,rf,4,0.0522917264353583,0.11236365203193094,0.06545085968518971,0.20916585033718613,0.18773935443034026,0.07230583929788534,0.12262381448056407,0.06981370199793524,0.2024059902640131,0.1953684072808449
heartfailure,l1_logistic,rf,5,0.057486886733143436,0.12032571382183224,0.07105676242321018,0.2127038560735886,0.20132968219852737,0.08194482768150675,0.13554692882047598,0.08444820794225993,0.21245720900529214,0.18159641886353256
heartfailure,l1_logistic,rf,6,0.05096489044973637,0.13308285613330464,0.06942028185255265,0.21618602205147322,0.19443025640797404,0.05562099469431489,0.1470573218023553,0.07112385570788539,0.21546857947008405,0.18576535552413684
heartfailure,l1_logistic,rf,7,0.056176727324477906,0.1065519941103849,0.07046012151517896,0.20778323536610904,0.1533004432795856,0.058201853254024424,0.13366996541552773,0.0704700079239764,0.20526393427059977,0.16553712027513376
heartfailure,l1_logistic,rf,8,0.04704169320822524,0.10798361534517821,0.05898580765007799,0.20394278680393257,0.19899631287152267,0.05433294259830814,0.130565928304673,0.06930924889488102,0.2163173374173585,0.1898794369908307
heartfailure,l1_logistic,rf,9,0.05487115827645324,0.13796567224478884,0.07468597848040821,0.21103362126110156,0.1799393305729211,0.06541065847433601,0.13741985375909083,0.07174398889665198,0.2225142463985152,0.18886843741737863
heartfailure,l1_logistic,rf,10,0.05319613428724526,0.11840530151292657,0.06720423437696306,0.2076214326457897,0.1659726613726385,0.045050968021028516,0.1090059750166261,0.05340412230808175,0.23286094187637432,0.19806904715157903
heartfailure,l1_logistic,rf,11,0.04860362413472377,0.117939719811822,0.06147032221735496,0.2242676905750839,0.18058939338820534,0.05033309065298006,0.11348829138807093,0.06259663705493164,0.21445147272228565,0.1787282323336459
heartfailure,l1_logistic,rf,12,0.05328239474321415,0.13807835366370333,0.07730693507904697,0.21765924313047658,0.18489607145028145,0.0640643069371384,0.12518779589370838,0.07019443140615853,0.23883659916253985,0.19635704793821765
heartfailure,l1_logistic,rf,13,0.05024627325449103,0.13538209473718804,0.0694660153579327,0.22534476550392277,0.20039917489454678,0.07526040453111602,0.1194192721764342,0.06835439899490656,0.21162461378370756,0.17020363208752168
heartfailure,l1_logistic,rf,14,0.05060943614898107,0.12454991636069578,0.07163947216877391,0.2173526252816461,0.18762202212524096,0.05861606746310908,0.09573151470238989,0.05854293348626282,0.2153483332219499,0.18481751478253552
heartfailure,l1_logistic,rf,15,0.05874212836690166,0.13071814801167414,0.07874052551104048,0.2208225779521325,0.18602826082717772,0.08838589048149548,0.11670257705499593,0.08035974920028871,0.20053555600678122,0.16651315490084975
heartfailure,l1_logistic,rf,16,0.05633206576969123,0.11770653312608609,0.06924150524271688,0.20210897196650218,0.18267064999796484,0.059224605221070106,0.11637278536667413,0.06088337870894148,0.21362526913827304,0.18180354657058365
heartfailure,l1_logistic,rf,17,0.05792390369134422,0.13900681512043017,0.076726980147282,0.19635016260421456,0.16608372783701775,0.05627577961944208,0.12343508916102189,0.07125348460031154,0.20197343988674402,0.1812309863571957
heartfailure,l1_logistic,rf,18,0.06185298522106511,0.12152731184262895,0.07282662420542875,0.1987393203834689,0.16074669474444056,0.09067575693980441,0.10694951636124823,0.07324668227743919,0.20431540852227295,0.1560920089432187
heartfailure,l1_logistic,rf,19,0.06002337560392043,0.12181734523749249,0.0745843776090267,0.18621298512596937,0.1821460608444097,0.06599399303388168,0.1414656837095286,0.07309679988858367,0.1972572823695093,0.18692976867326827
heartfailure,l1_logistic,rf,20,0.047590919004537977,0.10958691537393464,0.06302489578769759,0.2208248614303154,0.18649846947836188,0.05133828742424266,0.12702675340691022,0.06614381350735694,0.21437542851001065,0.19127158835128263
heartfailure,l1_logistic,rf,21,0.06522073367711907,0.1281059125592444,0.07864341231866388,0.2030268740986382,0.19306779007340713,0.07813993951029172,0.15448481861380572,0.08472792791275653,0.20225774822717132,0.17841682276776707
heartfailure,l1_logistic,rf,22,0.04698623053485674,0.11618977745803397,0.06442497117860572,0.21154949130371214,0.1915286896930946,0.05162290761437287,0.13888540751645334,0.06950975991263318,0.2145496458622409,0.1838419670781194
heartfailure,l1_logistic,rf,23,0.05502074547737514,0.12022158631903553,0.07142665967180005,0.19202280550235026,0.1647204831006784,0.06586575467841059,0.12609591373297666,0.07143727854146532,0.22666136727958444,0.17683456335680667
heartfailure,l1_logistic,rf,24,0.049261223308937604,0.11392679112309609,0.06699297255142907,0.2144479318561331,0.18651634413756465,0.07697762564010929,0.13442469895196296,0.0763131280873223,0.19834788049567587,0.17177998090087798
heartfailure,l1_logistic,rf,25,0.051377107647572764,0.12245035065195219,0.07010940616587945,0.2272976542421631,0.17051465674949082,0.059550766879891734,0.11023837464048289,0.06178081855507022,0.2137643536870873,0.19314255205290534
heartfailure,l1_logistic,rf,26,0.04741956749920726,0.106477319902197,0.060899280218966276,0.21253021188102936,0.17695072032549491,0.04728210471810024,0.14054106766636987,0.06525230418808772,0.21163922261783977,0.1704655906974869
heartfailure,l1_logistic,rf,27,0.048185690779363084,0.11233796610390599,0.05936262806943971,0.2187382412326421,0.18572174019145915,0.05878765540936636,0.1285525513975999,0.06740768739630387,0.21239713772611862,0.18255374165473315
heartfailure,l1_logistic,rf,28,0.0560455967392035,0.13738340717077951,0.07760711725958772,0.20347176846308312,0.16753144431818842,0.056349914506917766,0.1459706476315951,0.0752544111547979,0.20942025560750857,0.1745647168855171
heartfailure,l1_logistic,rf,29,0.05259391379823212,0.1005525421126152,0.0618377034350296,0.19537859413815867,0.17481908023520001,0.05400710936856536,0.12412005864802207,0.06655218580100554,0.20786995317217674,0.1989542316694017
wdbc,mutual_info,logistic,0,0.0030686445607401693,0.014107869433370456,0.003484336783065797,0.3736263736263737,0.33788177783000856,0.006702717583036998,0.03492160888416283,0.009069927660342961,0.34495144744452216,0.31099328964322204
wdbc,mutual_info,logistic,1,0.0040942370971093316,0.01637153573439795,0.004666481891664881,0.3714285714285715,0.3326534295748618,0.006322570789418824,0.03609189861197009,0.00922034716329374,0.34712440363409885,0.30824477407381484
wdbc,mutual_info,logistic,2,0.002104549718451822,0.013462107110224653,0.003570745182588361,0.3692307692307693,0.3264671415259452,0.006110380245875088,0.0284652172303662,0.008116347461027405,0.342740975427956,0.30480303075145904
wdbc,mutual_info,logistic,3,0.0021615459859330834,0.014406552731952262,0.0036442321021730433,0.3714285714285715,0.34102090779928124,0.005176032751087581,0.0381783639233622,0.009127879403823962,0.3471370734528629,0.3177739060080064
wdbc,mutual_info,logistic,4,0.0027928374576877742,0.015396193143209187,0.004142239349040451,0.3736263736263737,0.3362876794261107,0.005940137157860017,0.03629401250568298,0.00923391878913866,0.3471824873486923,0.3070596559560771
wdbc,mutual_info,logistic,5,0.001924233785872139,0.016695609865679008,0.003821593347928462,0.3714285714285715,0.3408417349105628,0.006330443669954319,0.038320716711984455,0.009598650863328383,0.3449879760129067,0.31464997489837304
wdbc,mutual_info,logistic,6,0.0018240250533227873,0.015014970761607165,0.003784781368794192,0.3692307692307693,0.3363649641710846,0.006180426853816161,0.0394909091316492,0.009960784556330673,0.3473833944748071,0.30844172882828585
wdbc,mutual_info,logistic,7,0.003152549184593735,0.016304744484178284,0.004641562124239615,0.3714285714285715,0.33392962910865637,0.006582582022350684,0.032991164948831836,0.009188116897604896,0.3405741073331101,0.312011935051878
wdbc,mutual_info,logistic,8,0.002313610385811741,0.016204752325132632,0.003549612142260304,0.3714285714285715,0.34092113979207656,0.005128568136460486,0.03214107943510417,0.008418138592551434,0.3471614258317859,0.31870791070519305
wdbc,mutual_info,logistic,9,0.0025482177199163862,0.01283677647120067,0.003434186608600071,0.3736263736263737,0.32917913484974054,0.006282602976390249,0.03861446108664404,0.009444440887678228,0.34936531612431887,0.30890431950914893
wdbc,mutual_info,logistic,10,0.0020398827037582763,0.016033579439467635,0.0036808726682042575,0.3736263736263737,0.34142558969906955,0.006699041910173675,0.03279118365114681,0.008672933594024447,0.3472649234422087,0.313498326950575
wdbc,mutual_info,logistic,11,0.00294000822736276,0.015199696872139679,0.003862030902617344,0.3714285714285715,0.33257130543567426,0.006067418253064495,0.03623696502433471,0.008666354943579714,0.3449453593497914,0.31175272559146794
wdbc,mutual_info,logistic,12,0.0028364019796276643,0.015909162410404833,0.00518992238274667,0.3758241758241759,0.3401005938281112,0.006685620944778526,0.03439647908121633,0.01050087155390867,0.34495144744452216,0.3131786202753979
wdbc,mutual_info,logistic,13,0.0022761582426456886,0.015888012520324984,0.0036849657835428752,0.37802197802197807,0.3401401428827519,0.006308785885757889,0.03680648795051075,0.009467072425264149,0.3427719095309123,0.31374133521745506
wdbc,mutual_info,logistic,14,0.0023513150834840735,0.012465457251992395,0.003194991969001035,0.3692307692307693,0.3334497017052418,0.006716513807069071,0.039575690389573544,0.010500965568686021,0.3473014520105932,0.31571004116402174
wdbc,mutual_info,logistic,15,0.0030833897538340496,0.016926709975425218,0.003989411911693446,0.3714285714285715,0.33360321626200234,0.006446807108515805,0.035711259846343386,0.009409167471379612,0.3471857782107089,0.3091573445328945
wdbc,mutual_info,logistic,16,0.0021717226655313697,0.019054352326121328,0.0042373035323010405,0.3714285714285715,0.3366819178324587,0.006471895110935996,0.031015755257194078,0.008226069175894588,0.3471614258317859,0.31395674978418187
wdbc,mutual_info,logistic,17,0.00244373563031461,0.014629504431052674,0.0033374320111634005,0.36703296703296695,0.33694296170920196,0.006404399778944799,0.03462736735856985,0.009462120836343419,0.3471309853581321,0.31075999052144787
wdbc,mutual_info,logistic,18,0.0023810630231110527,0.018911786384643314,0.004212240221248539,0.3714285714285715,0.3296663493816084,0.005908162531079235,0.034418072388793915,0.009209629059399788,0.34275364524672,0.3065159936982985
wdbc,mutual_info,logistic,19,0.0026488940568070397,0.014461771002092266,0.0036705413190294385,0.3736263736263737,0.3332684375944169,0.00653902680125152,0.030623563565509396,0.008054621915891989,0.3472892758211317,0.3160169788710034
wdbc,mutual_info,logistic,20,0.002387574006801813,0.017268806853024427,0.0038589568264738314,0.3692307692307693,0.3402057908949388,0.006311986971198338,0.03525543632457474,0.00958601142442808,0.34495144744452216,0.30882997932631256
wdbc,mutual_info,logistic,21,0.0025264766422539364,0.014587331484875222,0.003087256312923146,0.3714285714285715,0.33312330945276897,0.00634463003876647,0.03865996903007836,0.00932049859769491,0.3450975617180603,0.3121491203313173
wdbc,mutual_info,logistic,22,0.0029907160386664087,0.01703765803823927,0.003880897986296073,0.3714285714285715,0.3346732234737576,0.006081846349198292,0.031670485501998906,0.00839773986353973,0.34495753553925296,0.31526749657328434
wdbc,mutual_info,logistic,23,0.0035707311083431046,0.015055863769634876,0.004084484491154951,0.3736263736263737,0.33794546635674216,0.006538200675190741,0.0368317541713225,0.009218799372375184,0.34936531612431887,0.31614757110098435
wdbc,mutual_info,logistic,24,0.002924002881561809,0.019561771284923774,0.004724469431679538,0.3714285714285715,0.3343160176205736,0.0061256542614845306,0.027119097608584934,0.007366866848656218,0.34714595878030774,0.30788455616374266
wdbc,mutual_info,logistic,25,0.0025601085497360433,0.020810633111441094,0.0045095456018618765,0.3736263736263737,0.3387576303902128,0.006527016870041558,0.03487655255936929,0.009123561836690566,0.35376092051992325,0.3137652098571381
wdbc,mutual_info,logistic,26,0.0021837557270458444,0.020585367012666517,0.0042746919539328465,0.3736263736263737,0.34487665503631343,0.006283918030906776,0.03705422470167724,0.00948006597779793,0.34715533773705515,0.3116724800770672
wdbc,mutual_info,logistic,27,0.0020851592480827367,0.017280487939267286,0.0041242113986469505,0.37802197802197807,0.3361057377159905,0.0056802798089196985,0.03862925102237163,0.010094122319950351,0.34495753553925296,0.31113992444831934
wdbc,mutual_info,logistic,28,0.0023600000701221014,0.016536878253192035,0.0035537475352421244,0.3736263736263737,0.3350309434902909,0.005234532690349456,0.033771425283441264,0.008571561744391278,0.3494594347779943,0.31417438384867086
wdbc,mutual_info,logistic,29,0.0023527064447540318,0.013613170453453154,0.0030017546389757956,0.3692307692307693,0.33745080830339397,0.006253667614945685,0.028960489334984157,0.008084240676617267,0.3427719095309123,0.31008513013126443
wdbc,mutual_info,rf,0,0.007479782928995029,0.031125290782073343,0.011371221698675545,0.34487754930968223,0.3152640569930142,0.010457904809629767,0.034212365947496576,0.012136061216999287,0.3451097379075218,0.3238282489043243
wdbc,mutual_info,rf,1,0.00766425905970926,0.031402492055854325,0.011828572173102578,0.3469754189975796,0.3143280583434039,0.011298438494517024,0.03854555277618385,0.013198868450827255,0.345103649812791,0.3137482333346391
wdbc,mutual_info,rf,2,0.007783400237218246,0.0315580182130224,0.011443852142377383,0.35151176259209493,0.3170205112096951,0.01079669457548758,0.03982507881056559,0.012540567362000416,0.34618170898496076,0.31961930282334283
wdbc,mutual_info,rf,3,0.005617142237715672,0.027946636150494274,0.009753750545413784,0.3469454721532283,0.319296413624469,0.015672988469555924,0.03882043137623636,0.013072043751709287,0.3472101305896319,0.3144357843755343
wdbc,mutual_info,rf,4,0.008012660843018188,0.032678344743951836,0.012272454654217413,0.34689938180242885,0.32054329465180376,0.011794884744863218,0.041668281531354656,0.014446783685790852,0.3362566609104005,0.316075651873134
wdbc,mutual_info,rf,5,0.004639541755890911,0.02506274598240086,0.008344779149599909,0.34467064550167037,0.32820477818122457,0.010447696643598386,0.03254312235485904,0.011247069304845835,0.3450245045812912,0.3130522422135931
wdbc,mutual_info,rf,6,0.005948877098584799,0.03148484934931295,0.010607207992340165,0.3401909412989745,0.3201407111519172,0.016007307559923988,0.041606801664065225,0.014065638195524428,0.34940184469270336,0.3064902025865662
wdbc,mutual_info,rf,7,0.008434541717580913,0.02238399146578764,0.010848206450997828,0.3472978137798082,0.3103985424590246,0.010500136561667955,0.03742237277129186,0.012680599375118083,0.3429119357097196,0.3187879180097233
wdbc,mutual_info,rf,8,0.007601181674279967,0.027573287396686186,0.011100133967992273,0.3513307468986139,0.32044587880801806,0.010169776362034158,0.036173033195418085,0.012237019328048566,0.3427901738151045,0.31981353101887766
wdbc,mutual_info,rf,9,0.004502508255217185,0.026905087713692703,0.00862939949261445,0.339496139972522,0.3144658364386417,0.010343845306077884,0.03736349980873099,0.011702228086066645,0.3423106135458536,0.31619177695853073
wdbc,mutual_info,rf,10,0.008311673263971087,0.026224480158936525,0.010732813422095365,0.3493734518665266,0.31346538679219255,0.010202445015824409,0.038465251479673536,0.012381212969775509,0.3449818879181759,0.33055557848059297
wdbc,mutual_info,rf,11,0.006793291165623835,0.0344472454951736,0.012680169943730371,0.33823543795842964,0.3114004681801125,0.009270219491416373,0.0439597312441226,0.012783085634851896,0.3516848802167361,0.3222384492234878
wdbc,mutual_info,rf,12,0.00794052689634359,0.030047146212947747,0.011655014349781355,0.3448094467485049,0.31370951454150714,0.010673820102401085,0.03590437360403197,0.012354765372793501,0.3407019573224559,0.3004290048083694
wdbc,mutual_info,rf,13,0.0058051412617771,0.034454034111308235,0.011248266602983878,0.3470211436970439,0.32077182629045187,0.010912494858529815,0.03779973737133869,0.014096870453765585,0.34426066828275664,0.3295625668300366
wdbc,mutual_info,rf,14,0.007469078952507848,0.02850216525148211,0.010941821978680528,0.3468545163836022,0.3139062072920991,0.01016670811470121,0.037744760018321256,0.012585630588851482,0.34058628352257153,0.31339804130039156
wdbc,mutual_info,rf,15,0.010618661638856632,0.03183198625409655,0.013178313425286001,0.34285443743601024,0.3203226044671668,0.011764751138851623,0.043101897625198046,0.013535485908039288,0.34653575128899694,0.3183501428072337
wdbc,mutual_info,rf,16,0.008235105085532275,0.03164347310512634,0.011694780480311124,0.34481239024175303,0.31671432137405314,0.010976498521147541,0.03351129694308053,0.01180935130599673,0.3427901738151045,0.3263035461108899
wdbc,mutual_info,rf,17,0.005473807716493487,0.03488811801050165,0.011324022347146013,0.34706542407373425,0.32181512724712574,0.011325315536601828,0.044168520071360594,0.013472544760483967,0.34057081647109344,0.3220052085018072
wdbc,mutual_info,rf,18,0.004317533430352943,0.03255588846886688,0.009338636726001368,0.3447701757951065,0.3255345679209514,0.010395561310187304,0.033322220196371564,0.011456643646876543,0.345006240297099,0.3242350097777414
wdbc,mutual_info,rf,19,0.007204787628255661,0.03182081567773132,0.011465540762541514,0.34482820466199965,0.3120403994785075,0.01025398549767445,0.03984571775492578,0.013784291643767838,0.33974659285455383,0.32186835890673193
wdbc,mutual_info,rf,20,0.008478095667592977,0.03560396409267118,0.013076399665434073,0.3493441814771454,0.3182013116461403,0.01138390854329811,0.041402570251021,0.013677520993764996,0.35155703022739027,0.3209877329905029
wdbc,mutual_info,rf,21,0.004615211431837911,0.026961260888062857,0.009175138962959803,0.3490648055745008,0.31780354059604293,0.01059535390041232,0.04055099449269624,0.013351802869721345,0.34275364524672,0.32552203664626345
wdbc,mutual_info,rf,22,0.00784252207543874,0.03318343524304347,0.011812951037177569,0.344878627981121,0.3150032180173632,0.011015566732088419,0.04857638647474885,0.014980285797447278,0.3471675139265167,0.31591126511528894
wdbc,mutual_info,rf,23,0.007415687480584072,0.025559571035538173,0.009945426250023906,0.34257065503602896,0.3198408530631119,0.011026673269200642,0.036142688182761215,0.012149875056088073,0.3428084380992968,0.3112471470855393
wdbc,mutual_info,rf,24,0.007809137437641957,0.037177990704333544,0.013561183440745205,0.34038502902768825,0.3175767020862439,0.011391741941186494,0.04336456489553925,0.014863596502797075,0.3398927071280919,0.31444153077221215
wdbc,mutual_info,rf,25,0.004519860732524677,0.019211131959707375,0.007937342219479433,0.34687241501645927,0.312121024560221,0.010392682556848082,0.034839832982687,0.01284457302328761,0.3451280021917141,0.3124112728043493
wdbc,mutual_info,rf,26,0.0078464399737786,0.025354609581738564,0.010135130986918709,0.34474933366900123,0.3197600833679508,0.011161785100368719,0.03962991214608386,0.012904488687235103,0.34844648022480124,0.3257094521080325
wdbc,mutual_info,rf,27,0.008060881967296296,0.02991224306722288,0.011099280143654293,0.34471181784201166,0.32204885128696586,0.01036639463440943,0.03574444064628732,0.011474134172253382,0.34504556609819764,0.3190223565300528
wdbc,mutual_info,rf,28,0.00490307116226057,0.029369161430044175,0.00894803169759664,0.3427564973271344,0.32064488483883347,0.011445214345666133,0.040963163423504825,0.013172079864926568,0.3429058476149888,0.3115374067749208
wdbc,mutual_info,rf,29,0.005732430178612376,0.029849568146859615,0.010240129223669632,0.3469466422375009,0.313506977601916,0.010734741223149321,0.03484686307059975,0.013108101191596968,0.34288149523606587,0.3106583593241268
wdbc,rf_importance,logistic,0,0.00222508380381218,0.01196873775909241,0.0033003670009337897,0.3736263736263737,0.3446923003216891,0.005040556633781581,0.03320628863092398,0.008196746101659252,0.3493714042190496,0.32046195071876804
wdbc,rf_importance,logistic,1,0.00265208877055818,0.019450043564064132,0.004140540386095108,0.36703296703296695,0.34091557194434496,0.005861522363069282,0.030498240601315257,0.0076967186285302105,0.3427658214361815,0.3143819321095882
wdbc,rf_importance,logistic,2,0.0030784047568273576,0.013811096266894125,0.0031632915962397827,0.3736263736263737,0.3335781500647312,0.005423885587572973,0.029822003761959554,0.007091104963165845,0.34275364524672,0.3149592126302587
wdbc,rf_importance,logistic,3,0.001828401377438623,0.01662230621259309,0.00383782331894152,0.3714285714285715,0.3402969929203736,0.006189177309044614,0.039157164154127455,0.010398119425483344,0.34275973334145077,0.3075855890209624
wdbc,rf_importance,logistic,4,0.0028515674628188936,0.02073932839366051,0.004802537910907869,0.3692307692307693,0.3293110808681632,0.005033355652916677,0.03671175102769694,0.009064130575403456,0.3493957565979726,0.3159975129257865
wdbc,rf_importance,logistic,5,0.0022906985350894813,0.01691146676728734,0.004349961211660308,0.3714285714285715,0.3339058107047778,0.0064363078882811176,0.034492130322080455,0.009409976317482185,0.3449818879181759,0.30869232347802145
wdbc,rf_importance,logistic,6,0.003184273175065676,0.015532308370083712,0.004202097835367462,0.3758241758241759,0.334309718050549,0.006401732970762266,0.03777858075820151,0.009502972748669899,0.3493896685032418,0.3100415465556583
wdbc,rf_importance,logistic,7,0.0017734338824217182,0.01354233280676019,0.0034013210838260387,0.3714285714285715,0.3384421570656595,0.006123771698725548,0.03478761698210473,0.009417016727275651,0.34932220583190104,0.31387555189441746
wdbc,rf_importance,logistic,8,0.0022713269736382275,0.015683916983420337,0.0035167308859909226,0.36483516483516476,0.34045225115832367,0.0047059836038592946,0.031409330791528994,0.007496102316882524,0.3494809899242032,0.3147689541711185
wdbc,rf_importance,logistic,9,0.0026260406537995705,0.014565023819928587,0.0034067587078108696,0.36703296703296695,0.33696040600491156,0.006057225792154664,0.033516955531671895,0.008728342542433485,0.34495144744452216,0.3130039800831124
wdbc,rf_importance,logistic,10,0.0023380809565452564,0.01877014538912382,0.0043047550052098425,0.3692307692307693,0.33593335983696215,0.006294267055296137,0.028543987989667053,0.007575394206186571,0.35169705640619764,0.31274060458037356
wdbc,rf_importance,logistic,11,0.0031120566686776182,0.014346292448658482,0.003483772207584128,0.3714285714285715,0.33430719421042554,0.007703300748074947,0.036871508684650056,0.009294023639669946,0.3450760065718514,0.31263538024831494
wdbc,rf_importance,logistic,12,0.001964309093321116,0.014458150632630007,0.0033546494423551537,0.3714285714285715,0.3379185092001682,0.0059164771624756595,0.032655213906854004,0.00788410733174557,0.3449542446772363,0.3113902675457637
wdbc,rf_importance,logistic,13,0.003072341317001126,0.021052448531578387,0.004410442247564117,0.3692307692307693,0.343246431112313,0.006459946747898472,0.03406715645144032,0.008606483624389982,0.3427901738151045,0.31180207594750303
wdbc,rf_importance,logistic,14,0.0028498181948077303,0.023683753311777436,0.004994567084356689,0.37802197802197807,0.33761567889198835,0.007446908494678432,0.04260022593819893,0.010501153465368722,0.3471736020212474,0.3106227691018181
wdbc,rf_importance,logistic,15,0.0021244907742416254,0.016774566651868335,0.003987338680912385,0.36703296703296695,0.32927754152174565,0.004827210743927702,0.026550062550588574,0.006990145967835442,0.35157529451158254,0.31399925161131853
wdbc,rf_importance,logistic,16,0.002728269999946134,0.014506644414673902,0.004048414644240309,0.3714285714285715,0.33545489880988344,0.006898633212968965,0.03795118710100502,0.009974564575053704,0.3471736020212474,0.3097445491597486
wdbc,rf_importance,logistic,17,0.0023164264307200598,0.015654972234867413,0.0037483886274965504,0.3692307692307693,0.3401137097244281,0.006483760952034369,0.0366566731184798,0.009450682843569438,0.34936531612431887,0.3114997560777852
wdbc,rf_importance,logistic,18,0.002298888078828619,0.016188245650757153,0.003959336493351878,0.3692307692307693,0.33855108292742636,0.005968454454252309,0.03571047131492247,0.008683095661957779,0.3471796901159781,0.311196961924142
wdbc,rf_importance,logistic,19,0.003036233015359357,0.01565437110783157,0.004016337204708367,0.3692307692307693,0.33300973773100145,0.005033210768017644,0.031135568670604852,0.007831199016943662,0.34715533773705515,0.31392143274483786
wdbc,rf_importance,logistic,20,0.003251263072718177,0.01946859593742766,0.00427455621974041,0.3758241758241759,0.3342429015013691,0.006486308066061862,0.03048326265391302,0.008027411885218187,0.3493592280295881,0.3110524643067419
wdbc,rf_importance,logistic,21,0.0022252336294395665,0.012528516566879914,0.0031273877448700763,0.3736263736263737,0.34349123085434785,0.0063183354511165265,0.02924380140721522,0.008275894686765903,0.3493835804085111,0.31433945649908224
wdbc,rf_importance,logistic,22,0.0020592733016481183,0.01697440906394781,0.00431928219663973,0.3692307692307693,0.3292432744193265,0.00626249903688301,0.03823662668783202,0.01000285070168165,0.35157529451158254,0.30865204553090175
wdbc,rf_importance,logistic,23,0.0020508956498578434,0.017738781105513565,0.004218917974057168,0.37802197802197807,0.3390771996845507,0.006173143664148184,0.0323673538301383,0.009268497013132412,0.3515692064168518,0.3115525265870022
wdbc,rf_importance,logistic,24,0.002198574328676938,0.012775069401660004,0.0035556343137509655,0.3714285714285715,0.3435176662139857,0.004639495298322255,0.03013053049835436,0.008046749243341658,0.34509147362332954,0.3210936533348243
wdbc,rf_importance,logistic,25,0.002024614835751326,0.017645262594473535,0.004294157355845206,0.37802197802197807,0.3424438289857667,0.005835297253613915,0.02917010617726666,0.00814626522472335,0.3471614258317859,0.3122626783443979
wdbc,rf_importance,logistic,26,0.002467179606418675,0.014387941935822667,0.0029853148740291795,0.38021978021978026,0.3389251729253838,0.0043193620503761436,0.03461183525899196,0.00837447453982622,0.3450671212444065,0.3254492182955496
wdbc,rf_importance,logistic,27,0.002190517131406472,0.01552471065905923,0.003938432907726266,0.3758241758241759,0.3324250152789541,0.004828222632217193,0.03451080268899662,0.008295646258500875,0.3449879760129067,0.3197495129025974
wdbc,rf_importance,logistic,28,0.0020632615399314817,0.01627683477924059,0.003655814489203009,0.3736263736263737,0.34087205451706687,0.00602409782080752,0.043853004875061406,0.01112725694704358,0.3451855922770049,0.3099413339783192
wdbc,rf_importance,logistic,29,0.0037705184302092767,0.015536545911198183,0.00447605584086889,0.3714285714285715,0.3373538901085636,0.007571328725214491,0.03983936449943798,0.010209712968453973,0.3450671212444065,0.30992753464834405
wdbc,rf_importance,rf,0,0.004311332195380144,0.02993715400010928,0.008852580538723427,0.3494121377777887,0.3120651352210462,0.00993155656114412,0.036611962403199486,0.01213451977792964,0.3474110377157468,0.32056077158382107
wdbc,rf_importance,rf,1,0.008161267746216557,0.028914784603364663,0.0118449219017797,0.3449836978922851,0.32076750335987814,0.011184986218645058,0.04262942551326306,0.014017917530509816,0.347307540105324,0.32039535905521516
wdbc,rf_importance,rf,2,0.008861079831053754,0.032002091282885364,0.012530068558402042,0.34727024406788337,0.32441309763487947,0.01246646959447793,0.039008754318623634,0.013777366258485257,0.3443562133753869,0.3121180852716978
wdbc,rf_importance,rf,3,0.007584266999585161,0.02645869907670587,0.01066006475828875,0.35138978130667875,0.31539666198452426,0.008269813108152559,0.03221242101354327,0.01028850331417193,0.3474138349484609,0.3183122211267266
wdbc,rf_importance,rf,4,0.008454066361676962,0.0279928751238118,0.011056821535951741,0.3468672776152,0.31598062199233035,0.00949797579050072,0.038698408395662694,0.011743022929117128,0.34180387524424616,0.31698369235873763
wdbc,rf_importance,rf,5,0.00903183249692679,0.03252165518689755,0.013049535134131408,0.3424662615798349,0.31969831601355103,0.011190669992045097,0.03998071574448534,0.013584426425760653,0.3471979544001704,0.30967418775919103
wdbc,rf_importance,rf,6,0.005046554635778786,0.029463735657232967,0.009328999755052829,0.33404218501171407,0.3041165641650699,0.014740578144486394,0.038240287510680135,0.012806360188177258,0.34283887857295053,0.31628279093965966
wdbc,rf_importance,rf,7,0.004511338474237612,0.029296444383627374,0.009223258538857564,0.35152584016849936,0.3191883686712491,0.010573290430239447,0.035706767346567435,0.011931055901792076,0.3451219140969833,0.3205446722896077
wdbc,rf_importance,rf,8,0.007383701593881497,0.029626816174710923,0.010900916473388244,0.3513141097628632,0.3222520788355117,0.010142648992310963,0.04100390125724508,0.012748307457218756,0.35169705640619764,0.3128193035392354
wdbc,rf_importance,rf,9,0.007055337598678983,0.03046699355572481,0.01119588288493233,0.3425928500720744,0.3202863028025103,0.008528980354390562,0.03636246683574182,0.010834540399997514,0.3494992542083954,0.31994899288932827
wdbc,rf_importance,rf,10,0.005622465103009467,0.034554121192423876,0.01131485896097264,0.34475492813442943,0.31292353548121293,0.0107814095779462,0.04527664090671596,0.014289330724194292,0.3430458737937962,0.31805748126140554
wdbc,rf_importance,rf,11,0.007972059398276965,0.02814395410553043,0.011364061762565832,0.34518263050119,0.31297032411524095,0.00914751067231448,0.04227504913834031,0.012510447560594544,0.35172140878512065,0.316841031186623
wdbc,rf_importance,rf,12,0.005310831561183223,0.022572104447982518,0.007928314199648859,0.34246887598688147,0.32354368855280535,0.010843415533471493,0.039773495748227736,0.012751344768117977,0.34418481391327344,0.32016422637858666
wdbc,rf_importance,rf,13,0.013691514248264071,0.027732282802520988,0.013737101838587331,0.34473927825728373,0.3192283737339075,0.010833387077884312,0.03444091251867192,0.011742189658425635,0.33975876904401536,0.3121684709499868
wdbc,rf_importance,rf,14,0.005731899589925733,0.02716565864030445,0.00914125416505422,0.33824342744010333,0.31312222498606695,0.010903435752286167,0.04571399558903621,0.013874140534492737,0.33851024321938444,0.3169346240438598
wdbc,rf_importance,rf,15,0.008354622264560522,0.029074943834923712,0.011576443476107642,0.34493071501381745,0.32173004671184363,0.010597669710041849,0.04107279213159925,0.013206735891108202,0.34840995165641675,0.31514328238088646
wdbc,rf_importance,rf,16,0.0083188729557607,0.028500147051235408,0.01099407936665879,0.35354054246021,0.31019187889230254,0.011261516760812565,0.03596860691746076,0.01201227824620717,0.345006240297099,0.3113834217107956
wdbc,rf_importance,rf,17,0.007685213367337725,0.028431597836956736,0.01162134300091974,0.34918060735235246,0.3105304559277224,0.010480443826042492,0.033021208214444334,0.012187052739139444,0.34947490182947244,0.3175988399708779
wdbc,rf_importance,rf,18,0.007356733344026575,0.032485519194064706,0.011910530050991217,0.3471093936467897,0.32052585845564485,0.00968743308763485,0.03991616870276085,0.01177339653549617,0.35160573498523634,0.3241384109085083
wdbc,rf_importance,rf,19,0.008023664290245631,0.030678812673959905,0.01215544570472264,0.3517424337368935,0.31928752077373385,0.009385595158236695,0.037697601742652534,0.011925941649128899,0.34729536391586247,0.31741680099341013
wdbc,rf_importance,rf,20,0.008518799672179566,0.028963991903126596,0.011542722248489016,0.35347732134435733,0.3150349506904608,0.010722649592477452,0.041483587089635135,0.013734517790698453,0.3385285075035767,0.31015254337322784
wdbc,rf_importance,rf,21,0.007039499682584661,0.026272095789003524,0.010301424490199402,0.34072181218995623,0.3220800556584273,0.009915202341105638,0.03539895905232615,0.012408163798659994,0.3450123283918297,0.317228171046197
wdbc,rf_importance,rf,22,0.007901542242308211,0.026488801266599908,0.010800578750791615,0.3490325185616044,0.3183030402136466,0.0074539885707810075,0.034226843363571964,0.010069535679065796,0.3451219140969833,0.31455216757703086
wdbc,rf_importance,rf,23,0.00462005272668771,0.030941848645751356,0.009758072639019542,0.3537283227033919,0.3162617917479287,0.009854899967243952,0.03697539815103451,0.012392598252160153,0.3507356038435648,0.31841803020415077
wdbc,rf_importance,rf,24,0.00869526518667442,0.02574845901279487,0.01151743481815528,0.3448061558864882,0.31261166007248786,0.0061835300455668095,0.04331904538314984,0.009609601123465095,0.3451097379075218,0.3104442151604879
wdbc,rf_importance,rf,25,0.008579530445060542,0.03525936521636822,0.01330788558878088,0.34246211143718064,0.31236626662746475,0.011714992627405761,0.046585861795726394,0.015000442871027905,0.3407019573224559,0.3077085897370755
wdbc,rf_importance,rf,26,0.007552243260302122,0.03400376435691946,0.011823279919522063,0.35362550154793915,0.314238163608894,0.010408123324005397,0.04075169219845637,0.013409915867931162,0.3462425899322683,0.31680311792890536
wdbc,rf_importance,rf,27,0.007301269903004265,0.027716951584501624,0.010839049468430128,0.3492202988047863,0.3266878574037761,0.008308742543997952,0.04348718923297968,0.01237181028181567,0.34049397484300525,0.3199413106768571
wdbc,rf_importance,rf,28,0.0074175812235087206,0.02582412214293435,0.01032714106129441,0.3492032960177004,0.31194513593392975,0.010148780383462197,0.03971088397430529,0.013248894831180712,0.3428145261940275,0.3286700686462567
wdbc,rf_importance,rf,29,0.004373803485073695,0.022717513031649213,0.00791063852106841,0.34688148316957174,0.3172566989360993,0.010336484846570036,0.038557637067971495,0.012790146628030668,0.34720404249490117,0.31534304820406955
wdbc,l1_logistic,logistic,0,0.0026740435786737874,0.01790570831532338,0.0037906916595379,0.3736263736263737,0.33909520994267606,0.0030793512019360934,0.02836048394588994,0.006031913591300735,0.36483516483516476,0.3430635284573759
wdbc,l1_logistic,logistic,1,0.0025999258763009887,0.012897758915505604,0.003173558086712723,0.3758241758241759,0.34018723961060215,0.0027562766506076565,0.01938929611756427,0.004426030754397138,0.3692307692307693,0.3396775949468501
wdbc,l1_logistic,logistic,2,0.002411043295390985,0.015736288050360155,0.003948312369873033,0.36703296703296695,0.3370901552930019,0.0027136996458617577,0.025309699556869583,0.0056075302754837065,0.36483516483516476,0.3420061964675318
wdbc,l1_logistic,logistic,3,0.0027800086049001114,0.018769375344953546,0.004378153635149376,0.3736263736263737,0.33856648190982364,0.0028107730183299855,0.023074618111207965,0.005408644426851751,0.36263736263736257,0.3402125403867738
wdbc,l1_logistic,logistic,4,0.0024194663660136403,0.019057483448557174,0.004202857427950642,0.3714285714285715,0.34095154165742586,0.002267373349077338,0.02065735291677214,0.004642931533604643,0.3692307692307693,0.3433456374274631
wdbc,l1_logistic,logistic,5,0.0022519794978518894,0.015999722762421446,0.003893907633717745,0.3736263736263737,0.3452644292403859,0.0027405528099420555,0.016840796523853813,0.004319759469425032,0.3714285714285715,0.3391673009278028
wdbc,l1_logistic,logistic,6,0.0026462119026427534,0.01737063273348953,0.004209886455524124,0.3736263736263737,0.3379159734590747,0.00232974809523209,0.01934130854558315,0.0045246568766841265,0.36483516483516476,0.34718324254753496
wdbc,l1_logistic,logistic,7,0.002189127437550138,0.016699190721961157,0.0037765952723824376,0.3692307692307693,0.3288743761016684,0.0025126408792911356,0.02102944850964482,0.0045307132363868775,0.36703296703296695,0.3426292941558872
wdbc,l1_logistic,logistic,8,0.002315698525509736,0.01709650343343022,0.0038639273850401283,0.37802197802197807,0.34040485662087905,0.0025920772194274705,0.02044957439549694,0.004990547963904526,0.36703296703296695,0.34511567991404063
wdbc,l1_logistic,logistic,9,0.002816122366804822,0.01999033839397792,0.004622385379568733,0.3736263736263737,0.3374999907778123,0.002457482753935944,0.021573787885178178,0.005195235686496157,0.3692307692307693,0.34057103656291987
wdbc,l1_logistic,logistic,10,0.00352625307399465,0.016104949832953793,0.004078435571578013,0.37802197802197807,0.33623079463704003,0.005105215719509822,0.023801258341089808,0.005738660530443328,0.3714285714285715,0.3406007300362373
wdbc,l1_logistic,logistic,11,0.0035892673876923528,0.014825071455793586,0.004357743598294339,0.3692307692307693,0.341107073139276,0.006072282556585731,0.022314429713283446,0.006581945301169546,0.3714285714285715,0.33831352412957877
wdbc,l1_logistic,logistic,12,0.0019093299145740569,0.0131291583916959,0.003185713226574347,0.3692307692307693,0.33950134418052463,0.002323883061224775,0.017503681492241296,0.004339750379272458,0.36703296703296695,0.3484675730102863
wdbc,l1_logistic,logistic,13,0.002267390089237385,0.014570947723388834,0.0037177308100479526,0.3758241758241759,0.341186734788354,0.002532508341372285,0.020773482854512845,0.005149693439474316,0.36703296703296695,0.349362488610221
wdbc,l1_logistic,logistic,14,0.0025903019091357456,0.017223680142040235,0.004075892758058678,0.3758241758241759,0.3380546295743998,0.00250199219927265,0.024334402119843068,0.005638036180511388,0.3714285714285715,0.3389223599110269
wdbc,l1_logistic,logistic,15,0.0023749958767837445,0.015893422976919418,0.004170182687900827,0.3758241758241759,0.3443877644541567,0.0033215749929190663,0.025692828775730245,0.006512826769367629,0.3714285714285715,0.33860328284183777
wdbc,l1_logistic,logistic,16,0.002152562637734722,0.016453474176052817,0.00383162205833046,0.3692307692307693,0.34020219925921696,0.0025082331497083697,0.023432399445463565,0.005698655355262426,0.36483516483516476,0.33848554980248236
wdbc,l1_logistic,logistic,17,0.0023355000470108803,0.012649347672399704,0.0034204983595747646,0.3736263736263737,0.3404243473737182,0.0031454149856142985,0.02425942696920033,0.006097288473399343,0.3692307692307693,0.3480949935707302
wdbc,l1_logistic,logistic,18,0.0024647925004893274,0.01521890877871274,0.0034798142839155004,0.38021978021978026,0.3338479820065543,0.0024324739920182376,0.018582508899839065,0.004160541172525687,0.3714285714285715,0.3373196593713469
wdbc,l1_logistic,logistic,19,0.002557896694347433,0.013316070260062873,0.0035036429131082773,0.3736263736263737,0.33062124955709676,0.0023984275789796657,0.017549700658904564,0.004304391375547854,0.3692307692307693,0.3437533065524411
wdbc,l1_logistic,logistic,20,0.0028471301748590953,0.017602957178424337,0.00434344640694022,0.37802197802197807,0.33901445592855317,0.003107799267096968,0.027748989686902356,0.006641280383166739,0.3714285714285715,0.33777804653918
wdbc,l1_logistic,logistic,21,0.0021885370867636526,0.014855919754409252,0.0034758604454296167,0.3758241758241759,0.3342570228748024,0.0025365043237402947,0.021660646253038943,0.004927586887676536,0.3736263736263737,0.3435122382317125
wdbc,l1_logistic,logistic,22,0.002471843139231192,0.014243915858017066,0.003601880854092649,0.3758241758241759,0.3405451610241085,0.0028138283659278215,0.019819052503811115,0.0050733193501159195,0.3692307692307693,0.3442551920388006
wdbc,l1_logistic,logistic,23,0.0025611304016080272,0.018727085775562965,0.004431339490662447,0.3692307692307693,0.34305777838053775,0.002750564765291323,0.022031649782920566,0.0051260131175716855,0.36483516483516476,0.34232379473162594
wdbc,l1_logistic,logistic,24,0.002444580054695526,0.017073244738049283,0.004067435356221097,0.37802197802197807,0.3348102595581379,0.0029210629232238956,0.020153888082448515,0.004850684022002747,0.3736263736263737,0.34096168952723366
wdbc,l1_logistic,logistic,25,0.0025176146383931036,0.013795009723142293,0.003126524416772841,0.3736263736263737,0.32994041256058426,0.0029248604555299137,0.018779801159195333,0.0043632284952629065,0.3692307692307693,0.33606886060524926
wdbc,l1_logistic,logistic,26,0.002267265778760531,0.01940665680786421,0.0045677646796078155,0.3736263736263737,0.33458225919206314,0.002518288698642152,0.02406521828414413,0.005851538666883528,0.3736263736263737,0.3370080591392966
wdbc,l1_logistic,logistic,27,0.002220565031310769,0.0160838233546337,0.0037033426468807006,0.3714285714285715,0.34072563411636375,0.00232419584778452,0.01840652475801387,0.004219010747885452,0.36483516483516476,0.3437505270761701
wdbc,l1_logistic,logistic,28,0.0023517910564393196,0.022619151954489214,0.004992012060235701,0.3758241758241759,0.3381911932447802,0.0026199438304454594,0.020634328273007298,0.005001288629986097,0.3736263736263737,0.3403427281094219
wdbc,l1_logistic,logistic,29,0.002199548031197413,0.017547059253567747,0.0038337621263765404,0.3692307692307693,0.3388647407982399,0.002948938152042867,0.019714092145480942,0.004317718250896674,0.36703296703296695,0.3359317847960817
wdbc,l1_logistic,rf,0,0.007717136279548063,0.028662461810916418,0.010816717722579996,0.34472052034378897,0.32080713641327335,0.00397512980219113,0.027900948320718887,0.007373047973609852,0.3398102710345755,0.3177545295957511
wdbc,l1_logistic,rf,1,0.004689538874586657,0.03264480185337736,0.010391769723015549,0.34475606165356854,0.3162204544911523,0.003882834343851443,0.028317756133352953,0.008404215313399037,0.3449453593497914,0.31033495528769245
wdbc,l1_logistic,rf,2,0.007984323958917846,0.03144291802172088,0.011543936692181924,0.3493433221965077,0.3222510898621428,0.0035217821714299442,0.029408484114226377,0.0077623323164012,0.36033886006185173,0.33189185597828663
wdbc,l1_logistic,rf,3,0.003996443890494367,0.02137963647312117,0.007412297863831218,0.3493030457019376,0.32101509457796557,0.003493154556369629,0.02185388575810452,0.006657063036462452,0.3537515415631759,0.3249075893592624
wdbc,l1_logistic,rf,4,0.007919708371305324,0.031070856225306108,0.011537250499443031,0.34484367171347774,0.3152615567273817,0.0028942744327748945,0.029279747382963135,0.0074394499626932176,0.35167270402727463,0.32185417148141415
wdbc,l1_logistic,rf,5,0.004001962552114642,0.026198325895284088,0.007954448007151223,0.34925421296612424,0.32507765957026075,0.0059726800886763035,0.02022515900843496,0.007715805700821109,0.35373936537371437,0.3247936345369162
wdbc,l1_logistic,rf,6,0.007632116565467794,0.03555987119938306,0.012486621787930818,0.3450619472780137,0.3240265395729486,0.004078234228373628,0.030494823194373993,0.008620837426919156,0.35369954594331326,0.31672960073332773
wdbc,l1_logistic,rf,7,0.007586853939775378,0.03142942459488996,0.011330434761719601,0.3426512445903027,0.3183985225201248,0.007753597039545503,0.02512113108855809,0.009909363653603988,0.35589126004638466,0.32049700951050375
wdbc,l1_logistic,rf,8,0.008223682074041111,0.02917936177101947,0.01197758912639891,0.349128977383825,0.3204085595217397,0.007642645329560152,0.031849970312353974,0.011454809596919116,0.351645060786335,0.3310127811233833
wdbc,l1_logistic,rf,9,0.007680050837408858,0.025106207724248836,0.010613598411290327,0.35133007044364384,0.32144341433471074,0.0036167340772647093,0.02439555413478002,0.006735475302753392,0.3493714042190496,0.319714579607006
wdbc,l1_logistic,rf,10,0.008305662290001327,0.03110778714989803,0.011771039787551767,0.35362131484015136,0.3122548449891973,0.012675936883868096,0.027294762534617094,0.009947250886104195,0.36696780796503775,0.3146247486716915
wdbc,l1_logistic,rf,11,0.007562412414758168,0.02917565566006937,0.010986188537132978,0.35357531590218566,0.3157546719867225,0.004388678057998998,0.03615943934250822,0.008950999901496082,0.353767008614654,0.32049925022077624
wdbc,l1_logistic,rf,12,0.007041211868577012,0.03412480974492213,0.011220933822840744,0.3557710887350776,0.3207436823607308,0.014748984944603616,0.03488338027799439,0.013944366944443797,0.35149006118535203,0.3174676707232002
wdbc,l1_logistic,rf,13,0.0042764332292121,0.03469325022580472,0.009510682961919184,0.3513226294389729,0.31583170152969214,0.004765500302753906,0.019972459678150308,0.006428463804966912,0.35595263462299465,0.3175848261126907
wdbc,l1_logistic,rf,14,0.007873726811720203,0.030770546479989946,0.011134519460364836,0.3526053802285766,0.3094018399494996,0.005524864792138212,0.031180577957914492,0.008331550037485777,0.3493100296424395,0.31971057910952894
wdbc,l1_logistic,rf,15,0.004872286389665257,0.028175773919568478,0.009330758544155425,0.3447156571810311,0.3168385318238911,0.005526289897531022,0.030610059182038955,0.00966150276955449,0.34930015705638967,0.3177130870537323
wdbc,l1_logistic,rf,16,0.007933587372746596,0.0292278263618401,0.011681604919213377,0.3468839147509507,0.3148338935636089,0.004021758216117972,0.024974630968435087,0.0077537613124183235,0.3582197094662468,0.32031785131782253
wdbc,l1_logistic,rf,17,0.004805577615660504,0.03290067578562389,0.011113173874610534,0.3513415701781353,0.318157456994702,0.00714251736085846,0.03642940163244173,0.011736418708038456,0.3538672153630602,0.3144609213044583
wdbc,l1_logistic,rf,18,0.007526232408000684,0.03076879598981832,0.011382907208104316,0.3492701736469049,0.3248909321421433,0.004115445866670197,0.035382926974279985,0.009265360328995116,0.3472527472527472,0.3191895627142802
wdbc,l1_logistic,rf,19,0.004564534517415861,0.026885721383940124,0.008847438875349582,0.34706213321171764,0.31368198973626943,0.004406867191273274,0.027185081981668448,0.007450623864144961,0.358153234053511,0.3160564838242807
wdbc,l1_logistic,rf,20,0.007999607543223415,0.03309974837000622,0.012155135683718496,0.34705035923872485,0.3155603472223321,0.0038488991811094163,0.028522915704693595,0.007273786185416286,0.3493957565979726,0.31378290488132415
wdbc,l1_logistic,rf,21,0.004674196979757699,0.027801984280456805,0.009106021079972201,0.3426720318687077,0.3099760669128851,0.0037691112146668476,0.03226732707943929,0.008120768492656843,0.3492664257207193,0.32120598383524684
wdbc,l1_logistic,rf,22,0.007689971613506323,0.029515597733321616,0.010978015993618206,0.3449911023318225,0.31426065181323726,0.005062758822659589,0.03581336016941,0.010399567252513384,0.34713180807363625,0.3158869922887216
wdbc,l1_logistic,rf,23,0.004670589412022238,0.02760737565380105,0.008806156907678657,0.3453494406402993,0.31730806633192826,0.006246163817107901,0.028259474846141067,0.008720566457789597,0.3493742014517637,0.3253527949852288
wdbc,l1_logistic,rf,24,0.008557017920496636,0.026707043114343652,0.011704134787304246,0.3425551879845508,0.31595026953672606,0.012203266493399843,0.02214700616174168,0.009403028629904518,0.35370234317602733,0.329131186473699
wdbc,l1_logistic,rf,25,0.007265135921848389,0.02554905228940181,0.01053871370526053,0.336020139344239,0.3184220204236715,0.004768213034906321,0.032132047386773645,0.009459133595834762,0.3603233930103735,0.31528209270113494
wdbc,l1_logistic,rf,26,0.00776158708552049,0.028153815559559373,0.011277300729344637,0.33816567168367717,0.3175258810481836,0.003397909785804855,0.020928556559899714,0.005979809069287219,0.35835973564505413,0.3218486621913961
wdbc,l1_logistic,rf,27,0.007583756139505456,0.03107520092756512,0.011347640974242134,0.342423242700251,0.3175928168071146,0.0046337030633080475,0.02856927467990636,0.008239568498691523,0.3605884719458126,0.31492047727899114
wdbc,l1_logistic,rf,28,0.00757623434131478,0.030925403438373203,0.01149050391806853,0.34926242183859907,0.3216916214442473,0.004242611871722418,0.035239034255381385,0.009210556927242968,0.3582600225259504,0.3235962556593845
wdbc,l1_logistic,rf,29,0.008117137523796364,0.026869209674237785,0.010380253280369511,0.34719349345388123,0.3136518997584525,0.005186164884755026,0.026992342462097002,0.007897151743275582,0.3473745091473623,0.32074243065680563
statlogheart,mutual_info,logistic,0,0.08684357556396574,0.1167940789387078,0.09300792725206124,0.365578613919827,0.3605740149718634,0.14194212412245666,0.13658007087353985,0.11914406592323581,0.3178703690292867,0.3120557432811026
statlogheart,mutual_info,logistic,1,0.07334679237609232,0.11289637467697199,0.08038639224892999,0.37719355890629275,0.3484878646472915,0.10892551639025608,0.1255508446783886,0.0958259521194381,0.31403113831117774,0.3165549033888998
statlogheart,mutual_info,logistic,2,0.08194627706512819,0.11499165281509197,0.08549661365218644,0.35762590590638343,0.361452633352014,0.1504308583861937,0.11644892315646832,0.09907755385821074,0.3409066836627043,0.31098726343361077
statlogheart,mutual_info,logistic,3,0.07235549058637596,0.10348466468746917,0.08109992053586301,0.36364869468857575,0.3515807091121079,0.1329293951491703,0.12865216040805796,0.10125462339371623,0.312925962311372,0.3237791733801796
statlogheart,mutual_info,logistic,4,0.08722635975147368,0.11346253113465438,0.09316543703698746,0.3601680696247804,0.3536010476536373,0.13841474002693954,0.13329724738076065,0.10731294205026634,0.3501450507245987,0.31847275880932174
statlogheart,mutual_info,logistic,5,0.07847559724618522,0.11251872372383186,0.08332094977785366,0.37297112820139344,0.35390462145736323,0.1423769967457904,0.13413325338854126,0.11570611492722328,0.3143111479744824,0.3139594699317002
statlogheart,mutual_info,logistic,6,0.07468519301380636,0.11356620554209407,0.08229961074905841,0.36100841729193983,0.3668211969678006,0.12225672218459625,0.1138343315673387,0.09752766256873863,0.32887505235264736,0.31363611436578887
statlogheart,mutual_info,logistic,7,0.07646297741198754,0.10651731490346081,0.07985755380956469,0.3621953398576046,0.3338846544880729,0.12388210859863427,0.14441523171438317,0.10436673835881131,0.30939044658284254,0.29150314916041514
statlogheart,mutual_info,logistic,8,0.07803251334467157,0.11161404950809695,0.0812464624170814,0.37553389285583966,0.35289126417496697,0.10194371999939127,0.13156161585463613,0.08985228425990394,0.3070861451962155,0.31737104003263916
statlogheart,mutual_info,logistic,9,0.08082861500662743,0.10634825235489415,0.09062619296229278,0.36826759171955936,0.3583666847467681,0.11452256352733911,0.13161182710623082,0.10218176493922758,0.33369541593441976,0.2961435230172785
statlogheart,mutual_info,logistic,10,0.07970940281019358,0.10397249538385983,0.07737514287365235,0.372228629791151,0.35245702288616004,0.13107765740917113,0.13182841153877764,0.11333285818224728,0.32039429034737366,0.3025592591166529
statlogheart,mutual_info,logistic,11,0.07476718646771466,0.11183950739102744,0.08161859234705046,0.36564639543389815,0.34720279821715183,0.13907233680125242,0.14940018584040318,0.11624476848859687,0.332871143664181,0.3027544233167859
statlogheart,mutual_info,logistic,12,0.08025743793729061,0.11958663175099599,0.0842978396367621,0.3723054620344853,0.3583212290983047,0.12621113209549345,0.13196848437773948,0.09666765819542764,0.32813801629847267,0.30657372849761666
statlogheart,mutual_info,logistic,13,0.08030805905000181,0.11111495601146923,0.07525652649819878,0.37694703315467437,0.36140703749291214,0.1246829938457851,0.12145346778921781,0.09020109570169171,0.3311344124883712,0.3207538697675915
statlogheart,mutual_info,logistic,14,0.07536782854032945,0.10254123512795874,0.08112922252216277,0.370487114236452,0.3416452866138189,0.14905806154089662,0.14439917887943776,0.11877697846173374,0.3373123170507263,0.2999078993400987
statlogheart,mutual_info,logistic,15,0.08341501781712783,0.1106794915910004,0.08297092678153095,0.3746453186587283,0.33989881950686346,0.14126833505783473,0.13665539422058626,0.11174509447502375,0.3135779984813882,0.29607042231579095
statlogheart,mutual_info,logistic,16,0.08117986243540401,0.10543203711836432,0.08197830547351223,0.36786439304133245,0.3640346494544976,0.14654194553679656,0.13886074167370166,0.10883575007797336,0.28283322008412204,0.2830572200244588
statlogheart,mutual_info,logistic,17,0.08217400235910127,0.10749468801757774,0.08408669420181825,0.3612433381402786,0.3530795402036769,0.13495153590509196,0.14425866669557186,0.12347158587295004,0.32604130508832396,0.3363420190947324
statlogheart,mutual_info,logistic,18,0.07831050556955334,0.10731851533493171,0.07927187023679956,0.35321464881355946,0.36718270188331786,0.10536261123736473,0.13067011021787128,0.09463484987569194,0.3503942021192749,0.3311009257344109
statlogheart,mutual_info,logistic,19,0.0862691374776709,0.12101980652056779,0.08724790845582703,0.35900048136524243,0.34202517456209397,0.1412127622037235,0.13708237006978258,0.11465599626744805,0.3278830628856583,0.299095073156365
statlogheart,mutual_info,logistic,20,0.08834620400728382,0.11505792280073002,0.08500615554144043,0.3586835113672084,0.3474037178908982,0.13970706386303794,0.1337682559616874,0.10287100724927745,0.33024541280229625,0.3041414823351043
statlogheart,mutual_info,logistic,21,0.07923528694936845,0.10976377398927141,0.08355936169331626,0.369715202743379,0.35356165836608017,0.12218493933007228,0.12942681067416453,0.09657176138083748,0.3285334029738866,0.29947629090697836
statlogheart,mutual_info,logistic,22,0.08931215436257281,0.11002627788970523,0.0921427907879121,0.3762559053175975,0.3379280032353538,0.12257213392104953,0.1307349251728686,0.10284024515169204,0.32319837142984104,0.32211472687775305
statlogheart,mutual_info,logistic,23,0.07702075778978956,0.11591556730644022,0.08302991029840995,0.378112849241977,0.364182518379446,0.1098469923371479,0.12737083321855772,0.09628297445695289,0.3326669844513622,0.3180952364549561
statlogheart,mutual_info,logistic,24,0.08047445175541393,0.10859978363587802,0.09014276751200095,0.362212671121363,0.35331136210220077,0.1467235698802845,0.13095805036769892,0.11507144731770952,0.3444200228167841,0.32890918404826325
statlogheart,mutual_info,logistic,25,0.07531959902836077,0.11653465165948043,0.07985536782856628,0.36280335363877236,0.34143740541076395,0.11977173538828842,0.13982205539365838,0.10744840360533237,0.32131481362562847,0.3013968353483139
statlogheart,mutual_info,logistic,26,0.06989697289222091,0.11508931749157958,0.08191190570525317,0.36770973182476174,0.3540090114020881,0.12731694344629862,0.1309546694878854,0.10346673605924722,0.27994460650434116,0.2809531748776209
statlogheart,mutual_info,logistic,27,0.07962824099143745,0.11008943414282663,0.0837605608875607,0.38445844979661203,0.3592255461593242,0.12724532606782069,0.1338214004824842,0.10723429110419881,0.3164762050918014,0.31652024307742016
statlogheart,mutual_info,logistic,28,0.07636557272679642,0.10223416994106047,0.07777204339584119,0.3715113979619401,0.3518400497469343,0.13711679748576563,0.12523918070991055,0.11286942966051912,0.3018767948080905,0.3012861892756812
statlogheart,mutual_info,logistic,29,0.0709484730977424,0.10004048712606597,0.07408613471535669,0.37023232184102994,0.37423446850382003,0.12374088440578901,0.1182327729439069,0.08824160981319121,0.3604804299199748,0.3188935852087204
statlogheart,mutual_info,rf,0,0.0802603605245827,0.130208767623154,0.09121100185670157,0.3466642057716128,0.3414533010708003,0.1651248779841189,0.14058503589355897,0.12819532972715061,0.31226993001000186,0.29255692629962554
statlogheart,mutual_info,rf,1,0.06810547460914294,0.11587898888494987,0.08271578095054792,0.3364143248606762,0.3341849144916241,0.13966715492618,0.12547441252855668,0.1162841038873566,0.3210264835547112,0.29057722406662806
statlogheart,mutual_info,rf,2,0.08364355533535145,0.13043938467965055,0.09764570817207874,0.35435794892201056,0.3284017673397753,0.17116703404264821,0.1348100496305554,0.12851220289942278,0.31759871594291855,0.2800508335257571
statlogheart,mutual_info,rf,3,0.08190338880628967,0.13116114797006395,0.09689266293421156,0.3498457452213953,0.3431457457789165,0.1898812503525909,0.14275322336238574,0.14672266421426408,0.30964789827645406,0.281281059083579
statlogheart,mutual_info,rf,4,0.0760575558299178,0.11452889547384659,0.08390840526895482,0.34774322661242546,0.3534781042019441,0.18608491308452135,0.14742869934066521,0.14802737384316456,0.31821759415769146,0.2870073251778198
statlogheart,mutual_info,rf,5,0.08006587838720486,0.11487247251104268,0.0911752269469942,0.3517313245252792,0.3460815447991605,0.14987603299491797,0.12168392922534024,0.11666485797731431,0.32446724264448673,0.3081964333027023
statlogheart,mutual_info,rf,6,0.09089101868901558,0.11827748716597827,0.0926857402668537,0.35376890093192004,0.3587892690179756,0.14626840935728644,0.12907383837741093,0.11628233031290662,0.32740195318349086,0.28303334374917255
statlogheart,mutual_info,rf,7,0.07941676434982942,0.11143523426096359,0.08703884206598676,0.3456213076083477,0.3578747202940698,0.16986867087721186,0.1474379908301039,0.144485731330699,0.32521953043117785,0.2803385423619234
statlogheart,mutual_info,rf,8,0.0731673278328461,0.1313354560018642,0.08781937378946084,0.34498751254421495,0.34374307895900547,0.12298422972558806,0.134900484938486,0.10796424969055812,0.3330414366023004,0.3116902568355035
statlogheart,mutual_info,rf,9,0.06859510383491221,0.10299230522533814,0.07642277980238663,0.37572584142462784,0.3618988602113855,0.1365314338200473,0.15447574156546426,0.12312145151808282,0.3335694337751002,0.27861298918193916
statlogheart,mutual_info,rf,10,0.08206025426805577,0.12565956628013086,0.08667036648234577,0.35001772898654115,0.34322216606517064,0.13231631418208606,0.13342360238076217,0.10528707701391164,0.321951276072145,0.3097400802731855
statlogheart,mutual_info,rf,11,0.08058949281363284,0.1255915729049418,0.09278627015201989,0.34002189867958466,0.3583226291597442,0.20348632589910004,0.19454689827951904,0.1684083512478069,0.29080347763316095,0.2766949151776639
statlogheart,mutual_info,rf,12,0.08096704868535948,0.126516393660553,0.09237275556811554,0.3332083010312405,0.346273072634831,0.16625056541305305,0.12568132793946651,0.12239016326006752,0.34104384643612706,0.30007846273922495
statlogheart,mutual_info,rf,13,0.07719948882926377,0.11273682469812829,0.08731250115569046,0.3557300953250476,0.3500664466810618,0.16808439703388567,0.1469221825340209,0.12764337238205398,0.30806243729422106,0.29043614125248474
statlogheart,mutual_info,rf,14,0.06839104634908905,0.11450120819765654,0.08018536196153156,0.34766839501036173,0.3494463238691178,0.17848265051993747,0.1466374591520413,0.13638537898298553,0.31334567477011116,0.2812061170161295
statlogheart,mutual_info,rf,15,0.07849194182724907,0.1116687914812276,0.08377070385517926,0.3601715401215423,0.3528218459441035,0.19378491763990136,0.13924937552331162,0.12852253291221355,0.3123687823765442,0.26933897110184235
statlogheart,mutual_info,rf,16,0.08025312191504895,0.12631658818571634,0.09092763872097429,0.34920735590760305,0.34634377059737365,0.13434321292957466,0.16726242737926272,0.12284359846663008,0.32808586761099184,0.31198548745991783
statlogheart,mutual_info,rf,17,0.08629005574321395,0.12159415092203567,0.09235221914295344,0.32900809105539874,0.34435513467404844,0.17557251314476946,0.16978233527000047,0.1560193009054607,0.31046590237646693,0.287076322089934
statlogheart,mutual_info,rf,18,0.08372978626357783,0.13005562426793219,0.09511883250413714,0.3444516079695627,0.33965340166493124,0.15730500967146127,0.1041905625073131,0.11225216602385243,0.3215794017467007,0.29600478447726575
statlogheart,mutual_info,rf,19,0.07374251914539366,0.11270094888069707,0.07802421007708628,0.35863783490095036,0.37378366376527977,0.16653421640770272,0.13873864694724697,0.1274236758317573,0.3063447971043484,0.3141585929520182
statlogheart,mutual_info,rf,20,0.08850506861145951,0.13200900503285792,0.10281718358974126,0.32698871541026864,0.3243085034433804,0.12848981150194924,0.1381303375291752,0.11966748041420427,0.3129496610414485,0.2978604606278172
statlogheart,mutual_info,rf,21,0.08802585036577418,0.11097463226181718,0.08669538810936675,0.3556632111754495,0.3538521501177691,0.1562624464661047,0.13614346720629644,0.1281011263886938,0.32309076730610997,0.29929986581509954
statlogheart,mutual_info,rf,22,0.07457378985094151,0.12915450091508013,0.08932095439480885,0.34881900929237003,0.32548336691756863,0.18500775009960396,0.1489663639956105,0.13443799154801264,0.30448429838342933,0.2806228853163956
statlogheart,mutual_info,rf,23,0.08574633807056678,0.11285006070357692,0.08737567941454681,0.3409743963841704,0.3589460980569983,0.19295518752009466,0.17149441688003128,0.16296293226931233,0.29744227142102564,0.2761833415162305
statlogheart,mutual_info,rf,24,0.07218163508735526,0.1088565555762385,0.08084149509901964,0.3436266086042094,0.3527686517366366,0.14079531394492836,0.13662266323758915,0.11756211053770048,0.3218305450330061,0.29254223977191246
statlogheart,mutual_info,rf,25,0.07052978136480748,0.11706266488964706,0.08832048012349922,0.34243970529906903,0.3675780162281556,0.1286219987843761,0.14440588378186447,0.12164744927314046,0.3300452140798772,0.30048319975095844
statlogheart,mutual_info,rf,26,0.0856148494722167,0.10163894680247759,0.07969284884821122,0.34745992846696455,0.35254574243269526,0.19048655246188867,0.15186797353450943,0.13443110116388685,0.2866460836801999,0.28897080655629287
statlogheart,mutual_info,rf,27,0.0913378531222338,0.12058295259003776,0.09546938993257567,0.3443037673192941,0.34532494028274874,0.16928974841140498,0.17671954162496734,0.1309290244063172,0.30354713839824576,0.28181260979503636
statlogheart,mutual_info,rf,28,0.08164992908290225,0.11769716105741701,0.09337193367481289,0.3408623716202178,0.3549861067915376,0.1682893901129352,0.19621776964464432,0.14984198116529954,0.3080348234602077,0.27959736230275073
statlogheart,mutual_info,rf,29,0.08037733235982583,0.12571338511616664,0.08937071442521324,0.3484999615304779,0.3364333434376369,0.1866066123798886,0.16817432059899257,0.14612499250590677,0.29890567043546445,0.2733440955866907
statlogheart,rf_importance,logistic,0,0.08270060988717062,0.10603497707483453,0.07977664587067915,0.3430617541129342,0.35138607794166193,0.15275606146018877,0.13505966513293316,0.10312654976220867,0.29878648974848127,0.292059787393776
statlogheart,rf_importance,logistic,1,0.09337557560151652,0.11448651036633489,0.09899019908839805,0.3708973762500707,0.3451912361884439,0.1661242948986964,0.14908607715349187,0.13353285863517161,0.30393449854727966,0.2919183742280836
statlogheart,rf_importance,logistic,2,0.0751531994960692,0.11212688006062158,0.08744736991668825,0.3646982064118029,0.349210588852522,0.13569728275715978,0.13200740815841155,0.10768740697447536,0.3050278775089243,0.30475693632192974
statlogheart,rf_importance,logistic,3,0.07907608805686432,0.1111032145435496,0.08908189195614535,0.3657971250333492,0.36281434310463123,0.12585866255985262,0.1314473170748233,0.11029466756752067,0.33779248656522587,0.3205688541435328
statlogheart,rf_importance,logistic,4,0.08835068509211372,0.12187417735582484,0.08415395991280532,0.3667614824036767,0.35133868197798485,0.15284374912885296,0.13320023450837404,0.11095666553752832,0.3097293286715055,0.30159550136803215
statlogheart,rf_importance,logistic,5,0.08338650570656303,0.10980448155664409,0.07975098840582265,0.35783618221056873,0.34426457342687583,0.15585667343672543,0.14980357404379718,0.12060236826169657,0.32287060944276874,0.28689538630123684
statlogheart,rf_importance,logistic,6,0.08168193347668433,0.11551552003993207,0.08962978896861251,0.35420179162189114,0.3475798008784368,0.16543537188356489,0.1475483860385005,0.12307343272240885,0.29221570803071517,0.2706878533679368
statlogheart,rf_importance,logistic,7,0.08208307737060355,0.10838899777147766,0.07911040701905936,0.3798782417885725,0.36742987611842615,0.14614072680618173,0.13710366324678208,0.10654572728947861,0.3181259017831018,0.308379507303239
statlogheart,rf_importance,logistic,8,0.07458586652465744,0.11126880248192697,0.08597141209054293,0.3768884705289661,0.33809425639907137,0.12414619194093458,0.1634572646061975,0.10316914428940083,0.3330152092622607,0.2936342152830555
statlogheart,rf_importance,logistic,9,0.0847927039042971,0.11793928446503663,0.08242532510253939,0.38085882717213443,0.34557436026379124,0.14337561950777647,0.14949884117298712,0.11663708472538209,0.3261180641205621,0.2913146441950847
statlogheart,rf_importance,logistic,10,0.07081982354571667,0.09691373949997464,0.07003198224398759,0.36093224159752135,0.3405506263183118,0.14536826939954223,0.15172076842747606,0.11663352038616245,0.341515241406923,0.2980882178123063
statlogheart,rf_importance,logistic,11,0.07662982419740236,0.11333268607750382,0.08628818980919256,0.3697994763067253,0.36319833579746774,0.12299451162364293,0.12095613088615237,0.10184604141170414,0.3420412420539855,0.3577368497090737
statlogheart,rf_importance,logistic,12,0.0816767420409617,0.10873180423199695,0.08286845348786293,0.3654284605623726,0.3544378686744148,0.14505596313553776,0.13681780993816134,0.1204047839980372,0.29712873006320445,0.2899902305003122
statlogheart,rf_importance,logistic,13,0.07744701317175162,0.10824503375710505,0.07948387304340576,0.3649477807190311,0.3500641385953896,0.14875228852036176,0.13656559104854943,0.11601534074348231,0.32155448899001043,0.2924952634519558
statlogheart,rf_importance,logistic,14,0.07240197543513892,0.10434716555784362,0.07853715707619804,0.36358968073654757,0.3551171299778149,0.1426103133357477,0.14987384300661932,0.1243335168891333,0.31361083111301347,0.29581352993506355
statlogheart,rf_importance,logistic,15,0.07952366317327428,0.10986716994613455,0.08476618058818267,0.3676905235722544,0.3446783895670278,0.1503354694526954,0.12735436604407127,0.11719795694211238,0.3310382933930424,0.32657383630247494
statlogheart,rf_importance,logistic,16,0.07382971075061057,0.10927992387065422,0.08414690277980995,0.3699331290323586,0.3697379827138378,0.13666911541862,0.13922827368987623,0.12279386546182265,0.32345394352781914,0.3002735141747554
statlogheart,rf_importance,logistic,17,0.08407253357736727,0.10277575953527507,0.07804998208247085,0.35515117926192946,0.35489349155556343,0.1226145288029286,0.13472391247661425,0.10446876797985696,0.3227536580185528,0.30983211282736756
statlogheart,rf_importance,logistic,18,0.07734292329711667,0.11794186431146553,0.08570853957443697,0.35631933884127687,0.34905786424373114,0.1258303138775515,0.13171897588153736,0.10349091661157793,0.3342990294719478,0.32706638128503807
statlogheart,rf_importance,logistic,19,0.07809926006308913,0.10321161854668347,0.0762189838432417,0.3629565759010586,0.3675663147222861,0.09748800663262244,0.1253795089076857,0.0887379174180915,0.3094773072839693,0.31332956803181927
statlogheart,rf_importance,logistic,20,0.08077660699446729,0.11651386656247625,0.08365242277141242,0.3718887566609242,0.3455282431329794,0.1547071072149767,0.1471045210230877,0.1118683480783656,0.3318325033640614,0.303805826439679
statlogheart,rf_importance,logistic,21,0.08386271583563029,0.1057921257294982,0.08543954642319256,0.372460400750417,0.34913298040891155,0.16477200437728634,0.1530213764637525,0.123461983197891,0.3259242282950536,0.30201209945718405
statlogheart,rf_importance,logistic,22,0.07711604660674645,0.10956142184342851,0.08430218934488112,0.36551311968768413,0.36067614986523905,0.1397016609271851,0.1286364769594329,0.10418957334559484,0.3327287154170799,0.30648032438132217
statlogheart,rf_importance,logistic,23,0.07634540680481601,0.10561365815693141,0.07531190032414269,0.35231002751630774,0.36815804070337954,0.15471739097491768,0.13211221957889535,0.108299689545029,0.32770268426367644,0.31243071539399087
statlogheart,rf_importance,logistic,24,0.06759054324736839,0.10068382933025789,0.07139345418679081,0.3641091430499218,0.3560281041806914,0.10605264133886644,0.12367224124083748,0.09395613915219325,0.3665698067259155,0.31304615029291205
statlogheart,rf_importance,logistic,25,0.08074394212253856,0.10893560185989203,0.08146672575528634,0.3661872524443311,0.34455178496343847,0.12786743407444695,0.13734394515881235,0.10003138274911351,0.3265740469239523,0.3019323106420622
statlogheart,rf_importance,logistic,26,0.06807453076056444,0.09958437283472064,0.07294040510248395,0.37892465485576743,0.3638546713201959,0.12034305834236704,0.13642935818785665,0.11402099186829931,0.3116462943529288,0.2964780551941137
statlogheart,rf_importance,logistic,27,0.08493200069987676,0.12802686983342876,0.09252551528625874,0.35489659671668106,0.35169612933541855,0.158708911046559,0.16848082605818943,0.12507412418302438,0.31849678515498325,0.303567703148846
statlogheart,rf_importance,logistic,28,0.0711643896179732,0.1092561014261308,0.07962700375466594,0.3548307186321953,0.35721320698936165,0.09528068975738985,0.12761060331655352,0.10025592990738727,0.30321545458535276,0.31584308584598836
statlogheart,rf_importance,logistic,29,0.0738902196466828,0.11305362416854618,0.08072314350957475,0.36422956795150235,0.36130037229569767,0.1436300007067724,0.14727717094742354,0.11162933139899822,0.3116371419065896,0.29338107382737943
statlogheart,rf_importance,rf,0,0.0985722408333316,0.12845915004468106,0.1008798144077041,0.35532842248396823,0.3600875165789461,0.19636811018210232,0.17547418976799817,0.15386656911787894,0.2750135951465181,0.2726795370459484
statlogheart,rf_importance,rf,1,0.0782361606119409,0.11695589369663556,0.09122756522563624,0.3460087887329906,0.34934088224022675,0.18547206723305315,0.21761315263418446,0.17387581492046802,0.2750758649007888,0.26791637377961086
statlogheart,rf_importance,rf,2,0.07643201503987385,0.12149029131570241,0.08573186566115458,0.35909460806265736,0.3690651608482753,0.178543110920111,0.24808128849883793,0.16408030871019536,0.3309380399667476,0.28996286194795823
statlogheart,rf_importance,rf,3,0.08504399945857972,0.11769008532017364,0.08385056058661841,0.35878452745439615,0.35941010293801046,0.13854357116565838,0.13780439278896017,0.11307740417889674,0.33821941980511955,0.3044678523154845
statlogheart,rf_importance,rf,4,0.09241677958528913,0.12034509465628039,0.09272164819477324,0.3390841985672846,0.33459265684677153,0.18322276025268722,0.22654236165740083,0.15647719648440428,0.29266399381021935,0.24688500194929966
statlogheart,rf_importance,rf,5,0.07807083809369954,0.11503868742630288,0.08922469811814626,0.3543261651267838,0.3625190850177252,0.18499126029321802,0.1618516532195483,0.14012154142642597,0.2948412364259742,0.29235513289701703
statlogheart,rf_importance,rf,6,0.07931686883901556,0.11968423333069124,0.09277348343674718,0.3572876493892159,0.33665574921850705,0.19661579895824785,0.19592814561201036,0.17762542800668962,0.27779316703779733,0.26371733295158284
statlogheart,rf_importance,rf,7,0.08229458977821955,0.11997340214576972,0.0891762976355229,0.35652844075944845,0.35527594359949377,0.16079375741078278,0.19029085350419067,0.13987106021255225,0.29396843668495726,0.2745251708501395
statlogheart,rf_importance,rf,8,0.08252193815889731,0.11733396084154633,0.08390658554691234,0.3445841286623466,0.34563850956780884,0.17457318834383084,0.14335471405699834,0.13615386829157583,0.30289025718231943,0.2719339570275987
statlogheart,rf_importance,rf,9,0.08424618174681255,0.1317354646669328,0.10209724380967428,0.3399838073492145,0.3171549003187004,0.189250240580972,0.17834255751145373,0.13947842815262423,0.2857696310038552,0.2812198245347143
statlogheart,rf_importance,rf,10,0.07879862010207306,0.12712811586403625,0.096041305493922,0.3529377628530355,0.3580944341159792,0.22886057476397517,0.2014008481051401,0.17671583601535626,0.2666880930091129,0.2623606224171386
statlogheart,rf_importance,rf,11,0.0840424158112416,0.12536097647217748,0.09552469517928262,0.3494245692936567,0.3436072685053453,0.21868877478106852,0.20623374925264698,0.17112307771250912,0.2738879947933336,0.24813977201615278
statlogheart,rf_importance,rf,12,0.08206379939328429,0.12059036870044326,0.09786857047758196,0.3500382656892904,0.3405864816407641,0.20949044637310535,0.2504034938904677,0.19457144571758475,0.27910370949046875,0.24738425981689688
statlogheart,rf_importance,rf,13,0.07810407760556275,0.11678200874228042,0.08307186039270602,0.347622236022001,0.3391825128240538,0.18569991673891467,0.18410617290153286,0.1417871952045091,0.2970999021435785,0.2865722880875057
statlogheart,rf_importance,rf,14,0.08779703967588295,0.1326313367386103,0.09815818354218916,0.3419303603849952,0.3453737904971067,0.21945884103592386,0.18770679803777218,0.16430000197374112,0.28445746691335494,0.2322737204234787
statlogheart,rf_importance,rf,15,0.08833916786143102,0.12675402275276415,0.09402141997252587,0.34860516190965,0.3448897874084696,0.22270035217223244,0.24760221650939532,0.18747746182911018,0.274030844249456,0.26109947431085434
statlogheart,rf_importance,rf,16,0.08057010772680798,0.11968185882801077,0.09028594564413163,0.3388920438142761,0.3524695153186245,0.1835728352713574,0.1843585374188856,0.14551190919888332,0.318338011292632,0.2653629570066657
statlogheart,rf_importance,rf,17,0.07899929843096348,0.11760367641322958,0.08945606601982355,0.3390676636556738,0.33977196158643164,0.15291549494449408,0.18132010970791862,0.13095667484988438,0.2737299853831712,0.2743174994386306
statlogheart,rf_importance,rf,18,0.07207388346914685,0.12707080469123408,0.08880180011768829,0.3472274059569608,0.34551001520133867,0.20205429785308854,0.2250239121260522,0.17017483270263742,0.27664241195208394,0.2548456968762923
statlogheart,rf_importance,rf,19,0.08379943372098272,0.1299670382141138,0.09900839291919157,0.35247029125268853,0.3295573732763996,0.16712450590942157,0.15816889368162473,0.14416236303315888,0.306800961967253,0.2655751200416148
statlogheart,rf_importance,rf,20,0.08422532772756466,0.12203992930572213,0.09267896003334314,0.34077481444202395,0.3435609621822279,0.20106498436232428,0.17298912465084262,0.1652977644317435,0.34255964334074257,0.2914625394079425
statlogheart,rf_importance,rf,21,0.07922977058799723,0.11365614688211279,0.0812179227746789,0.3478549074493293,0.33782370480624924,0.1870665077122235,0.18044574911000877,0.14898360485489104,0.29632950305154643,0.265700880296141
statlogheart,rf_importance,rf,22,0.06986073957771705,0.10370850455338476,0.0741862503345021,0.3711393419013055,0.360353747249097,0.18751477495375068,0.1890664089426914,0.14515947668243182,0.3037533371859234,0.27415412391872734
statlogheart,rf_importance,rf,23,0.08063160142435202,0.11767042738845551,0.08510854858770805,0.3653875990512442,0.3512592782492922,0.16899272962141143,0.1997593124712746,0.1429584614345323,0.3034271636856766,0.2855619202921448
statlogheart,rf_importance,rf,24,0.08244111632777724,0.13243336163438119,0.09486069379195092,0.3440849791365142,0.3279770704306082,0.2320383226063817,0.24637565878311174,0.19656281081778562,0.2668719517868504,0.23943002933359087
statlogheart,rf_importance,rf,25,0.07682219124619864,0.11339211380612632,0.08337434654590363,0.36630075742565366,0.35193579203693487,0.20303723332027543,0.18526938249944747,0.16985374898363906,0.2862270492502931,0.22845337637222474
statlogheart,rf_importance,rf,26,0.07390135834619578,0.1324620909283023,0.09196191514372631,0.36737904467464305,0.35797176527809305,0.21035190951924912,0.16411691848200838,0.14212764251399082,0.2536399253101474,0.26147630789442805
statlogheart,rf_importance,rf,27,0.07507624527667466,0.10878355491844299,0.07813696735695232,0.35733834983221885,0.3563982905460402,0.18526441033707725,0.14967762656059386,0.14685830049687273,0.28246142869290003,0.2901269219694713
statlogheart,rf_importance,rf,28,0.08187487478095828,0.11180607134972011,0.08352590308489088,0.35619463666228796,0.35331887251204414,0.1967395844180992,0.22568985058170377,0.1762539577574348,0.28515144795871067,0.2549907089933089
statlogheart,rf_importance,rf,29,0.07639943621544028,0.12979312432845047,0.09046350292887909,0.3461579475255114,0.34756739819644056,0.20553585973913446,0.17935212892067948,0.15980133890945586,0.28440422037235696,0.26877592082082746
statlogheart,l1_logistic,logistic,0,0.0795676973247785,0.1153681738856598,0.08036735467850045,0.38344953571201357,0.34408910482186367,0.12508217979135536,0.13374241241611162,0.10286851555665426,0.32227561479740535,0.3096061936674609
statlogheart,l1_logistic,logistic,1,0.07953717967837708,0.11282722822032047,0.08314389892055023,0.3646689731469414,0.36050629342437907,0.13547300665844053,0.10948393695877072,0.09505356216910399,0.32790038168911007,0.33507052374831786
statlogheart,l1_logistic,logistic,2,0.07124479222264393,0.10948318121770945,0.07663098036589006,0.3791130565820207,0.3586826235799406,0.12758608892352885,0.11718906172907761,0.0957385870079735,0.32718784203864604,0.33578682548069194
statlogheart,l1_logistic,logistic,3,0.07829841042367812,0.0976119386231119,0.07963313321571243,0.3578043763978057,0.35334836624919036,0.13541897569397887,0.12179035592382637,0.10793038435106837,0.326611557837502,0.3130491995086088
statlogheart,l1_logistic,logistic,4,0.0830263447145185,0.11617447709587003,0.08803490188970146,0.36190242187734395,0.3483460112410923,0.13917456919993434,0.13839879545558265,0.11180596512471314,0.32261567782518674,0.3274985622731168
statlogheart,l1_logistic,logistic,5,0.08187277938284432,0.10968433543846445,0.08227896221750175,0.3520859538814179,0.3454259517273523,0.13891660692152463,0.12413974493593728,0.10924901723227715,0.32055050234026267,0.29952826560596985
statlogheart,l1_logistic,logistic,6,0.0789275516122289,0.10960554091596689,0.0790266816158975,0.35958146956380527,0.3555602696507047,0.11353885262808794,0.11876221649415206,0.08086681125000278,0.32168066786040683,0.3159160073858837
statlogheart,l1_logistic,logistic,7,0.07360689211271775,0.11298769438030973,0.07795663489041224,0.36422276246908153,0.3522474886627832,0.1160004541588234,0.13108947898767606,0.09278029267537423,0.32819991805140836,0.3275665089274564
statlogheart,l1_logistic,logistic,8,0.08143871470456608,0.11004096127842791,0.0844679471876523,0.3669796455570988,0.3587146731730136,0.12565052764911055,0.11570079407428105,0.09653511511797508,0.3230163871081901,0.31580681978562913
statlogheart,l1_logistic,logistic,9,0.07128676637821603,0.09448554151021432,0.0699186806916757,0.3756634151371562,0.3556326541766793,0.12191126402737353,0.11897340875001013,0.08720090185619453,0.31719057700459496,0.3221759504562142
statlogheart,l1_logistic,logistic,10,0.07223130481333205,0.1062703107808625,0.07709954089271988,0.36355389238465285,0.361273819165335,0.11244879129630815,0.12658442726154184,0.10297400332302954,0.33243901986842805,0.30630950222600106
statlogheart,l1_logistic,logistic,11,0.08592171169936051,0.11169911636591806,0.08931429962253397,0.35645595076995007,0.33911151134066414,0.12706207565176714,0.11066813650234805,0.09502249942154248,0.2824046948599013,0.28912857319695767
statlogheart,l1_logistic,logistic,12,0.07121758324664781,0.10396412678472591,0.07892667505057127,0.35984670628206994,0.35989813498888673,0.11257097503652408,0.12761201141151143,0.09801413737434364,0.34663453829564034,0.3231080546851572
statlogheart,l1_logistic,logistic,13,0.07655216060620242,0.1034747679419384,0.08394255526079997,0.36177605219353404,0.34976380920935085,0.1337344398527901,0.12387139884151921,0.11096756878329786,0.30915360470735476,0.2912899443102918
statlogheart,l1_logistic,logistic,14,0.07590268261383709,0.11328569610643957,0.08376630320955988,0.35331214691474977,0.34711736046339575,0.12986485135223946,0.12939319611039132,0.10558953355610487,0.32662363835085845,0.3162804028063477
statlogheart,l1_logistic,logistic,15,0.08140832602042979,0.11156175121459001,0.08615256139358621,0.3616243506132843,0.3422088705696077,0.1216201848325262,0.11538384491119988,0.10937309632488515,0.3323447104890756,0.3169790848151641
statlogheart,l1_logistic,logistic,16,0.08075684387555819,0.12200061603574165,0.09711165812674015,0.3583919550260921,0.3486438775208141,0.1357322840839591,0.13095354538801224,0.11869334544134673,0.3084122654463788,0.2990502281347263
statlogheart,l1_logistic,logistic,17,0.07410324262730707,0.10658204767101055,0.07899492342309088,0.36548676311799855,0.3595290617396174,0.13978473894555044,0.1352005593175375,0.11358947927309812,0.3216485633858337,0.2931052585769622
statlogheart,l1_logistic,logistic,18,0.08354932480213725,0.10363480739649172,0.08134599742533809,0.36898102330472865,0.34841416218939075,0.12134682301543007,0.12665036960246012,0.10615670400934113,0.31732296087416006,0.3016424778953178
statlogheart,l1_logistic,logistic,19,0.07918028959615867,0.10504042370639283,0.08720815594210793,0.36633381066573895,0.3571693662860257,0.1206823667499421,0.12909225818178469,0.11272917735596716,0.31337848736296936,0.3023144301863215
statlogheart,l1_logistic,logistic,20,0.07665159113393802,0.1033147615494223,0.07680526732678417,0.34740772387066304,0.3449545183100428,0.10387361248505833,0.11978337839495026,0.0904851724904881,0.33537772850524794,0.3167211721848025
statlogheart,l1_logistic,logistic,21,0.08156806639642492,0.11471694675751533,0.08104086453577937,0.37510790072768646,0.3786798970479285,0.1225663309903757,0.13188540426491246,0.10322425711742773,0.30452450421405325,0.3009213111574564
statlogheart,l1_logistic,logistic,22,0.07538410134631066,0.11581311627551484,0.07660839708677183,0.36434942650415475,0.35815608085604145,0.12390409160620766,0.12560667648420332,0.08848462698261299,0.328170111128001,0.32966348694974973
statlogheart,l1_logistic,logistic,23,0.07972565140354279,0.11810706719009981,0.08376674764753944,0.3812620974210238,0.37897754205419537,0.11208987926507859,0.12579420129686156,0.10253783057337018,0.33547598749576313,0.3215022978744532
statlogheart,l1_logistic,logistic,24,0.07733760666095593,0.1125054356668665,0.0832756559552828,0.3686705114878302,0.3605662967588216,0.11843518133649747,0.12853958674981497,0.0974852728444817,0.3339035065597283,0.3266774559506243
statlogheart,l1_logistic,logistic,25,0.08309573524939931,0.10844841868374427,0.08217786371124092,0.35572407153462055,0.3464194625722489,0.12893705025901694,0.11868990810658268,0.09986441148709839,0.3106765792547901,0.2885539834925459
statlogheart,l1_logistic,logistic,26,0.06820403630700822,0.10164023198394095,0.07583535064887706,0.3706367801802529,0.3603239373777101,0.11651264590569652,0.1330757672476897,0.09721726526685509,0.29260578270961646,0.29756606650175443
statlogheart,l1_logistic,logistic,27,0.07724064161485303,0.10325570215677278,0.0792576845117759,0.36707898616319556,0.34866622602629854,0.12141305849436754,0.1274179395488429,0.10550745739207502,0.332545183039654,0.30893927926509196
statlogheart,l1_logistic,logistic,28,0.0728868840340356,0.11896794038700215,0.08489098638013119,0.3729421705960304,0.3769783904720597,0.12285305901825291,0.13739460215981664,0.10411383049602896,0.31672175417063714,0.3054748407811027
statlogheart,l1_logistic,logistic,29,0.07502556816357414,0.10084254985954791,0.07603824556139188,0.37124878003922956,0.34687921248526765,0.12491415351544082,0.11230751439012679,0.09856714547769277,0.31095754445218216,0.30645755700146055
statlogheart,l1_logistic,rf,0,0.08729303147740675,0.12170879064424117,0.09996060025035286,0.3543943310260332,0.34089195291523017,0.17455937316781434,0.12652496691651433,0.12843896736965404,0.328604678822937,0.31227794287896865
statlogheart,l1_logistic,rf,1,0.0862614612720924,0.11128640063211157,0.08626800045431175,0.3415169736798753,0.34864832156898384,0.1380726069839757,0.12196296786148139,0.10261179664695042,0.30844616572578504,0.30281157386298785
statlogheart,l1_logistic,rf,2,0.07799495629379426,0.13041288857767533,0.09547259269968747,0.3601738310646915,0.34015361322935184,0.16052359898840368,0.10054552629202805,0.10884484115022348,0.32987411677578277,0.32444231072364305
statlogheart,l1_logistic,rf,3,0.08255045950383526,0.12531276607425001,0.09169780443916208,0.35502474418864055,0.35447398477900655,0.19885267775860893,0.12966431432118058,0.14475990186495077,0.3337485313585298,0.2613037704289148
statlogheart,l1_logistic,rf,4,0.07764070670671246,0.1182543895829484,0.08622912882564295,0.353287963888026,0.3449588421792656,0.16186288282863112,0.13845390798747542,0.12471362379957014,0.31739298675372474,0.31291127925226414
statlogheart,l1_logistic,rf,5,0.08984444542002563,0.12736268734901518,0.09679615035349878,0.35121623556039766,0.3281094732532155,0.1698909408750715,0.13519717027381553,0.11914016088922369,0.3021894936099499,0.3024554505107256
statlogheart,l1_logistic,rf,6,0.0831027366110254,0.12403159161789554,0.0956851063657045,0.341896381964726,0.3495853498241896,0.15731690524341926,0.10914616795573684,0.11015594835870944,0.3188112112181189,0.28698935432060374
statlogheart,l1_logistic,rf,7,0.07135657107487689,0.12187466464882965,0.08906134449147995,0.34102903902791276,0.3450637883609887,0.15596707770533125,0.1188740351914308,0.11526194289990314,0.33545739631819294,0.3157574957731183
statlogheart,l1_logistic,rf,8,0.07364698000169592,0.114305136601589,0.08136400458195567,0.35253948014297454,0.34096600526504456,0.16955537575680274,0.1285420405754385,0.11970190440346962,0.3103480622487205,0.29983840501235137
statlogheart,l1_logistic,rf,9,0.08534296868590266,0.12036173423187964,0.092748221547452,0.3683178980245029,0.34946880492469706,0.14555737055561357,0.13247301130341416,0.12344974002828096,0.3439837904849949,0.31953001120344626
statlogheart,l1_logistic,rf,10,0.08143052549620199,0.1109071576423092,0.08924713008231588,0.357106942597839,0.3424232375839411,0.14793247082896718,0.10339488050024145,0.10976278250920289,0.3521249101332561,0.31467553102873813
statlogheart,l1_logistic,rf,11,0.08492090178638956,0.12620750018796958,0.09870726162704455,0.3498227436441818,0.3500921813394953,0.16598262426303617,0.1316331443597195,0.11996618619295374,0.30717231899861647,0.2802266360234597
statlogheart,l1_logistic,rf,12,0.07403027554730468,0.11957749116676022,0.08265287454005682,0.3370917310714948,0.3533046558511083,0.17945166719904848,0.1278038996740144,0.12516687894074213,0.3134997728873499,0.2835983906836461
statlogheart,l1_logistic,rf,13,0.07809378841031576,0.11066037371234254,0.08197336594745143,0.35869426396505805,0.34142013963796,0.16780385798282493,0.10825542976902816,0.11475406021492028,0.3169417136682428,0.2961248411235136
statlogheart,l1_logistic,rf,14,0.08910169648784458,0.12007335056280388,0.09294466687976823,0.34669528551405915,0.35177873217196526,0.1381670586603192,0.11163659996908963,0.1135016449185829,0.33239484598341545,0.2908013337728028
statlogheart,l1_logistic,rf,15,0.07666589141856162,0.12422163411748954,0.08531047212662222,0.3475032493387415,0.33174306431063755,0.1271934643752281,0.12278466823019606,0.11042300774946902,0.3014892114998234,0.2976378699317132
statlogheart,l1_logistic,rf,16,0.08882906212808056,0.12903520945503216,0.09813107762213616,0.36109356382109853,0.3434148701938351,0.17123531833719602,0.13408172068136237,0.12779678558449087,0.3067702133724084,0.295038476939027
statlogheart,l1_logistic,rf,17,0.08685138334781937,0.11707261790808421,0.0886828367822019,0.3213428306978269,0.34090459723412486,0.19105198235926135,0.13525090162243028,0.14259826509133083,0.3110425615620846,0.28875967720121354
statlogheart,l1_logistic,rf,18,0.08250855150150835,0.12529008731867017,0.091364364862685,0.34473415729516166,0.3534790770890689,0.1832618612955974,0.1259320656330931,0.13035527703394617,0.2841800888676982,0.2949044207446974
statlogheart,l1_logistic,rf,19,0.08036165782817697,0.12677795310212842,0.0935608072164858,0.3645289504782296,0.3484320054049888,0.16481181580456447,0.12787377312651604,0.12453831215886324,0.32609509698473915,0.2981107073608489
statlogheart,l1_logistic,rf,20,0.07101473408140643,0.11258963304251923,0.07681842474587439,0.3473642352197052,0.3707985639652578,0.12876122649932545,0.11574862721267434,0.10032027571652004,0.3275538864080816,0.30878880484380794
statlogheart,l1_logistic,rf,21,0.0813045970456283,0.12502243367409305,0.08787401600168071,0.35948353279889833,0.34463699439409706,0.15231080637826278,0.14161742546420636,0.11533040346774964,0.2943284988459089,0.29075329129309757
statlogheart,l1_logistic,rf,22,0.08802504771123987,0.1227824650068824,0.09551273484576636,0.35352646563788975,0.36189234208894694,0.1484971773159447,0.12030099552942075,0.11372193762885807,0.315087951566911,0.3168563099416402
statlogheart,l1_logistic,rf,23,0.07463305966656827,0.11766801361777535,0.08498321288474173,0.35563541898224277,0.3418376223752679,0.19042056074822658,0.14129499671314633,0.13717666841185533,0.2951837443659486,0.27381450127052936
statlogheart,l1_logistic,rf,24,0.07940575500491909,0.09956738806579504,0.08643411361171532,0.33949782799329725,0.35690402340850697,0.1466344811100218,0.10437302882470642,0.11017472330183276,0.3396890295323499,0.31311721838681705
statlogheart,l1_logistic,rf,25,0.07912910638039526,0.12066373935662464,0.09086899216011841,0.3584957012335762,0.3407068584632951,0.1561275289493795,0.11149085172299031,0.10864071236338435,0.3309562561356532,0.30521167980428815
statlogheart,l1_logistic,rf,26,0.0833959587377414,0.13379218331641696,0.09705943768487599,0.348409658650548,0.32257940168783855,0.1699032007526417,0.12651582185975027,0.12921625748068682,0.34102119473832126,0.3100706963238167
statlogheart,l1_logistic,rf,27,0.09247934126732105,0.12031079087000762,0.09894316639631637,0.3419888936381131,0.3224006458153587,0.14285268574278015,0.11056832229593541,0.10468819738847393,0.35176717057312074,0.29707508548421924
statlogheart,l1_logistic,rf,28,0.07567677921706024,0.11784164634309441,0.0925818328635778,0.3441550868564701,0.33944057539774314,0.1307192247756096,0.09567986586945247,0.09576829807479252,0.33423455620933223,0.3139599819505952
statlogheart,l1_logistic,rf,29,0.07517301171593688,0.10681457816991712,0.08528652410208443,0.3413929732279759,0.3657482142780599,0.15377861009963809,0.12126698146038023,0.115910870993104,0.31690155081391574,0.2953287615714171
haberman,mutual_info,logistic,0,0.20558825763759986,0.20149302799708474,0.18902476928309542,0.034922985148383025,0.027463154963656512,0.19766425997251483,0.20156604132773548,0.1915936913145888,0.03743277732053298,0.03325312099099359
haberman,mutual_info,logistic,1,0.20908556202763195,0.18362509643026942,0.18756341086936362,0.03510493148532084,0.03147446192648356,0.17931352757399,0.18395309771078036,0.17151088146060722,0.04585173568980836,0.04025508762621068
haberman,mutual_info,logistic,2,0.20799798705182748,0.19903354839075807,0.1959458072947715,0.027360393298302466,0.03261998522219588,0.18051806580696764,0.19994537594341483,0.18118997740676354,0.033025010324684766,0.03513857228693679
haberman,mutual_info,logistic,3,0.2087347940798741,0.18833033000684565,0.1902069509512171,0.03290762232752921,0.03235645100707013,0.19288635374424434,0.1886919117792955,0.19807770593725646,0.04323250646184453,0.02874142397682218
haberman,mutual_info,logistic,4,0.20116286724506185,0.17674497486000884,0.18053047567856634,0.027322848071959623,0.043163593249469105,0.21225537948090126,0.1752104518941331,0.178976412100663,0.039909473788562466,0.03891232696843192
haberman,mutual_info,logistic,5,0.19681313700447603,0.18620838780896623,0.17343726117074781,0.033073766883823706,0.03129302289781286,0.2060613436836954,0.18670938658862068,0.1801521851400131,0.03460602129089025,0.033869810498012354
haberman,mutual_info,logistic,6,0.21483786605035077,0.18811971152302828,0.1898021229830031,0.03606263812539576,0.03091549402682843,0.18450901128957065,0.1882774055756288,0.18211332543367317,0.0346424623060294,0.03647108328183297
haberman,mutual_info,logistic,7,0.20935645701448236,0.17793564939449877,0.1780738345496231,0.04657539902265639,0.03649163239145417,0.20695352666327005,0.1778409281941704,0.16620751819028212,0.0383544363067081,0.030230081307675117
haberman,mutual_info,logistic,8,0.22642146450114015,0.1929376353479802,0.18769433449903863,0.03343780721511257,0.0311673367747099,0.22119241989162974,0.19363103751656735,0.20031300967657883,0.05309152155711954,0.046868421480562826
haberman,mutual_info,logistic,9,0.21583296329995955,0.1739331415648735,0.17304970090520191,0.03479738422914782,0.030625851218770584,0.20504372424151934,0.1731451368560149,0.17188692226679037,0.041187413794223256,0.03630410608508152
haberman,mutual_info,logistic,10,0.2181058345692786,0.18570160934325436,0.19291486219704002,0.034536782587532455,0.032282987028606436,0.2023419113989343,0.1859960794033283,0.18171277473478403,0.037457066752914873,0.032532134927183265
haberman,mutual_info,logistic,11,0.20676162141298518,0.17956806365379632,0.1848142026678714,0.03551808227233372,0.039741655799567406,0.18242644526370244,0.17995530723340172,0.17149646561121007,0.03499056360966192,0.04450001202644176
haberman,mutual_info,logistic,12,0.21263572806579198,0.1687446534658289,0.1771972893227937,0.03988461760413168,0.032801200086451855,0.20735014660916298,0.16881584166215924,0.17327112471325495,0.05422248153795164,0.040146142081258517
haberman,mutual_info,logistic,13,0.22170060496490324,0.20033650038823422,0.18930494697837713,0.03113351258931232,0.02893448934506518,0.21640597412942614,0.20090660843124306,0.19400690424591055,0.03424519092393271,0.03314923865330091
haberman,mutual_info,logistic,14,0.19743533010460182,0.18296677981057324,0.17453480795512405,0.0348538647383232,0.03404212622054882,0.18775856360057971,0.18370152841893,0.1854389305961222,0.03368034383964091,0.03540737375122515
haberman,mutual_info,logistic,15,0.23652524311651096,0.19393948860439283,0.20634725482616909,0.02620285348819228,0.030632033056610452,0.19360239253480835,0.19457271756477065,0.18540162707362295,0.036705127314297675,0.0423299042172362
haberman,mutual_info,logistic,16,0.20086767205970524,0.18884141314183106,0.18627498455759162,0.035994024639115926,0.04218245896578717,0.1999395099075397,0.18910435343552034,0.18496501254827835,0.03999014583572147,0.0456488046068771
haberman,mutual_info,logistic,17,0.20090418353834835,0.18737299441094107,0.18214816355713792,0.03215463030894104,0.03173159038646717,0.19463655638647845,0.187999648068376,0.17282703186352477,0.03783464405633801,0.03866977340566354
haberman,mutual_info,logistic,18,0.2031364123938293,0.1874982600926216,0.1809028852639853,0.04472051790109497,0.03885410499758095,0.18497027970786842,0.18772657416911862,0.1760879710948533,0.037011734247253084,0.04224991889150104
haberman,mutual_info,logistic,19,0.21794063809908493,0.17636666588870784,0.18004486393455527,0.02854058840725226,0.02629349384691749,0.19695195959321976,0.1766831194334889,0.1711618801256966,0.03396155297724901,0.03365252864343792
haberman,mutual_info,logistic,20,0.20213541884882186,0.20084177764958866,0.18381736597266723,0.03228851387057803,0.03739996586299175,0.23336453082110428,0.20054179309245207,0.2023767025789868,0.05251248278538443,0.037399810461392166
haberman,mutual_info,logistic,21,0.19276296839154197,0.195315289380637,0.1869277931014845,0.03202431723465406,0.033597902309657056,0.20529258286792232,0.19522438287455354,0.17423713634763358,0.030365747558598145,0.03345413672737188
haberman,mutual_info,logistic,22,0.20194903203281386,0.17403759629242094,0.19336099275975965,0.03587717528633518,0.03634809028277845,0.19844010766336284,0.17437119818872637,0.18059002356020223,0.03965593532847363,0.034333397706611014
haberman,mutual_info,logistic,23,0.20760686628326744,0.18446308561983055,0.18531260776245284,0.036186984400018246,0.0369587296063577,0.18828950565618469,0.18395806468742917,0.1760104942872177,0.0417874274537805,0.03551066336692536
haberman,mutual_info,logistic,24,0.2111013104593196,0.19254123777539364,0.18335523420310748,0.028574174072226476,0.030570830227537416,0.20591398104200714,0.19332248648036715,0.17967336071846646,0.0483310857886079,0.047065530575132
haberman,mutual_info,logistic,25,0.20722685899818702,0.18741731474208292,0.17307822987918955,0.03221224884675068,0.0395322434960634,0.22648866998633338,0.18744004854201662,0.18304999817749945,0.043336159247559444,0.030524670236990785
haberman,mutual_info,logistic,26,0.20311703637900413,0.18930921727590289,0.18395985891108962,0.03609895204396692,0.035354706463988333,0.1918066329364086,0.1889762101723682,0.17418493085870285,0.04335301252156426,0.036837751710960834
haberman,mutual_info,logistic,27,0.20538617317582866,0.17924155050607427,0.17690413280432063,0.03078466362310178,0.03430781174529138,0.19471648966606425,0.18024238125914588,0.1697171522642006,0.043638606129366216,0.04095291067746857
haberman,mutual_info,logistic,28,0.20540375977306422,0.17047651539232878,0.18499095547899874,0.03077737993953013,0.039115320036743034,0.21491945692468695,0.17093024756835695,0.19071675200544908,0.04838047550335906,0.043673912096492844
haberman,mutual_info,logistic,29,0.2279604938925361,0.19382290440784547,0.19664785874939264,0.03438679707965155,0.029928071566077137,0.2095185651835868,0.192888068993898,0.18438602693382894,0.05095348716975859,0.044919940550655804
haberman,mutual_info,rf,0,0.15549094258100618,0.22195113440621558,0.15913742327210378,0.07789901611184581,0.05761830210348191,0.3420699108570847,0.19072180839356906,0.20147729960508276,0.04084258073051558,0.03529273797365069
haberman,mutual_info,rf,1,0.15547582816136227,0.24658553415851459,0.17455391832212236,0.0512438174810676,0.048646558260072005,0.30670049348308337,0.18103945705518393,0.19396123067558885,0.047573957191400736,0.02896703576171481
haberman,mutual_info,rf,2,0.18314553122288035,0.27122152852550774,0.19931641660768357,0.04908644107786716,0.004532615631046152,0.27933832535265446,0.18794087684806482,0.19059355185704668,0.04645497117927225,0.02945298652889834
haberman,mutual_info,rf,3,0.18752553830715143,0.25521213485017846,0.1974214249421707,0.04056815268809548,0.0049784110012330305,0.2831659234808107,0.19734482044487495,0.2181190260651365,0.059494348085485635,0.023438135036759563
haberman,mutual_info,rf,4,0.20154492313373681,0.24563041307529646,0.20220239977152954,0.060798490634807745,0.017074507670679494,0.2743200226990117,0.18235464882096977,0.18704915955506887,0.05080048454167628,0.0368570281181387
haberman,mutual_info,rf,5,0.1890772775387815,0.2428934562018529,0.1952144618341563,0.06040399719583765,0.02795800608743112,0.2842200331937435,0.1892062444802877,0.19845823309728872,0.04604630717273638,0.016202469765109695
haberman,mutual_info,rf,6,0.19531865473557022,0.24813874332951438,0.1869566300794402,0.056747701803075104,0.03381703012405384,0.28438668154531477,0.21858632778030668,0.2112040153468849,0.06381713946540558,0.0194559715044446
haberman,mutual_info,rf,7,0.15214322774117348,0.23023926288848817,0.1608872857801213,0.06748067774032523,0.04024206114797276,0.273491328274321,0.17074031620399382,0.17529533529975638,0.05308342453890228,0.055522504213745154
haberman,mutual_info,rf,8,0.15320033480035766,0.25842480992016453,0.18546199849832287,0.059389009091069235,0.03179724328465964,0.29141177714588606,0.20962258685285412,0.22058844676558542,0.04893913318329207,0.024072001533407078
haberman,mutual_info,rf,9,0.16999514324941717,0.22851054235720047,0.17548131178254645,0.047283182621428374,0.01657925600407374,0.28790927086600476,0.1736732311549552,0.19089735498957555,0.04257278450804238,0.031382073866827315
haberman,mutual_info,rf,10,0.16234909194374936,0.1968524198162535,0.16455897465677444,0.06665373657702021,0.03905699342631485,0.3047444091769073,0.20110898191536125,0.20090091501640478,0.04806934527761939,0.030420275414483805
haberman,mutual_info,rf,11,0.19723755932140905,0.2614029850208347,0.20300149938736192,0.022769654439997122,0.0006781032804228005,0.3399603035141894,0.19184363157829243,0.19064763811033736,0.03650808599921062,0.029338875040720868
haberman,mutual_info,rf,12,0.19100208850039768,0.25759500116386214,0.2033579979587924,0.023687571421896966,0.010400534968145941,0.3409903134354032,0.22199063133029662,0.22438823801509133,0.05260176762212803,0.015526869868883452
haberman,mutual_info,rf,13,0.20544555995975905,0.2473533235071037,0.1932110587429171,0.017674638895138088,0.0053098568919364405,0.29278028782554455,0.181600914509006,0.19729277582801502,0.03171817715390788,0.007632276033379346
haberman,mutual_info,rf,14,0.16291001666617216,0.23748189267912978,0.1744312579540612,0.05489809492270484,0.025758600328879694,0.37618115805297525,0.1887839044158065,0.21568582179195445,0.03747945120486136,0.013433657543446232
haberman,mutual_info,rf,15,0.18147691836877966,0.2423390278738899,0.18599560494899037,0.05305931253596914,0.015172855576162015,0.28798970387921474,0.17288657539177876,0.18160307044759272,0.05769677454843826,0.034674661781952096
haberman,mutual_info,rf,16,0.19354809088969577,0.20532224210754046,0.17730441337623795,0.052774873218226805,0.0280997831390688,0.30624755822488836,0.18779796320140066,0.20942772433648532,0.04089721184079181,0.03161753130759155
haberman,mutual_info,rf,17,0.15588750479511332,0.2348635195461651,0.17601209159537035,0.041751229294509765,0.015215463559587143,0.2926487157375797,0.191001278968977,0.19078873891335807,0.043427400235787755,0.021498965038789
haberman,mutual_info,rf,18,0.14676459626952415,0.21180142614591738,0.1556327058838727,0.06951626225792244,0.03097364375084186,0.29596639290210736,0.2129713696729284,0.20857385726100958,0.05127312791133215,0.015315541199386253
haberman,mutual_info,rf,19,0.1646652730385302,0.2719983253020106,0.19508003118589398,0.06166413163897486,0.038911708485321314,0.3150122113394541,0.1955266691411908,0.19752534672883085,0.0439328602163518,0.021898371850046224
haberman,mutual_info,rf,20,0.19537554682149375,0.23782696917386073,0.18246424558926067,0.03263928621683741,0.0009609000717434956,0.3660469164145397,0.20177467334676902,0.23899451035883085,0.016509376229919256,-0.006776202634738837
haberman,mutual_info,rf,21,0.17055283452183023,0.27062011218400334,0.191529249325507,0.06604534844803374,0.028620823527268562,0.2981727911259508,0.18685866898100056,0.18705038805421503,0.036626417443261415,0.028829429751599626
haberman,mutual_info,rf,22,0.16213278239536233,0.23019109659332931,0.1666915462328128,0.06638027412977339,0.05654532692182221,0.2941400522761929,0.2236718254890618,0.2123137141062106,0.03263896404068838,0.012362962991270788
haberman,mutual_info,rf,23,0.16574835428159385,0.259114153233865,0.18009907901526034,0.046031092307272946,0.023464055432054237,0.325679944859157,0.19000179822527288,0.20932065943763367,0.01298310656831,0.009998470185116176
haberman,mutual_info,rf,24,0.18965203204029074,0.2478785915242425,0.2015074433678432,0.04012498215307797,0.009371936452179463,0.3731333002814886,0.19010202728582856,0.21865214593386822,0.032439131435353846,0.028963716040790212
haberman,mutual_info,rf,25,0.16520467443214268,0.2395286154836756,0.1751705270893897,0.06838269571060258,0.03221277805671408,0.292430058414956,0.1971105403161926,0.20386177909458977,0.03292720930994314,0.029329308694621546
haberman,mutual_info,rf,26,0.17187023747877606,0.2644717835306837,0.1940093970641315,0.050384346316863886,0.012655088498166734,0.2607790195600076,0.16635446619124777,0.1814270115426394,0.05096989294847837,0.03569481820150233
haberman,mutual_info,rf,27,0.17455224284249485,0.24452636090290575,0.17674288266807597,0.05696417376769049,0.030409397121182912,0.30154512420428203,0.19780155314825237,0.2084049202086164,0.053613481728328645,0.032627528580408335
haberman,mutual_info,rf,28,0.15776523869325476,0.2706281663243194,0.18327935977113027,0.05776097185310329,0.009425635955669712,0.2917683591975637,0.20232798157457804,0.19665758520509458,0.04882552729953702,0.03369325573001272
haberman,mutual_info,rf,29,0.17579332030184258,0.23435578785202438,0.1856194339939075,0.041036205310224644,0.017757373254845582,0.3200529671884398,0.19593177558569935,0.20800044870342377,0.059771412917933725,0.04449817698696991
haberman,rf_importance,logistic,0,0.203868462315563,0.18199819710747994,0.1802357749732943,0.02929899335728554,0.033700402500704406,0.24652204817472312,0.18253648959932195,0.1882494737388998,0.060903621527208365,0.04522541777357859
haberman,rf_importance,logistic,1,0.20527621509135974,0.19482165300746512,0.18705063534306607,0.030302213985431238,0.03887088681793017,0.22258049626168902,0.19578553477229954,0.1902121396230348,0.06568907216401894,0.03991976234169312
haberman,rf_importance,logistic,2,0.2090351125116265,0.19966342576722007,0.18432398648130893,0.03518218652891904,0.03437093282810582,0.2547899212106587,0.2005381708006171,0.1907599638982145,0.059266355988452,0.038623299818231746
haberman,rf_importance,logistic,3,0.19582944111897807,0.17502129872528657,0.17323583574477755,0.027409479649817728,0.036251513034012806,0.2514786901523725,0.1765923640535442,0.18664892823292908,0.07007479533267641,0.043071290957885
haberman,rf_importance,logistic,4,0.2003391461012472,0.1713151880459518,0.17702366658126747,0.03672381514894087,0.034903585266934246,0.25534394297734087,0.1723751605628651,0.19310500837971323,0.06432090846134822,0.04134444952531149
haberman,rf_importance,logistic,5,0.21135572072624087,0.1954189402976183,0.1808716958969518,0.031421489222428024,0.03262177166681452,0.24674945812810872,0.19553111253745248,0.18723839586113333,0.06530463797435046,0.04018959498652039
haberman,rf_importance,logistic,6,0.18949534307928084,0.18338099239035605,0.18081846687457048,0.035128802487225365,0.0357799047448589,0.22526529973973655,0.18389183519402874,0.19220762003035924,0.06304324677019825,0.04185041519187451
haberman,rf_importance,logistic,7,0.21418520703764624,0.17237769645792814,0.17373261182856192,0.034773814103079975,0.02929648086565588,0.23719885141661293,0.17297747207937145,0.18298958406932123,0.0650631429679157,0.03699646180215247
haberman,rf_importance,logistic,8,0.21933854589775437,0.17323905927574232,0.18365445036999622,0.0277008501393184,0.03263171397548625,0.23761518855836006,0.1741721026409228,0.1964028868685252,0.05897797414077704,0.03839892190877829
haberman,rf_importance,logistic,9,0.21153353135517838,0.18090843528517359,0.1840591446669081,0.029491774554106735,0.03807181367079687,0.22370209770005114,0.18139051784645266,0.18694791294020952,0.0633061199072758,0.04474823831286823
haberman,rf_importance,logistic,10,0.20299794762079926,0.18889088863374723,0.1904581078053892,0.029674715593771023,0.028926707381784312,0.23294986424613703,0.18894225738719161,0.19279213321333116,0.06272782290145282,0.03617196621309571
haberman,rf_importance,logistic,11,0.2433251254525698,0.18877650554827136,0.19700783706209435,0.0283421151698186,0.02724778803675095,0.27874036722031,0.18942495426061512,0.1905384419274395,0.06539278069800299,0.04126711204206874
haberman,rf_importance,logistic,12,0.2010388224481418,0.16965144547598346,0.165604638210083,0.02739606255555391,0.03742508875606141,0.23182452828996347,0.1702664334851771,0.1716633803687603,0.06877627192972993,0.03548068780738957
haberman,rf_importance,logistic,13,0.19419518179541642,0.18371511908679983,0.19169597520313592,0.024981834480045335,0.031649683524985595,0.24336769975644945,0.18438542002617278,0.1943076602806567,0.06174489123572405,0.0380716006905997
haberman,rf_importance,logistic,14,0.21786377883058133,0.19105905582454,0.17839197874163487,0.0340976313332954,0.02964575108047898,0.23804661795977494,0.19085601649843154,0.18544187055544337,0.0652284816284077,0.043592012219876256
haberman,rf_importance,logistic,15,0.21373486027752936,0.1917316706237588,0.19379931270466427,0.0351154212186583,0.027789360440637238,0.273769801938311,0.19209614589959642,0.2218906727466141,0.06895800765396111,0.05207395872989487
haberman,rf_importance,logistic,16,0.20350077851972015,0.19092175219491264,0.18449045841026837,0.029261265277165244,0.030575132175296938,0.2551341451825066,0.1908525359690408,0.20036700590620315,0.06358451393067935,0.04604732465664186
haberman,rf_importance,logistic,17,0.19848741888975652,0.19220959847802965,0.1888839632605674,0.027173413501041452,0.03340265973859552,0.22884031338390365,0.19291671101302682,0.19457753291115532,0.06550382038050007,0.03515987443609284
haberman,rf_importance,logistic,18,0.1982029047419947,0.1926540734981193,0.1912148501164912,0.03578419455103956,0.03137908298363539,0.24466016016641606,0.1937732495754658,0.191685473041762,0.06211055591386625,0.04636834822201498
haberman,rf_importance,logistic,19,0.2029211828959625,0.1943015392705335,0.18868274873611182,0.03943862959665176,0.037696288502291224,0.22127988689237615,0.19507648047703607,0.2030591964947263,0.0648118791815628,0.041341782824595046
haberman,rf_importance,logistic,20,0.20359516111791748,0.17445945345196132,0.1790915967236531,0.03364955008996482,0.041236175968343766,0.24996842667451635,0.17487014569331608,0.19146159045607802,0.060365138095451694,0.035578933467498165
haberman,rf_importance,logistic,21,0.20450134385739654,0.19821074487536525,0.18724788509121976,0.032244146687063165,0.03030464729339241,0.23297317997434763,0.19988117024605387,0.19204522580446365,0.06316105280602514,0.03994599234985794
haberman,rf_importance,logistic,22,0.20402747030701132,0.19735639536223526,0.18158784251950505,0.04302351422557817,0.038830356951199,0.2461137225304931,0.19860217727841462,0.19382743429768645,0.06689283625561622,0.043970242049913746
haberman,rf_importance,logistic,23,0.21401598352747436,0.19563005923710286,0.19542063678704896,0.03407889396798283,0.03775435029833456,0.22563753724542246,0.19590878698323227,0.19417334063094333,0.06272903760195744,0.039780653689365945
haberman,rf_importance,logistic,24,0.20351064402563598,0.1827495898695188,0.1737669051964566,0.03099843486524755,0.03852246779240803,0.22239918116703544,0.18339830060188417,0.18308839973216262,0.06248464384304881,0.04484743126812873
haberman,rf_importance,logistic,25,0.19466524091769513,0.180775664978086,0.17851261611993974,0.02697049859609068,0.028695686385754288,0.23972017542435456,0.18212384832963796,0.18816561354158684,0.0636061708450445,0.04236070161269046
haberman,rf_importance,logistic,26,0.21447856595281792,0.18349957917367443,0.19701422190452653,0.03607902852731568,0.03180876634695875,0.25350969358483166,0.18404115695963444,0.19214713877810638,0.06960984020255447,0.031466307554741384
haberman,rf_importance,logistic,27,0.2062055040422502,0.17779121647153412,0.17836006998815104,0.0369371908783555,0.030886291424193225,0.24150704312685312,0.17891676909313226,0.18644207882189698,0.06799771588676147,0.04195220535858942
haberman,rf_importance,logistic,28,0.2345709316189489,0.16980480414523766,0.18793446230529487,0.03127113410067478,0.023897873502323856,0.2402638278059422,0.170988571649966,0.17960630354310447,0.057854566741728744,0.04144272813468191
haberman,rf_importance,logistic,29,0.19657130375660645,0.19905492687154352,0.19333321427494676,0.03272354391121205,0.036041717847170536,0.26882569872392714,0.1999803113907459,0.21589271463116277,0.06689574489393058,0.05297336783315247
haberman,rf_importance,rf,0,0.1885076430114657,0.27003351967051326,0.19198992641030851,0.04283749792891562,0.013377506659917314,0.2871137363469045,0.2946209816197848,0.2680216868247767,0.02672572756813835,-0.027106890510802336
haberman,rf_importance,rf,1,0.1817090399009405,0.25724266317533995,0.1922330515129181,0.045766692067400375,0.008885570895697114,0.2739951091189902,0.2762373839594382,0.2529216081458018,0.03198004787308876,-0.014246327685994252
haberman,rf_importance,rf,2,0.16982771438339897,0.20547720085269827,0.16935466478638267,0.055910299714330945,0.02846044226975099,0.2605502278673206,0.25161422065647665,0.22439959322339276,0.02329920976513004,-0.01419029841883836
haberman,rf_importance,rf,3,0.16688398925998568,0.2216697730506979,0.17389087761886707,0.05541649399108951,0.01951485209233055,0.27859948196260964,0.22648243315233302,0.22315291733529707,0.0478649437910668,-0.0022109929303941542
haberman,rf_importance,rf,4,0.1612233667078572,0.21369611215768797,0.16254055881283344,0.056058553257550214,0.026065066816380867,0.301901848452265,0.26081473720266973,0.23569238879729024,0.03636752539630359,-0.014554136349768248
haberman,rf_importance,rf,5,0.1852875147492503,0.26456357630465066,0.19497075009770629,0.047337822343035164,0.026272577307699694,0.2742566741233282,0.25357068000030136,0.24470475286339133,0.05068199284649611,-0.005304170820223634
haberman,rf_importance,rf,6,0.1660705366614338,0.27956176567039576,0.19739701119877778,0.05022021387580218,0.03102657353597776,0.28383370801333985,0.22962382598677494,0.23726241229455014,0.05016161274410225,-0.013294305212102444
haberman,rf_importance,rf,7,0.17460856074360412,0.2527600742296162,0.1873602555652752,0.043245669188560265,0.0011182632795138758,0.2863693020891697,0.2776617535859114,0.24671756512874962,0.018208190890347805,-0.024228405457249705
haberman,rf_importance,rf,8,0.15160707484554642,0.2081338722900426,0.15330516766483904,0.0648239843788647,0.04285020586493608,0.29548501311175723,0.2564277772325583,0.2487811368706087,0.02008564701858984,-0.02733651967612593
haberman,rf_importance,rf,9,0.1934865426448839,0.22015373175513525,0.17035282834113064,0.03709455412334819,0.022507355437355325,0.3108723331268804,0.2954927753862917,0.2667149441777458,0.038365113070039585,-0.03302037850917032
haberman,rf_importance,rf,10,0.1532068817981926,0.2235058633066836,0.1687951775137454,0.04271326825403737,0.03040972556298451,0.27447136126752064,0.29493106038716177,0.23728088748900653,0.045908874453697526,-0.0053571672388770695
haberman,rf_importance,rf,11,0.17128246840052536,0.24810306968021228,0.18230060309774349,0.04409965021232675,0.023548842434739415,0.27031113713213045,0.2763924444444933,0.23448501753077838,0.04776640979453798,-0.004642553053277901
haberman,rf_importance,rf,12,0.15737810138796426,0.21076474407646326,0.1477810834668905,0.06003865342875944,0.04253893574007355,0.295290099995785,0.277975985723416,0.24888077269845377,0.04807466033896816,-0.01994130552779199
haberman,rf_importance,rf,13,0.16054088158040242,0.24366008959404806,0.16782669309317955,0.07568593253259824,0.01581912402198233,0.2781488200671388,0.2506565598920615,0.22988072987567124,0.03754978996253536,-0.02016845994683529
haberman,rf_importance,rf,14,0.17445396037905855,0.22752323478901212,0.1931178850268848,0.03902959422251349,0.025525269898244295,0.2576840522358152,0.2683450003606982,0.22774249367992527,0.044250411598737625,0.0043795424177462275
haberman,rf_importance,rf,15,0.1703694355440155,0.23205414781619835,0.17362069557817636,0.05568985507378154,0.040146865265340816,0.28060681982039404,0.29761745828193986,0.2466508258262382,0.026669978369909014,-0.024924396202029513
haberman,rf_importance,rf,16,0.16068062938850508,0.20635716525001552,0.1681186353520221,0.03872339004577396,0.011575495668138614,0.2865252589532996,0.26069947466160553,0.24294170176082475,0.01931637620597755,-0.01364940959585982
haberman,rf_importance,rf,17,0.17119663000809737,0.2500389572392672,0.18411604854660724,0.020997085845084473,0.012943313267477826,0.27885703041549986,0.26717136275302744,0.23046829179867723,0.036315286059949596,-0.016517091473648285
haberman,rf_importance,rf,18,0.1815287271984133,0.23205779934326154,0.18282185425976738,0.057536228090762975,0.021005088957640587,0.26669195271969837,0.24139508607967958,0.21667367592925352,0.03672900866915829,0.008518113908177471
haberman,rf_importance,rf,19,0.18051317129144068,0.2512900924448943,0.19518677560543385,0.04437531430268688,0.018826802738503526,0.3557067976087807,0.2752161404595767,0.28844392516271755,0.010680664735122572,-0.026981297973243158
haberman,rf_importance,rf,20,0.18850250603418023,0.2422340905190487,0.19013508990913477,0.02301426427469191,0.009908932076177563,0.25556201232740694,0.21943459983243654,0.23186827236370092,0.055164818778314986,-0.0036927345978221733
haberman,rf_importance,rf,21,0.16334614562754995,0.24225237499240604,0.17609965944998032,0.04746179632800513,0.02286245341569283,0.32915903026534377,0.29007285688038176,0.28004428970488093,0.016254062595133845,-0.018335231679322356
haberman,rf_importance,rf,22,0.14607938499856296,0.2152053492192743,0.15500454534239613,0.05755756198985132,0.033751042439167524,0.27043842367315574,0.2624878978487964,0.2090206342890713,0.04163762057626868,-0.0021783854356925893
haberman,rf_importance,rf,23,0.18738686223201897,0.2528729582698574,0.18784425920814896,0.06338401256181134,0.015883336285977958,0.26134869977816505,0.2605084018141335,0.22347495129333883,0.06164189862944281,-0.0013901620700106556
haberman,rf_importance,rf,24,0.1698377177174798,0.25316104223273395,0.18707713876943524,0.05700599663173191,0.02216582402956206,0.28645284099741103,0.2750612035451687,0.25855342318520674,0.03180217337922999,-0.020594981359796795
haberman,rf_importance,rf,25,0.17177393833357882,0.26160399119001987,0.18980332988983334,0.04710677722436066,0.00870486271447463,0.27875638447966783,0.26059164902983345,0.24909000530261663,0.020331847071664504,0.006232727261706821
haberman,rf_importance,rf,26,0.16481841268710617,0.23916012518738952,0.1709289257436708,0.048118977728585664,0.025677706497626854,0.2812958101194366,0.23533336167511174,0.22923009310790818,0.027216980855236172,-0.014336832325221368
haberman,rf_importance,rf,27,0.18412664887144103,0.2307401197903097,0.18242336783677798,0.04372120191046024,0.021755558640638373,0.2969261167910925,0.29110859931701044,0.26398103914768534,0.0192665744077395,-0.03148573887366372
haberman,rf_importance,rf,28,0.16148039957113114,0.23834572067741064,0.18371274874752175,0.04092667114186511,0.028032379831213955,0.2817773089700676,0.3097723301600391,0.2434463607020712,0.04134102006045156,-0.0037265135309899043
haberman,rf_importance,rf,29,0.16625934719329072,0.23982205685039426,0.17335989456612658,0.040181907136663315,0.036119254775218955,0.3173499592948117,0.27687818653219576,0.2678030099156552,0.020819006466800283,-0.013366348302076617
haberman,l1_logistic,logistic,0,0.21517320374858023,0.18782868767749145,0.19189928459015984,0.0339728082212199,0.040328251371130386,0.17579068264128594,0.1868242129087871,0.17606961507205526,0.041245197691470024,0.042061435492588096
haberman,l1_logistic,logistic,1,0.20629511894148117,0.18085046044013198,0.17985380441418575,0.039331055815554274,0.027925265035012335,0.19949907339536266,0.18037924294498536,0.17317425487821958,0.039273714281608044,0.02679587244345837
haberman,l1_logistic,logistic,2,0.20414157458806598,0.19776581980200408,0.18670253873344134,0.029303697936527352,0.03564868238659129,0.19382455218888914,0.19775372292424706,0.1844546139464585,0.037039453314506476,0.03953930010320776
haberman,l1_logistic,logistic,3,0.22106462360524082,0.16898957874966378,0.17604206905671732,0.029304507955019272,0.02908174860913786,0.18912615828926463,0.16933999371961214,0.17142044204767032,0.030717855385736244,0.029682144421317815
haberman,l1_logistic,logistic,4,0.207030394231049,0.1820373723343281,0.1820803540445572,0.03938514063601628,0.027405313715288357,0.18508735506583018,0.18172126760168614,0.16715258434624558,0.03361856476852353,0.036344555298120314
haberman,l1_logistic,logistic,5,0.19442444219513672,0.20099975743729115,0.17659432994952384,0.03644982321754366,0.03420630262889918,0.19652340602133714,0.20139662679386233,0.18963953401109124,0.03900756682886603,0.03372389155760999
haberman,l1_logistic,logistic,6,0.1974296107516671,0.1898775325684176,0.18230269552952333,0.03012187161695055,0.041332576502746333,0.1901002289367943,0.18999925391198563,0.17283085221236072,0.03424734611893049,0.037125673180728055
haberman,l1_logistic,logistic,7,0.2163743661912923,0.19507942989971455,0.181480369936288,0.031033563924077242,0.03382301698482695,0.2136657119486425,0.19543426101768424,0.1730994104012674,0.03389116008734907,0.035166976840581204
haberman,l1_logistic,logistic,8,0.1964431268073905,0.1825214766543398,0.17871910673732683,0.02589732126406044,0.03765199471318781,0.19920261155509741,0.18247306574764682,0.1687920278464884,0.0371399594241339,0.03899962211400448
haberman,l1_logistic,logistic,9,0.20257495818956453,0.2097610096560067,0.185133922749413,0.03169153695694107,0.04130436849573269,0.19537401561010162,0.20991745521740054,0.19145213604850123,0.03608898003931149,0.03793806032665923
haberman,l1_logistic,logistic,10,0.20950128349469932,0.2007352114474688,0.1903147000065471,0.03371227956126822,0.03661182149223965,0.21820473995046266,0.20195947333664732,0.18239285547867035,0.042516809901719146,0.03304252141156059
haberman,l1_logistic,logistic,11,0.21798176906006156,0.20262686571230315,0.18800780493992783,0.040042769210440324,0.03729491194224181,0.1921587178724816,0.20259087591398106,0.19058774488803035,0.04033811730556378,0.03531922639183462
haberman,l1_logistic,logistic,12,0.20665200620234597,0.17898928815231469,0.18125754115156295,0.03551908527735055,0.02900462533888627,0.19669497542761327,0.17927312017562874,0.16608733696151706,0.03659598348698747,0.03682988646672649
haberman,l1_logistic,logistic,13,0.2093996629903238,0.19184022179325771,0.18687130054237178,0.0329205016901664,0.035453860609863254,0.18524823185146883,0.1918253824956735,0.18864875974589462,0.0381303141070408,0.041592839852227594
haberman,l1_logistic,logistic,14,0.2262462296725572,0.1756218586653247,0.18183192202516077,0.039123943257736875,0.03388353633875092,0.1941784780444613,0.17499585749059032,0.16576495000887315,0.030061295820640502,0.03544930126565123
haberman,l1_logistic,logistic,15,0.2044555516668043,0.2036269007278745,0.19563808096509216,0.027865774365141788,0.027752817016731275,0.1674465455667462,0.2039000369149692,0.1920562419899382,0.03506338590057114,0.03936398786143906
haberman,l1_logistic,logistic,16,0.22079596079489616,0.1814639865055337,0.19146118986185628,0.03207140673279995,0.02506727409625591,0.21472022644060526,0.18143761933003477,0.16635933300389605,0.045083639936492274,0.03571086412238621
haberman,l1_logistic,logistic,17,0.1961789208031289,0.18216234474721224,0.177313479463835,0.033668094761406954,0.03616385805533352,0.20100112263359804,0.18199983286677313,0.17365959142300433,0.03394416882084656,0.03845878134722121
haberman,l1_logistic,logistic,18,0.21059433186490767,0.20229464906522207,0.1818909161758902,0.033899299885681355,0.029871980088342756,0.20405790022352688,0.20256118409742097,0.17838271722033416,0.036409517002963965,0.035223906849615925
haberman,l1_logistic,logistic,19,0.23853251501789202,0.18864337213461832,0.18060172034687672,0.02050659823864908,0.02210578719401865,0.2086336554675447,0.18872024553758654,0.1706892234523965,0.03379177369032202,0.036424941760340356
haberman,l1_logistic,logistic,20,0.19671871558963963,0.18778966496807864,0.18472472258365732,0.028581787990688712,0.040030248936116446,0.18510859257758966,0.18821422966288928,0.17715947839562146,0.03861599975537676,0.03908691666764335
haberman,l1_logistic,logistic,21,0.2037920842245372,0.18359387154234955,0.17452336946564256,0.027085097066195774,0.031117454720151278,0.17371847362665455,0.18413625583366688,0.17251804040774305,0.03355619686720341,0.03422602658661145
haberman,l1_logistic,logistic,22,0.19377271781008937,0.17698157114537214,0.1792962809416559,0.034793601922235275,0.03612568319911156,0.20344413618309423,0.17752701270173032,0.16868163959767285,0.03988119934807755,0.03543386844273299
haberman,l1_logistic,logistic,23,0.21573331004716795,0.1783957602183779,0.18042788137063268,0.033533762961971,0.030252210003765018,0.2240825225892597,0.17884050992011655,0.1657172624134704,0.0391576161966506,0.03741825385262983
haberman,l1_logistic,logistic,24,0.1976514529426503,0.20130058825429745,0.1824163104668475,0.0341018209093629,0.04018525428655748,0.19788950982726963,0.20078533848381563,0.17251992130681915,0.03575981611567752,0.04426725767527545
haberman,l1_logistic,logistic,25,0.22977692994812518,0.1655602270517238,0.17635124381682576,0.02537034265939069,0.023880578382470045,0.20828088277533804,0.16577341705367676,0.17296740137526728,0.03672594110557161,0.02685740005646207
haberman,l1_logistic,logistic,26,0.21760861913317897,0.1930249825805882,0.18454449405306597,0.0352056536161786,0.030382637277378416,0.18716497080299072,0.19335036745438922,0.17203557158167523,0.04111349687348126,0.03863120784447798
haberman,l1_logistic,logistic,27,0.2166054534976218,0.18477293655018037,0.1856857775589583,0.031021770867676837,0.027609338721043663,0.20443744122209584,0.18503352521681882,0.15737058545638377,0.04160211593089256,0.03323111256491045
haberman,l1_logistic,logistic,28,0.22877111183056453,0.18502303934383996,0.17534822740530376,0.02717431209926017,0.033059755147171306,0.2139429245493858,0.184322552969233,0.16836006166000897,0.033531270214884654,0.03116790693430865
haberman,l1_logistic,logistic,29,0.2190066049381825,0.18673796321110414,0.19126526116647366,0.03537123505360932,0.025255699040518415,0.1989332048062007,0.18706504078628144,0.18554580769448983,0.0333621878872636,0.03982863671766307
haberman,l1_logistic,rf,0,0.16501131325511967,0.2284378422092792,0.1707885798989262,0.0712745159025459,0.020145165112841094,0.31472530982355795,0.18643153812832142,0.20396582666968932,0.03981424200629904,0.018414904141242073
haberman,l1_logistic,rf,1,0.1773884011924265,0.239122925811289,0.180685881278151,0.04522302511243365,0.0213172898786381,0.3389747293030024,0.1946451960399091,0.22859734125815845,0.03614705697028484,0.02491747172361859
haberman,l1_logistic,rf,2,0.167905476540947,0.2765593272505703,0.17974596125467127,0.052126164625782886,0.02309131325149728,0.2906915114048789,0.19163727557261628,0.20397479397969065,0.04008102599036833,0.030147684754622216
haberman,l1_logistic,rf,3,0.1718621505335874,0.24763512342249933,0.17839477973442508,0.04981339549950606,0.010721250126144584,0.3045891058433648,0.18488816096940833,0.18727676184989667,0.05413985413749084,0.028180723371095305
haberman,l1_logistic,rf,4,0.17508407403840037,0.21551071166402155,0.1732451648442101,0.05374787913006113,0.016902197746241028,0.2951994936508815,0.1667814933336788,0.18066145106452094,0.05175480897067232,0.04045796442429376
haberman,l1_logistic,rf,5,0.16839216056336545,0.2279429307288745,0.17051861667630244,0.05378702784939116,0.021742262607050592,0.30368186891589644,0.1956477668577153,0.20192889056408914,0.04247532104596187,0.03979550460351653
haberman,l1_logistic,rf,6,0.15431439058747257,0.20959550122656034,0.1615793176205124,0.05811127837548667,0.029260095768348905,0.2968803423237809,0.18800193573188595,0.1856859191721527,0.06272395177245525,0.029872035383057202
haberman,l1_logistic,rf,7,0.19380770007253892,0.21930197893871234,0.17945969964128006,0.04198923632556416,0.016242657460328908,0.3377683438432044,0.16715851541834503,0.18681275773885314,0.03285218421057836,0.014236236125522083
haberman,l1_logistic,rf,8,0.15488201422169695,0.23296589906339868,0.1645779446694863,0.04649669401550566,0.02190301771242011,0.3330545482368629,0.19444236425205175,0.2147608413298972,0.040731234195826534,0.019864096659629016
haberman,l1_logistic,rf,9,0.16990891022838517,0.19997159865090908,0.16794618477717768,0.0626884167526801,0.03018998635868872,0.31477600125605043,0.19995955620547645,0.19802839584984333,0.05197099372931301,0.0374076242063317
haberman,l1_logistic,rf,10,0.17125326233847882,0.2666774696775982,0.1861653013970916,0.048843885183871595,0.00853265529816354,0.30188894217511664,0.18262549925894017,0.1906387906220927,0.04578087656982497,0.02762905054910554
haberman,l1_logistic,rf,11,0.17158118785134913,0.2506985949738558,0.18957810911850628,0.06513660150684583,0.023829700127136987,0.28596963098618045,0.18304138227204825,0.17768973349066355,0.04326773851644974,0.03708246796622213
haberman,l1_logistic,rf,12,0.1775439164709066,0.27396742494894666,0.18550335655415795,0.04294353764320427,0.02235401374197346,0.3241557283560812,0.21228202919059738,0.2139189874074499,0.03559272253383994,0.024487181858278192
haberman,l1_logistic,rf,13,0.1796986456656714,0.24840075196899658,0.18383777221575479,0.057115950203215075,0.01333929976333759,0.3453442062373318,0.1840060470870798,0.2105789591420334,0.05440086908130779,0.016552023480661773
haberman,l1_logistic,rf,14,0.1715555108403471,0.22140295633322868,0.17140239174518979,0.052646104498556445,0.030529239333535147,0.3231969046750461,0.18869860281279965,0.20685622878113447,0.03398635209822059,0.013771324578943799
haberman,l1_logistic,rf,15,0.1554407794804701,0.19702154465544486,0.15165253183128288,0.05671419868298919,0.041147566381378134,0.31203325897656514,0.18236262898715266,0.18859470792881353,0.03861496247248473,0.02500855220980528
haberman,l1_logistic,rf,16,0.15716412406627478,0.23073577781322557,0.16528369957126735,0.060021670166656375,0.0403126717378086,0.2919817706108392,0.19074786635045182,0.2018682876714784,0.04456544887066579,0.030484935095052387
haberman,l1_logistic,rf,17,0.1542874342831702,0.22889094188469383,0.16044695481995894,0.053657447202410655,0.0313622214332963,0.28633678569624377,0.176535834723777,0.2060255858516852,0.03999662886571844,0.025628208795451322
haberman,l1_logistic,rf,18,0.17544887977809454,0.2751143450474238,0.19151618646678664,0.05308737864746578,0.02734670410029145,0.2852667431656426,0.18304710330806984,0.1950818167924656,0.05065499263355784,0.031728704592756944
haberman,l1_logistic,rf,19,0.15046000090373401,0.24152278463125773,0.16374638464112196,0.042579213195464614,0.010565038240968485,0.2942494440785386,0.19378771608300027,0.19555183073716176,0.04036959884054188,0.024460826067986843
haberman,l1_logistic,rf,20,0.17023263014208512,0.2378490776189639,0.18128730941816112,0.041027631263605355,0.032170601688840804,0.3825010071196788,0.17809011376571315,0.2152338272397482,0.020373629573949007,0.01614138470626352
haberman,l1_logistic,rf,21,0.1694359170354356,0.22879033946560284,0.15990104862756288,0.051968286226797875,0.04115729069791755,0.32896321496724457,0.17131491832387186,0.18882435775845932,0.028266797501657493,0.01980704775903741
haberman,l1_logistic,rf,22,0.18113872666167913,0.26952559145145744,0.18655585674222497,0.05328416334457104,0.018990092233402363,0.34927489358316377,0.16478389785010666,0.1861649407195058,0.040882265015592986,0.024459894856097415
haberman,l1_logistic,rf,23,0.16327279254607455,0.2484135879728595,0.1762632434947973,0.028528873102824842,0.014053186879560394,0.34299019860843766,0.196527212902571,0.22768605527088617,0.045896855115845465,0.027437272418808206
haberman,l1_logistic,rf,24,0.1632379773360036,0.20477857903395505,0.16128102987818246,0.05098877877005047,0.01970382292725626,0.30825168452192653,0.1832046375365668,0.19733208431542382,0.04456697327159226,0.04415049641639549
haberman,l1_logistic,rf,25,0.15976482836721306,0.21025672091033185,0.15442649037180806,0.05225400778331728,0.023843441518317122,0.30530076234758075,0.17570935925144,0.1820822224691266,0.052282217997995685,0.02894453806493011
haberman,l1_logistic,rf,26,0.1549176901114459,0.22547394081771396,0.16149272348478644,0.06980958870927101,0.030264638475245707,0.32756490534675253,0.20182432223903152,0.2110540298492679,0.06152203997676054,0.024289362144336378
haberman,l1_logistic,rf,27,0.2020643194114193,0.2827355440805478,0.21477786388253586,0.04536610577980684,0.017587949127239516,0.3790176656210376,0.192575820959956,0.21312162995633477,0.042868709223908084,0.006271473715073966
haberman,l1_logistic,rf,28,0.1742559559914006,0.21902887393346693,0.16805878882276026,0.04881132643540624,0.02079004079801917,0.337591739179009,0.17700673407235454,0.20854315619019692,0.03570859725783032,0.02478119697049819
haberman,l1_logistic,rf,29,0.15898842532824903,0.23134523986363442,0.1725968386474746,0.038285321042142974,0.02387239893259939,0.295604852700148,0.19860715504768717,0.1958177009272929,0.03585054334060761,0.036177087251992805
hepatitis,mutual_info,logistic,0,0.08531306288355014,0.049339686655429385,0.05143924591482426,0.06589102616487061,0.046622250154072675,0.0752999188972008,0.05638645573676346,0.053158041039532276,0.041290097549644904,0.05293609507819852
hepatitis,mutual_info,logistic,1,0.08371941080823019,0.053750296134204366,0.04771768420655644,0.0663087677815536,0.04772887534559112,0.08450372815032849,0.05583381457586399,0.061672997560375496,0.02578493044809886,0.03726503753890048
hepatitis,mutual_info,logistic,2,0.10937941529294992,0.06170418440403413,0.054169057208635,0.043780438365294404,0.02437054072945731,0.10277662819417308,0.0590068694589822,0.0617859115780338,0.045314317696470575,0.06102195597980324
hepatitis,mutual_info,logistic,3,0.10821743049741642,0.06760908126313817,0.06234758580725047,0.040745115251252795,0.04578274220811466,0.061904611807073115,0.061869379730932365,0.05107896314806025,0.060574277760973995,0.04709679641191153
hepatitis,mutual_info,logistic,4,0.0828251684204741,0.06023827228217971,0.05029944794851611,0.05942849260832494,0.05987597385058564,0.06524260912894322,0.06222473124806509,0.05461910281721571,0.048647360148839525,0.05216244078939296
hepatitis,mutual_info,logistic,5,0.09423595758370786,0.07111191218032381,0.049482412316165146,0.07146679174145092,0.042426014808548254,0.06474101419537351,0.07001513833567821,0.05322131510697755,0.057443856667302506,0.030504052788098084
hepatitis,mutual_info,logistic,6,0.0875920842707506,0.057702007043386,0.05130269452756275,0.06102964252534466,0.0372121080535433,0.07875102567003393,0.07031753941866911,0.06286867566388246,0.08561120159859024,0.03492403840175675
hepatitis,mutual_info,logistic,7,0.13765341218723282,0.07873794862382547,0.07148615376963623,0.07172370990565201,0.04178998956569019,0.08215114009488023,0.07097850544379126,0.06237297209201732,0.03942838054523347,0.036083591191815007
hepatitis,mutual_info,logistic,8,0.10656087143510648,0.0631126824599469,0.058529420475501207,0.10012465053854976,0.06724450281111492,0.08456265919215925,0.07493725558245101,0.06065695333295008,0.07158081182621025,0.015558838520028274
hepatitis,mutual_info,logistic,9,0.08395897981572864,0.06259251727855747,0.051324591233242005,0.06411572268478587,0.045447807813155994,0.08435951199194461,0.06961849888145653,0.055298619107894735,0.047518366936528306,0.04424951912171877
hepatitis,mutual_info,logistic,10,0.08120973587583913,0.05617835822849074,0.04804044824632983,0.06285023861208276,0.03442186509333365,0.08097037653230105,0.06598478343067594,0.06654886794206144,0.054701514810319284,0.04558552332045298
hepatitis,mutual_info,logistic,11,0.08471783223467547,0.056375289702438575,0.048089098835728906,0.08605321712837513,0.052859750714439234,0.05971361236399323,0.06241038923389934,0.05568778267744766,0.06084575456319229,0.03631758174435437
hepatitis,mutual_info,logistic,12,0.08621390996364117,0.06991400848951101,0.06100929365767837,0.06132469283456707,0.027544458019596107,0.10026921659864231,0.060167152616639685,0.05812054155643711,0.08399985568148648,0.04366361407100479
hepatitis,mutual_info,logistic,13,0.11946998105811024,0.06554716880785903,0.06402522520160553,0.053012333920955904,0.029085380730486415,0.06653414768603737,0.059570042679986925,0.05567589911741316,0.041228167823611626,0.02598184049782857
hepatitis,mutual_info,logistic,14,0.08652973976346388,0.07052497132759772,0.05525189679644585,0.06270720977633626,0.05945498105738201,0.05998692625987273,0.07255267332615972,0.054939526424457756,0.044321875710185685,0.036653891708608485
hepatitis,mutual_info,logistic,15,0.08370177135846085,0.06335759429247659,0.04970762950171208,0.07148240781343056,0.0510826917840286,0.07675446075795597,0.057722644245182864,0.05162952140380253,0.05349960137076368,0.04122393482154628
hepatitis,mutual_info,logistic,16,0.09130012557428122,0.05953326739145015,0.05550156256362526,0.06270275887154264,0.06132513082314626,0.08648782930242974,0.06868104983913778,0.06143730480084128,0.05225929299807462,0.04263388620506645
hepatitis,mutual_info,logistic,17,0.08758837257839372,0.05506470518517822,0.05000600156409492,0.05098718883179404,0.03500800342110422,0.06986085606590989,0.06746874897710159,0.05881089836148849,0.058589753757654704,0.03788728253205646
hepatitis,mutual_info,logistic,18,0.07926636352716515,0.06337106925228496,0.04430347920606409,0.06299108679492624,0.05877309218000431,0.06553106135867515,0.06869058380235664,0.05755621891726262,0.06499021416948937,0.05055243608453635
hepatitis,mutual_info,logistic,19,0.09458071441357462,0.06540405238638192,0.05587123834773634,0.06572924536258547,0.029403946691915133,0.08655591055887003,0.06502600749751614,0.06166434413604741,0.04180462693516146,0.030016421535423714
hepatitis,mutual_info,logistic,20,0.09918466780536242,0.08125093431788044,0.06292503671139699,0.04215294883852131,0.03699002630308742,0.07879497393895613,0.06862048836936349,0.057988660384811756,0.02880830866304769,0.04085777637801316
hepatitis,mutual_info,logistic,21,0.12608676576330832,0.07455362498066762,0.07027520200806688,0.05789303528988859,0.04305656937697582,0.07335263450892443,0.07134281595730109,0.05908137154779562,0.06439699574891955,0.039833272818958286
hepatitis,mutual_info,logistic,22,0.12113501324514683,0.0640389740571902,0.062303662459308115,0.05812927428958727,0.05403600015964385,0.06939946303368436,0.0810983279671288,0.06157878457066056,0.03431590652009331,0.01493222406104017
hepatitis,mutual_info,logistic,23,0.08736591606925992,0.06146545088052432,0.04469865895026107,0.06882599151227062,0.057113576617555395,0.0902167620214257,0.06673792753995966,0.06043823239747838,0.05013862719951643,0.048319977031107256
hepatitis,mutual_info,logistic,24,0.11387835106584324,0.06646894029023952,0.060711647592690605,0.06822256482900545,0.04392815026888467,0.0756378568274197,0.07610547466173193,0.059811750080806816,0.04404389544348694,0.04049093370954259
hepatitis,mutual_info,logistic,25,0.09030979912690809,0.056993063974044744,0.05542712475252129,0.07981280290616619,0.04928436303871746,0.07664244393019164,0.07392882410301274,0.06003596770675888,0.06177007890733263,0.04483202691607365
hepatitis,mutual_info,logistic,26,0.11550927884367457,0.06688435444421637,0.059837376866096796,0.07119340848559774,0.04550164488508207,0.07340012927604793,0.062101951055488325,0.05505039672707357,0.05521545154699653,0.03910101358247179
hepatitis,mutual_info,logistic,27,0.0965357224938817,0.062027956159660766,0.056735875762594465,0.06785901929209609,0.03729669864798054,0.07508597951536145,0.06573325048612386,0.056533987103413445,0.05191396276691931,0.04532375776017488
hepatitis,mutual_info,logistic,28,0.09415035385333947,0.06609091554972797,0.05830418470255451,0.07004284096736083,0.046711430229829626,0.08546532817310186,0.061590357638982185,0.06866335931145093,0.027458403002804877,0.029226773254410664
hepatitis,mutual_info,logistic,29,0.09916989840460777,0.059776503264951444,0.05178548463446486,0.06067671517861326,0.036009095890406836,0.07467523566078017,0.0712178709591818,0.06263668014907907,0.05203571035524738,0.03805288513165928
hepatitis,mutual_info,rf,0,0.05499763942838546,0.06460459736341771,0.04756274629007487,0.07285345864889525,0.04078842685254529,0.05854081392808013,0.07119940991487557,0.04940593366747068,0.0838055945637126,0.0395256345834867
hepatitis,mutual_info,rf,1,0.05224926664308703,0.062394942139626056,0.050002260932926396,0.07017490256532233,0.042408090170643654,0.07914645379458778,0.07159906776197411,0.05602885376907669,0.08180351758117671,0.026003827565322848
hepatitis,mutual_info,rf,2,0.054596697626594734,0.07410354654671196,0.05658784467961201,0.08395577787380137,0.06741842596827752,0.11422117263847338,0.08157326186438756,0.08706229860733926,0.042557393531859944,0.024718053945130415
hepatitis,mutual_info,rf,3,0.05114684920503841,0.05600200659596072,0.050130639550177034,0.05278567839575994,0.025918519000601152,0.09664733536581455,0.09554504000341923,0.08098497276128525,0.07336298429738408,0.03162435103449826
hepatitis,mutual_info,rf,4,0.04704460466552215,0.0649145705616348,0.046804824490348076,0.0731948306224505,0.03578032085216422,0.06500737240935557,0.09016908632255591,0.06321098497102469,0.03298834484244531,0.021348361085187298
hepatitis,mutual_info,rf,5,0.039173716984442476,0.053415961591660045,0.04338573111039433,0.08405250515589548,0.06603516179330456,0.07005738868049292,0.04727316091263268,0.053484746477712036,0.052356561348558296,0.033824897998478785
hepatitis,mutual_info,rf,6,0.04403408073457264,0.05339870046859962,0.04362727463268142,0.06073025344664279,0.043293926651019714,0.07797713187907956,0.08997199185351892,0.07201486458654249,0.05182687806612971,0.039721723916116794
hepatitis,mutual_info,rf,7,0.04394009167223642,0.05789667744928327,0.04542736540409691,0.07591267579155273,0.06449578954413088,0.08361861646357573,0.0833050286501614,0.07694489062330645,0.06812886490938379,0.02506328418244599
hepatitis,mutual_info,rf,8,0.050729310619483825,0.056730177020881366,0.047957327744252896,0.08482659970710246,0.04866928630875049,0.09540541570879982,0.07230639948662484,0.06057247202244813,0.04344635951497056,0.034614274583208184
hepatitis,mutual_info,rf,9,0.0405452217987984,0.06219182045534553,0.047432401449953206,0.07136784830587238,0.06485894847528952,0.08748457349108127,0.07607600899604836,0.0702197590181562,0.07654137462053401,0.05849350072416149
hepatitis,mutual_info,rf,10,0.04587330521084118,0.062246199853759066,0.04753411702417916,0.08037304246367576,0.0553870114352141,0.0681483236990208,0.07442278607523595,0.05891542972050628,0.03253039035245818,0.020865020215285964
hepatitis,mutual_info,rf,11,0.049544159530410505,0.05448918188249421,0.04561334427036198,0.06048926449329489,0.05460989081758053,0.09736281939577704,0.0796831592792936,0.08047914884403395,0.09232857280587564,0.031119575882831253
hepatitis,mutual_info,rf,12,0.05531358766460745,0.06449352506428883,0.05109837692311227,0.07412434996200792,0.04556847552997275,0.093822366603412,0.08954310982773381,0.07637732975391645,0.06760153274508957,0.031213177578003282
hepatitis,mutual_info,rf,13,0.04792641853157876,0.06598625025067793,0.05449262311873008,0.043174857265350884,0.040478013500246685,0.07796525030555693,0.09995004886322284,0.07458913959695236,0.07748494664968734,0.030077398463612803
hepatitis,mutual_info,rf,14,0.052701415002858076,0.06383116693066443,0.05675890101487292,0.055654990262895006,0.06677186105028049,0.09583105425012176,0.07918432036733845,0.07924152685880675,0.03746966039006871,0.030005732869580404
hepatitis,mutual_info,rf,15,0.05392089462936299,0.0660077716440767,0.050720902742169414,0.07882258885970526,0.038561224717764804,0.1208578389419824,0.06985814916342585,0.08099458659574515,0.03495678337502536,-0.0028840254640375065
hepatitis,mutual_info,rf,16,0.04422654716584759,0.05264121918922031,0.046849177712919854,0.06658361906094777,0.07100699045976915,0.1266105414030408,0.06743360347895977,0.08516812414457997,0.08753856032167831,0.03784505011539945
hepatitis,mutual_info,rf,17,0.05242028720005366,0.05124308584999697,0.049681513825795595,0.07354680225577741,0.03987249377257592,0.06740534356938688,0.09308591674761656,0.06940106931293367,0.07088901855490393,0.032555325583287
hepatitis,mutual_info,rf,18,0.05193013535402861,0.05616195061138618,0.04282409289928757,0.05057966854123383,0.04348851256918324,0.0732492443003881,0.06680677511826544,0.057011989872398076,0.05680432379788258,0.013543897335440236
hepatitis,mutual_info,rf,19,0.047745621561109716,0.05334551958033062,0.04383704913907712,0.03596704560068919,0.040692569086823886,0.06770907632461183,0.061919300494027434,0.052751822736988696,0.06603129339193302,0.046551899041130204
hepatitis,mutual_info,rf,20,0.04524505734772445,0.05281488630240661,0.043282059331870334,0.06338623828173834,0.055337463247398376,0.10134066241130468,0.06157262251143053,0.06777860867398458,0.06329745284013698,0.04343899882578694
hepatitis,mutual_info,rf,21,0.04079938398187162,0.06813064000922572,0.048432701028414855,0.07710857366353566,0.05561535992061292,0.11059108772414929,0.08622939643332932,0.08101994740038465,0.01990086937405348,0.023535290231529928
hepatitis,mutual_info,rf,22,0.04889923667691476,0.054864091500791266,0.04852406222324722,0.05782030052286321,0.04170604779852649,0.09508966305900937,0.06757003210825825,0.07052995550070508,0.04009199246445532,0.015745116754240524
hepatitis,mutual_info,rf,23,0.04399688411202747,0.06389542583722663,0.04754367635043348,0.07146372714986089,0.0426542482343752,0.0854363941962855,0.0830140905261927,0.07829842495476821,0.0690938916831221,0.0295369330874629
hepatitis,mutual_info,rf,24,0.06332933890966615,0.06049283892342292,0.056796724036076364,0.07308410756514098,0.047700273972345435,0.10269205806974793,0.08354666864709004,0.08095702381682117,0.060871685659467746,0.03451342502585891
hepatitis,mutual_info,rf,25,0.042870582396779267,0.06259645442435707,0.045806046771708256,0.07751379284212856,0.04315080156484419,0.12687481809445011,0.09569366609177214,0.0892813609600221,0.0530992735870687,0.01684832671988515
hepatitis,mutual_info,rf,26,0.049526159094697514,0.059237153214489524,0.045610792445166526,0.05539372507543124,0.041891268989558764,0.10456726965242166,0.08293098157611507,0.0762322453629387,0.035797683297617365,0.009590510171429586
hepatitis,mutual_info,rf,27,0.048901751840405634,0.05857972637918508,0.04732912444457249,0.06025360699256485,0.05376293104167323,0.10036427553600133,0.07856670801315524,0.06686708693099934,0.07037544278708968,0.010728294227956231
hepatitis,mutual_info,rf,28,0.06168065087621544,0.07250894725260534,0.05455440410026465,0.04894531459288244,0.04208453743314897,0.09493809305337556,0.10365306342349215,0.0750285449128841,0.0543852181949256,0.03568961055782636
hepatitis,mutual_info,rf,29,0.04680511339928848,0.06240890406359912,0.04344942304038628,0.06562556140160178,0.05466956779058921,0.0744890840640288,0.06724988991840683,0.05455361457919822,0.07196763916580967,0.07059510828147367
hepatitis,rf_importance,logistic,0,0.0893282515875086,0.05798463173643263,0.053722361696258276,0.09299083866994025,0.04158632311720154,0.06421879092974249,0.06347484954225482,0.05278386508328736,0.07065960745064903,0.05725706850610796
hepatitis,rf_importance,logistic,1,0.10407630318242288,0.06481329979864542,0.05665405704901553,0.04603648371301793,0.03440893877642429,0.06723168578522357,0.06637854559121997,0.05323513426272665,0.06438897974831473,0.04116471646550357
hepatitis,rf_importance,logistic,2,0.0739422785307201,0.059858191333324304,0.05490586116631313,0.05278138076039018,0.03753609308795869,0.06842940277490978,0.06834799996536028,0.05965228602138859,0.0665659453126996,0.045276119441676255
hepatitis,rf_importance,logistic,3,0.11604715747058425,0.06140199989576733,0.06192850601898789,0.07324318331673801,0.036491544117638275,0.08307651787007636,0.06380969481679355,0.05892341269049879,0.06747428947983684,0.04451133316551482
hepatitis,rf_importance,logistic,4,0.08795203889611064,0.06416396209291898,0.056375344123415674,0.07099565822945475,0.060665343579677976,0.07299717213908744,0.08110908988839863,0.061002487566413445,0.052628399880781655,0.05250290863435197
hepatitis,rf_importance,logistic,5,0.09820364690045662,0.07048348439226859,0.05970006916957794,0.07066282399373633,0.04448812927920467,0.06603824496023807,0.07526522404632827,0.05178465754964184,0.07553298801304198,0.043419477947986305
hepatitis,rf_importance,logistic,6,0.1052156799985233,0.0681622668607887,0.05552719889245045,0.054547500571735415,0.0303677057782604,0.07275095163112699,0.0629564287794963,0.05042452100863246,0.07788999744589256,0.05133203480170519
hepatitis,rf_importance,logistic,7,0.10006419012444623,0.06662391456065567,0.05402874204120839,0.040121784375575516,0.05251220333371308,0.06937636789604401,0.06738924757420607,0.0518293989286922,0.05202656001627069,0.04182363477622014
hepatitis,rf_importance,logistic,8,0.09857595596360538,0.06726192914653724,0.058350248281903355,0.07993110360143797,0.052681791165169634,0.07339728998299223,0.0776208942133644,0.06479063296124843,0.051089895709135254,0.031004572221851216
hepatitis,rf_importance,logistic,9,0.10818486147898626,0.07245118086238302,0.058599797833054565,0.051623223620057467,0.028173043680895658,0.07356240958639197,0.06922075336726496,0.0484640574318325,0.06697448107542237,0.05307964599761108
hepatitis,rf_importance,logistic,10,0.09849535918569391,0.06170684818944557,0.054504041422198564,0.07086692561898283,0.04484026602672929,0.06221903806827083,0.06748683581409595,0.05119117987614813,0.05613370592855377,0.030043574917702827
hepatitis,rf_importance,logistic,11,0.09723584688258272,0.06033618974800444,0.05342446727217507,0.05006764059473736,0.032530642999796605,0.08521824128471012,0.07088376655719146,0.06285905081249109,0.04928441517475082,0.028826486507643627
hepatitis,rf_importance,logistic,12,0.09697659121017985,0.07503581847947259,0.065383514604038,0.04584349172770319,0.03524397786183624,0.07330675506739438,0.06765761481826764,0.06264775032515653,0.06787003534968582,0.028442451634618567
hepatitis,rf_importance,logistic,13,0.07651880713659226,0.07028341698764809,0.05301757102560503,0.05433235767301238,0.04575029490183055,0.07007364782251106,0.07460551824772227,0.05080058982361497,0.06137715973486482,0.039981710366797096
hepatitis,rf_importance,logistic,14,0.08643497468753739,0.05904937403063448,0.04873023378187448,0.07298666856122482,0.07716385962667001,0.0738258760246659,0.06434283464159798,0.05444181294027028,0.05381025771916942,0.04039560246443557
hepatitis,rf_importance,logistic,15,0.08136021331538199,0.0724767704609626,0.05254126585965294,0.06980484982411393,0.04246719234062643,0.06029020517588796,0.07402702436145657,0.051088325107568056,0.08737319044659149,0.06666115381200863
hepatitis,rf_importance,logistic,16,0.09911563268460497,0.061749171070175524,0.05826097513108669,0.07231019155458143,0.05241749444497018,0.08660701977313714,0.06493381547134058,0.06384379074102209,0.07424895453598086,0.05289225380929598
hepatitis,rf_importance,logistic,17,0.09957415461675687,0.06027849025393794,0.05207700500943837,0.06703783523337895,0.0465948203863613,0.06806409972604748,0.07318709044671913,0.05260466819812328,0.06502315331450938,0.051036691796732654
hepatitis,rf_importance,logistic,18,0.09323799978717844,0.06887842470238432,0.05821573517612439,0.06572105695859597,0.075797634576648,0.05350112124864523,0.07111396668127032,0.053186566713369084,0.08733298354636539,0.06207467841163058
hepatitis,rf_importance,logistic,19,0.11099402797463001,0.06489240062772844,0.05607858506287136,0.04863798241177943,0.044077447562364494,0.07558495275831523,0.06753433229279246,0.059705836599863074,0.06016053381986249,0.05046929310729886
hepatitis,rf_importance,logistic,20,0.1023844585773267,0.07485149824541028,0.05821858670275044,0.06740040950123413,0.04343802942972966,0.06440238956892218,0.08470952619709424,0.06334416059557788,0.054133351654548856,0.03079619626501421
hepatitis,rf_importance,logistic,21,0.09356962249037246,0.06977053601555505,0.04875441434266019,0.05931031692524954,0.07155098819073565,0.07233275582962148,0.06756091360672414,0.05216003686880254,0.06790735544593947,0.0450578197580083
hepatitis,rf_importance,logistic,22,0.09749748555592361,0.07441715616958469,0.05773253990955221,0.0657842685113448,0.03569556107228613,0.06675593852700804,0.06860206616675395,0.05098632536195539,0.09204663231403369,0.021938972981631038
hepatitis,rf_importance,logistic,23,0.08503018787442199,0.05884110727502052,0.05020931530541799,0.06275005895182616,0.05499001075476193,0.0738761059651192,0.07929445857467678,0.05795782204698314,0.08587519916427734,0.057164368107224334
hepatitis,rf_importance,logistic,24,0.07887769035195613,0.04582060670998513,0.04532608312694594,0.06330798406182295,0.06041652526002204,0.06982227631945204,0.060854139235625895,0.05526169573748599,0.05854441624797214,0.056844466842919016
hepatitis,rf_importance,logistic,25,0.09731389933604709,0.0726062727866553,0.06389920130514803,0.07522898553908046,0.03657582741392033,0.07228865713022074,0.07033584374868854,0.06890453283817227,0.057035949147651,0.03870501948046668
hepatitis,rf_importance,logistic,26,0.09332233370699151,0.061864566495467406,0.0544973044451801,0.03309848980751863,0.006996697183128436,0.07417417710612273,0.07223580284174479,0.051567739879834915,0.06582315699268884,0.04502942499020537
hepatitis,rf_importance,logistic,27,0.10119835257879574,0.06805343978487215,0.05793831650383313,0.07394453974175393,0.03857052431746594,0.07033488935418337,0.07273120437239197,0.053514370669988695,0.07066297150548509,0.024876200857583103
hepatitis,rf_importance,logistic,28,0.13299940341403496,0.0730531360840643,0.07205391390513648,0.05096637942170133,0.04955042549428994,0.09015141401394494,0.07178721691085055,0.06151174019442955,0.07365803443546871,0.030708774535034664
hepatitis,rf_importance,logistic,29,0.10236934834887979,0.06491823267834972,0.05610952646296171,0.061421060558813606,0.05819520787054211,0.06687560762893938,0.07633058776437548,0.05691975921099902,0.07043620375972286,0.05286864265115004
hepatitis,rf_importance,rf,0,0.049387613413708106,0.05547821866442708,0.04752562107743496,0.06675471916518722,0.05816092195360213,0.08493923964177341,0.073635850495016,0.06766316523393236,0.0794464009891377,0.024268725731336645
hepatitis,rf_importance,rf,1,0.05501239511835431,0.06598080904216862,0.051915364103585666,0.07268553880262434,0.05566903633531585,0.08126407614767431,0.06444207656990189,0.05662572973828258,0.03927686205719592,0.03176239797289564
hepatitis,rf_importance,rf,2,0.04260223520506034,0.0638589768652647,0.04541210818125814,0.0865701793600101,0.055792497577665495,0.08672197818053387,0.07220048160891224,0.06315971443399993,0.09122792430031099,0.05441750171891081
hepatitis,rf_importance,rf,3,0.04522471207308793,0.06383190082168333,0.048826791007844476,0.07950827401999735,0.05169992001524374,0.07095427660565537,0.07192327158181831,0.060735030577433194,0.06846663609660412,0.044106436772050256
hepatitis,rf_importance,rf,4,0.041517793815372864,0.05108446215896441,0.043710236556090847,0.0637295885470821,0.04457675086934535,0.06821250237000373,0.06270700117497459,0.062357127033921926,0.06799032458480228,0.02018115293349338
hepatitis,rf_importance,rf,5,0.038844234195420414,0.05741201359413661,0.04379800175430862,0.07812321744821249,0.062149688368085376,0.0832880122286608,0.08304824456424285,0.07209531364464428,0.09115669171849508,0.05939375866257824
hepatitis,rf_importance,rf,6,0.04055795024754857,0.0595092875957241,0.040610034954321195,0.07454921671086105,0.06048172158076287,0.08068848538330158,0.0731564892124427,0.06634660799692638,0.0721929185760317,0.05678941535318854
hepatitis,rf_importance,rf,7,0.04570364170910154,0.05753889083577903,0.045981071219627204,0.06012410821068948,0.056555661455214276,0.07719223884861241,0.0707443784858907,0.06558215313251467,0.04424007373437257,0.027550011459347698
hepatitis,rf_importance,rf,8,0.04627374528260685,0.06396895425954127,0.04805290750271384,0.06946324266239311,0.06077073662526895,0.0811872779333635,0.0907290015118667,0.07205814404526915,0.0803863687296705,0.034138166138754665
hepatitis,rf_importance,rf,9,0.03958436089943824,0.05934884610839726,0.044534932636448255,0.08066790939172212,0.05848273059336974,0.073061168920695,0.07479837533123962,0.06848740628618136,0.1019326325128772,0.030718335245373107
hepatitis,rf_importance,rf,10,0.037461447253655876,0.05618503951714143,0.042918930110449095,0.07996700346756005,0.08354437516165109,0.09094294303682042,0.07728722886251373,0.07649281248663634,0.08967009033328141,0.02994602225022019
hepatitis,rf_importance,rf,11,0.03925329131511291,0.05859332855526775,0.04478444439250236,0.09719208330022716,0.06386836303972199,0.06878813763690213,0.06174347261858468,0.05231324115569352,0.07512661628956734,0.06038783791688716
hepatitis,rf_importance,rf,12,0.05107891983917856,0.06520583431368031,0.055390614209496224,0.07733579875542279,0.04262466945064418,0.08733809175564838,0.09581271666501405,0.08446367478363855,0.07072879957983598,0.019929983403194147
hepatitis,rf_importance,rf,13,0.04772492398364154,0.060754136094576236,0.04903057205233482,0.09631709419696638,0.059876550502889384,0.09174881751599519,0.07913720006137019,0.07343382081435872,0.08279710951614665,0.030099907754632626
hepatitis,rf_importance,rf,14,0.05125968929770171,0.0610386774894618,0.05227829861327835,0.07820636784055385,0.052197466624274644,0.08056290535516333,0.07127894936728055,0.0696213195347761,0.03946904478393594,0.012139201481937664
hepatitis,rf_importance,rf,15,0.048082209641265514,0.055812324575046396,0.044488247095593215,0.07859618576154676,0.06178974060648843,0.09450957249828512,0.08193023726018019,0.0777041422761715,0.03896736774876484,0.04220898511111875
hepatitis,rf_importance,rf,16,0.049692642628488076,0.06002496133673525,0.046366369162765146,0.05723491254880178,0.05095986274790126,0.07892765087825387,0.0876409892042937,0.06557922528541843,0.06823441411529407,0.025854991363082735
hepatitis,rf_importance,rf,17,0.044054993747497,0.05489716760397716,0.04611970418915415,0.06753576287720128,0.03372224258182874,0.09532687157135103,0.0741682612386536,0.06721287434911268,0.08830372743554953,0.01734971009672308
hepatitis,rf_importance,rf,18,0.05184803907123083,0.061730825913886685,0.0528280412183467,0.05302712427679349,0.039633591146103354,0.09617323758712831,0.08683974189789473,0.0806008113010014,0.058655919761717475,0.020028083515739176
hepatitis,rf_importance,rf,19,0.04859449779009319,0.05381800759722081,0.04203574966269411,0.0686458612586599,0.04388785298004156,0.09020050747251296,0.06522313954603884,0.05705707154988943,0.05753648960293972,0.024992914470933908
hepatitis,rf_importance,rf,20,0.0486996869732284,0.06691987742064284,0.04590944967229573,0.07808786099761365,0.04912562409025049,0.07774230565121991,0.0690845264583161,0.06061634740591063,0.04907576952490449,0.040485841238418585
hepatitis,rf_importance,rf,21,0.058555490671810165,0.0638521579756839,0.05380136577056017,0.0697123539667378,0.055883797720471785,0.09780467825250055,0.07769996361594922,0.06847640901220924,0.07598676870377012,0.043730066105266335
hepatitis,rf_importance,rf,22,0.045580040797332064,0.05910733170910221,0.04848709789291779,0.06393600606518017,0.07080433104474858,0.10373614324312087,0.07801170282622974,0.07835359925364417,0.06972883325876841,0.03625058455968142
hepatitis,rf_importance,rf,23,0.05030604075814733,0.06058459724698787,0.05439300326951791,0.060964000265389374,0.0056672497396968785,0.0727696748669702,0.07082342324231254,0.06700025457001339,0.07796529248363408,0.027404613367597083
hepatitis,rf_importance,rf,24,0.041877039798108646,0.05934514580636299,0.043401408299652514,0.08825766495085183,0.05233001146505503,0.09677382772064679,0.09481934439835932,0.0796030578760247,0.06431001709573161,0.028029586166034015
hepatitis,rf_importance,rf,25,0.04448412591421816,0.05741418790199619,0.04525420577065982,0.08622928357529142,0.07361662009315367,0.08230960877741017,0.08212886281380898,0.07211459923312881,0.07768961451948488,0.035533518890666714
hepatitis,rf_importance,rf,26,0.04543679443981244,0.05941558258687317,0.048960715759035135,0.07699896734864879,0.054965001167747336,0.10353079426431794,0.1090114788954904,0.08368334080938827,0.08515615415652693,0.03661536520548412
hepatitis,rf_importance,rf,27,0.046051606841458426,0.05504641360818459,0.04282079817344376,0.09276783779187575,0.05023930157977521,0.11279410587531945,0.0700709389340334,0.0711406484061496,0.08756568533936941,0.054754733811732986
hepatitis,rf_importance,rf,28,0.05107762078714595,0.06477675332679919,0.05068609920286109,0.06656987670568633,0.03729211804384232,0.10438402312528904,0.06994759714466922,0.08137132555009825,0.06315040108072704,0.02042821814950214
hepatitis,rf_importance,rf,29,0.054841657050751,0.0623804046639029,0.051419502373388326,0.05953512013202856,0.06362789260834674,0.09508742691977952,0.0862909413586641,0.08346033218599999,0.04788558104243694,0.019039165362308735
hepatitis,l1_logistic,logistic,0,0.08892309489142933,0.055959796947202586,0.04661952086404847,0.0653928708284257,0.07120392433050801,0.07830263652093174,0.06568428427976929,0.05071759972021683,0.06381994943538369,0.04817329978017256
hepatitis,l1_logistic,logistic,1,0.09326439899213461,0.0633139152252369,0.05513485365860309,0.05867833483790941,0.058773899715327184,0.095032918861162,0.07926931366488907,0.06477836046744528,0.06029769658692776,0.03342489997650838
hepatitis,l1_logistic,logistic,2,0.08600511816096326,0.0672081640099147,0.058903916476893886,0.06680713257771284,0.04782773859143208,0.08989829394773641,0.06824068964675822,0.05716706308468616,0.061827372277936866,0.05506735621023264
hepatitis,l1_logistic,logistic,3,0.09120468065668194,0.06795242197702868,0.05856502017925469,0.05038407968323882,0.035472060612537645,0.08599780678311679,0.07534468915003752,0.06524544204758967,0.05413432049790925,0.04531217402541323
hepatitis,l1_logistic,logistic,4,0.09158343545349168,0.06716662143929648,0.06191327217725652,0.052885448022218146,0.05124417321881356,0.10702548879586156,0.08110724601658956,0.07788886928213354,0.03289161084421147,0.013225115486740402
hepatitis,l1_logistic,logistic,5,0.1132528484664139,0.06475192268487154,0.06291212841806176,0.052175031049526685,0.0225005024274521,0.1330330138197863,0.06881863402870464,0.06315816122754836,0.057733496422647856,0.025355152355805134
hepatitis,l1_logistic,logistic,6,0.09935601025332269,0.07139318121369828,0.05669844084421945,0.0770885220743462,0.04630903240064402,0.09199733787522815,0.06344381769476307,0.06247023617534253,0.0535890185364346,0.04853042098136249
hepatitis,l1_logistic,logistic,7,0.0929648970163749,0.06705889381295234,0.05680028364470482,0.06461595663084037,0.035728378436665896,0.09638881165953922,0.08021467475158645,0.07395778706800446,0.036607663974210294,0.01759985124249311
hepatitis,l1_logistic,logistic,8,0.10079659142461714,0.05860956606855491,0.04286019574573098,0.04272019468328796,0.0684170654001544,0.12868470622827355,0.07053650095174391,0.05447481064290565,0.057956135091873515,0.05827243316264799
hepatitis,l1_logistic,logistic,9,0.10293196943846789,0.06421529835357068,0.059489566233966104,0.055050545319522644,0.045336426739135925,0.12235889265163848,0.09429472047983484,0.08626037508798724,0.04100774860415448,0.031321412717027944
hepatitis,l1_logistic,logistic,10,0.08143662948361338,0.07371521331027292,0.052964103622554375,0.08444228066301257,0.0491260511922804,0.07175809058299834,0.0692616248814847,0.0525315671041824,0.0526972295822846,0.04128674943727625
hepatitis,l1_logistic,logistic,11,0.12320149726471705,0.07579942632972018,0.06653317921235977,0.04125607815713326,0.042743055553085274,0.14251713663366616,0.07253996986180024,0.0736899781158386,0.06231735865581483,0.04841872049043032
hepatitis,l1_logistic,logistic,12,0.11161485897217839,0.057602147498311926,0.056769825124176464,0.05604039410103425,0.060509276972487654,0.12704831989630622,0.0762670663371761,0.07473746922782427,0.05046536295965293,0.010337974635743357
hepatitis,l1_logistic,logistic,13,0.12505242438076114,0.06481997415723108,0.05999554806580916,0.04646878635967875,0.03646789290849097,0.17308979981270817,0.08354034877480587,0.0919016883780858,0.040982375225036415,0.024414077586289454
hepatitis,l1_logistic,logistic,14,0.10200822183628135,0.06351626631328419,0.060001639919192856,0.053447097711299775,0.04381245255658726,0.09935735120747141,0.07450529354430815,0.0679500936763109,0.06115251730207607,0.02917672757430915
hepatitis,l1_logistic,logistic,15,0.1038703276443275,0.058437718459540364,0.0614506244442809,0.0529614345325743,0.051145254942572986,0.12472402589929132,0.08691708469361394,0.08945558906663617,0.05157661005685921,0.035235599204134195
hepatitis,l1_logistic,logistic,16,0.11885765012705202,0.05717497079744134,0.060074119080632565,0.0664180513991025,0.04482531367190936,0.1334526417841723,0.06208282207171734,0.0727497110800014,0.07007167167723591,0.055316371433908065
hepatitis,l1_logistic,logistic,17,0.11261508474472143,0.05567335014599613,0.05485571223424313,0.05342923246366995,0.035817516858307724,0.14768855605285913,0.07030484816810856,0.07547888752358825,0.058095477762147615,0.06592922156509085
hepatitis,l1_logistic,logistic,18,0.10465578741795359,0.0557997961313334,0.05388658421665579,0.059678738352226056,0.030874608176073636,0.121521632137048,0.06875220342963784,0.06348372815829716,0.059625399482906946,0.02935938592646582
hepatitis,l1_logistic,logistic,19,0.11233685040630939,0.0568160217310119,0.055110163990845625,0.0412158426854688,0.043868755376683645,0.10960716061130298,0.08158299591263253,0.0741810785284408,0.03711876668839976,0.046194497994741894
hepatitis,l1_logistic,logistic,20,0.10616093176548665,0.06112249491283138,0.05393258313515069,0.05306939971264264,0.0353742035132878,0.1200125662005119,0.07906763255131809,0.07335499152122658,0.06890524103311137,0.029346831588624098
hepatitis,l1_logistic,logistic,21,0.10314631518738819,0.06995830201976905,0.06179885609884392,0.06649675812276329,0.03164258137477339,0.12297174078520795,0.08300405293210908,0.07899938890303193,0.030116167848610317,0.008751532609568107
hepatitis,l1_logistic,logistic,22,0.1341344256651889,0.06951183166703526,0.06633968885897187,0.034966001097565064,0.019155100342176004,0.12325534326431857,0.07101928732945557,0.07380228617440199,0.04311173678443353,0.017446905548280694
hepatitis,l1_logistic,logistic,23,0.1090816032018908,0.07249140782595648,0.062471216662978335,0.04610207692191455,0.029835801036620785,0.12395935435416054,0.0809248807140312,0.06964884776095988,0.05356636716415617,0.034924430055886774
hepatitis,l1_logistic,logistic,24,0.08432165192793159,0.06597491113465076,0.05340823088070879,0.04397925632971949,0.04508916720510537,0.10102626754408316,0.07340182683063516,0.06533913278258523,0.04649535442391068,0.026265423334170056
hepatitis,l1_logistic,logistic,25,0.11067982307731619,0.0757910418462916,0.06182385516447548,0.04201203387922048,0.011960654789554603,0.09618079039927543,0.07869030585388585,0.06642829626324859,0.03266794486678682,0.027054347765740422
hepatitis,l1_logistic,logistic,26,0.10682456948202185,0.054717114405535866,0.05807322062043022,0.050971144461333495,0.04782045850959314,0.09941457400034323,0.06508376339726943,0.06364863115374411,0.04322156514640764,0.037552165806231184
hepatitis,l1_logistic,logistic,27,0.10629363536547531,0.059266716460872546,0.0499278943653237,0.07112367735999939,0.06888877006142034,0.11251354516563586,0.0642098509804055,0.05547843146693292,0.06815174413106935,0.05944293630812402
hepatitis,l1_logistic,logistic,28,0.09465509788202053,0.0633556194258946,0.051009419336240244,0.07090357165078756,0.055254995053792645,0.09284175271785178,0.06710317394845582,0.0648450761449711,0.05326826321953298,0.04769872299752157
hepatitis,l1_logistic,logistic,29,0.08751055730471802,0.06259083169566948,0.05444527673201222,0.06415486279043972,0.03283725003411662,0.11167069047213654,0.07469138470430367,0.07951995635044001,0.03155607614351037,0.007843911209811772
hepatitis,l1_logistic,rf,0,0.045465934107705906,0.05228998704907982,0.04433829524033935,0.0720426597226143,0.05742005112511188,0.1177138977150439,0.10033164471412605,0.08953101826673827,0.029067644723747923,0.027492562774123715
hepatitis,l1_logistic,rf,1,0.052286925688055076,0.05722689550616766,0.04746797854876416,0.0804542749435172,0.05258725403959791,0.10066143521807012,0.0816653587480275,0.08070033631592383,0.031153611326447467,0.01087364934771589
hepatitis,l1_logistic,rf,2,0.05651470503175735,0.06515129023723326,0.05642370088038354,0.046739074847903114,0.03394046721424034,0.14491374325333237,0.1299022137168409,0.117509768716031,0.03355035349360097,-0.01768964250497752
hepatitis,l1_logistic,rf,3,0.056907819649928325,0.06810073866021854,0.05676331401189325,0.05412236007375331,0.038179422297380694,0.12165897942923325,0.08657913021787442,0.09414711216617179,0.019281449439575587,-0.003045824923730915
hepatitis,l1_logistic,rf,4,0.048483733009751506,0.06233846910857545,0.05131309541857697,0.07133220439271157,0.07654186896034243,0.09727553339033096,0.08226078863654011,0.07164764871007114,0.05703117229863282,0.042432126640717695
hepatitis,l1_logistic,rf,5,0.04719135183156431,0.05950384444692441,0.04932519282781779,0.05347220232816587,0.045890647220886226,0.12148109446966532,0.1043903484851511,0.08872494353915082,0.040007051604837064,0.012459563038232655
hepatitis,l1_logistic,rf,6,0.05223598716860533,0.0626513004090755,0.05553830391747623,0.063324471862309,0.030886448316580894,0.12139251881087518,0.10066433400287367,0.0849474185769367,0.036641526357564076,0.03906720568740921
hepatitis,l1_logistic,rf,7,0.04639740912002986,0.047064974372941805,0.04276523609397278,0.07124419861967449,0.04388243029032677,0.09485615692541584,0.0977904312882351,0.07747933533227352,0.05681405302651698,0.018618206213433207
hepatitis,l1_logistic,rf,8,0.055630006252548964,0.06516145859571665,0.05380155536046351,0.04844029566213439,0.055698501772961956,0.11044694949199158,0.09922817542960925,0.08735516530972802,0.04623437250399547,0.02229261424300886
hepatitis,l1_logistic,rf,9,0.04925364503997867,0.06311625632074003,0.043893234058772476,0.07533834752439912,0.04659619487786723,0.13155525288895215,0.09457299129383956,0.0851884431492754,0.03226232073949039,0.022035006041355255
hepatitis,l1_logistic,rf,10,0.052026117995596664,0.059044841946489963,0.05332708458955118,0.057022397896543585,0.0317650594715204,0.1288229901807841,0.11399639074484794,0.1062862588413196,0.0486997861759171,0.02628550313037942
hepatitis,l1_logistic,rf,11,0.053249151070201714,0.05823080377145946,0.04515959648520572,0.0737482065042535,0.047061356887410116,0.10182503717847635,0.11054907269886073,0.08416326727675606,0.05098760565703092,0.018003009403016017
hepatitis,l1_logistic,rf,12,0.042722383257317954,0.06409620110873153,0.04533327290489408,0.06953355910206349,0.07176691858626795,0.08773951055721933,0.0959425994077682,0.07182309507045098,0.07249473624153109,0.033666291435485995
hepatitis,l1_logistic,rf,13,0.04794726732306591,0.06077099974761209,0.04685416378117162,0.049354546378340816,0.037317241724274815,0.10909333377512684,0.09601588947184456,0.08073879361008153,0.017601452767688357,0.0075355137408095255
hepatitis,l1_logistic,rf,14,0.04970729842660457,0.05421522903566579,0.05041418283801849,0.06045104858505432,0.044343697960683756,0.13533840513562792,0.10236430382554229,0.0957149143191836,0.031697306349814054,0.01583597083551753
hepatitis,l1_logistic,rf,15,0.04862644974837699,0.06202601016572911,0.05059573724925458,0.06390482872965697,0.05665845904342585,0.10247893752377045,0.07829334731291847,0.07681614540348292,0.0804133761517571,0.051149335609085675
hepatitis,l1_logistic,rf,16,0.04921010126005278,0.058617076421465686,0.04950966710027694,0.06446512788117154,0.031705161919564954,0.13661430509461786,0.1320030888166513,0.11076814729756801,0.04235601507237818,0.005143062357472573
hepatitis,l1_logistic,rf,17,0.04193241703309135,0.05646848445953011,0.043701175576572465,0.09401738916254938,0.06699465185042057,0.09192848201178308,0.09237394712600706,0.08038144475726376,0.035552950096084224,0.03299823380440035
hepatitis,l1_logistic,rf,18,0.04323673004090697,0.049940193062244065,0.04256144687243569,0.06154100514392129,0.061231692400121204,0.09165296207827915,0.0786495736618305,0.07488405716106596,0.07511085684854703,0.03647117910190957
hepatitis,l1_logistic,rf,19,0.049972782138455435,0.0652212885881828,0.05239925748996199,0.06073051543575183,0.039125086659197235,0.10392642315309103,0.09970164005162095,0.07927663011947217,0.04402985662366776,0.024556989067190362
hepatitis,l1_logistic,rf,20,0.054756125807766315,0.06618653497802217,0.051568557834390086,0.07031104808350708,0.04811786964325454,0.08538674423993756,0.08846323944155082,0.07070192172404272,0.06796750098129327,0.03583149489246106
hepatitis,l1_logistic,rf,21,0.04968231941544547,0.053725063887884714,0.04438418984434766,0.08102216691233344,0.04862042254599547,0.1050793319928596,0.10411464275523998,0.08647061269575956,0.01414281721743588,0.00042444250685139893
hepatitis,l1_logistic,rf,22,0.05741246337880002,0.06626283869329912,0.055690061606960745,0.06884235877058631,0.053024862669607174,0.13236615253464892,0.11536433989095779,0.1094834454025391,0.00357029840678681,-0.022795543280636463
hepatitis,l1_logistic,rf,23,0.04085291877132811,0.05777017173826951,0.04273628903746479,0.07091598676967473,0.052762878210626404,0.11016498174201289,0.10830287792314583,0.0838005178627392,0.03351709178486204,-0.0074280032375506535
hepatitis,l1_logistic,rf,24,0.050745129003390975,0.07067334633541222,0.055762980382203016,0.057360948072025665,0.05582951924135693,0.11171710582134244,0.09377761178476787,0.09067220486673179,0.0551531817764037,0.04650362599134191
hepatitis,l1_logistic,rf,25,0.05345883899043794,0.06154810181492906,0.050674178113875576,0.06460093877569487,0.042289197795238785,0.11799683626380977,0.09754545465980913,0.09051207186313472,0.04952230096083527,0.020046816930118238
hepatitis,l1_logistic,rf,26,0.06534940607757805,0.06607150795933979,0.05875276897342898,0.047414901831381695,0.04914994973137768,0.1411743314245695,0.10531902564185838,0.09963745010912549,0.027052644259618022,-0.009769432424614076
hepatitis,l1_logistic,rf,27,0.04589375884091566,0.06246758375153659,0.050459988432800265,0.08598466371778202,0.05244451808507506,0.11533529306545401,0.07531941608316832,0.07688265736878573,0.04188846887705373,0.044162604785121816
hepatitis,l1_logistic,rf,28,0.045406891740530496,0.06790624937440541,0.0461480621400517,0.06433089205646873,0.05200403315947269,0.0970492980034016,0.1142126853552097,0.08810262106581432,0.04439595703777331,0.006411413372006737
hepatitis,l1_logistic,rf,29,0.042614038981364184,0.05001676904860639,0.046903193339278726,0.0609312735611436,0.06011255311290523,0.06752487777733143,0.08861357758429554,0.06369956585863512,0.046575825398650406,0.01813431921202713
mammographic,mutual_info,logistic,0,0.09597359195246988,0.1266946739796634,0.09828048123316696,0.3730732848916388,0.37292739781931467,0.16477936993887188,0.13532259587676837,0.11433445318202758,0.3980949568052767,0.3890113238465357
mammographic,mutual_info,logistic,1,0.0951847916148583,0.12755547331909822,0.09623964233611404,0.37573830999223395,0.37496819601872106,0.15967488749362063,0.1369071324253564,0.11784814369993787,0.39879578257277715,0.3918300648680654
mammographic,mutual_info,logistic,2,0.09723883120751227,0.13040891489184553,0.0967159728738606,0.3776694643617505,0.37548332491940223,0.16566948157973277,0.13977411795253508,0.1192853328668679,0.3954773665201271,0.3874516906075658
mammographic,mutual_info,logistic,3,0.09227882334073587,0.12380874844943134,0.09398364731053996,0.3779434539506885,0.36561682922274197,0.16815750289749687,0.1329583230833397,0.11619859660292499,0.4020997898706677,0.39057358730929403
mammographic,mutual_info,logistic,4,0.0957876562529666,0.134927355449121,0.09683951061853634,0.3706051667240741,0.3704616111381355,0.17059318010594549,0.14031666857600253,0.11441908310503426,0.4031072452961019,0.3890558059920652
mammographic,mutual_info,logistic,5,0.09559028244668716,0.12795522224717798,0.09799414331433448,0.3781316730547129,0.3734858969836411,0.16690782696465625,0.13739353576374175,0.11812848097893061,0.40439387921738534,0.3912412618453876
mammographic,mutual_info,logistic,6,0.09591835761805118,0.1313036045392384,0.09720484927496231,0.3790148865851364,0.3721177283761365,0.16592427281024918,0.13878580929306733,0.11811550958391079,0.40347497020358825,0.38928194936234295
mammographic,mutual_info,logistic,7,0.0981578936928919,0.13086377666977766,0.10267645530571015,0.3708045044390266,0.37338242566426016,0.1687798897707363,0.13920239999442838,0.11868049526156882,0.40363505953785844,0.3930335960251245
mammographic,mutual_info,logistic,8,0.09350089541606066,0.13001365974663723,0.09598678385945031,0.3759655353608356,0.37014733830911695,0.16287396546072208,0.13739614863490227,0.11830965695289916,0.4013161137633008,0.38862640425510625
mammographic,mutual_info,logistic,9,0.09439270299963178,0.12976099358859922,0.09837585063517607,0.3743218797123033,0.36871423391183883,0.1665247155805406,0.14071273629415873,0.12259265179485551,0.40126928531033274,0.39133302006073345
mammographic,mutual_info,logistic,10,0.0953136227638971,0.1366373052663778,0.10306397308208137,0.37602278489068713,0.3687046899545947,0.17001537143024342,0.14118807698625693,0.11833465305512567,0.4046756444523762,0.39030629381304704
mammographic,mutual_info,logistic,11,0.09478403857433867,0.130405611016666,0.09551520054780441,0.3778239076814543,0.3676984980667101,0.17385476252339588,0.13898574793365387,0.1175885558368458,0.40475340204271565,0.38828739838361054
mammographic,mutual_info,logistic,12,0.09437245414123523,0.13453697721312954,0.0994011932511385,0.3743843726737612,0.36942791643725315,0.1750249722340151,0.1425395073038008,0.12330231737569304,0.39746898735066805,0.38223116849729605
mammographic,mutual_info,logistic,13,0.0976364529709721,0.13343332562383656,0.10095814145719144,0.3763720927454746,0.36887895295309236,0.16755682730259186,0.1387031184706256,0.11882080215299606,0.40592662512941896,0.3926573753694635
mammographic,mutual_info,logistic,14,0.09780461420760618,0.12674973708812357,0.09566907303974997,0.3755976927174775,0.3688306726151726,0.16191046937470693,0.13815278726692765,0.11739944776335326,0.40099609080015564,0.39226003843527574
mammographic,mutual_info,logistic,15,0.09370645811767522,0.12984645358961355,0.09648886350264838,0.37583638044335993,0.3760202220860852,0.16526408985444413,0.138477761880619,0.11736463706484579,0.4001817694717672,0.39090362232132597
mammographic,mutual_info,logistic,16,0.09705855928726762,0.12894811358274416,0.09725929587187487,0.37974190203696595,0.3657408429694795,0.16862358333161948,0.13893888486241024,0.11965513336458511,0.4035255073138774,0.38971917654369714
mammographic,mutual_info,logistic,17,0.09204751397463984,0.1280490706545958,0.09772251687427119,0.3802005967988129,0.36917642835312925,0.16510324859463105,0.13504297001342114,0.1195263418369551,0.4029230900536229,0.3921048604052623
mammographic,mutual_info,logistic,18,0.09636010842900095,0.13780155927132842,0.09821191816889965,0.3773091421975982,0.3704390331089315,0.17727163409516983,0.15101858753036568,0.12227325782769369,0.3832939559783002,0.36829244204894696
mammographic,mutual_info,logistic,19,0.09710852226243902,0.13075572744978803,0.09671952796332203,0.3771961259760451,0.37147741781109894,0.16803500897794682,0.1380110932885352,0.12013321495085655,0.3996989519739245,0.390647348328411
mammographic,mutual_info,logistic,20,0.09559490747476286,0.13274425315905203,0.10046553495182117,0.3806054179100659,0.36920340429388027,0.1637265811100613,0.14008844400639803,0.1168466651700889,0.40111375638243346,0.3906869803991024
mammographic,mutual_info,logistic,21,0.09703380278421375,0.13018454473946822,0.10349530001897551,0.37592882032145175,0.37019200481034037,0.16944562041083766,0.13902934402951633,0.12006773558425196,0.4035251661656603,0.39162908758185244
mammographic,mutual_info,logistic,22,0.0986768624504171,0.12309149689377014,0.09228175170589692,0.3781928548435543,0.3728638043463056,0.16819331254825928,0.13204518772682297,0.1132923911614698,0.400907065279678,0.3872820998252415
mammographic,mutual_info,logistic,23,0.09381745462140202,0.12579978233469458,0.09748429612759962,0.37542490625612196,0.36940518204894984,0.1665776429079799,0.13735880293767633,0.11827370819180202,0.40043517856130795,0.3912928813867608
mammographic,mutual_info,logistic,24,0.09625383419495673,0.12562498671258182,0.09931493581524216,0.37765184498583887,0.37286773577873467,0.16250319565882654,0.1361127179729068,0.11720009170442601,0.39473331448834853,0.389793513390617
mammographic,mutual_info,logistic,25,0.09830973943328773,0.1256837134201475,0.09546984117653509,0.3768623632435876,0.36894140182369606,0.16457034102819268,0.1366521043368617,0.12142711321078387,0.40071105652958905,0.38899771360651053
mammographic,mutual_info,logistic,26,0.09471324048718635,0.12791499886130714,0.0954991604371976,0.37682985033489036,0.36993195192473666,0.17013344572969802,0.1415100500087898,0.12756262082146663,0.3961705010199973,0.38491770590606317
mammographic,mutual_info,logistic,27,0.09644548379601747,0.1303286625999284,0.09741869307348444,0.3727615279747701,0.37130767939666837,0.16193399776291176,0.13974742835183634,0.11862954174025067,0.3938667880411151,0.3889269869433835
mammographic,mutual_info,logistic,28,0.09536144685648934,0.12604949824119893,0.09646116575813504,0.37690205332473153,0.3680894033257897,0.16447929166274336,0.13263625935639767,0.11394007564737205,0.3980445261636188,0.39145034849234567
mammographic,mutual_info,logistic,29,0.09721570933880179,0.12999536874843742,0.09839554403060514,0.37502105885069603,0.36888525427836244,0.17180088052284875,0.13845172562437622,0.11921180874879753,0.40214661832363574,0.39066152640113605
mammographic,mutual_info,rf,0,0.11384836127902948,0.15291508655951827,0.11429957166516139,0.3411289427772414,0.34435902489240733,0.16117073186383069,0.13996462647231803,0.1161057036367448,0.39734231208620535,0.39217331979691733
mammographic,mutual_info,rf,1,0.1280794489470026,0.16002208428266307,0.1252426450059685,0.3399993786182436,0.3483229438301771,0.16477014353062053,0.13725729647042328,0.12143350911394593,0.39452603215181675,0.3879579884809596
mammographic,mutual_info,rf,2,0.12618858764117996,0.1635110526636351,0.1258789765198089,0.34316099924645266,0.3456414750736605,0.15814772851745226,0.14304022674837183,0.11994373225425892,0.3964872208739089,0.39066248244817564
mammographic,mutual_info,rf,3,0.1098672520160773,0.15618368732623777,0.11445887802615108,0.33918284981594843,0.3399691781574415,0.1601678848768585,0.13394206260257574,0.11652141284852514,0.3964750752575011,0.38995517033113186
mammographic,mutual_info,rf,4,0.11982685290150814,0.1569622553899998,0.11959522969210412,0.3484265181327857,0.343860655970887,0.1723477882790428,0.15142848859052538,0.13622887834842368,0.38476954490299464,0.3710813652268432
mammographic,mutual_info,rf,5,0.1158708312032827,0.16057028426640613,0.11545717648444852,0.34626970661453943,0.34288254518454114,0.15867435150299347,0.13740145086237882,0.11911431637516959,0.3970443236005303,0.3921428578433209
mammographic,mutual_info,rf,6,0.13125125633642432,0.1627078586258683,0.13047103048320732,0.3429774820156409,0.33480412256927067,0.15305994602695228,0.13894927137374447,0.11724754948636938,0.3961831729158606,0.3903988756016666
mammographic,mutual_info,rf,7,0.12361659007221092,0.15277650017739586,0.1199421636851943,0.3416295486832127,0.3400528380271886,0.16446883021692732,0.13810969827045522,0.12125181967289031,0.39764048635730453,0.3903942893586376
mammographic,mutual_info,rf,8,0.11652283886646073,0.150373311057535,0.1157177287709955,0.3506105186033005,0.3558963843452834,0.15194301080114808,0.13848648440148842,0.11678341720307564,0.4003565658693096,0.3926128173110854
mammographic,mutual_info,rf,9,0.12332082972554514,0.1775439734336774,0.1253382762948991,0.33409023875695065,0.3354482828469783,0.1624840092258894,0.14762570429018365,0.12627490412231523,0.3952054373189769,0.39245878318361543
mammographic,mutual_info,rf,10,0.11176536213119515,0.16992648022099058,0.11755007750242309,0.34314684219719643,0.34919419023965353,0.15354661958086088,0.1432181047652022,0.11951195230705523,0.3966106262551842,0.3906015546187027
mammographic,mutual_info,rf,11,0.11788107015717306,0.1688893998793612,0.1192582040492588,0.34127453448874495,0.35288764805789047,0.15796227569814747,0.1432747606005126,0.11981827652011802,0.39382282214630027,0.38969157219885575
mammographic,mutual_info,rf,12,0.12097258157136809,0.15072036549629886,0.11805423191985397,0.3484716459796798,0.34870878294067714,0.15036784504667894,0.13456880865660972,0.11710745467447897,0.39454027389410895,0.39125556985955734
mammographic,mutual_info,rf,13,0.11803549872385263,0.1512600151432141,0.11783988894135974,0.3432431255695226,0.34427051355086813,0.15411424555832312,0.13695883148472832,0.12255350525605116,0.3545922373296041,0.3793844384945712
mammographic,mutual_info,rf,14,0.11899972917987756,0.15788618188144066,0.11716349434379797,0.34639361549025716,0.3405984644916537,0.15612163030538645,0.13693938444459852,0.11956814687463382,0.3967668053789548,0.390816534120277
mammographic,mutual_info,rf,15,0.130366414653915,0.1541276219220787,0.12400188637302942,0.33442082744132445,0.33643722291225214,0.17135898730853105,0.13933511496497403,0.12239737123350032,0.3850524192604321,0.3706619065105877
mammographic,mutual_info,rf,16,0.11523843440272208,0.15882596749720157,0.11908413442513899,0.3346489123497015,0.3426015481546086,0.1538513291464016,0.13788687439647868,0.11918053391805651,0.39699232752007346,0.3907999570883282
mammographic,mutual_info,rf,17,0.1198633103676726,0.18466273959240903,0.12537910488797555,0.34027736444223927,0.34392276142339023,0.14741095273203997,0.14045637240037012,0.11703814592926409,0.39591388533212585,0.39214440346210383
mammographic,mutual_info,rf,18,0.13028972449475018,0.16854616882021126,0.12432487206810863,0.33656296240272465,0.33906986791827654,0.16764356371365674,0.1475730388165192,0.12717113903902078,0.3943873026240693,0.39302094270649807
mammographic,mutual_info,rf,19,0.11799341185180387,0.16300459167451423,0.1202382236441901,0.33953528957383,0.33996533503263804,0.1526267559858338,0.13845024914823162,0.11757079257890124,0.39530979171019015,0.39102543242505006
mammographic,mutual_info,rf,20,0.1185155464061389,0.16893550193987192,0.12038397337081477,0.33817783264285817,0.3414863033154441,0.15262732053525815,0.14242641289239363,0.12098413718836055,0.3963343521801941,0.3898027514256738
mammographic,mutual_info,rf,21,0.11406516580394752,0.15841003159035266,0.11720400317871174,0.33993064547737034,0.3416508118979027,0.16154415472552416,0.14866246089845672,0.13088043790780635,0.3790531321234603,0.36651451795878076
mammographic,mutual_info,rf,22,0.12089389890024271,0.1759044522475745,0.13025215014008185,0.325998139356045,0.33402447489494547,0.15903770693435318,0.13750030057429335,0.11908689499418061,0.3949937726534666,0.38898993745725435
mammographic,mutual_info,rf,23,0.11365654607678544,0.15946585687134204,0.11636053745616926,0.353732315957809,0.3587764607370052,0.15514993753082182,0.14170645527758258,0.12313550770391268,0.39848649460420593,0.39150775124559095
mammographic,mutual_info,rf,24,0.12064890223271038,0.15661972400167437,0.11849097270744412,0.3311181338802154,0.32893435883316785,0.16961820386609655,0.14195971730610965,0.12007317042242169,0.39590441237384766,0.3900730421847142
mammographic,mutual_info,rf,25,0.11939617425216742,0.14596048226474118,0.1155305481433655,0.34740723870808443,0.3545688957381826,0.1578217317891275,0.1371164654348268,0.11338712040540275,0.3976881264956964,0.3946443451975108
mammographic,mutual_info,rf,26,0.12109673352638593,0.1730114060102607,0.12596727365770505,0.3342833081493846,0.3238727037055919,0.16374891771281605,0.13987263729860455,0.12686355881345057,0.3928173105778539,0.3889719947883478
mammographic,mutual_info,rf,27,0.11147778718537173,0.16491438136952888,0.1137301995356596,0.3654229367229316,0.3457758742368771,0.16788332504595338,0.14124345477034186,0.11706983487113565,0.39499390943903095,0.3889874810654318
mammographic,mutual_info,rf,28,0.11232675034411313,0.15071176430347294,0.11563191278184123,0.34165992685191154,0.34489417407299694,0.153648763466323,0.13914162409169314,0.1182928983564513,0.39589858062737243,0.3887357255834487
mammographic,mutual_info,rf,29,0.12714377999012233,0.16555003881644276,0.1296800119620586,0.33867745625288653,0.34310556280772725,0.16652431654241076,0.13284952709950623,0.1215992959665434,0.39486873819221574,0.39012233215215003
mammographic,rf_importance,logistic,0,0.0949451037792448,0.1282956432446274,0.09613740035627646,0.3826399293397307,0.3752738929593228,0.19974350732875,0.27092229223697417,0.18130993714268737,0.301774735912963,0.296067235776885
mammographic,rf_importance,logistic,1,0.09567517171829487,0.13382808092236317,0.09834505106066051,0.3765840847742899,0.37011931636685097,0.17326404775530452,0.22495628971623532,0.15705951661059359,0.3171847447414359,0.3283269055242931
mammographic,rf_importance,logistic,2,0.09405512337343835,0.1303879868653887,0.09639918014832699,0.37172412397184273,0.36990807262008374,0.16670028533601033,0.1757261399366426,0.13394807305384562,0.3491444004509605,0.36579771356144564
mammographic,rf_importance,logistic,3,0.09605862389453548,0.13139433355097319,0.09562913193748004,0.3795578715894949,0.36927292932143907,0.20412648949498388,0.28753114796273094,0.19253797512498988,0.28962678747827963,0.28612639134486545
mammographic,rf_importance,logistic,4,0.09130757488725502,0.134793571436798,0.09831405772344874,0.3751873534052049,0.37182889038625716,0.17116428575919512,0.17669688658385785,0.13374742228989403,0.35068287277237037,0.3657172054548063
mammographic,rf_importance,logistic,5,0.09334917515664762,0.12728971518319404,0.0975730214219937,0.37876186229757497,0.37111666918470093,0.17460208265051705,0.17095580765944934,0.13923912053854876,0.34308527518155313,0.36747330308318094
mammographic,rf_importance,logistic,6,0.09649130601783495,0.13304593271771864,0.1010677337679701,0.37324292143181814,0.3677710279849869,0.20394260157917038,0.2555365751696862,0.1785796896681846,0.2970359653432192,0.30246417734498054
mammographic,rf_importance,logistic,7,0.09241968627983821,0.13645301375276725,0.0990352565833313,0.37645515631667636,0.37389353586796376,0.1637594646836436,0.14513255428490027,0.12172245273015378,0.3996839221521496,0.3898043199566865
mammographic,rf_importance,logistic,8,0.09449286977704416,0.13005498509678615,0.09440788888807088,0.3765031773474701,0.36853832593689445,0.20485410515703675,0.27665291344491627,0.18853888865370166,0.2910062636875149,0.28260184473732664
mammographic,rf_importance,logistic,9,0.09272439878870381,0.13233082900259127,0.09926239807517137,0.3812569714018909,0.36789500442034684,0.18893781755547073,0.2666877926138207,0.180961399788915,0.3035393675146396,0.3062806719677701
mammographic,rf_importance,logistic,10,0.09352894739715922,0.13186227802789907,0.10051332921442131,0.37816963001454246,0.3775635042998145,0.19749730289203896,0.2583999059447077,0.1806339359460873,0.29877907001321363,0.29893142799172273
mammographic,rf_importance,logistic,11,0.09350143070997236,0.1319280363958733,0.10096520951461402,0.3796252371113393,0.36664228058900206,0.20434366282054411,0.2801955693687346,0.19130981224648874,0.29305704677942584,0.2811525152114852
mammographic,rf_importance,logistic,12,0.09493606831521079,0.13035422977171524,0.09959555531399136,0.3759784184555243,0.3690344268483798,0.17427786261433842,0.20475173181975148,0.14461707475119423,0.31360323833356796,0.35007190103701435
mammographic,rf_importance,logistic,13,0.09441044110550924,0.13751718095834115,0.10160667165695314,0.37652617502456964,0.37003323185387965,0.19970477488422603,0.25151389233049215,0.18089113582401278,0.3029064115305554,0.31376649943591534
mammographic,rf_importance,logistic,14,0.09474001252119507,0.1267152689072953,0.09598669644645891,0.37439724135780716,0.3718773162535636,0.20804607136648845,0.2615998821803731,0.18460559545483718,0.2947914516995011,0.30378066439229157
mammographic,rf_importance,logistic,15,0.09309438702301027,0.13371932249403107,0.10081611738132823,0.37572513171576033,0.361938251002083,0.20224945238268877,0.28264747185002004,0.19404750995003567,0.2892863069692654,0.2813559249978029
mammographic,rf_importance,logistic,16,0.09453776734377654,0.12448418045210707,0.09434758574357582,0.3763769207095585,0.3733849283225941,0.178373542275359,0.19745859350706726,0.1521619518051578,0.3115599097954577,0.3461910366039654
mammographic,rf_importance,logistic,17,0.09773934081056704,0.12634473294946183,0.0975263750681722,0.37628741877601374,0.37217484620533553,0.17494059337361084,0.19866219402338076,0.15072466804327772,0.31866586321883156,0.35575244843550563
mammographic,rf_importance,logistic,18,0.09568881903830337,0.1266986793158516,0.09717290636133627,0.37051426325281417,0.37303447131844597,0.16709276450367505,0.1405622918968102,0.11671564882167879,0.40333579795780267,0.3907044155147487
mammographic,rf_importance,logistic,19,0.09584815492515444,0.130089048872655,0.10172349968854506,0.3753855773566756,0.367057801032201,0.20848041488144786,0.2708315936939576,0.19089627181797778,0.288409049610776,0.2899432100390003
mammographic,rf_importance,logistic,20,0.09569519934097093,0.12776750724691177,0.0959751818901273,0.3721323770128347,0.3704418690554153,0.20174355457955717,0.23068537106506903,0.173242241907169,0.3111498790732445,0.3338725486495355
mammographic,rf_importance,logistic,21,0.09293250928345263,0.13006798788460006,0.09321771551681815,0.3758779281873114,0.37173613514026776,0.18293397755444626,0.22849528751240883,0.16012283404617644,0.31855402436419744,0.3265164444199228
mammographic,rf_importance,logistic,22,0.09386756090793767,0.13293493147701696,0.09780440462939409,0.37968743335538974,0.3627640797756613,0.20323808928540543,0.21883350913181082,0.17212620092456726,0.31163185542572425,0.31831838377138594
mammographic,rf_importance,logistic,23,0.09519205153940925,0.1294291203984822,0.09753345428806837,0.3829450977645679,0.37106152628289113,0.20942000647192383,0.276767288514558,0.1845263732136735,0.2847975836545277,0.2949518639488079
mammographic,rf_importance,logistic,24,0.09383724854630018,0.13399229763543932,0.1011808251530698,0.37677174568586524,0.36099215223341796,0.20637210009840276,0.2693398630654406,0.1837002559675393,0.2897933813209094,0.29841868354634304
mammographic,rf_importance,logistic,25,0.09694166013763927,0.12758338718853365,0.09701135615559564,0.3676119791919106,0.3684896858376259,0.21537587509087947,0.2399148459570043,0.17641067263538068,0.2983517804325566,0.3066518065787578
mammographic,rf_importance,logistic,26,0.09380054315680819,0.1295722297365834,0.09559445824726806,0.37553451973873825,0.3709149832235874,0.20256476005664897,0.283883304101394,0.19250801967624612,0.29513100477614024,0.28763567952609403
mammographic,rf_importance,logistic,27,0.09382097737919998,0.13650772096539143,0.1006903361309113,0.37603071067917765,0.36337488659634976,0.20405467452024814,0.29347793970844765,0.19075393088922576,0.29133614686742676,0.2851868269374711
mammographic,rf_importance,logistic,28,0.09324831047234564,0.12602086854834002,0.09632603272455181,0.3736111428368588,0.36686710402323613,0.17227238994720662,0.24024178342087538,0.16526837863434243,0.31953244565450095,0.32621372075201194
mammographic,rf_importance,logistic,29,0.09849654359770683,0.12943343415473302,0.09694117133150465,0.37941359485124665,0.37166894790552374,0.1986100610894011,0.22858348581557197,0.15622673024477457,0.3154696251327554,0.32609202496641604
mammographic,rf_importance,rf,0,0.11926534001347755,0.1490712255881817,0.11577428754037848,0.3601939142768559,0.35508701272418114,0.2150332210168053,0.3024595722829905,0.2176051515171053,0.28622287455897677,0.3013360121224745
mammographic,rf_importance,rf,1,0.11436821778207892,0.15766384300261468,0.11174723447904075,0.3485908406052302,0.3365582721211103,0.22263508512955443,0.2680528547114995,0.20286124333874878,0.3060929586775016,0.29268879070866705
mammographic,rf_importance,rf,2,0.11506630427351001,0.178550274872451,0.12329095738365986,0.34809606282068667,0.3363975625608613,0.2615729453794402,0.2926606268234227,0.24582439203617237,0.27528161350669356,0.26989871352231654
mammographic,rf_importance,rf,3,0.11284953383906782,0.1572410230428009,0.11481525247094548,0.34309736473634306,0.3391975194736113,0.2054919747982531,0.24672298356945388,0.19996984545779292,0.2915480811479673,0.32140532439037733
mammographic,rf_importance,rf,4,0.1329764735561519,0.1660320859274202,0.12904970961009926,0.34072630912179563,0.34355740104583604,0.23125871050779973,0.2677645357979716,0.21806768013582467,0.28676451447739354,0.2911565655917223
mammographic,rf_importance,rf,5,0.12072310525648389,0.17321041194915282,0.12641929884615155,0.35071013380335586,0.3504891645369044,0.18909266248459541,0.2254243818437472,0.17985744185271263,0.3041111518645271,0.3287579650248828
mammographic,rf_importance,rf,6,0.11564796585853056,0.1750095493009719,0.12244186153680042,0.34459593425774954,0.3349998562816188,0.1999432620677737,0.2551022804914279,0.20108121809051438,0.28903450866933833,0.29796310701814316
mammographic,rf_importance,rf,7,0.10992188206091973,0.1577101920735434,0.11145575035235143,0.3452608732515016,0.34980843884025853,0.24476441882124494,0.30594654918842995,0.22611283429538664,0.2858921933039959,0.2819067107231727
mammographic,rf_importance,rf,8,0.11407574215355364,0.16542827025671422,0.12317118346447004,0.34203274189244276,0.3395963590741423,0.2587427755403098,0.343486297323811,0.24416436586778195,0.2746729037198755,0.2616406697310798
mammographic,rf_importance,rf,9,0.11577915820143182,0.16661412357590993,0.11958529873081677,0.33268137121583763,0.3341109087347599,0.2539419099872797,0.3158943828755493,0.23590521313194593,0.2760268067452625,0.26051578820763305
mammographic,rf_importance,rf,10,0.11369467440452549,0.16007350802410075,0.11866318027627706,0.3367152843223572,0.337598083801038,0.16212409083320795,0.1811661912191222,0.15360976183184172,0.33887715079962116,0.36524502088957705
mammographic,rf_importance,rf,11,0.12703379577970408,0.17408142867969628,0.1252654543822017,0.3454965174313087,0.3296444173214416,0.22201004394048707,0.29154991204282876,0.21244220028952443,0.29028066073831504,0.2987405810483736
mammographic,rf_importance,rf,12,0.11084898332183074,0.15285225066450062,0.11519856309080195,0.3478558270152015,0.35585895046687827,0.22752514439536314,0.2674767012986143,0.21216602612154867,0.28617320794258794,0.2887291074143694
mammographic,rf_importance,rf,13,0.11245883355410669,0.1514124503480661,0.11322374966171694,0.3503817119742091,0.3414206492100833,0.19759090737259372,0.25397458079509233,0.19463460187216872,0.2883376684324668,0.3099027745315503
mammographic,rf_importance,rf,14,0.1309965754537845,0.16498707209067118,0.1300234310410913,0.3346196704698042,0.32969297295905525,0.23590930742550908,0.2657658337987675,0.21827534878148996,0.2758795628555064,0.2849508092813117
mammographic,rf_importance,rf,15,0.11077345358663176,0.14943029580793338,0.11043888764003723,0.3487283877858427,0.34571062210589365,0.24241914473029721,0.2903286127386235,0.22475970702857692,0.28127450621227007,0.28523253039021124
mammographic,rf_importance,rf,16,0.11438286310747436,0.17064684994066065,0.11930323009504883,0.3426974150945511,0.33854002343745543,0.21926430365848887,0.286873100049311,0.21837373871414348,0.27968712654039224,0.29956984166275064
mammographic,rf_importance,rf,17,0.12519562113894978,0.15900077850548655,0.12224967718405129,0.3362073825266684,0.33667575408354994,0.17450148939110652,0.18390879940189092,0.15899973345998392,0.34380696394644655,0.3614338844217368
mammographic,rf_importance,rf,18,0.11378755617635165,0.15273048510945567,0.11015479593165799,0.3478586421537779,0.34566630495755496,0.1613533632073067,0.1411904061537626,0.12071509202539363,0.39473579662139197,0.38914705078449197
mammographic,rf_importance,rf,19,0.13098302147718083,0.17163853808612523,0.1292385557118801,0.3485419792076497,0.3408459273006765,0.1722536989660025,0.1743871473334106,0.15060442524408746,0.333084403905935,0.36108604183144744
mammographic,rf_importance,rf,20,0.11782159578199128,0.15568745427360697,0.11683280273064284,0.3351931514062403,0.34533842227213113,0.18621209040614228,0.22111900026817305,0.17825570072312075,0.3142382905835383,0.33811161015428726
mammographic,rf_importance,rf,21,0.1220470473717519,0.16162156251148557,0.12056005409967266,0.3452353803110445,0.3487154803542552,0.22797482267409844,0.27604214842993613,0.22246727731413624,0.2664432080173789,0.2688376137075702
mammographic,rf_importance,rf,22,0.11169058319386249,0.16082850584035774,0.123016295515951,0.3412917528454365,0.3395683286565339,0.252741858091879,0.30465371849213047,0.23565856432044824,0.28948540542298745,0.2788679743112558
mammographic,rf_importance,rf,23,0.11416909403021164,0.17219948832256649,0.1213610245647364,0.33006102813033156,0.33401334759823265,0.16667683706121297,0.1814674473169046,0.14692929959725415,0.33724277364509314,0.367819155250909
mammographic,rf_importance,rf,24,0.11362673480844518,0.15788236740111505,0.11990060827413765,0.35677518061753327,0.3496744343150052,0.24747593829441838,0.3028646951486354,0.2342691242972485,0.2762083285556314,0.2851585439038286
mammographic,rf_importance,rf,25,0.11557850916675559,0.15805960373574343,0.11426509837595569,0.3482037702134051,0.35380102734654073,0.1760913374409303,0.1813941789262531,0.15302935275409077,0.33822009294941735,0.35382781427956633
mammographic,rf_importance,rf,26,0.11118007803892366,0.15879161516817514,0.11317503104918786,0.3457998988746774,0.34799149186697714,0.19012920826861268,0.22593666369487364,0.17070830918956037,0.2983679742373327,0.3323879572755837
mammographic,rf_importance,rf,27,0.11706898492982651,0.17425596131720866,0.12220152730296935,0.3343682659157148,0.33606686604936903,0.24235640828196042,0.31421136749634343,0.2299079018969834,0.27675027234537647,0.2688844553147315
mammographic,rf_importance,rf,28,0.1225719091062656,0.1535844810650899,0.12295214347937919,0.3340498952608202,0.3353283661700816,0.2160230428856056,0.26046408338323807,0.2118022682811457,0.27967327218561944,0.29180287842780606
mammographic,rf_importance,rf,29,0.12167156668042702,0.14259397896993378,0.11598299477638958,0.34353819994769563,0.3494979489481315,0.16178185351356897,0.2270090932694691,0.1595549101375328,0.30655502452896927,0.33361875606545466
mammographic,l1_logistic,logistic,0,0.0958392318677932,0.13133339888147036,0.09833162892975911,0.37448285816283244,0.37255665071961586,0.16572523625941915,0.13960806827227074,0.1211689970101613,0.4029359945003248,0.38978337712832706
mammographic,l1_logistic,logistic,1,0.09568495405872113,0.1364120713619763,0.09784165426801877,0.3816617371828242,0.36718829031270406,0.16017037013285312,0.14240273176631071,0.1207100526403615,0.3996298893218019,0.38897787495155856
mammographic,l1_logistic,logistic,2,0.0951117438398851,0.12957343253420117,0.1011017143081585,0.3756248698395617,0.3735369163410023,0.1705718800856937,0.1342468719978771,0.11673106547980855,0.402969918506591,0.39252322889166896
mammographic,l1_logistic,logistic,3,0.09557889082790921,0.12717174744493676,0.09493374110380856,0.37846408726018654,0.3677823880300686,0.16365294388257481,0.13597892735744155,0.11683053715082954,0.4013269203293703,0.38940184678832496
mammographic,l1_logistic,logistic,4,0.09428651884580806,0.1315057061892471,0.09425253217825341,0.37758852679256916,0.37013589865201474,0.16550780952105126,0.14086660687483266,0.11972100169287199,0.39800490208803047,0.3897719002584779
mammographic,l1_logistic,logistic,5,0.09762157489017334,0.12876852306120393,0.09786651558235973,0.3710448117488061,0.36958750221293946,0.16418537405082057,0.141081267493267,0.12333391570103577,0.39942147697617497,0.39240687242495814
mammographic,l1_logistic,logistic,6,0.09654347727379115,0.13114794514090578,0.09960881388343654,0.3739971013997389,0.36750714838394033,0.1706407140145551,0.13764746585891857,0.12019387968305749,0.4020889833045982,0.39099698731580906
mammographic,l1_logistic,logistic,7,0.09281430171910357,0.1320640956536222,0.09784483520325833,0.3754986780128806,0.36897902075038114,0.16300390520498356,0.13742635197507205,0.1199844058104249,0.3987849760067076,0.39034865058350354
mammographic,l1_logistic,logistic,8,0.10054919079748142,0.12383851537997559,0.09553964764691719,0.37540680990446146,0.3664491396787309,0.1692570275609333,0.13816845814146098,0.11788179386373973,0.40109922341427096,0.3904762040012651
mammographic,l1_logistic,logistic,9,0.0923966435385874,0.1346122178866689,0.10099047426486663,0.37696157556886495,0.37739408721597517,0.16247151498233575,0.1452742362290138,0.11965141933319573,0.39959746962359327,0.3915131294952259
mammographic,l1_logistic,logistic,10,0.09186803040435315,0.1309148484695855,0.09889719427366847,0.374522305292526,0.37063898814606516,0.16411188593116077,0.1387216074274075,0.1200924830052081,0.39880658913884665,0.39222018767520456
mammographic,l1_logistic,logistic,11,0.0997834973378863,0.13722287246782455,0.1019696124871655,0.368747804360873,0.37195192554200485,0.16947777286398646,0.1440878812829171,0.12095129780477301,0.40042076980654856,0.3895438759423818
mammographic,l1_logistic,logistic,12,0.09507190072952848,0.13289313895416416,0.09763523014387804,0.37750939592746235,0.37355962927789566,0.16475428822377916,0.141644169436753,0.11941262336399963,0.39718160190507523,0.3897719002584779
mammographic,l1_logistic,logistic,13,0.09172068601698505,0.1364752478860813,0.10258560496890286,0.37983796626929284,0.3661198408047472,0.165262513547844,0.14369632708561308,0.12267912934101192,0.40045318950475717,0.3913968874922493
mammographic,l1_logistic,logistic,14,0.09240481169710682,0.1227609581450898,0.093625236783552,0.37899773365081,0.36374412276716633,0.16445061898035934,0.13360991881608897,0.11612381276484787,0.4023411365128875,0.3886228020664164
mammographic,l1_logistic,logistic,15,0.09465442310288377,0.13246144361858175,0.10018330271344802,0.37489995929480696,0.3723546526818134,0.16908385796063452,0.14239126917696251,0.11787987115929308,0.40049641576903533,0.389793513390617
mammographic,l1_logistic,logistic,16,0.09305627398747288,0.13210749652269932,0.09736823057961863,0.3811552204777973,0.37501717220807407,0.16387465880098256,0.14016337566900539,0.12342121741686629,0.4025009991626749,0.38978939660354284
mammographic,l1_logistic,logistic,17,0.09774011029638865,0.13309312248113467,0.09920398677274031,0.3705580068946797,0.37064107649639305,0.16739313257152308,0.13814821614452422,0.11715858929724204,0.4006592595404971,0.3918102834449805
mammographic,l1_logistic,logistic,18,0.10091636787617417,0.1283003797793103,0.09761469242718768,0.3670331616010411,0.37420041444255714,0.1691297583377398,0.13681396804471951,0.11793582285649012,0.4011663478887081,0.3910240835824564
mammographic,l1_logistic,logistic,19,0.09556823537866184,0.13290713093291992,0.09844310318397267,0.37833596193183777,0.3705866106694719,0.16116209739589873,0.13899474888254876,0.11883883423383133,0.3972176237919737,0.3924558165033304
mammographic,l1_logistic,logistic,20,0.09488075616038442,0.13342885904837476,0.10286458180869026,0.3759961147781035,0.37045060317444367,0.15876956820321697,0.14054460468016183,0.12041112979017829,0.39937498967142404,0.3890776578013416
mammographic,l1_logistic,logistic,21,0.09528073977843418,0.12958426898858935,0.09932861449530844,0.37565718547958654,0.3627270379042537,0.17167881323801062,0.13776647047306356,0.11770807473207802,0.40235268835937565,0.3898355999919439
mammographic,l1_logistic,logistic,22,0.09314399662419173,0.12756980216127134,0.09533455071399394,0.37929428719099834,0.3680272943145032,0.16868081176227523,0.13730072691940748,0.11957438917022736,0.40045318950475717,0.39057358730929403
mammographic,l1_logistic,logistic,23,0.09612669810704065,0.1321210888529887,0.09980986491357945,0.3725385183700493,0.3697590046479371,0.16779409044314636,0.14160477950835523,0.12063178621593837,0.3979400626916132,0.38970706086206064
mammographic,l1_logistic,logistic,24,0.09584288834252908,0.13039459086780686,0.10129270932313275,0.38085985288526114,0.36687321863396954,0.16470775331412746,0.13820470731325368,0.11906820048914118,0.40268980353538414,0.3932983737613174
mammographic,l1_logistic,logistic,25,0.09605272921335051,0.13261367204227684,0.09885722370372606,0.3736397779736892,0.3727514398718829,0.1684374304676119,0.13952146612619132,0.11969198265443286,0.40128431513210766,0.3883316498471057
mammographic,l1_logistic,logistic,26,0.09383019549482363,0.13409302729565167,0.1015322796230499,0.378111024921878,0.3670439469463201,0.16810765794307633,0.13936861679845194,0.1197698184598874,0.4005072223351049,0.3909053888034101
mammographic,l1_logistic,logistic,27,0.09301051434341487,0.12995238475079582,0.09650938015333542,0.37690800972424643,0.3675781759499482,0.1713233825115939,0.13901584261545535,0.11792123913331393,0.4025009991626749,0.38833697327866706
mammographic,l1_logistic,logistic,28,0.09500188608638097,0.1301105423978336,0.09690705660715819,0.37888381200372845,0.36738795745570174,0.16578550622481594,0.13753791679482488,0.11817669013865298,0.40020773007301474,0.38762590877779696
mammographic,l1_logistic,logistic,29,0.09598414575930117,0.13298465740653304,0.09882040325587627,0.3775851255428672,0.36592004891238356,0.16615966586885628,0.1418620419857847,0.11597885974323938,0.4016583216888363,0.39267549677909547
mammographic,l1_logistic,rf,0,0.10724088183427158,0.16279451482999155,0.11179500332460449,0.34455654652368917,0.34174285426211204,0.16459464058076356,0.139925762205638,0.12007030952869249,0.3927867597960464,0.3896320486343267
mammographic,l1_logistic,rf,1,0.12612268444478844,0.16698158109691513,0.122473924285168,0.34428753152048747,0.34072519637801496,0.16192659940078824,0.13784437267230967,0.11931238608691827,0.3983256484833378,0.392252292068018
mammographic,l1_logistic,rf,2,0.12772482755057904,0.16789793138490716,0.12879810294463176,0.3441941140339711,0.34182762788506443,0.15924371664560477,0.14052528558376925,0.12131557586133998,0.39631432723476473,0.3907238845021797
mammographic,l1_logistic,rf,3,0.1252491743000691,0.15759411304325321,0.12334855708200154,0.3465880779459473,0.3437976316335973,0.15641588196182954,0.13977505358199066,0.12054207803762099,0.39592726861298244,0.3914827789680644
mammographic,l1_logistic,rf,4,0.12092887996830134,0.17389613934074277,0.1262820199706168,0.33278975999609206,0.3352683534797914,0.16074161514913213,0.13754242183032173,0.11745782538602705,0.39728438840298325,0.3872114952656824
mammographic,l1_logistic,rf,5,0.11826958585501904,0.16341636515312777,0.12162057181399183,0.34853004542371097,0.3431484755822276,0.15787113961114507,0.14304180103416372,0.11884034485951013,0.3969847892462542,0.388966634842501
mammographic,l1_logistic,rf,6,0.12468427711714665,0.15509095421218239,0.12219904177188035,0.3439219997724502,0.3384593671229945,0.16658406362522504,0.13964750961122613,0.1189218729950877,0.40022296817907776,0.3927779776799943
mammographic,l1_logistic,rf,7,0.11345204761371258,0.16573048953005254,0.11690500636707393,0.33973758646801655,0.34192374582137725,0.17169939221929628,0.13671531433543332,0.11969944522022333,0.3927354566154639,0.3892928708481758
mammographic,l1_logistic,rf,8,0.10625810164787224,0.16506458740135693,0.11725968789488075,0.34720776415320964,0.34887709621074975,0.15402220300709052,0.13658817359277786,0.11943565092922978,0.39626639321289886,0.39050289790263043
mammographic,l1_logistic,rf,9,0.11699730578127669,0.14542433503869323,0.11068513378241382,0.3407984679764659,0.35275016280030197,0.15688973042744983,0.1396998871233403,0.11783984960924634,0.3969412903754521,0.39137291671315844
mammographic,l1_logistic,rf,10,0.1281554406819436,0.16149117592840734,0.12851046594769966,0.3355748421039302,0.34784911358703396,0.16004986913268238,0.1406521209540938,0.11870200988559873,0.4004037772357556,0.392815707518757
mammographic,l1_logistic,rf,11,0.1142059214006835,0.1620492105168547,0.11500870828142293,0.34321986472194727,0.3426591755630392,0.14983252545313747,0.14068405731590738,0.12286255398112883,0.3945492352928452,0.3897493808547102
mammographic,l1_logistic,rf,12,0.127054046789741,0.173702870909905,0.12837250401047606,0.3439485988295459,0.3416342634437632,0.15065637717941716,0.1351971354709286,0.11531954971555107,0.3955641652789913,0.3872998921935231
mammographic,l1_logistic,rf,13,0.11328076613308187,0.1664246700551029,0.11619715776263269,0.34945981803735826,0.3303296010804854,0.15313771158718342,0.14214677105389734,0.11849531841989017,0.39640010046608704,0.3911281230231685
mammographic,l1_logistic,rf,14,0.11434504468010646,0.16110102531476314,0.11812198808968519,0.333367704534476,0.33837033313313075,0.16137330293484614,0.1407553404976773,0.12014122124059237,0.3996568558408132,0.39154619120335993
mammographic,l1_logistic,rf,15,0.1188657201447289,0.1667206090320616,0.12511386266764576,0.32964849253283157,0.34316543930095583,0.15500215401381673,0.1406017167700015,0.12047071505467397,0.3974453245559245,0.3894715430886855
mammographic,l1_logistic,rf,16,0.10853041671107262,0.16192903414722543,0.1171976569800736,0.3477461772741529,0.3439378079596066,0.1477444180297164,0.13724714537297672,0.11766282924268705,0.39567790396814767,0.39090951058123136
mammographic,l1_logistic,rf,17,0.1147706879916215,0.16918637964170322,0.12418266611648965,0.34245423402206965,0.34211243505677863,0.1602028523448953,0.13536937300777063,0.12365473402481968,0.3952250426507473,0.3922557982038796
mammographic,l1_logistic,rf,18,0.11033160946227404,0.17503817837004698,0.11918668605484799,0.33739888581578625,0.3443221278715723,0.15958339124454268,0.1377996042949528,0.11887872282376052,0.3990308544489775,0.38926050452199973
mammographic,l1_logistic,rf,19,0.11630130254710416,0.16379971560306666,0.12210062668171634,0.3432923143084103,0.33511281112826735,0.16130872498018162,0.13760634212734452,0.12022950604426193,0.3937852562122015,0.3910519914956734
mammographic,l1_logistic,rf,20,0.1185969714716208,0.16055703009849437,0.11975061464527964,0.34037676308515047,0.34305896284468623,0.15047880921133366,0.14147325792210053,0.11949508381733205,0.3943013960448892,0.3903611953305756
mammographic,l1_logistic,rf,21,0.11360558810938426,0.15774506530381402,0.11048924718890496,0.3379850604806796,0.33694436146927637,0.1660876641339845,0.13793827476935022,0.1198403614551494,0.3959799981986056,0.3901225958570945
mammographic,l1_logistic,rf,22,0.10927379782699835,0.16174756331050605,0.11451430016864128,0.3480733510568629,0.34642100094842615,0.15330808215577202,0.1390049103390794,0.11790323751687912,0.39665658656972924,0.39016179909204685
mammographic,l1_logistic,rf,23,0.1239799041083951,0.17286635281133161,0.1259613595440165,0.34706172963851545,0.3418398383893912,0.15951298487468785,0.14169935541726494,0.12307684272206386,0.3986753310146533,0.39032545198949115
mammographic,l1_logistic,rf,24,0.11696743301436584,0.16017183980013663,0.12110844590077517,0.33294029903465755,0.33358135782320336,0.16132723400459403,0.13557909324915177,0.11582896237703295,0.39732188749023756,0.390786705894364
mammographic,l1_logistic,rf,25,0.1253288773500788,0.1672360150478968,0.12581063478629445,0.3369419977875897,0.33008158262539505,0.16331484588035783,0.14157267104925048,0.11817072820244462,0.400889469449689,0.3905788028347302
mammographic,l1_logistic,rf,26,0.117065170077901,0.15841712994735868,0.1181117799236004,0.3414336978588956,0.34235400991602316,0.1511293825132719,0.14121701972358208,0.11657162427549247,0.39579609356353673,0.39014147956370965
mammographic,l1_logistic,rf,27,0.11759045545488427,0.15798801459740638,0.12195257027054804,0.33983541921120736,0.34246235164893,0.1551015625723429,0.13362723488553657,0.11756423174014119,0.3951444058460655,0.38907325722381375
mammographic,l1_logistic,rf,28,0.10518524890264852,0.1592777105077226,0.1114667343485567,0.34258143453360085,0.3465523488920793,0.1702725368325944,0.1410639694612818,0.12170228485985077,0.3953558017892065,0.3887759017057986
mammographic,l1_logistic,rf,29,0.11663344041497954,0.16068791064826293,0.12453387718037312,0.33954192294431296,0.329182233100558,0.1665484604790769,0.13558164951580481,0.11980567333200683,0.39553702345986524,0.3887936018484162
bcw,mutual_info,logistic,0,0.003871413037089091,0.010743134836932296,0.00351662245479198,0.30639054919647235,0.26933769052039275,0.017967147838418775,0.01804135209738196,0.00918722090763907,0.28665478443965325,0.24311157724754023
bcw,mutual_info,logistic,1,0.003377238779710487,0.010888985655680488,0.0033701356204279085,0.30435806529591064,0.26576978384097416,0.019665535373593383,0.017651953304966682,0.009709972814232292,0.2906347950549792,0.2478139113626791
bcw,mutual_info,logistic,2,0.0037874326367575493,0.010904412028238183,0.0033911907068504285,0.3143188510744563,0.267558692606627,0.02003547535992864,0.01799832336998989,0.009380983530421858,0.3001915570423869,0.25155852437304954
bcw,mutual_info,logistic,3,0.005043179171459793,0.010783395519057623,0.004180261205097082,0.3125299423088033,0.26934760137228,0.01803264930667174,0.018321147881839396,0.009832353422113723,0.28532940889537667,0.24603007775150013
bcw,mutual_info,logistic,4,0.0058961661809874884,0.011040217618517206,0.004357357859276847,0.3089521247774974,0.26422445021023,0.017380101604117792,0.01924062090129036,0.009844238391766812,0.29495822545461353,0.2446183907826194
bcw,mutual_info,logistic,5,0.0050297494122104255,0.010638296314720914,0.0038513447461806585,0.30281273166516653,0.26857988998285154,0.021398488439117135,0.018564592076080366,0.009734570803233183,0.2911146899483839,0.2496038249504562
bcw,mutual_info,logistic,6,0.004375496961792153,0.010700281479512224,0.003737124368669846,0.3099683667277783,0.267558692606627,0.02042582380374766,0.0173192300028721,0.00944060410626842,0.30668970546020846,0.2585192980992681
bcw,mutual_info,logistic,7,0.003546642363758583,0.010313439134077635,0.0033979503219041334,0.31074103354315036,0.26397096422343386,0.01991583411891427,0.016767588787896602,0.0098894207805008,0.2901636277990409,0.24565201122112068
bcw,mutual_info,logistic,8,0.006984586621850884,0.01021985870944787,0.0050746944796639555,0.30281273166516653,0.2649921615996584,0.020494777935636865,0.01727449374603811,0.009699079798949467,0.2940269850090451,0.24167410394535357
bcw,mutual_info,logistic,9,0.003405334986898702,0.010250019230165074,0.0035289714294766596,0.3079358828272165,0.26755373718068337,0.018140102176295296,0.018265764412143302,0.009342744077329171,0.295667230996389,0.2522342384055114
bcw,mutual_info,logistic,10,0.004199125772063085,0.012141120167069003,0.004239364051978639,0.3079358828272165,0.2614143440683525,0.019166432782059557,0.01663380827493104,0.009447926303743064,0.29305494010096417,0.2516444255279527
bcw,mutual_info,logistic,11,0.004395251989028361,0.010729139240241308,0.0035795018849656074,0.30281273166516653,0.26576978384097416,0.020345812784286085,0.01807299179297296,0.009551364838805353,0.28678630412280604,0.24425706916886183
bcw,mutual_info,logistic,12,0.006500987308573118,0.010805152743582083,0.004559505955577425,0.30204006484979445,0.26065158810486766,0.021201544272125762,0.017228889239786032,0.009337507192119378,0.2912286647450876,0.24399879210027292
bcw,mutual_info,logistic,13,0.003747422825535166,0.010635058536445011,0.00353003969109569,0.30614697406156355,0.26934760137228,0.018891522575071762,0.018840741292676606,0.009917162078456087,0.2920890116737903,0.2508024737559828
bcw,mutual_info,logistic,14,0.0035735624070668552,0.010334463245160491,0.003462732707399941,0.30537430724619147,0.2639808750753212,0.020422262613827232,0.01703509737986917,0.010097041982106201,0.29562263216289625,0.24871905261203242
bcw,mutual_info,logistic,15,0.003166826419854785,0.010882425495087342,0.0034278719505050513,0.30179648971488554,0.2603981021180716,0.019379774853179654,0.01615845314021961,0.009178292596775255,0.2994959002247876,0.25080178682375176
bcw,mutual_info,logistic,16,0.0038717364140662455,0.010893388496179754,0.0038348385386677607,0.30537430724619147,0.26397591964937756,0.019041553017257806,0.016956752711846844,0.009367092611082149,0.29118486949418027,0.24106428522968854
bcw,mutual_info,logistic,17,0.004940003065755739,0.009953304345779814,0.003820267032699965,0.30281273166516653,0.26039046808350974,0.019973947817150263,0.018119998959205602,0.00931114744098624,0.2956028104591217,0.24703674029104733
bcw,mutual_info,logistic,18,0.0036051908073712878,0.010972205016839601,0.003407043808767857,0.3186693354211341,0.26679098121719863,0.02025439501457963,0.01682951638955698,0.009001736501703508,0.2947375081044753,0.2405332951980919
bcw,mutual_info,logistic,19,0.003633911258499654,0.010894066845299363,0.0035089708557100425,0.3133026091241754,0.26218701088372454,0.01869728201678933,0.01830820602444722,0.00959916602820716,0.29039425600106644,0.24786722040909515
bcw,mutual_info,logistic,20,0.004253312438812835,0.010978587625542805,0.003668646363285081,0.30639054919647235,0.26756364803257066,0.018162389977044707,0.017927506752121854,0.00957180630640528,0.2947375081044753,0.2477933794274551
bcw,mutual_info,logistic,21,0.005381336250283615,0.010705769705003013,0.004619577509838008,0.29642976341792676,0.2596029349903068,0.019730062048543655,0.018932776623283513,0.010264803679280695,0.2867813486968624,0.2478155340882674
bcw,mutual_info,logistic,22,0.005843015179614457,0.011001204676693304,0.0043951189226736935,0.30460164043081944,0.2614093886424089,0.01962654574616839,0.017614075374448954,0.00980617825552794,0.29759081425090045,0.2475790088830998
bcw,mutual_info,logistic,23,0.0046772705375143905,0.010964934647075058,0.004064783292215286,0.3089521247774974,0.2657648284150305,0.020071674625157902,0.020074345874231105,0.010368838555465403,0.29381617851079417,0.2505333056796439
bcw,mutual_info,logistic,24,0.003648368313475685,0.010029645592017924,0.0034334987067006226,0.3099683667277783,0.2657648284150305,0.018562060721265775,0.018961866717125336,0.009590498581093348,0.29952563278044936,0.24474005662914497
bcw,mutual_info,logistic,25,0.003957464507354002,0.011044127074858533,0.0036279364977248717,0.30460164043081944,0.2568202845867657,0.02017469468105031,0.01797024821439161,0.009895967519104137,0.3010275286326641,0.2452894176062921
bcw,mutual_info,logistic,26,0.0033591369625685583,0.010390941370107463,0.003552019287031555,0.31151370035852244,0.26933769052039275,0.018188576669723375,0.017812597653973222,0.010025233659464748,0.2905280525015446,0.24615383285458384
bcw,mutual_info,logistic,27,0.003630801698936487,0.0103801688963515,0.0034283076903687017,0.3079358828272165,0.2657747392669178,0.018114467069897416,0.017355522033061066,0.00895966316089741,0.2958879483465272,0.2540654637788432
bcw,mutual_info,logistic,28,0.004310174076242056,0.011269737757536827,0.0036332593556383805,0.3135461842590842,0.2711365101379329,0.018902237915668037,0.017230545815005792,0.009470390469724166,0.2922601747644921,0.24520779478459862
bcw,mutual_info,logistic,29,0.00356250869707465,0.01077293824214233,0.0036440139777054884,0.3097247915928694,0.26934760137228,0.020128797558906227,0.01884800398691973,0.009952921517827657,0.2866327603243482,0.24388746144982218
bcw,mutual_info,rf,0,0.003422770804879875,0.009774649696548275,0.005374921096548252,0.2534761313384813,0.21624824642768417,0.044176214806284336,0.023748284921868385,0.01772097719524279,0.27464760912887504,0.23872264606353966
bcw,mutual_info,rf,1,0.006418662713364446,0.009927237217809332,0.005565776662764756,0.25727770230092145,0.22255535731203113,0.04365265688817149,0.024191697258982046,0.016405966492246682,0.2856543694133633,0.24793822076504957
bcw,mutual_info,rf,2,0.010154400200675552,0.010890258894173626,0.006087997534551664,0.2570539488697873,0.22071484278962716,0.04721982928639573,0.023045540733027753,0.01840243161963091,0.2764266070426407,0.24181202788248962
bcw,mutual_info,rf,3,0.004448247897408432,0.010156181715534887,0.005358824186694891,0.25449237328876223,0.2216731712264611,0.05033533645204729,0.02351670395948096,0.022663118762167547,0.27337558318870153,0.24175530026267317
bcw,mutual_info,rf,4,0.005766707107092853,0.012003339233953721,0.005721999994247107,0.2667761149393677,0.22097041481171065,0.04572209314151641,0.024485679074729833,0.017200617447083236,0.2674473752327705,0.23616910630836918
bcw,mutual_info,rf,5,0.004036498080913024,0.010583695354897983,0.0055920492719211045,0.26701969007427645,0.22296067689686444,0.05276909104666344,0.023467262249468643,0.021035898644474818,0.2769286235902893,0.2238475962762473
bcw,mutual_info,rf,6,0.003497480266418729,0.010072771465801846,0.004525802191661244,0.26498225074777115,0.22751542999900776,0.04237812994529168,0.024416127174117952,0.01668709599593561,0.26560395678173754,0.22536132232529688
bcw,mutual_info,rf,7,0.0030667531586315816,0.008109074671193445,0.0040469030361596344,0.25959570274703764,0.22580917567428072,0.044726054470020885,0.025965620820418474,0.017024000822141637,0.27311218635001816,0.23021843850479015
bcw,mutual_info,rf,8,0.004738280235315585,0.010479031624432658,0.005688091499902816,0.2555086152390431,0.2214956482220525,0.05555885460020306,0.022127840275331323,0.0228050870249169,0.2710499698937946,0.2387356373153378
bcw,mutual_info,rf,9,0.003750799838243283,0.009853591454534174,0.004986035280874099,0.2670246455002201,0.2207427230270882,0.043602706043671086,0.02527880640999226,0.017996163748525307,0.28541079427845467,0.23226099774379663
bcw,mutual_info,rf,10,0.004064216191337421,0.012049658593192066,0.006005319125666158,0.25450723956659316,0.21590486069009884,0.042967225569996326,0.026171702966766675,0.017171550506913873,0.2874432781790163,0.24328844622420454
bcw,mutual_info,rf,11,0.003239111147053207,0.00928573316335353,0.004572659541665825,0.2686393550941752,0.22336015857082092,0.04807697297646282,0.021272587688627834,0.018564924189311726,0.2710400590419073,0.24227528467383463
bcw,mutual_info,rf,12,0.0032311201873808453,0.010500240032188718,0.0047958097635445165,0.2613895669386343,0.21985553014386083,0.04889740188233571,0.023636192897718063,0.019527176131036574,0.2892123652408947,0.23459631693928865
bcw,mutual_info,rf,13,0.0036213796444155366,0.010392777779933414,0.005282526581669688,0.25602284064167546,0.22158126311074897,0.045026743171011574,0.0247480325204253,0.018335141659074645,0.27311218635001816,0.23976902236077507
bcw,mutual_info,rf,14,0.005850026733238251,0.010072076477700762,0.005172945886531796,0.26422445021023,0.22529146976403078,0.04456448855927848,0.022776068080736483,0.016857147960909948,0.2764662504501898,0.2477243781858026
bcw,mutual_info,rf,15,0.004201558503442294,0.01036723751791509,0.005046262607184549,0.26422940563617364,0.22594060692356352,0.04532853342358093,0.0236334306781086,0.01751548650839425,0.2853909725746801,0.25204057634216787
bcw,mutual_info,rf,16,0.0035201559399975486,0.009828341423312953,0.004674858192757991,0.25783157111110294,0.22857865695464666,0.05074008480598829,0.020249169867022628,0.01938116948874341,0.28384068351799224,0.2329966582501498
bcw,mutual_info,rf,17,0.0034665469925781343,0.008300637422247669,0.004237955030761936,0.2649921615996584,0.22602529945782682,0.04183311911336497,0.023920454291383054,0.015661681749184482,0.2907527434456953,0.2556134384475301
bcw,mutual_info,rf,18,0.006621405164334359,0.01107513564202196,0.006313299376749823,0.2608902078138329,0.22669234173577651,0.04672401858990709,0.023185737054952242,0.019073322065262587,0.28003415712960844,0.23231862775318693
bcw,mutual_info,rf,19,0.005838472260480369,0.010252198320694551,0.005375323603181949,0.25549870438715583,0.22175946496233231,0.05011550831424383,0.02231767498891639,0.01780373660426442,0.2712885896027597,0.23087886802840638
bcw,mutual_info,rf,20,0.005910741830726451,0.01064217577575498,0.0059028126539801325,0.2614143440683525,0.22022219800039491,0.043521923523773674,0.024323145483069807,0.01691587447082271,0.28538106172279276,0.24404664855303848
bcw,mutual_info,rf,21,0.003676087182637941,0.009090622663223094,0.004809816916914983,0.26065158810486766,0.21851795522722842,0.05179085529712846,0.024592329826303525,0.020691210010774123,0.2805312182513134,0.23644736942488342
bcw,mutual_info,rf,22,0.0037442347122504144,0.008857840372302125,0.004663347140849527,0.2598690104376084,0.21911677796335485,0.047140052079989635,0.023279220517577928,0.019316647138042067,0.2710351036159637,0.251277820378683
bcw,mutual_info,rf,23,0.003402589972680106,0.010437537887948073,0.00504115690063444,0.26675629323559313,0.22586713030545572,0.045253994970340536,0.021765363026664843,0.018247936177094668,0.28541079427845467,0.24053941235882167
bcw,mutual_info,rf,24,0.0034599265918772914,0.009902432947915405,0.005027352208783483,0.2588478130613839,0.22552608589380543,0.045187745814604,0.024832292659658226,0.01845592268229683,0.28003415712960844,0.23686897661984246
bcw,mutual_info,rf,25,0.0034702081209708143,0.009074302100422631,0.004006742661433583,0.27292046347764226,0.22589715045097408,0.049438297457177156,0.025009377577862403,0.01971840048613682,0.27311714177596186,0.23458747753084863
bcw,mutual_info,rf,26,0.0036551840048576895,0.009194702785228008,0.004486163515241937,0.264997117025602,0.223222909033427,0.047083046362992376,0.024448631437169126,0.01944387687790457,0.27821056038235004,0.2558669244343261
bcw,mutual_info,rf,27,0.0035374509323435766,0.0096660442130667,0.0047384785432900605,0.24987849210340085,0.2265036500814739,0.05309009289788272,0.024544150439604645,0.021123143903853354,0.2682524320266515,0.23827096617214186
bcw,mutual_info,rf,28,0.003529430435736583,0.009581344805108498,0.004710587623978675,0.25961552445081226,0.2225118737104105,0.042222365471844374,0.023541957418717223,0.016847821006446235,0.2748416300043475,0.243776019471086
bcw,mutual_info,rf,29,0.0038054766084641605,0.010865037624867662,0.005472746662408878,0.259873965863552,0.21993506684954117,0.0450502990916392,0.025552135133281945,0.01821511892030788,0.2712836341768161,0.23884263317303733
bcw,rf_importance,logistic,0,0.005094206335898168,0.010167166300111385,0.004005709660390582,0.3099683667277783,0.26959117650718883,0.020118641640565812,0.017432023667223063,0.009774119684258153,0.28593247546630296,0.24553073013658003
bcw,rf_importance,logistic,1,0.005493097719524168,0.010067840854213106,0.004247244126678635,0.2920792790712488,0.267558692606627,0.01751082512190543,0.016884474621535337,0.008397443150604459,0.2999536965970923,0.25498272910859116
bcw,rf_importance,logistic,2,0.005418732083995983,0.010669977185444013,0.004017503480569787,0.30000758094923263,0.26934264594633633,0.01441717154000657,0.016038656765217617,0.007854197446592636,0.2932251213597349,0.24258784786823967
bcw,rf_importance,logistic,3,0.004686820684252831,0.01128703617203173,0.004298667321622506,0.30537430724619147,0.2711414655638766,0.015921302243731852,0.01623053160194436,0.008308390255098944,0.31633070968865795,0.2588514658575702
bcw,rf_importance,logistic,4,0.004764433631758346,0.010081607847435309,0.0037683968640629725,0.30000758094923263,0.2621919663096682,0.021057275455696384,0.01790908803163002,0.009759027991497981,0.29304007382313324,0.24228312062322266
bcw,rf_importance,logistic,5,0.003846334834842789,0.010689079509433716,0.003690277550335939,0.30537430724619147,0.2604030575440152,0.01799306219125884,0.017383723629479403,0.009667628076535664,0.3030234938445026,0.25151988949938814
bcw,rf_importance,logistic,6,0.0037035028052145686,0.010810233272613344,0.0036018504876105324,0.30817945796212526,0.2729254189035859,0.02008101742341087,0.017100778656938886,0.009486126604526676,0.2921187442294521,0.24419457269212616
bcw,rf_importance,logistic,7,0.003424741583192051,0.010828805255578063,0.0035885921239603683,0.30716321601184443,0.2639808750753212,0.019981161799961625,0.017264140059794493,0.009694213277680396,0.30137007803145266,0.24950974626332206
bcw,rf_importance,logistic,8,0.006759338292955849,0.010734659787567694,0.0046240869541481384,0.29667333855283556,0.2632082082599491,0.018507503536803006,0.018122639687816456,0.009519534242690543,0.30557328354760754,0.24086658817209639
bcw,rf_importance,logistic,9,0.003922964057772474,0.011031083390596195,0.0036889439069418485,0.30716321601184443,0.27036879874850456,0.018990095616667185,0.01838753367795634,0.009989003643842762,0.29472920441775896,0.2462311760840239
bcw,rf_importance,logistic,10,0.00364428111054649,0.01101547354234804,0.0037029642760043903,0.3133026091241754,0.2657648284150305,0.017708642068121113,0.016233847564804674,0.009118728270585783,0.29585607290397076,0.23757254996023222
bcw,rf_importance,logistic,11,0.0035347570171593602,0.010156769692004488,0.003417379099781764,0.30358539848053856,0.2621919663096682,0.02033079738758531,0.017848229815662198,0.009835400237946811,0.2939851391899655,0.24768141020229145
bcw,rf_importance,logistic,12,0.0035281966012100313,0.010578657329426585,0.003400729557214276,0.3097247915928694,0.26576978384097416,0.01247697897396759,0.017732239658379553,0.007715685177864783,0.29107866266246935,0.2528005309720996
bcw,rf_importance,logistic,13,0.005180692144684775,0.010925160262293095,0.00430591221485765,0.3079358828272165,0.2675487817547398,0.016885953070571436,0.01674621583388237,0.009553327589516073,0.2955621399270401,0.24473970506346707
bcw,rf_importance,logistic,14,0.004292478592382813,0.010859431330442877,0.0037119862321350052,0.3025691565302577,0.26576978384097416,0.016256730042035653,0.01803471294109655,0.008737773440568938,0.2983226918094811,0.25086923164054786
bcw,rf_importance,logistic,15,0.004321975559394082,0.010424872881938963,0.003695753350056441,0.31074103354315036,0.26398583050126484,0.013273576296004345,0.014702638217787174,0.00772866040814503,0.3002016018247051,0.2519042698360973
bcw,rf_importance,logistic,16,0.0039034627165976136,0.01088831201600763,0.0039091216298718385,0.3089521247774974,0.2632082082599491,0.011390560484753781,0.014721844163533518,0.00669551704846312,0.30639054919647235,0.258592967461301
bcw,rf_importance,logistic,17,0.0036909777860398866,0.010171395407594446,0.003397561777838999,0.3010238228995135,0.26141929949429615,0.02092922856576527,0.017470616964103316,0.009487592821739634,0.2967521792577261,0.2534525193719996
bcw,rf_importance,logistic,18,0.003711398945381192,0.010621352867784567,0.0036941622209772755,0.30639054919647235,0.2639808750753212,0.01993091660971013,0.019292216207656462,0.009973979370345385,0.29112294899162333,0.23962056724967298
bcw,rf_importance,logistic,19,0.00559943093942307,0.01128912655621364,0.003990561086837246,0.30460164043081944,0.26576978384097416,0.016435395915343192,0.014488146257842713,0.007939493955223366,0.3047578929247755,0.24013974417407025
bcw,rf_importance,logistic,20,0.0033740080602063034,0.010784386172602588,0.003267812043434041,0.3089521247774974,0.26934760137228,0.018541920722685613,0.01859956253954589,0.009324709124462552,0.2884909706474171,0.24868740344722243
bcw,rf_importance,logistic,21,0.0049170524646169915,0.010081401555373421,0.003643794209722535,0.30179648971488554,0.26756364803257066,0.017896917900022596,0.017733410904020495,0.00901113566795708,0.2888746370130568,0.2365527921827734
bcw,rf_importance,logistic,22,0.004036593080738476,0.010909457417856597,0.0036656593166519828,0.30639054919647235,0.2711414655638766,0.01727214680767058,0.014925569684989369,0.008891163054021952,0.30226877370687233,0.26196121632257136
bcw,rf_importance,logistic,23,0.0033000566486300004,0.010339648965556291,0.003409659659790642,0.3079358828272165,0.26039314669212793,0.011901113127705233,0.015985846057318957,0.007669884232927071,0.29920518157819864,0.24248750523586307
bcw,rf_importance,logistic,24,0.004394207063144747,0.01026862901407147,0.004182442818171442,0.30614697406156355,0.2657598729890869,0.02139882981778433,0.017110274677515237,0.00963257305668496,0.2922434334606285,0.24417038834570018
bcw,rf_importance,logistic,25,0.0038304291543063617,0.01089679023776685,0.0035513930272993424,0.3079358828272165,0.267558692606627,0.016288142532263652,0.016434553737246536,0.008824692913181355,0.30913127937513896,0.2507569086217935
bcw,rf_importance,logistic,26,0.0034230461815731718,0.01063716343130531,0.003325884168712685,0.30435806529591064,0.26756364803257066,0.015771493156351055,0.016343811976021118,0.008345416585826597,0.2922728981554285,0.24268785264157544
bcw,rf_importance,logistic,27,0.003302270096899854,0.010667771150059987,0.0033795691467608515,0.30716321601184443,0.26934760137228,0.01641771095451633,0.018450623789475373,0.009053553428190069,0.3011377533773023,0.24784578362448353
bcw,rf_importance,logistic,28,0.004905745015321725,0.01066534796652473,0.003972086656615578,0.31074103354315036,0.26500207245154567,0.017511373650021797,0.018915902175467986,0.01009931795418472,0.2924759366886867,0.24597000308281683
bcw,rf_importance,logistic,29,0.0035297274039957057,0.0100807321772885,0.003274212644165413,0.3133026091241754,0.26397096422343386,0.014527892409086415,0.01730568781896625,0.007600374978039524,0.3002549061362069,0.25120898962522564
bcw,rf_importance,rf,0,0.0037336535932809803,0.01088629118885664,0.005215881849826581,0.26242563059268975,0.22517687199240524,0.049629666336615884,0.023442492673583587,0.020212259698206215,0.28051139654753887,0.2535611116574228
bcw,rf_importance,rf,1,0.003198537925083373,0.009395574971267973,0.004598697512320866,0.2765081918608354,0.22595905989497692,0.03650441193724545,0.023776715931779477,0.014197474617130728,0.2861834610938267,0.24060610971341442
bcw,rf_importance,rf,2,0.005849005517233266,0.009462043552718086,0.005460679017261644,0.2588379022094966,0.22339341916975278,0.045339556828176544,0.021143819987866817,0.014481643670689798,0.2756935836348178,0.24779147733168808
bcw,rf_importance,rf,3,0.005488581239667644,0.009294125789247043,0.004768080903652528,0.2552501738263034,0.22331563840450927,0.038486899046797245,0.02416830405982895,0.01482595971495726,0.29614424687237223,0.2433392058575191
bcw,rf_importance,rf,4,0.0033083294578683756,0.010133087225996072,0.004930359433953659,0.26243554144457704,0.22417239152642557,0.052768779536173496,0.024527790789716918,0.01923773774389133,0.2725731838176677,0.2212505291310314
bcw,rf_importance,rf,5,0.0034344772550283903,0.010786156195428326,0.004878311566557661,0.25704899344384363,0.22972630328971927,0.04395344148635828,0.02384146831868645,0.01639729538175939,0.2838654606477105,0.23200259805484544
bcw,rf_importance,rf,6,0.003544842660182223,0.0095348696855117,0.00444570078411551,0.2588478130613839,0.22355632483585897,0.03266578762149615,0.020682314175039317,0.012837687224042259,0.28488170259799134,0.23260990510695959
bcw,rf_importance,rf,7,0.003444695290395994,0.00890423049493714,0.004553842883230484,0.26242563059268975,0.22226821854184195,0.028117289931678325,0.01771189161806825,0.010095049557033218,0.28874503667485163,0.2332003369247793
bcw,rf_importance,rf,8,0.004483896706408081,0.010929167071779575,0.005884277651910212,0.25449237328876223,0.21985179165652294,0.046466423457769995,0.024518983606877123,0.019556048968578633,0.2777260675353795,0.23713884888856632
bcw,rf_importance,rf,9,0.005893757927942609,0.01014963726347307,0.005192168696199315,0.2509145557574563,0.2217363325360486,0.03693793073837511,0.020596483620199772,0.01454220473884118,0.28463812746308254,0.25214423849569156
bcw,rf_importance,rf,10,0.003587236324030351,0.009918888336702602,0.004711614127940375,0.26856997913096425,0.2242911994655078,0.03850316648957919,0.021701692708748332,0.015426918158000746,0.27466743083264966,0.23814378295933264
bcw,rf_importance,rf,11,0.00304728114168271,0.01068002182843188,0.004585171284350982,0.2621919663096682,0.22222049881626804,0.037032314668190375,0.02193901163027721,0.011677777281520405,0.2716286158336942,0.2519380299510063
bcw,rf_importance,rf,12,0.0035066854986127373,0.010929371863288915,0.005355560115211421,0.26856006827907697,0.22689068726719586,0.031698046597082453,0.022390338828635222,0.012286996696940458,0.29077752057541345,0.24929181033764677
bcw,rf_importance,rf,13,0.005903276264239523,0.011798693807422237,0.005887185513022072,0.2552749509560216,0.22418632245580902,0.030838584921594223,0.014138911835748533,0.007996097518463283,0.26191140519005746,0.24020092486731315
bcw,rf_importance,rf,14,0.006655760067842287,0.011898737754151468,0.006043896057374569,0.2529519950839617,0.22254542104337438,0.0565443797510982,0.021658258111360292,0.018566646568648926,0.2830927938323383,0.2444004484325855
bcw,rf_importance,rf,15,0.00397988787209619,0.009636438173496801,0.004741750400544873,0.25347117591253765,0.21980567003514945,0.03572279338539574,0.018634691087434686,0.012589238733607691,0.2882159449943884,0.24516280260477757
bcw,rf_importance,rf,16,0.004221016015827097,0.0129759086056761,0.005950701487082487,0.26318838655617455,0.224478250299981,0.033524563861326656,0.019960757978755996,0.01005533406558104,0.2501617106458588,0.24478507349701265
bcw,rf_importance,rf,17,0.004500313301762096,0.009621510063805,0.004962416193594094,0.2588379022094966,0.22990475955515843,0.04054935406041275,0.021303258074625256,0.014930614049200909,0.28488170259799134,0.2469868011433287
bcw,rf_importance,rf,18,0.003499172627691534,0.008264961276129582,0.004453641460671732,0.26420462850645543,0.2214636406299526,0.031906237320465596,0.019026531217455612,0.012192668572083992,0.278011584080934,0.2350083977420522
bcw,rf_importance,rf,19,0.003239868534716704,0.009149145919871558,0.004350595173783174,0.264997117025602,0.22229685769811977,0.035992341033071445,0.02292130537743306,0.015656039257978156,0.27902782603121484,0.2485271793481292
bcw,rf_importance,rf,20,0.003260508590254396,0.009618122778563686,0.0043548676611533076,0.26955648852558334,0.22712243091577902,0.04342803429434664,0.023246205650971238,0.015831255238498366,0.27644642874641534,0.24593091578549867
bcw,rf_importance,rf,21,0.0036691600275673905,0.00937398966395758,0.004918625416751316,0.25807514624601174,0.22281857953166312,0.03926182561781946,0.02181268728988829,0.013943436119703372,0.26548922272136327,0.24217046146534763
bcw,rf_importance,rf,22,0.003442316794772689,0.01085349715608188,0.004750351982332565,0.2624305860186334,0.23155576601875794,0.025859960328989632,0.018930174982656953,0.010130499639077768,0.26471655590599125,0.22712469469756102
bcw,rf_importance,rf,23,0.0033379830752368294,0.011480360680642482,0.005094627263045136,0.26243554144457704,0.22226908512777585,0.04783115181725193,0.02376300339608716,0.018656217080544,0.27129354502870334,0.24253908330381072
bcw,rf_importance,rf,24,0.003725155928463642,0.012482634986769343,0.0053960093897860864,0.2588279913576093,0.22348544471886134,0.0446908292374084,0.02366406272091256,0.018447884637602805,0.27644642874641534,0.23864688608312204
bcw,rf_importance,rf,25,0.00618902469837241,0.010062419043546782,0.005045781790826307,0.2580553245422372,0.22124364874575608,0.03077367735668181,0.019998328085441146,0.012913694888221236,0.2838654606477105,0.25235848286623114
bcw,rf_importance,rf,26,0.006415100679660865,0.009399434564144288,0.005109443982870785,0.2598590995857211,0.23150357474746483,0.05020041872820886,0.020405607733225722,0.01774259471917724,0.2687815237071148,0.22314107621258533
bcw,rf_importance,rf,27,0.0033407557073369923,0.00944889818571296,0.004141084655489177,0.2570589042957309,0.23119240303810498,0.04120448419864017,0.021936969106642272,0.01605218192518603,0.2923228542061576,0.2539137273488626
bcw,rf_importance,rf,28,0.005475311079402577,0.00946453252118272,0.004721036994005978,0.2606367218270368,0.22225288436767468,0.046679088184771594,0.02220566386872663,0.019536235519891084,0.27312705262784914,0.23721467902301915
bcw,rf_importance,rf,29,0.004064686911420762,0.00899904860122049,0.004587929490245203,0.2670246455002201,0.22669570619943025,0.0445502049392726,0.02253782896843661,0.016562274018250216,0.28362188551280165,0.24960288640973372
bcw,l1_logistic,logistic,0,0.00668679007857182,0.011726277902058782,0.0042253816325040034,0.3135461842590842,0.2614093886424089,0.012125715660677107,0.014252127678010134,0.0069517870855233645,0.29664597242601526,0.2530707809906338
bcw,l1_logistic,logistic,1,0.003918524370516328,0.010693041033264558,0.003774743733635705,0.3099683667277783,0.264997117025602,0.012358547713935034,0.013337337563563794,0.007162751378055454,0.3109778678375989,0.2568330235219135
bcw,l1_logistic,logistic,2,0.0032300843403478535,0.010619519691728939,0.003403413440982188,0.3158641847052004,0.26576978384097416,0.011615091362591805,0.013056807623507362,0.006817103016000116,0.3132737476031576,0.26139802710289145
bcw,l1_logistic,logistic,3,0.0033018380119766125,0.010705543052035419,0.00342592762607724,0.3143188510744563,0.267558692606627,0.012942825499997066,0.013229133435084616,0.0069833054314318585,0.32470816991299617,0.2651434851988199
bcw,l1_logistic,logistic,4,0.005374175754669702,0.01094223919153567,0.0038818356609057144,0.30817945796212526,0.2729254189035859,0.013268342248807189,0.013427941771130934,0.007222428803198775,0.3140337806391094,0.265046101393769
bcw,l1_logistic,logistic,5,0.00638384154354164,0.010193306413604225,0.00439895876661967,0.30204006484979445,0.266786025791255,0.016725142359898255,0.013302335907725763,0.007392284116356469,0.30994863463551975,0.2573380259852403
bcw,l1_logistic,logistic,6,0.0034686844229222676,0.010949698371670867,0.003564625797567725,0.30614697406156355,0.2711239206774275,0.012233136786009001,0.014189237390505977,0.007182112504441382,0.3147336789115829,0.26446322202504413
bcw,l1_logistic,logistic,7,0.004727322701407808,0.010641779937153569,0.004234882724643322,0.31074103354315036,0.2711365101379329,0.011719090737614594,0.012793007990578982,0.0060445907754487545,0.30960619668314265,0.2581580844302873
bcw,l1_logistic,logistic,8,0.005164228819145793,0.010679809858441408,0.0037324193968575033,0.30716321601184443,0.26218701088372454,0.010732350831340429,0.0123047124575516,0.0057214794615995535,0.3131074060079685,0.2600915043696263
bcw,l1_logistic,logistic,9,0.004645955518445424,0.010242678895306358,0.003879821884969643,0.30358539848053856,0.26576978384097416,0.011927718654654428,0.012662394406654086,0.00589813616544637,0.30915257431365345,0.2543974777976615
bcw,l1_logistic,logistic,10,0.0038878082985355153,0.010686162989854434,0.0036061683001818302,0.31074103354315036,0.2711365101379329,0.011554331702541026,0.011935009983209123,0.005927947346678149,0.3168121895877762,0.2520793600126444
bcw,l1_logistic,logistic,11,0.003348619954791169,0.011055969901698501,0.0034641308744342543,0.3168804266554813,0.26756364803257066,0.011638702486248638,0.016241952961439272,0.0070488484600360465,0.30286933991852616,0.24957145219411786
bcw,l1_logistic,logistic,12,0.0035248220053580876,0.010578150894330701,0.003350459701560015,0.30537430724619147,0.267558692606627,0.011432037571343204,0.01177322207151269,0.005709930526580766,0.3018544372725544,0.2530558788513697
bcw,l1_logistic,logistic,13,0.0038383260612459957,0.01041890130844783,0.003528892172459057,0.3125299423088033,0.2721577075141575,0.0116992292105396,0.012730105334517948,0.006188940406875064,0.31593170877552235,0.26331958812271644
bcw,l1_logistic,logistic,14,0.004244404449212751,0.011324792509268046,0.00394740736183416,0.3133026091241754,0.26576978384097416,0.010558224050677774,0.012059795200647101,0.005945244764821066,0.3059166811724585,0.2583965522036463
bcw,l1_logistic,logistic,15,0.0053112586142673515,0.010420471330071533,0.0041360562401186116,0.30817945796212526,0.2632082082599491,0.015317050678826716,0.01255299694099942,0.00784146785065399,0.32096039466486664,0.2677889022248883
bcw,l1_logistic,logistic,16,0.003945102509234904,0.010721055706487403,0.0035933033696195884,0.31151370035852244,0.2649921615996584,0.011758659470174706,0.013224169002400595,0.006689478948651595,0.3199208488196076,0.2540381646087121
bcw,l1_logistic,logistic,17,0.00522791481364502,0.011274259837946974,0.004159937474902817,0.3135461842590842,0.26243554144457704,0.013074812822086144,0.012237336098561914,0.006834834374013332,0.3143138513295977,0.25201102674234516
bcw,l1_logistic,logistic,18,0.004071854373288929,0.010977743756935096,0.003917387878856152,0.3089521247774974,0.2596353461545868,0.014430931660251414,0.013769472163124886,0.00776537161058971,0.31083527624759555,0.25232900112915857
bcw,l1_logistic,logistic,19,0.005497700189487698,0.011074617361078141,0.004368006230759632,0.30179648971488554,0.2578414819629902,0.013908240573243098,0.013658713876920935,0.007011075367415907,0.31590586020235684,0.2540883120909432
bcw,l1_logistic,logistic,20,0.0036404298997032686,0.012179888456528582,0.003805116822960299,0.3125299423088033,0.2649921615996584,0.014360703842089964,0.016153179812100706,0.00850481960849573,0.3118923226603888,0.25961934472084985
bcw,l1_logistic,logistic,21,0.005223083978250997,0.010839698057907403,0.00426569340066802,0.30639054919647235,0.26857988998285154,0.013024374067589975,0.012630300817945186,0.007342398504726321,0.31135559597167745,0.25781793275426
bcw,l1_logistic,logistic,22,0.0046384929608260924,0.0105056688862924,0.003787201037194433,0.30614697406156355,0.2632082082599491,0.010867218648288936,0.013380337149946957,0.00597692198926308,0.30561332874644936,0.2564910229354938
bcw,l1_logistic,logistic,23,0.003889262705529199,0.010560665034016738,0.0036684000946802056,0.30817945796212526,0.26576978384097416,0.010152401064362384,0.011970640827514027,0.005708213311735886,0.30763433894886777,0.25665397389441735
bcw,l1_logistic,logistic,24,0.003462236325335491,0.010639078796226095,0.0036032759075161954,0.3079358828272165,0.26756364803257066,0.01004417924865026,0.012331968023451007,0.005820277171209352,0.3108126420047719,0.25454104828087976
bcw,l1_logistic,logistic,25,0.003811078919746299,0.01078630312618621,0.003574780477232559,0.30537430724619147,0.2685650237050206,0.010189804573855534,0.012313419672553167,0.0056334497481583595,0.313038833627343,0.2617628245843982
bcw,l1_logistic,logistic,26,0.0033643792335685823,0.011010354452513327,0.003559830660280925,0.3079358828272165,0.25861414877836225,0.01080922711825716,0.011501765775371205,0.005544333770006748,0.3071867434487695,0.26196445042501887
bcw,l1_logistic,logistic,27,0.0037256602172725667,0.011200059526785095,0.0035455903058712705,0.30639054919647235,0.2657747392669178,0.01588804075568235,0.01539611244223529,0.008300707701565404,0.3103031484861362,0.253393586019355
bcw,l1_logistic,logistic,28,0.0036454936495020442,0.01048401540155986,0.003476716716458058,0.3025691565302577,0.26576978384097416,0.010575917484395417,0.01296220757517411,0.005907170222771951,0.31272851681892666,0.2566911444262239
bcw,l1_logistic,logistic,29,0.004662242156234576,0.010094519954173743,0.0037933349219200314,0.29744600536820764,0.26141929949429615,0.013377056539899996,0.01291314017558513,0.0067009592781095886,0.32206547680975506,0.26127091200406455
bcw,l1_logistic,rf,0,0.0036275334715673785,0.009478843016933495,0.004562716325395204,0.2596105690248686,0.22043963848099815,0.03364820689534333,0.015019969760140573,0.012193856646739911,0.31147175894787676,0.2596909912384927
bcw,l1_logistic,rf,1,0.00532774072890177,0.011758676402435985,0.0054707631044278145,0.2585992825005314,0.22803514261064473,0.028152176955152097,0.01901979169036023,0.01140621700614592,0.29740406395756197,0.2453301668538327
bcw,l1_logistic,rf,2,0.003509514881174914,0.010164135517795998,0.004594889199524459,0.26319829740806183,0.2316260644660378,0.024590258814742222,0.013629312321555493,0.009735295360096461,0.32196163640688574,0.2653090140118754
bcw,l1_logistic,rf,3,0.0034654680811981226,0.01089789509848909,0.005009749547109856,0.2614143440683525,0.22203887149199875,0.02440529946649736,0.014966296101909594,0.009855458373855984,0.3012673980344223,0.24900328103790087
bcw,l1_logistic,rf,4,0.004043840586449654,0.010934478041021933,0.005272940951902091,0.255255129252247,0.22133268752012203,0.025513725144442875,0.013585893771168889,0.009639680074843822,0.3015109731693311,0.2607663221652419
bcw,l1_logistic,rf,5,0.005329064746423761,0.010071306552599272,0.005323656469642923,0.2606367218270368,0.22081693630962845,0.030923311347060056,0.011868003699853708,0.009747182250074093,0.31147175894787676,0.26991479772086646
bcw,l1_logistic,rf,6,0.005540330524736183,0.011240239664501888,0.005300138959699341,0.25807514624601174,0.22437622963492887,0.02739366189699372,0.012618684900111019,0.010670122501766462,0.30788898599062725,0.2501192641526009
bcw,l1_logistic,rf,7,0.003245726702420282,0.009323195069359334,0.004785363271942729,0.2588527684873275,0.2139654895195553,0.030326765926907025,0.01624963392968583,0.0094240635602688,0.30561788238110027,0.2676799017876334
bcw,l1_logistic,rf,8,0.004963588554701915,0.009766390632510037,0.005577357793017188,0.2509145557574563,0.22283963616590352,0.026268666493420776,0.01396378575906899,0.01055011636443564,0.31224442576324885,0.2579280031623911
bcw,l1_logistic,rf,9,0.003257515360207101,0.009887188900656518,0.004622385629892679,0.2649921615996584,0.2271440463280953,0.02583782990216057,0.016915131332338934,0.011182070767579787,0.2943553381067194,0.24358883017723867
bcw,l1_logistic,rf,10,0.0032809356589005266,0.01053070350452442,0.004700609380413897,0.26319829740806183,0.21994402874026608,0.033754001445431545,0.016783231500747252,0.01150667209479185,0.2943553381067194,0.25108109790913224
bcw,l1_logistic,rf,11,0.0037349042693070817,0.009756735864130003,0.004535769687521276,0.26063176640109315,0.22960047795086916,0.032201610465174405,0.015972696439628273,0.009619358008324967,0.31403333452890186,0.25557875046592465
bcw,l1_logistic,rf,12,0.004057802082615562,0.011222749306791463,0.005339278296504583,0.2616331420735431,0.22337411870198978,0.025056844123202422,0.012285316868990079,0.009686794962633215,0.323959432325842,0.26437215785856427
bcw,l1_logistic,rf,13,0.0038125186697335074,0.009533086259319076,0.004655515765272927,0.2570737705735618,0.22135635847720994,0.03301820307946925,0.013282591622426365,0.010682566676168185,0.31452048479871947,0.2488599521500235
bcw,l1_logistic,rf,14,0.0037019512388127246,0.009905784047010596,0.005018819818292658,0.25986405501166476,0.21861155520947673,0.024134342197117513,0.013709119136143994,0.009426200505064968,0.31403333452890186,0.25877251325668293
bcw,l1_logistic,rf,15,0.003580223292411208,0.00908231111360947,0.004607920503274321,0.25782166025921566,0.21998949555799874,0.031877346520668245,0.016522000957687417,0.00969632362198824,0.30277079025452086,0.2506317333552886
bcw,l1_logistic,rf,16,0.004070134555520149,0.014111673116329703,0.006041387771094019,0.25371970647339015,0.22590958544982395,0.027715625529716098,0.014205402192953307,0.011259920532140819,0.30073830635395915,0.26100989730015084
bcw,l1_logistic,rf,17,0.0037237694666737214,0.01003383583220942,0.0045586480926882505,0.2660133589758829,0.23440073440526235,0.042852706043255584,0.01843514531360435,0.01461194180477472,0.29382624642625604,0.24579652451253528
bcw,l1_logistic,rf,18,0.0029598372599787502,0.010122416154341911,0.004435554002686205,0.2649921615996584,0.22655429364175764,0.01703389823159282,0.014334038114702347,0.009368586625450037,0.30049473121905024,0.2572147549983942
bcw,l1_logistic,rf,19,0.00336971471815111,0.01075724891514985,0.00482240634192805,0.2542190655981916,0.22967775195957818,0.024682981087776463,0.018678008985539632,0.010258434004376711,0.3247667871228195,0.2509747801324506
bcw,l1_logistic,rf,20,0.003617164553824079,0.009433265110123601,0.004378352254363185,0.25986405501166476,0.22596296364417698,0.027021289688627024,0.017321312461680578,0.011869026505955116,0.30073830635395915,0.2594596082434631
bcw,l1_logistic,rf,21,0.003787764749941687,0.009300402415195601,0.00462350962534029,0.2695663993774706,0.23218206435765557,0.025575418830304862,0.01610708485278574,0.010672272753489892,0.32143254472642235,0.26204596095420624
bcw,l1_logistic,rf,22,0.0035608088119435223,0.010385124310312372,0.004564629187069261,0.26856997913096425,0.22503533074336524,0.03905969843537915,0.01791870008686389,0.013127803424938318,0.3071212746011988,0.2601554700123645
bcw,l1_logistic,rf,23,0.004299031756013409,0.011089357974287036,0.005342640413314033,0.25527990638196524,0.2178186570377378,0.031457987628436004,0.017002759790443318,0.010536638362153005,0.29155018739078553,0.24644762295675865
bcw,l1_logistic,rf,24,0.005845380834738244,0.01078820428779208,0.005233832617750635,0.2642145393583427,0.2199907680931963,0.037362008480661374,0.01684084603810675,0.013339940079499672,0.2971604888226532,0.2509454618596111
bcw,l1_logistic,rf,25,0.00414483430532489,0.010333157877136233,0.005468215238578223,0.25091951118339995,0.21633388236294682,0.018179368169309963,0.01394317117247173,0.010212026575985252,0.3012673980344223,0.24711299189643607
bcw,l1_logistic,rf,26,0.003660190016146924,0.01071022107228091,0.005062790847757542,0.2632032528340055,0.22657726128613204,0.0269839258601064,0.01538488685396229,0.010616148670207963,0.3188709691453974,0.2673247324963213
bcw,l1_logistic,rf,27,0.003320483341084103,0.009325841708221708,0.004675637925336489,0.26319829740806183,0.22873379741328606,0.02612504512050153,0.0135347836625427,0.010171687229686335,0.29000485376004137,0.26152412270278313
bcw,l1_logistic,rf,28,0.004341516079414835,0.010330457475356738,0.005247321044885148,0.2519407085596244,0.22368063950117853,0.027636858336971836,0.014406377204162168,0.010669065313711748,0.28923218694466923,0.25178934418723703
bcw,l1_logistic,rf,29,0.004909517747747315,0.01142521653248461,0.006320536357946197,0.24578644916946263,0.21203334987220004,0.031261327135653695,0.014885940495229497,0.010496330087492078,0.29691691368774437,0.24665898376737805
spectf,mutual_info,logistic,0,0.05280323753251059,0.3098485051423285,0.15940526384339077,0.7872343494794279,0.706251869344202,0.05601368198644697,0.32638829628548616,0.17526899280806457,0.7806558647682394,0.7163871280793108
spectf,mutual_info,logistic,1,0.06330738340683603,0.32256334208899806,0.16696609695347173,0.7604271801171484,0.7123943575833637,0.05515955032741056,0.2665244005737091,0.1614706861347316,0.780280896491957,0.7414245459395125
spectf,mutual_info,logistic,2,0.06897806895707077,0.3569669142929718,0.18896299316073606,0.7512029471699028,0.7236869354001574,0.05712148717581443,0.3041656315764385,0.16144341706338478,0.7833200322559001,0.7477002177992734
spectf,mutual_info,logistic,3,0.060061660541312525,0.3020957693441191,0.15699452407553544,0.7636918746468008,0.7329815519746616,0.05314575414578373,0.32129910935370026,0.15224161217774487,0.7780216411681662,0.7390008492093196
spectf,mutual_info,logistic,4,0.06209931687556694,0.29006525961009777,0.17672766783537933,0.7549576986039856,0.7007639421965104,0.057992456198368195,0.2901398909248354,0.15743944194318737,0.7978178252807245,0.7653723420947333
spectf,mutual_info,logistic,5,0.0580516225520687,0.326113490426141,0.1661552135629481,0.7665233279404849,0.7168138678101066,0.05658816476900768,0.3310065652102781,0.16565354445819028,0.7853976547999901,0.7335487236404326
spectf,mutual_info,logistic,6,0.06380791631422168,0.3074857106184835,0.1692495971426554,0.7610052737202065,0.7209141672731083,0.06182133622958474,0.3204035899747968,0.15407631409787917,0.7847556621377999,0.7256121909261546
spectf,mutual_info,logistic,7,0.0610831534142338,0.2928993027269832,0.15533420739247292,0.782661217146704,0.7313233073620721,0.06503431362408447,0.3329447225120541,0.18783376338093422,0.7721866224679118,0.7247721411769468
spectf,mutual_info,logistic,8,0.06735204136196186,0.3372876756336586,0.19217771599501343,0.7722576418914692,0.7098228378357303,0.06030350679872267,0.3328820590988611,0.1950782503180348,0.7634755399708884,0.7379909607656611
spectf,mutual_info,logistic,9,0.06418686019790128,0.31016684651706705,0.17043850470093877,0.75619543505301,0.7152892538049688,0.06298146575796233,0.32128828771748463,0.17910279162731224,0.7872983996807661,0.7311279766109046
spectf,mutual_info,logistic,10,0.05681570545593561,0.29739656963779915,0.1661251327034589,0.7599929756232501,0.7388952382448837,0.05539113046286057,0.2786527161559142,0.17053318287287242,0.7973518564713086,0.7526440001082504
spectf,mutual_info,logistic,11,0.06512293527364954,0.3403468752607911,0.17654215376378551,0.7587340588603974,0.7110734815279335,0.05470188167754197,0.3325848128005061,0.15589568587234093,0.7846540158514225,0.738580675081221
spectf,mutual_info,logistic,12,0.06902421050871853,0.29903767339483084,0.18623719415753956,0.7747116143874858,0.7174705448420919,0.06320459583836438,0.35404863057049685,0.17409840093783147,0.7807910777324566,0.7407454786751058
spectf,mutual_info,logistic,13,0.07474708355772619,0.34969091966390675,0.19824907057437352,0.76262701790381,0.6900847563793304,0.06922262641931715,0.3245148428029725,0.1985370870960973,0.7539014554804293,0.7368357141729307
spectf,mutual_info,logistic,14,0.05480864699678355,0.30837441408406746,0.1594864624468105,0.7757285457720355,0.7241737710914272,0.056863974427644945,0.2975855505281344,0.14673816927212321,0.7984726107872572,0.726725349722305
spectf,mutual_info,logistic,15,0.06781732135734365,0.32827284949124674,0.19397757862830892,0.7497372573715622,0.7122992538094399,0.05532502978634576,0.32348577658458827,0.15029322767477304,0.7775997852928166,0.7252211922773265
spectf,mutual_info,logistic,16,0.06446075612011687,0.2840173184858288,0.16111043979087675,0.7741083623342733,0.7089044737468599,0.05861110668785615,0.3171654906424657,0.1731731804377643,0.7886090433647909,0.7365959258724999
spectf,mutual_info,logistic,17,0.058143102067262246,0.3097701799862984,0.15334297116914097,0.7531441742297563,0.7251989315800514,0.05791540095282144,0.30754757288161433,0.16026848928926146,0.7869046975663221,0.7446546938472856
spectf,mutual_info,logistic,18,0.06818791870119464,0.318655933689189,0.1878172049409323,0.7777846417801085,0.7062161903371029,0.06110055830360619,0.3043883810301183,0.17263088018659833,0.7744985109415263,0.726244659862859
spectf,mutual_info,logistic,19,0.06323963313318662,0.3533979906843798,0.18220644875403363,0.7751381862526788,0.7049375009624262,0.0642032368665083,0.3586520909812979,0.19083256867419623,0.7841550752272733,0.721297421639475
spectf,mutual_info,logistic,20,0.06960737525044493,0.34117430282945405,0.2011583702130566,0.7422568768514267,0.6885222209623115,0.05602674751290401,0.31561254796660143,0.18100901200366726,0.7955498216793997,0.7634878682050905
spectf,mutual_info,logistic,21,0.06549578056484556,0.3330833418099274,0.1817682750207085,0.7603216153841791,0.7035223889576584,0.05999450783066327,0.3131365850260016,0.17543083587002958,0.7953803934161006,0.7329065658157553
spectf,mutual_info,logistic,22,0.07488702997819416,0.34810542323925303,0.20215515026172104,0.7666439150733072,0.7082781550700269,0.0624185102772421,0.3218104957568634,0.169851178535426,0.7512918551594808,0.7248557742051182
spectf,mutual_info,logistic,23,0.06595616160621272,0.3048925311160233,0.16386674556002043,0.7581790947446763,0.7095320438316403,0.054675292685162476,0.32967345783882973,0.1685279763726904,0.7955234556454404,0.7365125464688785
spectf,mutual_info,logistic,24,0.07108933343142931,0.3294977802065976,0.20544698045058007,0.7455421608498337,0.6933647117218238,0.06779104781620886,0.36318424508950986,0.2166359123131691,0.7857628854392358,0.7269065199232806
spectf,mutual_info,logistic,25,0.06734087548582007,0.35108274340799733,0.20274440792052378,0.7758535945945806,0.726259672050157,0.06644124492336584,0.3666052745622294,0.20381562194450206,0.7707130117564344,0.7265902965097518
spectf,mutual_info,logistic,26,0.06277005316995789,0.3075840665440339,0.1776341528964988,0.7925636204153521,0.7143122847833311,0.0563662576182576,0.3004933615406263,0.171866600285284,0.8047476898325397,0.7429417364901061
spectf,mutual_info,logistic,27,0.06453834997369341,0.30469542847512027,0.16915581352789655,0.7668438672824077,0.7138445723319213,0.05547776908794898,0.3025371981270908,0.1640021361368625,0.8028044439416571,0.7558673717583426
spectf,mutual_info,logistic,28,0.06843789355046932,0.3189733509642681,0.17755992800715087,0.7675519835960782,0.7211000627509339,0.060417697483770454,0.2955202360011807,0.15293742048030157,0.7849818728709258,0.7480775454314298
spectf,mutual_info,logistic,29,0.06119009642866379,0.3080999974719069,0.16502808205099637,0.7729819244038411,0.7244517249327195,0.06060049042816711,0.33504034060501975,0.1701100997821158,0.7656507209513642,0.7131282474930137
spectf,mutual_info,rf,0,0.061177734908908085,0.3153083326794749,0.1697998604955043,0.8020389766503015,0.7240268428123159,0.07482994107124985,0.3420528100160254,0.1958003178783819,0.800668632340903,0.7031978278218047
spectf,mutual_info,rf,1,0.05839274697967386,0.3211108339313813,0.16919435416375914,0.8152803298349109,0.742792437686506,0.0690309520417573,0.371668693795422,0.1905958362099769,0.7864304210489271,0.734008537064335
spectf,mutual_info,rf,2,0.06014974877548967,0.3286531222229392,0.16479287512742377,0.796576922514013,0.7298004619833909,0.06495744890754272,0.34245645852531487,0.16215187053328803,0.7921309524039516,0.723574340560468
spectf,mutual_info,rf,3,0.06466593586823317,0.30632488748501496,0.1711441315599166,0.8010308399142098,0.7354468252390931,0.0698050588563027,0.372524121382269,0.18372094045462545,0.8010591467498885,0.6930462039504587
spectf,mutual_info,rf,4,0.06399106286593986,0.3472484224284573,0.17946487769746872,0.7972959106291191,0.7367911831384476,0.06992829604139675,0.3409098397986498,0.18735590855216258,0.8099302433317936,0.7069220550398879
spectf,mutual_info,rf,5,0.057383016875797686,0.31888275089100904,0.1497184271496349,0.8205000974374302,0.7235303283034519,0.06035507340984439,0.382791059871962,0.16824627429251968,0.7989093455472434,0.7181509896438689
spectf,mutual_info,rf,6,0.05451395826488192,0.31095149463655936,0.153288062086861,0.8141651294596751,0.7285628229712057,0.06489222867719527,0.33225599190220606,0.1712202804948385,0.8084183916784774,0.7211314776755069
spectf,mutual_info,rf,7,0.06301732726187734,0.3440700873962491,0.18522456739728343,0.80727936284733,0.7057359065309688,0.06003886396973645,0.28994152792479905,0.15948256999602234,0.7856659222225818,0.720516020794085
spectf,mutual_info,rf,8,0.057584973802184504,0.31355281116885064,0.15646105842594055,0.8190244456912424,0.7489368785398817,0.06063769845606608,0.32860928202011586,0.16067002812461284,0.8191740475240161,0.72908213396248
spectf,mutual_info,rf,9,0.05834373631426727,0.2980533711219262,0.1579245337256905,0.814910065568926,0.7261134066109897,0.05969388644222497,0.27635961969149403,0.1491583744566656,0.7824157348278372,0.7095032325369072
spectf,mutual_info,rf,10,0.06168009793566212,0.35429935047336863,0.17918325907482544,0.8220463702812072,0.7301119375671152,0.07390468748596672,0.31013452357113624,0.19465224560370376,0.7886747965747913,0.7152891815628387
spectf,mutual_info,rf,11,0.056351134775892396,0.2814577325518231,0.15261631793503122,0.8283543116702043,0.7311268057336531,0.07165858153842802,0.33797884121553357,0.17943863572555474,0.7925401402293919,0.7149847073143277
spectf,mutual_info,rf,12,0.054814985415408066,0.33723271754232637,0.15564980501575282,0.8087494207108094,0.7208686908912852,0.06962392895368406,0.36187704806656706,0.17251282834502352,0.7960612584299788,0.689726618365333
spectf,mutual_info,rf,13,0.05849730204203929,0.35834497162159584,0.17129110951854723,0.8125791691919637,0.722896207443387,0.06286585063291324,0.34076340971367586,0.16643377404360876,0.7798421033858688,0.7020241678729228
spectf,mutual_info,rf,14,0.06340369782343082,0.3546073462902629,0.1743031559733084,0.8072500908083914,0.7244712842767029,0.06834001532610658,0.3495397418112178,0.16915179843126946,0.7921556692295866,0.726482221115307
spectf,mutual_info,rf,15,0.058684941691101014,0.317140012344087,0.15317094564172135,0.8138088789804536,0.7346593017778599,0.06411441957476266,0.3109898234620273,0.14399261500055915,0.787393600290459,0.7287658455315691
spectf,mutual_info,rf,16,0.061869021853218166,0.35669142896260253,0.17139669181920036,0.789977093966429,0.7336820847395635,0.071028747967423,0.32992133224518366,0.16125418272463388,0.779592041100823,0.7042760710371911
spectf,mutual_info,rf,17,0.06126027800162951,0.34605076881253666,0.17983739433154744,0.8136286532949777,0.7070384057953578,0.06303417129066152,0.3093170512651273,0.16769534720000195,0.8069671654475336,0.7158610982091458
spectf,mutual_info,rf,18,0.06327786290284693,0.3341846922384732,0.17937055306472416,0.8200121206069312,0.7223023129091799,0.07999827659355363,0.2899950984128353,0.178556392364223,0.7883743524813582,0.7218191423441461
spectf,mutual_info,rf,19,0.054334319496171075,0.34295743305068793,0.16006024773211455,0.8271913158944069,0.7277704132008451,0.061904132145123636,0.27955000581809464,0.1487602910028865,0.7960704784945138,0.6966238104530029
spectf,mutual_info,rf,20,0.06317729780193507,0.34765923452961756,0.18300797743608582,0.8123332272342657,0.716282988647378,0.07351765063095557,0.3562001724332383,0.1924307173145065,0.784593068227255,0.7046119656973169
spectf,mutual_info,rf,21,0.0626506923885033,0.3006556652796232,0.1645789351065166,0.8005588723514147,0.7424433786300323,0.07098598038175848,0.3553782350584104,0.1914727563692467,0.7775087096380787,0.6850692582052531
spectf,mutual_info,rf,22,0.05644842591888575,0.2953272769343732,0.15647946612805147,0.8133486578354446,0.7231121019907454,0.060813523621907915,0.2952401906026456,0.15700409375371405,0.7904320665155975,0.73566076793582
spectf,mutual_info,rf,23,0.06240191199435418,0.304400446676547,0.15571824723843752,0.8146440838961563,0.7032859460781622,0.07014391189272401,0.3555300014215798,0.16331542322539577,0.7885937636540349,0.7035160270555001
spectf,mutual_info,rf,24,0.06086118445510865,0.3488802811080316,0.16440700447913253,0.8257156641482188,0.7308075535346575,0.07012926077444633,0.32182146986768945,0.18007214873963825,0.7693310736203329,0.7047316137162078
spectf,mutual_info,rf,25,0.059635276304039773,0.3188671720761579,0.16621428154677564,0.8076491799840466,0.715757318574634,0.06523019089760425,0.35191600552380964,0.16359948432517532,0.7741790363271172,0.7063967273495124
spectf,mutual_info,rf,26,0.058258571985990354,0.31875234088017734,0.16133959417518517,0.8097085126449008,0.7228991324713321,0.0651383758973768,0.3383260748834689,0.16910244493204277,0.7847274131657906,0.712089122858048
spectf,mutual_info,rf,27,0.05560999776342665,0.30907379895941356,0.1506048392380267,0.8388043637039122,0.7301936192853786,0.06420926817076364,0.2818616951473619,0.1534597542222682,0.7977187777148858,0.7142567171165286
spectf,mutual_info,rf,28,0.06482142925850978,0.35051743157666737,0.17794138789976263,0.8122763228723078,0.7328883398216928,0.06401733486248132,0.3064311223797027,0.16180332851590223,0.8033479707137053,0.7097328954294078
spectf,mutual_info,rf,29,0.05762566485727359,0.3170007454748899,0.15538393316692634,0.8163857173151139,0.712927728074147,0.06574525340537427,0.3428844232359496,0.19401781638308702,0.8148687603619529,0.7372160871018902
spectf,rf_importance,logistic,0,0.06610040424683669,0.3311064355886986,0.18888931377683243,0.7634063575324567,0.7188133346659672,0.05332229253892795,0.3046508228971969,0.17385599633203713,0.8078717184750911,0.7646029029628465
spectf,rf_importance,logistic,1,0.0577722208978111,0.30042780467414154,0.14615874629525724,0.7918906070540548,0.7173507429200148,0.05743835056317627,0.3089698831159724,0.15755561397413828,0.7823375245198187,0.7463022540648536
spectf,rf_importance,logistic,2,0.06763205718668358,0.32878844298549864,0.16849596709551293,0.7768340729582672,0.7268512724614947,0.05289667460738294,0.3110445180090866,0.14031168861660873,0.7999935645139417,0.7634805472928147
spectf,rf_importance,logistic,3,0.07382893204072866,0.371466397060408,0.20559413591782838,0.7562890768894198,0.7072391011456528,0.06275897131275605,0.3267446972805528,0.1689769975884438,0.7885257153743118,0.729940973840924
spectf,rf_importance,logistic,4,0.06216679190161147,0.3457636766271509,0.1652576792376125,0.7738505000524664,0.7303454472229817,0.05632009069500628,0.305571341198139,0.15717122376316262,0.7741584722585917,0.7393683099821594
spectf,rf_importance,logistic,5,0.07693742276584582,0.35649177609060156,0.21401904573406386,0.7505704190813903,0.6996736766845456,0.06956720408648637,0.36248886978478906,0.197724433646234,0.7620351643788199,0.7374176814799608
spectf,rf_importance,logistic,6,0.06132352420954705,0.32783850618178756,0.18240391927740096,0.7571002087450064,0.7206680769570591,0.05485605312174643,0.29364260277516774,0.16704733553117201,0.7890096784412327,0.7288850394512864
spectf,rf_importance,logistic,7,0.07005145082116612,0.3293151173355606,0.19919817870071882,0.7563247972232764,0.69059117028014,0.06015939823998324,0.30244287389220526,0.17040238517811857,0.7895255517913216,0.7530003269904211
spectf,rf_importance,logistic,8,0.06777031694272452,0.3343763929312522,0.18724269626662554,0.7790694132132797,0.6884920044881098,0.05694528136033975,0.3307615815911774,0.17277294568721413,0.7930879706382992,0.7236159687638524
spectf,rf_importance,logistic,9,0.06535868717102569,0.3056177465917702,0.15695181429175578,0.7695421174625342,0.7186947108441368,0.05656173309517943,0.31077813308894464,0.1533922872619978,0.8086390591987789,0.7483558434653663
spectf,rf_importance,logistic,10,0.06352341635473058,0.284595703940386,0.1770303833556028,0.7767143723743909,0.7054085813039968,0.05329481763478188,0.2996463244623033,0.15224256965886024,0.7814630822181315,0.7317505114519857
spectf,rf_importance,logistic,11,0.06641857253415438,0.3347197602675062,0.19476655718986605,0.7683241838447179,0.706745896153901,0.0552642933406988,0.31413957054545005,0.16076319690527885,0.7786172040018786,0.7391641710271949
spectf,rf_importance,logistic,12,0.05950045580356852,0.3271737779983976,0.16540766373506657,0.7782734614696485,0.7210352511358684,0.055745133531759576,0.3028568820659108,0.15322557335238646,0.7971272527534423,0.7362173899317388
spectf,rf_importance,logistic,13,0.07790563842143179,0.30361830858208894,0.19980561988040868,0.7521951649636756,0.6915905612509432,0.06719282149787424,0.3472631702347053,0.17918864123672096,0.7659158427206595,0.7235335923456386
spectf,rf_importance,logistic,14,0.06320218337088002,0.29353437790982534,0.16543862250196667,0.7635996022917357,0.7219331589533455,0.05756124558151132,0.30000680431443516,0.1533099643346411,0.7859874063401543,0.7409173518283755
spectf,rf_importance,logistic,15,0.06638655328699772,0.33167099804039024,0.18429187199828936,0.7522620134176133,0.7003052833640945,0.05035211338390351,0.29756447172135597,0.15568084657631995,0.8102082031845826,0.7374743918676981
spectf,rf_importance,logistic,16,0.07148980224248849,0.3275360961011892,0.1830621731676343,0.765079278208093,0.7122342925457282,0.0678317896289452,0.32756117772386184,0.1844879030620083,0.7727977048502476,0.7315788336621618
spectf,rf_importance,logistic,17,0.0626007523824626,0.3453484111395081,0.18077976840874002,0.7605195711805554,0.7025940376355959,0.057995057485916386,0.30439190132858535,0.17416958629092644,0.7844266737765713,0.7344953350592425
spectf,rf_importance,logistic,18,0.05924122840560632,0.31565529678431886,0.17015899628979175,0.7564642200792717,0.7373379083685425,0.051117490419492206,0.2706037384580294,0.134772432032156,0.7891515238038367,0.7515696030586639
spectf,rf_importance,logistic,19,0.05922880754379875,0.26351760913352906,0.16714368349433592,0.7756605748763027,0.7187887203543607,0.05256588966652879,0.234364657043256,0.1415371752637272,0.7947174184516413,0.7401033662072771
spectf,rf_importance,logistic,20,0.06351537342788692,0.3482966187933326,0.18757544617357003,0.7632708848800092,0.7246293651738579,0.057319595248704086,0.31428189594723044,0.1589874995600265,0.7909977854810715,0.7507300543724219
spectf,rf_importance,logistic,21,0.06695473094354286,0.33789362076511087,0.18620679545087984,0.769811712780493,0.7240020881193125,0.0631195869881193,0.3356969933541007,0.18951865456024952,0.7881042163113224,0.7325681573129191
spectf,rf_importance,logistic,22,0.06781144928670751,0.33872047510510306,0.17795813276601702,0.7699787557919047,0.697868631161342,0.056144168472546996,0.32141027944062733,0.14032329704653643,0.7916801435636773,0.7617623691470089
spectf,rf_importance,logistic,23,0.07410384571993765,0.35413325356680225,0.22214925878591374,0.7317500134857736,0.6799085496875092,0.06264076573062975,0.30865289791847755,0.17722829102595017,0.7760344771084213,0.7237397738964472
spectf,rf_importance,logistic,24,0.055986032382522595,0.3036887843984434,0.1519923183408542,0.793145446803308,0.7357575229764526,0.053185230727217925,0.3063618504402487,0.14832261970563027,0.7906534788965122,0.7397964184009738
spectf,rf_importance,logistic,25,0.06541614839879145,0.32016188422737524,0.1818492491207072,0.773498291923404,0.6988721396137435,0.061972586323183976,0.32882337362079966,0.1513397523048285,0.7870296790894928,0.7254058708811111
spectf,rf_importance,logistic,26,0.0671936281148103,0.32686707537735654,0.184641002455015,0.7723288156037981,0.7181044470464508,0.05575582108950904,0.29538696669083214,0.16140481848796284,0.7695321068999567,0.7461755113867987
spectf,rf_importance,logistic,27,0.05916425554693795,0.28395354372050907,0.15969763655770744,0.7754183066551953,0.7272828081873751,0.0602509950143125,0.322783672005058,0.1493661047542821,0.7741723739665883,0.7278713243861558
spectf,rf_importance,logistic,28,0.06691589660354952,0.36436961175744154,0.18940675515893712,0.7774166697798637,0.7212644253836833,0.054459786738053316,0.28878283803526295,0.14886598850656044,0.7957859073186455,0.7208292627120725
spectf,rf_importance,logistic,29,0.07109496717672774,0.3124380691108698,0.20005888978938668,0.7645986049848341,0.7206872384684496,0.05449691796513083,0.3182294274309603,0.15998350575940756,0.8024675447685594,0.7524872584799543
spectf,rf_importance,rf,0,0.060846821461690646,0.33471433014210517,0.16091950594654114,0.7996219021807143,0.7532747014100745,0.06726046684359122,0.36716425940159736,0.15846730818457025,0.8144806250834463,0.7118705427405585
spectf,rf_importance,rf,1,0.05359040423127325,0.33107896572695483,0.16580862875184274,0.8242539453346517,0.7474849596282224,0.05825511762472175,0.3163935872921071,0.1653030630756284,0.8025901042960252,0.7228974087419765
spectf,rf_importance,rf,2,0.056959289821876,0.31110346416191925,0.15387156733761848,0.812152920694647,0.7250568628353972,0.06228995702458539,0.2790469153151346,0.15935519026846492,0.7880078975323648,0.7170579779830097
spectf,rf_importance,rf,3,0.05559257226081628,0.2991844489254654,0.15435817787284198,0.8098409429298151,0.7247124207321494,0.058630658676214024,0.30081776862381604,0.16468995126205804,0.8180959449481181,0.7269563428208737
spectf,rf_importance,rf,4,0.058863825116854396,0.3289761212171409,0.16908341088508788,0.8051501248618932,0.7402991218374726,0.06490701444383322,0.301594141286379,0.16913090038537335,0.7851364980811792,0.7107388357965665
spectf,rf_importance,rf,5,0.056540689946843276,0.30603736381536895,0.15064519553180447,0.8197939343347231,0.7221993902309239,0.061341945536238854,0.30809484417594435,0.1511462822987975,0.7932265120336971,0.7254689222364821
spectf,rf_importance,rf,6,0.05979404314521357,0.3140628018903932,0.1631932751092967,0.7996268070060815,0.7284553732305303,0.06736964427661621,0.3274076914510269,0.17202888382867598,0.7995640952259064,0.7266579646580227
spectf,rf_importance,rf,7,0.05622417009992441,0.3633086070128234,0.16962179963310953,0.8271435204938451,0.74452520347229,0.05494278717211666,0.323759905900383,0.15517952093331572,0.8079140038436994,0.7161915104814964
spectf,rf_importance,rf,8,0.05796115222173241,0.3149910806078505,0.1631968203291422,0.8206325277223446,0.7361013764593107,0.06371870134729929,0.3169876317938368,0.16202608349385023,0.812403595841394,0.7049679845939728
spectf,rf_importance,rf,9,0.05802965506733716,0.3060586808305959,0.16091899361273146,0.8371305654005881,0.7533648384663569,0.06610449798271581,0.3669750623399193,0.17876687772956562,0.7857143682084079,0.7206794522978155
spectf,rf_importance,rf,10,0.06185990604360174,0.3413139143568008,0.18209234731975538,0.8132073904771707,0.7411582313772639,0.07087074173927678,0.3422881917794003,0.1898905054174224,0.7903988535627402,0.7302632936069156
spectf,rf_importance,rf,11,0.05660428768296967,0.30700703281774105,0.14421543553289673,0.8153551518242307,0.7224249459666489,0.05931238772639875,0.2880350459448054,0.1374714083842854,0.8014094427845115,0.7273743309478855
spectf,rf_importance,rf,12,0.05562206713692416,0.27685835417397764,0.1507272820191049,0.8030032804011608,0.7321437989788805,0.05953782599555901,0.24710642049089157,0.1437627431638172,0.7645267050699514,0.7038214995744202
spectf,rf_importance,rf,13,0.057934032789887686,0.2978085567354423,0.15625586872946298,0.8052108554546052,0.7389497018829694,0.0612836325435993,0.3110861603567896,0.16078974299820498,0.7814015380968754,0.7207993783255539
spectf,rf_importance,rf,14,0.04870358929330685,0.2828846808718437,0.13703448171963067,0.8352963769102463,0.7505096182122384,0.055373169801879424,0.29878281577790083,0.14732151597486579,0.8195406598177442,0.7342725159124163
spectf,rf_importance,rf,15,0.058393865119546674,0.31987614211775306,0.18210761848811363,0.8032681409709895,0.7411680912750598,0.06510498200977757,0.3254403778962923,0.1923830234752631,0.7866800527296651,0.7271686752239818
spectf,rf_importance,rf,16,0.05498349045115038,0.3104512757681277,0.16016384149109342,0.8152367353260798,0.7496888550933081,0.06122057003472786,0.3027034185645324,0.15606049844311187,0.8149932226115381,0.72046521535077
spectf,rf_importance,rf,17,0.0627647958869867,0.33263991118198244,0.17333125810618813,0.8312438868293979,0.7165088497428044,0.07783890184117655,0.3529227295985071,0.20561888827557503,0.7922702532298432,0.6820428507541801
spectf,rf_importance,rf,18,0.06534219915960152,0.3290092006667052,0.17827605431501908,0.8186649920607606,0.7215905207112566,0.0732829232981557,0.350757461628879,0.19086828395029665,0.7689388823541792,0.7078967672883307
spectf,rf_importance,rf,19,0.06178382313552805,0.29586313414786736,0.16706844126433,0.8139413092653679,0.7288523933050456,0.06931263936700655,0.35072175282964024,0.1774319349774252,0.8001834903073718,0.6898340702413961
spectf,rf_importance,rf,20,0.0604190423372792,0.32471528619741286,0.1677678344652644,0.8107390781357842,0.7220172481146087,0.07177082752869174,0.3166034481981528,0.1837292083947203,0.7842195929940831,0.7050851991082827
spectf,rf_importance,rf,21,0.06442896456788594,0.31801099745753847,0.18009940935721902,0.8130360018650541,0.7514061813418496,0.06964571475963281,0.3627744294054265,0.189535965269153,0.7772979539719892,0.70844638323638
spectf,rf_importance,rf,22,0.057495309064818895,0.30792599922630526,0.15672915536580953,0.8207509442204954,0.7237052214700687,0.06282071787130009,0.30833305110104947,0.16854397426242457,0.799630805190441,0.7094440277880242
spectf,rf_importance,rf,23,0.05911068839054686,0.33944102507619667,0.16834004104725875,0.8071176605234771,0.7389500841403521,0.07036509626232787,0.3596787064033946,0.1943425019598558,0.7959994492426536,0.6900948330100524
spectf,rf_importance,rf,24,0.05545786255339516,0.3229460410744236,0.14591159450007332,0.8226508489830594,0.712554083723942,0.06928304998346616,0.35175563662003756,0.17601485852078683,0.7827885509943733,0.6856257963490751
spectf,rf_importance,rf,25,0.06287270970629365,0.34662424078754156,0.17977609602570535,0.7899519657970601,0.721686012630856,0.06721463378269608,0.3346142736659754,0.173397900434665,0.800711185730426,0.7100202625470181
spectf,rf_importance,rf,26,0.0590441102344663,0.3377199594410095,0.16436718564567915,0.8193371016616326,0.7278170463512659,0.06828422935437344,0.352063584477589,0.1823557271089853,0.8002019955624845,0.7217892370761358
spectf,rf_importance,rf,27,0.05665381996946901,0.3438232659211381,0.16306454543268284,0.8141673348704649,0.7286071065373781,0.07036681598140136,0.30802896925445766,0.17354137608889514,0.7742298241409438,0.6973171476012221
spectf,rf_importance,rf,28,0.05801166136327273,0.32530142092262826,0.16274179853972298,0.8033595308803823,0.75446311602692,0.05660835505784301,0.27685145779882775,0.13713971224502325,0.8124161780962055,0.7238073541279605
spectf,rf_importance,rf,29,0.058165393385030954,0.31781656627138233,0.16005746636993468,0.8252894965050449,0.7184381237309334,0.06499844982279485,0.3315714380412752,0.16111723933466177,0.7834955694502207,0.7038121597905281
spectf,l1_logistic,logistic,0,0.07124031165225848,0.36122889723950535,0.19857979276036503,0.7728187548366781,0.7073067422467126,0.06004059438398847,0.3106837258911299,0.16376633040205973,0.7820373443360066,0.7263264976202367
spectf,l1_logistic,logistic,1,0.060269599038053435,0.29560497843506317,0.16003382260651172,0.7905500942189672,0.7499675683086826,0.05685763035656713,0.3019023047774387,0.15685836436895836,0.7934122707306238,0.748679674692705
spectf,l1_logistic,logistic,2,0.06285838485561847,0.33081110408441117,0.1969450126070167,0.7723197910403086,0.7160925320393429,0.06328532207728647,0.32858380213827865,0.2031895052005503,0.7710459582675672,0.7141393658159281
spectf,l1_logistic,logistic,3,0.06264777507733235,0.32426930081275795,0.1704645513838665,0.7775489947091557,0.7053186121833024,0.06028152106451424,0.3600482384207198,0.17109869232291625,0.7941134152873363,0.7334532600092322
spectf,l1_logistic,logistic,4,0.0735503102121502,0.34252409211443224,0.22117475678361143,0.7548506581476092,0.6919318164178337,0.06864162028784349,0.3450845301540897,0.18893629146079133,0.762154431394691,0.6969364240703332
spectf,l1_logistic,logistic,5,0.06151923917685709,0.31001468072016525,0.17460264734784625,0.7915343209821127,0.7205418083126379,0.061843527732638015,0.32342773394103275,0.15709327897621797,0.7889738277052365,0.7389680366693177
spectf,l1_logistic,logistic,6,0.05840114178170923,0.30263160637363834,0.16256441015319278,0.7677556344473198,0.7302823472652289,0.05758645213304031,0.3225481310675007,0.16057624473163135,0.777814400673446,0.719885195677457
spectf,l1_logistic,logistic,7,0.06422850379563062,0.29806498435083284,0.15982840316511515,0.7840309230261141,0.7104358686571047,0.06016723240777164,0.2855191513012081,0.1352686784094161,0.7753486092177851,0.7348877353680341
spectf,l1_logistic,logistic,8,0.0653173264631078,0.2802100559861993,0.17444165339079598,0.7810067771210442,0.721801311222273,0.05674490466069634,0.27995558026847445,0.15388622461048246,0.7753535161797079,0.7277238656877065
spectf,l1_logistic,logistic,9,0.0703840434286256,0.33398180716118275,0.17988431001274852,0.7712698751483223,0.7087277173449743,0.05909777994827282,0.29429775865803953,0.1522479730877724,0.7867943691500733,0.736948514008111
spectf,l1_logistic,logistic,10,0.06449861966231113,0.3394022104724711,0.17243110460140929,0.7710443745693706,0.7147722947970541,0.05993684279002052,0.3143097235690081,0.15399275009567293,0.784668061662176,0.7203379063237069
spectf,l1_logistic,logistic,11,0.06796514792393546,0.32998286728187753,0.18521335402413902,0.7729720565150517,0.716424813267537,0.06452599777825807,0.3298474945373952,0.16229568810783346,0.7870087873567053,0.7133386988796654
spectf,l1_logistic,logistic,12,0.06756110979401843,0.30195887099906726,0.1766618312078148,0.7664169730098986,0.7317580061067218,0.0637925081218473,0.28732592727830075,0.1526472115564143,0.7559827405314196,0.7242344294326202
spectf,l1_logistic,logistic,13,0.07052687940024195,0.3402712015791314,0.19158349104683656,0.7584682567523745,0.6977000254116502,0.06635415457201255,0.3664083248962311,0.1770422742677037,0.7838536255709677,0.6944844029928209
spectf,l1_logistic,logistic,14,0.06979586486801793,0.3810013630442036,0.21165551029184487,0.7595531436846022,0.7013263125734238,0.06815253683686949,0.36054058400398403,0.19751371137152063,0.761932866314092,0.7035903747267543
spectf,l1_logistic,logistic,15,0.07136222316418275,0.3293435838931428,0.18347798099235754,0.7678548742259369,0.7015756032647772,0.07109883768876264,0.29144177796635123,0.17437888424027537,0.7775819289375723,0.7191017261395539
spectf,l1_logistic,logistic,16,0.06778851902492133,0.31096952204798683,0.17748368846016874,0.7668833024501193,0.7016871789966701,0.06325221352820928,0.3445626051910369,0.16572042237886653,0.7999510910013548,0.7176288160719647
spectf,l1_logistic,logistic,17,0.05412349828400007,0.33568280430211334,0.1572564606322821,0.7679549197937829,0.7182496615564189,0.05652404185617527,0.34790297571878004,0.15433373145348622,0.7797413501923248,0.7253882827362057
spectf,l1_logistic,logistic,18,0.06247676262243826,0.30057321363611955,0.1746460228121256,0.7688169894049546,0.7165948683202805,0.05977016809660553,0.3114064723379098,0.1671210844993168,0.761932311514673,0.7359436497035955
spectf,l1_logistic,logistic,19,0.05668732915340836,0.3125129646837806,0.1640582377301392,0.7837917195710253,0.7298867510975712,0.055315417797493965,0.29265177672772724,0.14454235916771646,0.784191141605588,0.7533623355959854
spectf,l1_logistic,logistic,20,0.06714363307433228,0.3125046055179125,0.17831538630139304,0.7699470649511332,0.7321914327252609,0.07195523949331667,0.35907193907227,0.1818548859164833,0.7754750618475283,0.726512754121332
spectf,l1_logistic,logistic,21,0.06658891783448526,0.3265389149878908,0.17371328008229758,0.7690262040558133,0.7040689467900533,0.062435222535258364,0.29790736665965234,0.1633448197093689,0.7917799553736437,0.7309907926413952
spectf,l1_logistic,logistic,22,0.06385980534138287,0.3064594209392343,0.17842142219084134,0.7662020864671235,0.7155817184694043,0.06431910964695461,0.3205986188369664,0.17217060124918837,0.7857962306238837,0.7267652008781075
spectf,l1_logistic,logistic,23,0.07198137584422493,0.33194038709435447,0.19267731541842337,0.7587644358574746,0.6911813722063154,0.07267189220564334,0.3105401438821015,0.19455750009275652,0.7670924473782067,0.7077910317089763
spectf,l1_logistic,logistic,24,0.07590889642646641,0.3617580854947603,0.18814759087962635,0.7585914162267634,0.6901700312833929,0.07319916742622687,0.31935511816540973,0.18506957847143565,0.7638357336566456,0.7068734109325597
spectf,l1_logistic,logistic,25,0.06620386326855798,0.3190675280737489,0.17737293009780755,0.7672882767608677,0.7254071752635622,0.05945527591414551,0.3226453426602388,0.15517796977939308,0.7795234788085997,0.7279725987513103
spectf,l1_logistic,logistic,26,0.06417123581752346,0.3532918625243485,0.18548510069375074,0.7686072763478539,0.697550696989003,0.05788959349563388,0.32468642690701266,0.14737352631187478,0.7739583877839392,0.7157461107679067
spectf,l1_logistic,logistic,27,0.06470245916489104,0.3136645393524294,0.17725954856498952,0.7579710732392313,0.7321804155877059,0.06274669910761649,0.3212488667014298,0.1736044522733204,0.758390088447569,0.7168644241479876
spectf,l1_logistic,logistic,28,0.06822897596775501,0.31283217325147616,0.1891906337509811,0.7574733604025143,0.6947790222761974,0.0678614454238695,0.3188841821160797,0.18050600843299003,0.7559229507261724,0.7116803050968274
spectf,l1_logistic,logistic,29,0.060768016344636154,0.3070544489900456,0.19424380191299775,0.7727890573348959,0.741823794753677,0.06376423712695511,0.32350595727526377,0.18335052921680084,0.7643694541659928,0.7301976166242068
spectf,l1_logistic,rf,0,0.05458757925190138,0.3068352926390049,0.16133313962595422,0.8286051584532694,0.7361338313132975,0.06485923322025348,0.35771561960928083,0.17585867111456494,0.8039417629286901,0.7226529582291836
spectf,l1_logistic,rf,1,0.05736935508125624,0.28931441773243916,0.1447881822792385,0.8394107570325623,0.7299251202743914,0.06637850169282168,0.31408787490704926,0.16330376550134565,0.7960502464886111,0.71636570005839
spectf,l1_logistic,rf,2,0.0610587485827957,0.3087491393861971,0.16862364076165842,0.8059546647476794,0.7211583238954757,0.06554030085684366,0.3181545242493702,0.1685346793708024,0.8035065950068646,0.7006295900023262
spectf,l1_logistic,rf,3,0.05627689267531327,0.2933089228522056,0.15637665013943902,0.8299145983007448,0.7246759437393644,0.06452260014950158,0.29803237323437437,0.1640657149538965,0.7714327852852448,0.7219037305071329
spectf,l1_logistic,rf,4,0.055537025013636436,0.2989117564331176,0.15745938649181537,0.8149718747562511,0.7233754399559161,0.05850341603002922,0.3113348327441654,0.16515993686741343,0.795863647647466,0.720227480692815
spectf,l1_logistic,rf,5,0.06377430841212982,0.27096861815165213,0.16293194697768001,0.8071355813951374,0.7228407066125255,0.07285138121244941,0.3204758074058297,0.18653550662777443,0.7666387263572613,0.706019431609868
spectf,l1_logistic,rf,6,0.06033516781554917,0.2942377601141665,0.15470637220413475,0.8208166604927173,0.730053086167237,0.062491930617894514,0.32770306790906545,0.15281422877121667,0.7895717075584366,0.722693014055865
spectf,l1_logistic,rf,7,0.05882008297556966,0.3296723213992543,0.16298472227584276,0.8120872852765677,0.7246255316774696,0.06297130637329619,0.29973475990687887,0.15163020380204556,0.8187651994706028,0.7080325402395493
spectf,l1_logistic,rf,8,0.057550449062866,0.33145283752062865,0.16039186355277496,0.8193371016616326,0.7347031019435617,0.06611727971592486,0.3261165082180001,0.16238911780423523,0.7853620612873126,0.6980856459924178
spectf,l1_logistic,rf,9,0.06382392095640364,0.34120602015308643,0.18063302639130213,0.7895024269890567,0.7076640139959783,0.06275756582532732,0.35600377420126705,0.16325351337215924,0.8110632453060296,0.7200777445861211
spectf,l1_logistic,rf,10,0.05759242800179652,0.2918075052280762,0.15140254275558074,0.7990832206052269,0.7149427249735513,0.06515780847653976,0.2971567635737151,0.15535485043629557,0.7981791328247595,0.7166851218955381
spectf,l1_logistic,rf,11,0.05554112485065595,0.32486864647163927,0.15854729328240805,0.8009816515226701,0.7209332497402491,0.06990044697032494,0.318752852958205,0.17054162098918957,0.7920511056516423,0.6855276321606029
spectf,l1_logistic,rf,12,0.05313861287889757,0.29527008714229785,0.14549340491594448,0.8219324063357553,0.7365206782474069,0.06084431542946075,0.31329157242762484,0.15156787727122478,0.8021758003592572,0.7155642496719973
spectf,l1_logistic,rf,13,0.05365181309575945,0.33688119954294493,0.15905602038063144,0.8225309586397879,0.7549759365080887,0.0598808983234591,0.31287413099913775,0.1613306873542305,0.8051015833818295,0.7303145412823767
spectf,l1_logistic,rf,14,0.05652282432849453,0.3287004830135879,0.1634084453234398,0.8081330911246558,0.7304240311028646,0.06812187083033831,0.3534575705341975,0.17813535060796432,0.7926259227772837,0.7041079565584238
spectf,l1_logistic,rf,15,0.055482123202522965,0.2766016898588091,0.15353147201367412,0.8334563667082093,0.7346161425589269,0.054451736375681244,0.2863083919724486,0.13894626829156986,0.8094263143967569,0.7375024269185179
spectf,l1_logistic,rf,16,0.0632439193493284,0.3120750399946257,0.17698633318597645,0.821515528038609,0.7220524638665848,0.0649302589065497,0.28824947976505066,0.15548699598805113,0.792623636512351,0.7109994978956318
spectf,l1_logistic,rf,17,0.06256310639136524,0.33037344604449653,0.17342460653231156,0.8120921901019349,0.7206355066229418,0.06226370424251703,0.2997627153677347,0.14099171119182374,0.8085330154391686,0.7253770930947245
spectf,l1_logistic,rf,18,0.0598301998812177,0.325661543878143,0.16465328059631795,0.8284867419551185,0.740894032248675,0.07640731032973201,0.36922284579011494,0.19503285776410303,0.7805993287043975,0.7008736258160735
spectf,l1_logistic,rf,19,0.05800234623272504,0.3377541680801722,0.1587540259309696,0.80288486390301,0.7262963189553059,0.06118112203632709,0.3551064564524271,0.1643736986273484,0.8013746878016931,0.7153572215747253
spectf,l1_logistic,rf,20,0.060448815384200674,0.28999971981786443,0.168841963011307,0.8019109057229524,0.7474019379514968,0.062856170868862,0.32465268101529743,0.16670704019501703,0.8131190482901288,0.7244328620309387
spectf,l1_logistic,rf,21,0.060880945290871624,0.3192403305512166,0.16536878195613136,0.8060671786799928,0.7268686260226193,0.07098655968713488,0.256125011728764,0.16022156867886633,0.776660809045362,0.6979058706022138
spectf,l1_logistic,rf,22,0.05962585826066049,0.323804123439665,0.17653182924020253,0.7931288302808739,0.7150293090482446,0.06822935487698546,0.3087161337454592,0.1815823770562019,0.7996902764536821,0.708217548494477
spectf,l1_logistic,rf,23,0.0543822419998679,0.3117155558449138,0.15214118203887084,0.8186309385589255,0.7445018131882012,0.05876818412962032,0.30678225724046565,0.15648740058847802,0.789963761072701,0.7270172208127934
spectf,l1_logistic,rf,24,0.05784879590330763,0.3569940005688054,0.1709907859225144,0.8247976125896489,0.7319121234516486,0.05502155739613627,0.31116584350669235,0.14004096140490535,0.8194448308434236,0.7260358783427204
spectf,l1_logistic,rf,25,0.06496101532889943,0.339148365331542,0.18698074678604382,0.8088900398264939,0.7298788715178427,0.06702340818688704,0.33665988478257014,0.17946355924013052,0.8059615120224849,0.730459279820881
spectf,l1_logistic,rf,26,0.059699609172253004,0.32001253031944976,0.15360293559755295,0.7950306496702358,0.709053296740722,0.050848435559591613,0.29933101774512993,0.12518722732009555,0.8261290545386781,0.7446961331323593
spectf,l1_logistic,rf,27,0.056178556668758574,0.30166301716240895,0.14894038904146467,0.8271913158944069,0.7479025428576707,0.06273925107392862,0.3310851271245688,0.153888615277835,0.8083463031111287,0.7461434049601615
spectf,l1_logistic,rf,28,0.05833460086364818,0.3327121494773502,0.16545595702740606,0.8327195385755858,0.7127942094457932,0.05724705745669805,0.31560500100347877,0.14960364280271843,0.813224364226841,0.7072631504322404
spectf,l1_logistic,rf,29,0.056229449925831954,0.3480112156592738,0.17075984306523917,0.8238805587715493,0.7308311083284169,0.05461080177336139,0.2898622465131029,0.14011781619035985,0.812779818003649,0.7225184966879601
