method,classifier,rep,auroc_full,auroc_red,aurc_full,aurc_red,tag,auroc_penalty,aurc_penalty,kept_features,k_aggr
mutual_info,logistic,0,0.9240056818181818,0.8742897727272727,0.05945600354493902,0.08648442160396057,arcene_keep100,0.04971590909090906,0.02702841805902155,100,25
mutual_info,logistic,1,0.929484577922078,0.8935673701298701,0.048984713358075166,0.06934340502869449,arcene_keep100,0.03591720779220786,0.020358691670619322,100,25
mutual_info,logistic,2,0.9430803571428572,0.9122362012987013,0.03868142906387678,0.05876410676333334,arcene_keep100,0.030844155844155896,0.020082677699456555,100,25
mutual_info,logistic,3,0.9407467532467533,0.8979301948051949,0.04197748971807559,0.06702158866455629,arcene_keep100,0.042816558441558406,0.0250440989464807,100,25
mutual_info,logistic,4,0.9185267857142857,0.8719561688311689,0.05694046433171068,0.0822634670488865,arcene_keep100,0.04657061688311681,0.025323002717175816,100,25
mutual_info,logistic,5,0.906148538961039,0.8525771103896105,0.06683216683694058,0.10597911936531432,arcene_keep100,0.05357142857142849,0.03914695252837373,100,25
mutual_info,logistic,6,0.9220779220779222,0.8549107142857142,0.057926212753758796,0.10696082213162922,arcene_keep100,0.06716720779220797,0.04903460937787042,100,25
mutual_info,logistic,7,0.9356737012987013,0.8788555194805195,0.04364750757073586,0.07919659830285133,arcene_keep100,0.05681818181818177,0.03554909073211547,100,25
mutual_info,logistic,8,0.9022930194805195,0.8559253246753247,0.0678495468502425,0.11019154966261122,arcene_keep100,0.04636769480519487,0.04234200281236872,100,25
mutual_info,logistic,9,0.9207589285714287,0.906047077922078,0.05672050202021513,0.06130314397241233,arcene_keep100,0.014711850649350766,0.0045826419521972014,100,25
mutual_info,logistic,10,0.9224837662337663,0.8757102272727273,0.05836480330310311,0.0931289987866746,arcene_keep100,0.046773538961038974,0.03476419548357149,100,25
mutual_info,logistic,11,0.932224025974026,0.8837256493506495,0.05305897789412367,0.07976838322580493,arcene_keep100,0.04849837662337653,0.026709405331681257,100,25
mutual_info,logistic,12,0.9240056818181819,0.8829139610389611,0.05572898291920665,0.08214927022768706,arcene_keep100,0.04109172077922074,0.02642028730848041,100,25
mutual_info,logistic,13,0.9394277597402597,0.8553165584415585,0.0437156932326271,0.09769114499038756,arcene_keep100,0.0841112012987012,0.05397545175776046,100,25
mutual_info,logistic,14,0.9335430194805194,0.8884943181818182,0.05064697823720077,0.07337520397421593,arcene_keep100,0.0450487012987012,0.022728225737015162,100,25
mutual_info,logistic,15,0.9355722402597403,0.8824066558441558,0.04461752768710169,0.07953905660007547,arcene_keep100,0.0531655844155845,0.03492152891297378,100,25
mutual_info,logistic,16,0.9187297077922079,0.8782467532467533,0.060007042717050624,0.08324150785246946,arcene_keep100,0.040482954545454586,0.02323446513541884,100,25
mutual_info,logistic,17,0.9109172077922078,0.8525771103896104,0.06408665465242921,0.10648520664221628,arcene_keep100,0.05834009740259738,0.042398551989787064,100,25
mutual_info,logistic,18,0.9221793831168831,0.8634334415584416,0.057412457991565885,0.09680944610040523,arcene_keep100,0.05874594155844148,0.03939698810883935,100,25
mutual_info,logistic,19,0.9171063311688312,0.8866680194805195,0.05752987061219869,0.08025236692313432,arcene_keep100,0.03043831168831168,0.022722496310935633,100,25
mutual_info,logistic,20,0.9338474025974026,0.9028003246753247,0.04683321162167836,0.06594417565238017,arcene_keep100,0.031047077922077948,0.01911096403070181,100,25
mutual_info,logistic,21,0.924614448051948,0.8815949675324675,0.05679727948923699,0.08103368804784462,arcene_keep100,0.04301948051948057,0.024236408558607633,100,25
mutual_info,logistic,22,0.9318181818181819,0.8825081168831169,0.04851944613155253,0.07937181048425712,arcene_keep100,0.04931006493506496,0.030852364352704595,100,25
mutual_info,logistic,23,0.9201501623376624,0.8608969155844156,0.05844067434207276,0.09956277902952786,arcene_keep100,0.059253246753246835,0.0411221046874551,100,25
mutual_info,logistic,24,0.9299918831168831,0.8662743506493507,0.04923016028961014,0.09829516326182494,arcene_keep100,0.06371753246753242,0.0490650029722148,100,25
mutual_info,logistic,25,0.9042207792207791,0.8518668831168832,0.06993562282204216,0.09990894037274879,arcene_keep100,0.05235389610389596,0.029973317550706632,100,25
mutual_info,logistic,26,0.9300933441558442,0.8551136363636364,0.05295150980704148,0.10367741890292981,arcene_keep100,0.07497970779220786,0.050725909095888325,100,25
mutual_info,logistic,27,0.9344561688311689,0.8674918831168831,0.04917092173675314,0.09326863758081391,arcene_keep100,0.06696428571428581,0.044097715844060775,100,25
mutual_info,logistic,28,0.932426948051948,0.8894074675324676,0.048058722554211834,0.0757337389266962,arcene_keep100,0.04301948051948046,0.027675016372484366,100,25
mutual_info,logistic,29,0.9105113636363636,0.8947849025974026,0.06717751488349918,0.07355443514749921,arcene_keep100,0.015726461038961026,0.006376920264000024,100,25
mutual_info,rf,0,0.9393262987012987,0.9328835227272727,0.0377768287431767,0.04336186824476127,arcene_keep100,0.006442775974025983,0.0055850395015845725,100,25
mutual_info,rf,1,0.9388697240259741,0.9121854707792209,0.039716447492349344,0.05414351339753333,arcene_keep100,0.026684253246753276,0.014427065905183986,100,25
mutual_info,rf,2,0.9335430194805195,0.8987926136363636,0.041369184349104714,0.06642165050727872,arcene_keep100,0.034750405844155896,0.025052466158174004,100,25
mutual_info,rf,3,0.9463271103896104,0.9250710227272728,0.033493559411622416,0.04495055444305376,arcene_keep100,0.021256087662337553,0.011456995031431341,100,25
mutual_info,rf,4,0.9516538149350648,0.9177150974025974,0.030522724214404575,0.05444118940854699,arcene_keep100,0.033938717532467466,0.023918465194142414,100,25
mutual_info,rf,5,0.9449066558441559,0.9126420454545455,0.03485611221575268,0.05994892904472535,arcene_keep100,0.03226461038961037,0.025092816828972672,100,25
mutual_info,rf,6,0.9500811688311689,0.9163453733766235,0.0304510162174855,0.05206884261475282,arcene_keep100,0.033735795454545414,0.021617826397267323,100,25
mutual_info,rf,7,0.9437398538961039,0.9276582792207793,0.03412746533885548,0.04549996267197927,arcene_keep100,0.016081574675324672,0.011372497333123788,100,25
mutual_info,rf,8,0.9353693181818182,0.919338474025974,0.04145097137324356,0.04727852849442761,arcene_keep100,0.016030844155844215,0.005827557121184053,100,25
mutual_info,rf,9,0.9448559253246753,0.9180194805194806,0.036082564938460855,0.05873965066434758,arcene_keep100,0.02683644480519476,0.022657085725886726,100,25
mutual_info,rf,10,0.9409496753246753,0.9276582792207793,0.038044293788450846,0.04588967488496236,arcene_keep100,0.01329139610389607,0.007845381096511513,100,25
mutual_info,rf,11,0.9488129058441558,0.9110693993506492,0.03154211982490109,0.057200316427112485,arcene_keep100,0.03774350649350655,0.025658196602211393,100,25
mutual_info,rf,12,0.9483563311688312,0.9250202922077921,0.03260665040575362,0.04586690687456791,arcene_keep100,0.023336038961039085,0.013260256468814291,100,25
mutual_info,rf,13,0.9275060876623377,0.891994724025974,0.04707573458366082,0.07148410751382454,arcene_keep100,0.035511363636363646,0.02440837293016372,100,25
mutual_info,rf,14,0.9438920454545453,0.9061992694805195,0.03635115006616947,0.06157320528687296,arcene_keep100,0.03769277597402576,0.02522205522070349,100,25
mutual_info,rf,15,0.9354200487012987,0.9215198863636364,0.04040807880303842,0.054580095129580376,arcene_keep100,0.013900162337662336,0.014172016326541956,100,25
mutual_info,rf,16,0.9435369318181818,0.9037642045454546,0.03581115788638499,0.0682121342403379,arcene_keep100,0.03977272727272718,0.03240097635395291,100,25
mutual_info,rf,17,0.9377029220779222,0.9265929383116882,0.03941347124355758,0.048271032990023624,arcene_keep100,0.011109983766233955,0.008857561746466042,100,25
mutual_info,rf,18,0.9444500811688311,0.9294338474025974,0.03602639541305667,0.04300029290651506,arcene_keep100,0.015016233766233733,0.006973897493458392,100,25
mutual_info,rf,19,0.9351663961038962,0.9050324675324676,0.04276560830761823,0.06039798412752092,arcene_keep100,0.030133928571428603,0.017632375819902686,100,25
mutual_info,rf,20,0.9358766233766234,0.9100040584415584,0.04223224360047561,0.05739618215540946,arcene_keep100,0.025872564935064957,0.01516393855493385,100,25
mutual_info,rf,21,0.9505377435064936,0.9182224025974026,0.03137523425416292,0.052791695409614,arcene_keep100,0.03231534090909094,0.02141646115545108,100,25
mutual_info,rf,22,0.9377029220779222,0.9136059253246753,0.03939948325675296,0.057264604164690994,arcene_keep100,0.024096996753246835,0.017865120907938035,100,25
mutual_info,rf,23,0.9488129058441559,0.9118810876623377,0.031508604518009124,0.05864424946635312,arcene_keep100,0.03693181818181823,0.027135644948343994,100,25
mutual_info,rf,24,0.9460734577922078,0.9347605519480519,0.03576457139637275,0.038986570396070286,arcene_keep100,0.011312905844155896,0.0032219989996975368,100,25
mutual_info,rf,25,0.9370941558441559,0.9063007305194806,0.040001493239842735,0.05901404029628532,arcene_keep100,0.030793425324675328,0.019012547056442584,100,25
mutual_info,rf,26,0.945211038961039,0.9304991883116882,0.03448231110927779,0.04236467049322823,arcene_keep100,0.014711850649350766,0.00788235938395044,100,25
mutual_info,rf,27,0.9512479707792209,0.9397828733766234,0.030645407228085682,0.037718319299953784,arcene_keep100,0.01146509740259749,0.007072912071868102,100,25
mutual_info,rf,28,0.9555093344155844,0.9280133928571429,0.028480568963316407,0.04420352854934727,arcene_keep100,0.027495941558441483,0.01572295958603086,100,25
mutual_info,rf,29,0.9350142045454546,0.9158887987012987,0.04035190241406595,0.055642260327046375,arcene_keep100,0.019125405844155896,0.015290357912980425,100,25
rf_importance,logistic,0,0.9282670454545454,0.8821022727272727,0.04889602726233188,0.08128108935156482,arcene_keep100,0.04616477272727271,0.03238506208923294,100,25
rf_importance,logistic,1,0.924614448051948,0.8683035714285714,0.050487833652109494,0.09398278713272916,arcene_keep100,0.05631087662337664,0.043494953480619665,100,25
rf_importance,logistic,2,0.940239448051948,0.9053368506493505,0.04110981062272096,0.06163811959191143,arcene_keep100,0.03490259740259749,0.020528308969190466,100,25
rf_importance,logistic,3,0.9288758116883117,0.8876826298701299,0.05224773529919611,0.07335709817469167,arcene_keep100,0.04119318181818177,0.021109362875495565,100,25
rf_importance,logistic,4,0.9385146103896104,0.8760146103896105,0.042846528886847965,0.0961340918411284,arcene_keep100,0.06249999999999989,0.05328756295428043,100,25
rf_importance,logistic,5,0.9204545454545454,0.8674918831168832,0.05684796772504026,0.09759889717452372,arcene_keep100,0.052962662337662225,0.040750929449483456,100,25
rf_importance,logistic,6,0.9154829545454546,0.8642451298701298,0.0643713208141127,0.09177529945357531,arcene_keep100,0.05123782467532478,0.027403978639462603,100,25
rf_importance,logistic,7,0.9214691558441559,0.877637987012987,0.05625846540998111,0.08424825209748694,arcene_keep100,0.04383116883116889,0.027989786687505833,100,25
rf_importance,logistic,8,0.932426948051948,0.9112215909090908,0.048916432815798654,0.05642196664180821,arcene_keep100,0.021205357142857206,0.007505533826009554,100,25
rf_importance,logistic,9,0.9059456168831168,0.901075487012987,0.06836962005453041,0.06707338007142553,arcene_keep100,0.004870129870129802,-0.0012962399831048799,100,25
rf_importance,logistic,10,0.9380073051948051,0.8727678571428572,0.0432707907681955,0.09280679830885276,arcene_keep100,0.06523944805194792,0.04953600754065726,100,25
rf_importance,logistic,11,0.929788961038961,0.8810876623376623,0.055513424974479,0.08155965084656204,arcene_keep100,0.04870129870129869,0.026046225872083037,100,25
rf_importance,logistic,12,0.9207589285714286,0.8964082792207793,0.05514827086181641,0.06800695418713285,arcene_keep100,0.024350649350649345,0.012858683325316436,100,25
rf_importance,logistic,13,0.9290787337662337,0.8679991883116883,0.04861184731015125,0.08861353616207865,arcene_keep100,0.061079545454545414,0.0400016888519274,100,25
rf_importance,logistic,14,0.9324269480519481,0.8761160714285715,0.0483026297770927,0.08769884876564071,arcene_keep100,0.05631087662337664,0.03939621898854801,100,25
rf_importance,logistic,15,0.9412540584415584,0.8999594155844156,0.04143166363160689,0.06337305454499607,arcene_keep100,0.041294642857142794,0.021941390913389182,100,25
rf_importance,logistic,16,0.9346590909090909,0.8642451298701299,0.048045714550098956,0.0896500258729163,arcene_keep100,0.07041396103896103,0.04160431132281735,100,25
rf_importance,logistic,17,0.932325487012987,0.885247564935065,0.049636081257911815,0.07713221755806468,arcene_keep100,0.04707792207792205,0.027496136300152865,100,25
rf_importance,logistic,18,0.9185267857142857,0.8921469155844156,0.057098685543298666,0.07572530937067035,arcene_keep100,0.026379870129870087,0.01862662382737168,100,25
rf_importance,logistic,19,0.9346590909090909,0.9093952922077922,0.048238986940954076,0.06131671525962545,arcene_keep100,0.02526379870129869,0.01307772831867137,100,25
rf_importance,logistic,20,0.9159902597402597,0.8675933441558442,0.06116198785644897,0.09655298967469395,arcene_keep100,0.0483969155844155,0.03539100181824498,100,25
rf_importance,logistic,21,0.8864650974025975,0.8692167207792207,0.07824705520288663,0.08573110884692967,arcene_keep100,0.01724837662337675,0.007484053644043032,100,25
rf_importance,logistic,22,0.9190340909090909,0.8742897727272728,0.05709467693936592,0.09047569097075928,arcene_keep100,0.04474431818181812,0.033381014031393354,100,25
rf_importance,logistic,23,0.9214691558441559,0.8693181818181818,0.051712208447901115,0.1050625500928779,arcene_keep100,0.05215097402597413,0.05335034164497679,100,25
rf_importance,logistic,24,0.9301948051948051,0.8822037337662337,0.04812930393773561,0.08338702978017304,arcene_keep100,0.0479910714285714,0.03525772584243743,100,25
rf_importance,logistic,25,0.9345576298701299,0.8833198051948052,0.048015774518853235,0.08165692648415875,arcene_keep100,0.05123782467532467,0.03364115196530551,100,25
rf_importance,logistic,26,0.929484577922078,0.8871753246753248,0.049622987393973965,0.07649215190668322,arcene_keep100,0.042309253246753165,0.026869164512709258,100,25
rf_importance,logistic,27,0.9245129870129869,0.8950892857142856,0.054966869339067415,0.07680799149041374,arcene_keep100,0.02942370129870131,0.02184112215134633,100,25
rf_importance,logistic,28,0.932224025974026,0.8681006493506493,0.0504048984506388,0.0874570589928898,arcene_keep100,0.06412337662337664,0.037052160542251,100,25
rf_importance,logistic,29,0.9292816558441558,0.9076704545454546,0.053538399342115794,0.05999422372459855,arcene_keep100,0.0216112012987012,0.006455824382482753,100,25
rf_importance,rf,0,0.9455661525974026,0.9119825487012987,0.03502418652282046,0.05327984423637131,arcene_keep100,0.03358360389610393,0.018255657713550852,100,25
rf_importance,rf,1,0.9445515422077922,0.8897625811688311,0.03629892259752273,0.07291511413400785,arcene_keep100,0.05478896103896114,0.03661619153648512,100,25
rf_importance,rf,2,0.9318181818181818,0.8873275162337663,0.04340855439136008,0.07593949229744683,arcene_keep100,0.0444906655844155,0.03253093790608675,100,25
rf_importance,rf,3,0.9511465097402597,0.9297889610389611,0.030057414717848365,0.04296457568121428,arcene_keep100,0.02135754870129858,0.012907160963365912,100,25
rf_importance,rf,4,0.9413555194805194,0.9298396915584415,0.03764550566174993,0.043221149066811994,arcene_keep100,0.011515827922077948,0.005575643405062065,100,25
rf_importance,rf,5,0.9527698863636364,0.9303977272727272,0.029189226216710877,0.047559386786264646,arcene_keep100,0.02237215909090917,0.01837016056955377,100,25
rf_importance,rf,6,0.9308035714285714,0.885247564935065,0.040423916438561455,0.07785154313701781,arcene_keep100,0.04555600649350644,0.037427626698456354,100,25
rf_importance,rf,7,0.942573051948052,0.9406960227272727,0.03662876434631412,0.03625748638916671,arcene_keep100,0.0018770292207792583,-0.0003712779571474062,100,25
rf_importance,rf,8,0.9482041396103896,0.9237012987012987,0.031792340953904555,0.04793979744281247,arcene_keep100,0.02450284090909094,0.01614745648890792,100,25
rf_importance,rf,9,0.9408482142857143,0.894328327922078,0.03851932480756727,0.08302148537915548,arcene_keep100,0.046519886363636354,0.044502160571588206,100,25
rf_importance,rf,10,0.9498275162337662,0.9182224025974026,0.030439865306851388,0.050274020588287824,arcene_keep100,0.031605113636363535,0.019834155281436436,100,25
rf_importance,rf,11,0.9364853896103895,0.9196428571428571,0.03812560534254224,0.052656525748044504,arcene_keep100,0.016842532467532423,0.014530920405502266,100,25
rf_importance,rf,12,0.952922077922078,0.9242086038961039,0.030266446412400196,0.06769956504921015,arcene_keep100,0.028713474025974017,0.03743311863680995,100,25
rf_importance,rf,13,0.9310064935064936,0.8743405032467533,0.04436781830568119,0.08459494263796585,arcene_keep100,0.056665990259740284,0.04022712433228466,100,25
rf_importance,rf,14,0.9514508928571428,0.9176136363636364,0.030130059917064078,0.05601878715918433,arcene_keep100,0.03383725649350644,0.025888727242120255,100,25
rf_importance,rf,15,0.9327820616883117,0.8962053571428572,0.04104345343636488,0.06701734990509328,arcene_keep100,0.036576704545454475,0.0259738964687284,100,25
rf_importance,rf,16,0.9407974837662337,0.9080255681818181,0.036982492794685504,0.05688333194848313,arcene_keep100,0.03277191558441561,0.019900839153797624,100,25
rf_importance,rf,17,0.9363839285714286,0.8856026785714285,0.040774859730941054,0.07674315464135589,arcene_keep100,0.05078125000000011,0.03596829491041484,100,25
rf_importance,rf,18,0.9409496753246752,0.9067065746753247,0.03754167706075752,0.05879385188071873,arcene_keep100,0.034243100649350544,0.02125217481996121,100,25
rf_importance,rf,19,0.9371956168831169,0.8997564935064934,0.039771680008418894,0.06004514253048239,arcene_keep100,0.03743912337662347,0.020273462522063496,100,25
rf_importance,rf,20,0.92578125,0.9034090909090909,0.04714255619503638,0.0648702513658247,arcene_keep100,0.02237215909090906,0.017727695170788316,100,25
rf_importance,rf,21,0.9497767857142857,0.9225344967532467,0.031384501464314395,0.047521438432552264,arcene_keep100,0.027242288961038974,0.01613693696823787,100,25
rf_importance,rf,22,0.9450588474025974,0.920403814935065,0.03385356415289174,0.05351416562983538,arcene_keep100,0.024655032467532423,0.019660601476943644,100,25
rf_importance,rf,23,0.953226461038961,0.9157873376623377,0.02904541885417685,0.0550842364643806,arcene_keep100,0.03743912337662336,0.026038817610203747,100,25
rf_importance,rf,24,0.9403409090909091,0.9240564123376624,0.03814064809569178,0.04689795887716725,arcene_keep100,0.016284496753246613,0.008757310781475472,100,25
rf_importance,rf,25,0.9469358766233766,0.9149756493506493,0.0326904250080371,0.051345484838162224,arcene_keep100,0.03196022727272729,0.018655059830125123,100,25
rf_importance,rf,26,0.9613940746753247,0.9169034090909092,0.023997638612023045,0.05582220413036858,arcene_keep100,0.0444906655844155,0.03182456551834553,100,25
rf_importance,rf,27,0.9313108766233766,0.9228388798701298,0.04154876932242083,0.04844595748062295,arcene_keep100,0.008471996753246835,0.006897188158202117,100,25
rf_importance,rf,28,0.9490665584415584,0.91796875,0.031315038357610604,0.049543636725294465,arcene_keep100,0.031097808441558406,0.01822859836768386,100,25
rf_importance,rf,29,0.9455661525974025,0.9203023538961039,0.035580579030795104,0.0523153232346858,arcene_keep100,0.02526379870129858,0.0167347442038907,100,25
l1_logistic,logistic,0,0.9222808441558441,0.9053368506493507,0.056453186529280434,0.07074523192199965,arcene_keep100,0.01694399350649345,0.014292045392719215,100,25
l1_logistic,logistic,1,0.919135551948052,0.9021915584415585,0.06121569579870671,0.07705812437129984,arcene_keep100,0.01694399350649345,0.01584242857259313,100,25
l1_logistic,logistic,2,0.929586038961039,0.9188311688311688,0.04983553327000778,0.06156808904298954,arcene_keep100,0.010754870129870198,0.01173255577298176,100,25
l1_logistic,logistic,3,0.8978287337662337,0.8823051948051948,0.073630808962273,0.08568860928385387,arcene_keep100,0.015523538961038974,0.012057800321580867,100,25
l1_logistic,logistic,4,0.9178165584415585,0.9048295454545455,0.05760428009985534,0.06987389339261986,arcene_keep100,0.012987012987012991,0.01226961329276452,100,25
l1_logistic,logistic,5,0.9268465909090909,0.9222808441558442,0.05492884749658354,0.05722151656238504,arcene_keep100,0.004565746753246724,0.0022926690658015003,100,25
l1_logistic,logistic,6,0.913961038961039,0.9073660714285714,0.06777860636928784,0.0767818784887926,arcene_keep100,0.006594967532467577,0.00900327211950476,100,25
l1_logistic,logistic,7,0.9148741883116883,0.9025974025974027,0.06122070412212238,0.07771132937920933,arcene_keep100,0.012276785714285587,0.016490625257086944,100,25
l1_logistic,logistic,8,0.9340503246753247,0.9198457792207793,0.04470470105081896,0.058337384457029344,arcene_keep100,0.014204545454545414,0.013632683406210384,100,25
l1_logistic,logistic,9,0.9282670454545454,0.913961038961039,0.0491951846577247,0.06681100017271815,arcene_keep100,0.01430600649350644,0.017615815514993458,100,25
l1_logistic,logistic,10,0.9304991883116883,0.9193384740259739,0.047295795301969576,0.059312802312259195,arcene_keep100,0.011160714285714413,0.01201700701028962,100,25
l1_logistic,logistic,11,0.906047077922078,0.900872564935065,0.07063817405716438,0.07510206813041748,arcene_keep100,0.005174512987012991,0.004463894073253094,100,25
l1_logistic,logistic,12,0.927252435064935,0.9169034090909091,0.058214850506692783,0.06748890850369713,arcene_keep100,0.010349025974025983,0.009274057997004342,100,25
l1_logistic,logistic,13,0.9260349025974027,0.9184253246753247,0.054325023856289956,0.0613627066470791,arcene_keep100,0.007609577922078059,0.007037682790789146,100,25
l1_logistic,logistic,14,0.9370941558441559,0.9232954545454546,0.04595602620263392,0.057947655404956055,arcene_keep100,0.01379870129870131,0.011991629202322135,100,25
l1_logistic,logistic,15,0.9198457792207793,0.9069602272727273,0.06133211031395476,0.07204852716726218,arcene_keep100,0.012885551948051965,0.010716416853307417,100,25
l1_logistic,logistic,16,0.9123376623376623,0.8921469155844155,0.06288309848937937,0.08248182953089381,arcene_keep100,0.020190746753246835,0.01959873104151444,100,25
l1_logistic,logistic,17,0.9357751623376623,0.9228896103896105,0.0468945716625963,0.06071715666177724,arcene_keep100,0.012885551948051854,0.013822584999180938,100,25
l1_logistic,logistic,18,0.9252232142857143,0.921976461038961,0.0510123611900797,0.05645417319921949,arcene_keep100,0.0032467532467532756,0.00544181200913979,100,25
l1_logistic,logistic,19,0.9423701298701299,0.9241071428571429,0.041928057738662344,0.05906892388469148,arcene_keep100,0.01826298701298701,0.017140866146029138,100,25
l1_logistic,logistic,20,0.9276582792207793,0.9144683441558441,0.05253964476006698,0.06799637444877984,arcene_keep100,0.013189935064935154,0.015456729688712867,100,25
l1_logistic,logistic,21,0.9338474025974025,0.9288758116883116,0.05143928790512716,0.05915875415179477,arcene_keep100,0.004971590909090939,0.007719466246667611,100,25
l1_logistic,logistic,22,0.9227881493506493,0.911323051948052,0.05536117339444272,0.06677342658139385,arcene_keep100,0.01146509740259738,0.011412253186951125,100,25
l1_logistic,logistic,23,0.924614448051948,0.9105113636363636,0.06430763110561576,0.07497444270840611,arcene_keep100,0.014103084415584388,0.010666811602790358,100,25
l1_logistic,logistic,24,0.9232954545454546,0.913961038961039,0.053180484374606235,0.06327860852077785,arcene_keep100,0.009334415584415612,0.010098124146171616,100,25
l1_logistic,logistic,25,0.9073660714285714,0.8905235389610391,0.0743196367494693,0.09274425055676876,arcene_keep100,0.016842532467532312,0.018424613807299456,100,25
l1_logistic,logistic,26,0.9274553571428571,0.9192370129870131,0.053475238929943957,0.060526452825762786,arcene_keep100,0.008218344155843993,0.0070512138958188295,100,25
l1_logistic,logistic,27,0.9190340909090909,0.9019886363636364,0.05814365291683493,0.07312611970858472,arcene_keep100,0.017045454545454586,0.01498246679174979,100,25
l1_logistic,logistic,28,0.9290787337662338,0.9138595779220778,0.05259490396954578,0.06448099199119378,arcene_keep100,0.015219155844156007,0.011886088021647999,100,25
l1_logistic,logistic,29,0.9307021103896104,0.9114245129870129,0.05076347072426805,0.07210819079184178,arcene_keep100,0.01927759740259749,0.021344720067573722,100,25
l1_logistic,rf,0,0.9358258928571429,0.9045251623376623,0.04036894054958983,0.06690185459983823,arcene_keep100,0.03130073051948057,0.0265329140502484,100,25
l1_logistic,rf,1,0.9444500811688312,0.9319703733766234,0.03531776178948101,0.04527502010282676,arcene_keep100,0.012479707792207861,0.009957258313345749,100,25
l1_logistic,rf,2,0.9435369318181819,0.9237520292207793,0.035956535062273455,0.051512539607249566,arcene_keep100,0.01978490259740262,0.015556004544976111,100,25
l1_logistic,rf,3,0.9288758116883117,0.9137073863636364,0.04603060793270612,0.0597493550359824,arcene_keep100,0.015168425324675328,0.01371874710327628,100,25
l1_logistic,rf,4,0.9384638798701298,0.9230418019480519,0.039278479702938345,0.05257868767982409,arcene_keep100,0.015422077922077948,0.013300207976885747,100,25
l1_logistic,rf,5,0.9310064935064936,0.928419237012987,0.042289901996649795,0.047593270446979655,arcene_keep100,0.002587256493506551,0.0053033684503298595,100,25
l1_logistic,rf,6,0.9351156655844156,0.933796672077922,0.04072965620733876,0.0435946426072681,arcene_keep100,0.0013189935064935598,0.0028649863999293396,100,25
l1_logistic,rf,7,0.9551034902597402,0.9453632305194806,0.026905461520897837,0.034492855928411975,arcene_keep100,0.009740259740259605,0.007587394407514138,100,25
l1_logistic,rf,8,0.9536323051948051,0.9326298701298701,0.02941204631772598,0.048267767884406954,arcene_keep100,0.021002435064935043,0.018855721566680972,100,25
l1_logistic,rf,9,0.9299918831168832,0.9090909090909091,0.04468525408579996,0.05952103597057686,arcene_keep100,0.02090097402597413,0.014835781884776904,100,25
l1_logistic,rf,10,0.928520698051948,0.9294338474025974,0.0451774930220888,0.046744653756340994,arcene_keep100,-0.0009131493506493449,0.0015671607342521918,100,25
l1_logistic,rf,11,0.9428267045454546,0.9212155032467532,0.03654767983179778,0.052488143355864374,arcene_keep100,0.02161120129870142,0.01594046352406659,100,25
l1_logistic,rf,12,0.938768262987013,0.9316659902597402,0.0404090793403299,0.04580875591930075,arcene_keep100,0.007102272727272818,0.0053996765789708565,100,25
l1_logistic,rf,13,0.946682224025974,0.9446022727272727,0.033091684355325605,0.036165224500793985,arcene_keep100,0.0020799512987013102,0.00307354014546838,100,25
l1_logistic,rf,14,0.9422179383116883,0.9280641233766234,0.040386073114547484,0.04949770988610776,arcene_keep100,0.014153814935064957,0.009111636771560273,100,25
l1_logistic,rf,15,0.9466314935064936,0.9314630681818182,0.03298981565769269,0.047003524370319114,arcene_keep100,0.015168425324675328,0.014013708712626423,100,25
l1_logistic,rf,16,0.9599736201298701,0.9490158279220778,0.025945234625195317,0.03610141657069855,arcene_keep100,0.01095779220779225,0.010156181945503232,100,25
l1_logistic,rf,17,0.9339995941558441,0.9301440746753247,0.04312523732786134,0.04784208909118254,arcene_keep100,0.0038555194805194315,0.004716851763321199,100,25
l1_logistic,rf,18,0.9464793019480519,0.9265422077922079,0.033500435645984344,0.04846368793962638,arcene_keep100,0.019937094155843993,0.014963252293642038,100,25
l1_logistic,rf,19,0.9477982954545454,0.9424715909090909,0.03147633757306269,0.03416484810530692,arcene_keep100,0.005326704545454475,0.002688510532244233,100,25
l1_logistic,rf,20,0.9455661525974025,0.9257305194805195,0.03523600987895522,0.04841823762024899,arcene_keep100,0.019835633116882967,0.013182227741293767,100,25
l1_logistic,rf,21,0.9437905844155844,0.9303977272727272,0.03528737156597329,0.047186468129725205,arcene_keep100,0.013392857142857206,0.011899096563751918,100,25
l1_logistic,rf,22,0.9267958603896105,0.9315137987012987,0.0474783298849603,0.04722888726915767,arcene_keep100,-0.004717938311688208,-0.00024944261580262667,100,25
l1_logistic,rf,23,0.9330864448051948,0.9366375811688312,0.040446659344758086,0.0410944014775533,arcene_keep100,-0.0035511363636364646,0.0006477421327952121,100,25
l1_logistic,rf,24,0.9347098214285714,0.9280133928571429,0.040518650196031195,0.04539429067273218,arcene_keep100,0.006696428571428492,0.004875640476700985,100,25
l1_logistic,rf,25,0.938869724025974,0.9250710227272727,0.03823686258454137,0.04551365511711769,arcene_keep100,0.01379870129870131,0.0072767925325763205,100,25
l1_logistic,rf,26,0.9401887175324675,0.912794237012987,0.03725054905295482,0.060190150405440346,arcene_keep100,0.027394480519480457,0.022939601352485524,100,25
l1_logistic,rf,27,0.954291801948052,0.9338474025974025,0.028973944615963823,0.04259758551319062,arcene_keep100,0.020444399350649456,0.0136236408972268,100,25
l1_logistic,rf,28,0.943942775974026,0.9287236201298702,0.03767208688550802,0.05193784772523376,arcene_keep100,0.015219155844155785,0.014265760839725736,100,25
l1_logistic,rf,29,0.9461241883116883,0.9312094155844156,0.03211633831025857,0.04457960984789256,arcene_keep100,0.014914772727272707,0.012463271537633991,100,25
mutual_info,logistic,0,0.9384131493506493,0.8695211038961039,0.04261133226056317,0.09444677837503453,arcene_keep256,0.06889204545454541,0.051835446114471356,256,25
mutual_info,logistic,1,0.9411525974025975,0.8432426948051948,0.03877651400235521,0.10847755364860655,arcene_keep256,0.09790990259740273,0.06970103964625134,256,25
mutual_info,logistic,2,0.9289772727272727,0.8771306818181818,0.053498929025932694,0.08797905358518186,arcene_keep256,0.05184659090909094,0.03448012455924917,256,25
mutual_info,logistic,3,0.9200487012987012,0.8792613636363635,0.05948452075875635,0.09293027016165661,arcene_keep256,0.040787337662337664,0.033445749402900266,256,25
mutual_info,logistic,4,0.9275568181818181,0.8394886363636364,0.048243967051874816,0.12261496834775894,arcene_keep256,0.08806818181818177,0.07437100129588411,256,25
mutual_info,logistic,5,0.9347605519480521,0.8730722402597403,0.0471263949413786,0.09056834126036653,arcene_keep256,0.06168831168831179,0.04344194631898793,256,25
mutual_info,logistic,6,0.9317167207792207,0.8565340909090909,0.04651091389272816,0.10007234846212087,arcene_keep256,0.0751826298701298,0.05356143456939271,256,25
mutual_info,logistic,7,0.934862012987013,0.8865665584415585,0.04746652715695004,0.0750262434892283,arcene_keep256,0.048295454545454475,0.027559716332278265,256,25
mutual_info,logistic,8,0.9405438311688311,0.8376623376623378,0.03870586484853752,0.12618443783736571,arcene_keep256,0.10288149350649334,0.08747857298882819,256,25
mutual_info,logistic,9,0.9398336038961038,0.895799512987013,0.03982245110543894,0.0727462676993155,arcene_keep256,0.04403409090909083,0.03292381659387656,256,25
mutual_info,logistic,10,0.942573051948052,0.885551948051948,0.0355402255753557,0.08259253051152349,arcene_keep256,0.05702110389610393,0.047052304936167785,256,25
mutual_info,logistic,11,0.9196428571428572,0.8310673701298701,0.058670376699153266,0.13133645516021195,arcene_keep256,0.08857548701298712,0.07266607846105869,256,25
mutual_info,logistic,12,0.9330357142857143,0.8794642857142857,0.048030083840951934,0.07971030389133262,arcene_keep256,0.0535714285714286,0.03168022005038068,256,25
mutual_info,logistic,13,0.9281655844155844,0.8858563311688312,0.047072415672592655,0.0780644522002351,arcene_keep256,0.042309253246753165,0.030992036527642444,256,25
mutual_info,logistic,14,0.937601461038961,0.8609983766233765,0.04260834055397719,0.09702108670612972,arcene_keep256,0.0766030844155845,0.054412746152152525,256,25
mutual_info,logistic,15,0.9348620129870129,0.8789569805194805,0.04358054858228956,0.08845406497172131,arcene_keep256,0.05590503246753242,0.04487351638943175,256,25
mutual_info,logistic,16,0.913859577922078,0.8660714285714286,0.06135600371050058,0.09603185300085404,arcene_keep256,0.047788149350649345,0.03467584929035346,256,25
mutual_info,logistic,17,0.9290787337662337,0.8254870129870131,0.04517899487031305,0.1349294721611632,arcene_keep256,0.10359172077922063,0.08975047729085014,256,25
mutual_info,logistic,18,0.9313108766233766,0.8825081168831168,0.04928119232230578,0.08239245973837188,arcene_keep256,0.04880275974025983,0.0331112674160661,256,25
mutual_info,logistic,19,0.9294845779220781,0.8864650974025974,0.047698340423531986,0.07856760506531175,arcene_keep256,0.04301948051948068,0.03086926464177977,256,25
mutual_info,logistic,20,0.9202516233766235,0.8832183441558442,0.05785148984284849,0.08120518219560303,arcene_keep256,0.03703327922077926,0.023353692352754543,256,25
mutual_info,logistic,21,0.9230925324675324,0.8679991883116883,0.051220680429066766,0.09660973547973128,arcene_keep256,0.055093344155844104,0.04538905505066452,256,25
mutual_info,logistic,22,0.9397321428571429,0.885247564935065,0.04179392450886565,0.08874413936425088,arcene_keep256,0.05448457792207795,0.04695021485538523,256,25
mutual_info,logistic,23,0.9051339285714285,0.8034699675324676,0.06803443306457833,0.14666667405669928,arcene_keep256,0.10166396103896091,0.07863224099212095,256,25
mutual_info,logistic,24,0.9264407467532467,0.8629261363636365,0.05185624308063349,0.10529378274216511,arcene_keep256,0.06351461038961026,0.05343753966153162,256,25
mutual_info,logistic,25,0.9343547077922078,0.8731737012987014,0.044214685643035316,0.0906932313347088,arcene_keep256,0.06118100649350633,0.046478545691673485,256,25
mutual_info,logistic,26,0.9393262987012987,0.885551948051948,0.039333074876260615,0.08167557144265587,arcene_keep256,0.053774350649350655,0.04234249656639526,256,25
mutual_info,logistic,27,0.9439935064935064,0.8849431818181818,0.03702932243470763,0.07716478631139288,arcene_keep256,0.05905032467532467,0.040135463876685255,256,25
mutual_info,logistic,28,0.9156858766233766,0.8557224025974025,0.06289465206818104,0.12129735732507974,arcene_keep256,0.05996347402597413,0.058402705256898696,256,25
mutual_info,logistic,29,0.9431818181818182,0.9070616883116883,0.036818020837813235,0.06067549170978343,arcene_keep256,0.03612012987012991,0.023857470871970196,256,25
mutual_info,rf,0,0.9446530032467533,0.907721185064935,0.034385242200149733,0.05841893157977636,arcene_keep256,0.03693181818181823,0.024033689379626626,256,25
mutual_info,rf,1,0.9579951298701299,0.928216314935065,0.026993011664862017,0.044504011554137496,arcene_keep256,0.029778814935064957,0.01751099988927548,256,25
mutual_info,rf,2,0.9481534090909091,0.9168526785714286,0.032707098286500966,0.05591790323752114,arcene_keep256,0.03130073051948046,0.023210804951020174,256,25
mutual_info,rf,3,0.9437398538961039,0.8999086850649352,0.03820418417652421,0.07283519183233728,arcene_keep256,0.043831168831168776,0.03463100765581307,256,25
mutual_info,rf,4,0.9434862012987013,0.8979301948051948,0.035081594850159235,0.06273440597454659,arcene_keep256,0.04555600649350655,0.027652811124387354,256,25
mutual_info,rf,5,0.9498275162337663,0.9438413149350651,0.032145227181986806,0.03618313805050844,arcene_keep256,0.005986201298701199,0.004037910868521635,256,25
mutual_info,rf,6,0.946479301948052,0.9048295454545455,0.03412988013458548,0.05949377791568392,arcene_keep256,0.04164975649350644,0.02536389778109844,256,25
mutual_info,rf,7,0.9433340097402598,0.9054383116883118,0.03679147890676618,0.05949146233106012,arcene_keep256,0.037895698051948035,0.02269998342429394,256,25
mutual_info,rf,8,0.9587560876623377,0.9228896103896104,0.02610288456206216,0.04787675827980307,arcene_keep256,0.03586647727272729,0.021773873717740908,256,25
mutual_info,rf,9,0.959669237012987,0.9148234577922078,0.0274885815753453,0.05823695567937326,arcene_keep256,0.04484577922077926,0.03074837410402796,256,25
mutual_info,rf,10,0.9585531655844156,0.9235998376623377,0.026483370604051103,0.05108495367072706,arcene_keep256,0.03495332792207795,0.024601583066675956,256,25
mutual_info,rf,11,0.9440949675324676,0.897067775974026,0.03754005422967406,0.07134181272542256,arcene_keep256,0.047027191558441594,0.0338017584957485,256,25
mutual_info,rf,12,0.9565239448051948,0.9146205357142857,0.030026782258967988,0.05913563824945736,arcene_keep256,0.04190340909090906,0.029108855990489374,256,25
mutual_info,rf,13,0.9529728084415584,0.8934659090909092,0.02876030369715339,0.0690359540810885,arcene_keep256,0.059506899350649234,0.0402756503839351,256,25
mutual_info,rf,14,0.9577414772727273,0.899604301948052,0.025442790749550283,0.05987301605460016,arcene_keep256,0.05813717532467533,0.034430225305049876,256,25
mutual_info,rf,15,0.9465300324675325,0.8874797077922078,0.03352413222419478,0.07231762491142282,arcene_keep256,0.05905032467532478,0.038793492687228044,256,25
mutual_info,rf,16,0.9449573863636365,0.9229403409090908,0.034486237072317676,0.04652597156893081,arcene_keep256,0.022017045454545636,0.012039734496613136,256,25
mutual_info,rf,17,0.958400974025974,0.9170048701298701,0.027717769403698172,0.05674048662250668,arcene_keep256,0.04139610389610393,0.029022717218808506,256,25
mutual_info,rf,18,0.9305499188311688,0.8871245941558441,0.04626544498292011,0.07231675487840634,arcene_keep256,0.04342532467532467,0.026051309895486235,256,25
mutual_info,rf,19,0.9573356331168832,0.9145190746753247,0.028295847283212543,0.05822010633259912,arcene_keep256,0.04281655844155852,0.02992425904938658,256,25
mutual_info,rf,20,0.9539874188311688,0.9068587662337663,0.03021984410168797,0.05894144714308361,arcene_keep256,0.04712865259740251,0.02872160304139564,256,25
mutual_info,rf,21,0.955864448051948,0.930955762987013,0.028052445223270495,0.04305732805077324,arcene_keep256,0.024908685064935043,0.015004882827502744,256,25
mutual_info,rf,22,0.9444500811688312,0.8967633928571428,0.03815289485777063,0.07075399469427351,arcene_keep256,0.04768668831168843,0.03260109983650288,256,25
mutual_info,rf,23,0.9624594155844156,0.9328327922077922,0.02400724923216136,0.041340777728184064,arcene_keep256,0.029626623376623362,0.017333528496022703,256,25
mutual_info,rf,24,0.9515016233766234,0.8999594155844155,0.030991563031983454,0.06341775290363184,arcene_keep256,0.05154220779220786,0.032426189871648387,256,25
mutual_info,rf,25,0.9541903409090909,0.8982853084415584,0.03008315484598604,0.08259625969325464,arcene_keep256,0.055905032467532534,0.0525131048472686,256,25
mutual_info,rf,26,0.959567775974026,0.8940746753246753,0.02550768659655861,0.07534390600200591,arcene_keep256,0.06549310064935066,0.0498362194054473,256,25
mutual_info,rf,27,0.9565746753246753,0.8694196428571428,0.027758153112148083,0.08874370009008234,arcene_keep256,0.08715503246753253,0.060985546977934256,256,25
mutual_info,rf,28,0.9482041396103896,0.9106128246753247,0.03342622805565746,0.05587516394948305,arcene_keep256,0.03759131493506496,0.022448935893825593,256,25
mutual_info,rf,29,0.9470880681818181,0.908685064935065,0.03224388585650901,0.06300467432078923,arcene_keep256,0.038403003246753165,0.030760788464280216,256,25
rf_importance,logistic,0,0.9264407467532468,0.882913961038961,0.04744859437631897,0.08259243803555083,arcene_keep256,0.04352678571428581,0.03514384365923186,256,25
rf_importance,logistic,1,0.9388189935064934,0.8401988636363638,0.04005296450343894,0.12844801243258075,arcene_keep256,0.09862012987012969,0.08839504792914181,256,25
rf_importance,logistic,2,0.9182224025974025,0.8626217532467533,0.059903546053442724,0.09959038197118919,arcene_keep256,0.055600649350649234,0.039686835917746466,256,25
rf_importance,logistic,3,0.9285714285714286,0.8474025974025974,0.04899774177564763,0.11096605705940013,arcene_keep256,0.08116883116883122,0.061968315283752504,256,25
rf_importance,logistic,4,0.9338474025974026,0.8814935064935066,0.042662297232023416,0.07830563488345474,arcene_keep256,0.05235389610389607,0.03564333765143132,256,25
rf_importance,logistic,5,0.916903409090909,0.8730722402597402,0.05787574795016382,0.08612793803604342,arcene_keep256,0.043831168831168776,0.0282521900858796,256,25
rf_importance,logistic,6,0.9379058441558442,0.8773336038961039,0.04173670443125374,0.086639555602438,arcene_keep256,0.060572240259740284,0.044902851171184255,256,25
rf_importance,logistic,7,0.9315137987012987,0.903814935064935,0.04689740812097447,0.06369155596025804,arcene_keep256,0.027698863636363646,0.01679414783928357,256,25
rf_importance,logistic,8,0.9260349025974027,0.8834212662337662,0.05249139996106635,0.0848311781892764,arcene_keep256,0.042613636363636576,0.03233977822821004,256,25
rf_importance,logistic,9,0.9470373376623378,0.8862621753246753,0.03422750237750386,0.08142184335594156,arcene_keep256,0.06077516233766245,0.0471943409784377,256,25
rf_importance,logistic,10,0.9210633116883117,0.8924512987012986,0.05460648742897718,0.07457461257844912,arcene_keep256,0.028612012987013102,0.019968125149471938,256,25
rf_importance,logistic,11,0.9300933441558441,0.8780438311688312,0.049163942139046145,0.08971315484524961,arcene_keep256,0.05204951298701288,0.040549212706203465,256,25
rf_importance,logistic,12,0.9283685064935064,0.8477069805194806,0.04979107827476542,0.11894028478536123,arcene_keep256,0.08066152597402587,0.0691492065105958,256,25
rf_importance,logistic,13,0.9460227272727273,0.8639407467532467,0.03539451893888363,0.09329967163912367,arcene_keep256,0.08208198051948057,0.05790515270024004,256,25
rf_importance,logistic,14,0.9291801948051946,0.8518668831168831,0.04769979102435787,0.10316123123786858,arcene_keep256,0.07731331168831157,0.05546144021351071,256,25
rf_importance,logistic,15,0.9233969155844156,0.8730722402597402,0.054512216840451065,0.08615651754621427,arcene_keep256,0.05032467532467544,0.031644300705763205,256,25
rf_importance,logistic,16,0.9327313311688311,0.8391842532467533,0.04613283352371247,0.12174680051062195,arcene_keep256,0.09354707792207784,0.07561396698690948,256,25
rf_importance,logistic,17,0.9302962662337663,0.8861607142857143,0.04448773186528413,0.07228851099754487,arcene_keep256,0.044135551948051965,0.027800779132260735,256,25
rf_importance,logistic,18,0.9311079545454546,0.8610998376623376,0.044365120114754845,0.09946438573727512,arcene_keep256,0.07000811688311703,0.05509926562252027,256,25
rf_importance,logistic,19,0.9238027597402598,0.8664772727272727,0.0553792190948486,0.09608977932893635,arcene_keep256,0.05732548701298712,0.04071056023408775,256,25
rf_importance,logistic,20,0.9286728896103896,0.8641436688311688,0.05155166306055644,0.10334675714279105,arcene_keep256,0.06452922077922085,0.051795094082234615,256,25
rf_importance,logistic,21,0.9307021103896104,0.861911525974026,0.04821944005929058,0.09637304776450453,arcene_keep256,0.06879058441558439,0.04815360770521395,256,25
rf_importance,logistic,22,0.9274553571428571,0.8648538961038961,0.04823343998453516,0.10107824895224579,arcene_keep256,0.06260146103896103,0.052844808967710634,256,25
rf_importance,logistic,23,0.9178165584415585,0.8767248376623378,0.056344089638219186,0.08655746747253472,arcene_keep256,0.04109172077922074,0.030213377834315533,256,25
rf_importance,logistic,24,0.9249188311688312,0.8637378246753247,0.05136673663883109,0.08816405549555985,arcene_keep256,0.06118100649350655,0.03679731885672876,256,25
rf_importance,logistic,25,0.9393262987012987,0.8692167207792207,0.040319544592636515,0.09205496517894055,arcene_keep256,0.07010957792207795,0.05173542058630403,256,25
rf_importance,logistic,26,0.9229910714285714,0.8736810064935066,0.05321565692910959,0.08702592347620802,arcene_keep256,0.049310064935064846,0.033810266547098435,256,25
rf_importance,logistic,27,0.9287743506493507,0.8613027597402597,0.04933595321925221,0.10503123726966329,arcene_keep256,0.06747159090909094,0.05569528405041108,256,25
rf_importance,logistic,28,0.9387175324675324,0.8766233766233766,0.04150654679553804,0.10059082071996206,arcene_keep256,0.062094155844155785,0.05908427392442402,256,25
rf_importance,logistic,29,0.9336444805194806,0.8764204545454546,0.04261804946964391,0.08300183749169122,arcene_keep256,0.05722402597402598,0.04038378802204731,256,25
rf_importance,rf,0,0.9383116883116883,0.8858056006493508,0.04046592771943336,0.07819950158471854,arcene_keep256,0.05250608766233755,0.03773357386528518,256,25
rf_importance,rf,1,0.9537337662337663,0.8860592532467532,0.028261808287871868,0.07646266727329551,arcene_keep256,0.0676745129870131,0.048200858985423645,256,25
rf_importance,rf,2,0.948051948051948,0.8793628246753248,0.03386379446569862,0.08474970080679442,arcene_keep256,0.06868912337662325,0.0508859063410958,256,25
rf_importance,rf,3,0.9586038961038961,0.9247666396103895,0.025338200874480857,0.04752468386772914,arcene_keep256,0.03383725649350655,0.02218648299324828,256,25
rf_importance,rf,4,0.9395292207792207,0.9026481331168831,0.039952967072320746,0.061662704720731716,arcene_keep256,0.036881087662337664,0.02170973764841097,256,25
rf_importance,rf,5,0.9567268668831168,0.9033076298701299,0.027719739690947584,0.06269024172168629,arcene_keep256,0.0534192370129869,0.034970502030738704,256,25
rf_importance,rf,6,0.9433340097402597,0.891893262987013,0.03720267232432704,0.0721598538321174,arcene_keep256,0.051440746753246724,0.03495718150779036,256,25
rf_importance,rf,7,0.9509435876623377,0.9204038149350648,0.03513381241731263,0.04871578533438806,arcene_keep256,0.030539772727272818,0.013581972917075434,256,25
rf_importance,rf,8,0.950689935064935,0.906148538961039,0.034355896221597,0.06064654469403617,arcene_keep256,0.04454139610389607,0.02629064847243917,256,25
rf_importance,rf,9,0.9537337662337663,0.8979809253246753,0.030405583404267536,0.060131692625274735,arcene_keep256,0.05575284090909094,0.0297261092210072,256,25
rf_importance,rf,10,0.9589082792207791,0.9082284902597403,0.02606286912089108,0.054776554558431015,arcene_keep256,0.05067978896103886,0.028713685437539934,256,25
rf_importance,rf,11,0.9524655032467533,0.898336038961039,0.02932385222225516,0.06748076236172494,arcene_keep256,0.0541294642857143,0.038156910139469785,256,25
rf_importance,rf,12,0.9609375,0.9431310876623377,0.02631881282014517,0.034558097201870815,arcene_keep256,0.017806412337662336,0.008239284381725644,256,25
rf_importance,rf,13,0.9461241883116883,0.8953429383116882,0.03332135397045906,0.06633609999634325,arcene_keep256,0.05078125000000011,0.033014746025884195,256,25
rf_importance,rf,14,0.9345576298701298,0.8751521915584416,0.047764507657128655,0.10662685403458685,arcene_keep256,0.05940543831168821,0.0588623463774582,256,25
rf_importance,rf,15,0.9472909902597403,0.8844358766233765,0.03379999005608761,0.0798944941672009,arcene_keep256,0.06285511363636376,0.046094504111113294,256,25
rf_importance,rf,16,0.9499289772727273,0.8998579545454546,0.03388006750534037,0.06362363383958994,arcene_keep256,0.05007102272727271,0.02974356633424957,256,25
rf_importance,rf,17,0.9464285714285714,0.9134030032467533,0.03565100416341614,0.05427045171007141,arcene_keep256,0.03302556818181812,0.018619447546655267,256,25
rf_importance,rf,18,0.9511972402597403,0.9030539772727273,0.029771643160916593,0.0645630807268459,arcene_keep256,0.04814326298701299,0.034791437565929305,256,25
rf_importance,rf,19,0.9581980519480519,0.918070211038961,0.026246098943475845,0.04984740066335711,arcene_keep256,0.04012784090909083,0.023601301719881267,256,25
rf_importance,rf,20,0.9350142045454545,0.8698762175324675,0.04411029286964389,0.09430188141945271,arcene_keep256,0.06513798701298701,0.050191588549808826,256,25
rf_importance,rf,21,0.959466314935065,0.9028510551948051,0.02524993960723651,0.06697891814334007,arcene_keep256,0.05661525974025983,0.041728978536103564,256,25
rf_importance,rf,22,0.9573356331168832,0.9225344967532467,0.0263977536060678,0.04976871981480044,arcene_keep256,0.034801136363636465,0.02337096620873264,256,25
rf_importance,rf,23,0.9391233766233766,0.898538961038961,0.03851031890759277,0.06554772667350166,arcene_keep256,0.04058441558441561,0.02703740776590889,256,25
rf_importance,rf,24,0.9618506493506493,0.9146205357142857,0.025723318862867876,0.06026094209907905,arcene_keep256,0.047230113636363646,0.03453762323621117,256,25
rf_importance,rf,25,0.9590097402597403,0.9208096590909091,0.026777748646514197,0.04972626396206564,arcene_keep256,0.038200081168831224,0.022948515315551445,256,25
rf_importance,rf,26,0.947849025974026,0.9085836038961039,0.03346653202803822,0.058244948079748275,arcene_keep256,0.03926542207792205,0.024778416051710057,256,25
rf_importance,rf,27,0.9586546266233765,0.9090401785714286,0.027231430745051348,0.05756177426762381,arcene_keep256,0.049614448051947924,0.03033034352257246,256,25
rf_importance,rf,28,0.9540888798701298,0.9250202922077921,0.029624568521586687,0.049704618007205305,arcene_keep256,0.029068587662337664,0.020080049485618617,256,25
rf_importance,rf,29,0.950689935064935,0.923041801948052,0.0309491708349267,0.05076353539674287,arcene_keep256,0.027648133116883078,0.019814364561816174,256,25
l1_logistic,logistic,0,0.9252232142857142,0.8871753246753247,0.050601461684014595,0.08320065532531197,arcene_keep256,0.03804788961038952,0.032599193641297375,256,25
l1_logistic,logistic,1,0.9300933441558441,0.8761160714285715,0.04891146611461415,0.08881510398248396,arcene_keep256,0.053977272727272596,0.03990363786786981,256,25
l1_logistic,logistic,2,0.9293831168831169,0.8721590909090909,0.049370051898056454,0.10564189815543594,arcene_keep256,0.05722402597402598,0.056271846257379486,256,25
l1_logistic,logistic,3,0.9368912337662338,0.880377435064935,0.04296323283580017,0.09934139831198864,arcene_keep256,0.0565137987012988,0.05637816547618847,256,25
l1_logistic,logistic,4,0.9342532467532468,0.8843344155844156,0.043775145668831526,0.09045196535559072,arcene_keep256,0.049918831168831224,0.04667681968675919,256,25
l1_logistic,logistic,5,0.9394277597402598,0.9004667207792209,0.04269105803334842,0.08732483984390002,arcene_keep256,0.038961038961038974,0.0446337818105516,256,25
l1_logistic,logistic,6,0.9394277597402598,0.8944805194805195,0.0381045070413605,0.0780227553090937,arcene_keep256,0.044947240259740284,0.03991824826773319,256,25
l1_logistic,logistic,7,0.9182224025974026,0.8866680194805195,0.055550920661155016,0.08772226438734787,arcene_keep256,0.03155438311688308,0.032171343726192854,256,25
l1_logistic,logistic,8,0.9268465909090909,0.8681006493506493,0.04742634468318624,0.09571511440691521,arcene_keep256,0.058745941558441594,0.048288769723728975,256,25
l1_logistic,logistic,9,0.929484577922078,0.875,0.04773629973099278,0.09877374008977,arcene_keep256,0.05448457792207795,0.05103744035877721,256,25
l1_logistic,logistic,10,0.9331371753246753,0.8848417207792207,0.04376547160918927,0.09111884124501542,arcene_keep256,0.048295454545454586,0.04735336963582615,256,25
l1_logistic,logistic,11,0.9379058441558442,0.8927556818181819,0.03983984612802385,0.07688778625534971,arcene_keep256,0.045150162337662336,0.03704794012732587,256,25
l1_logistic,logistic,12,0.9408482142857143,0.8984375,0.03817415906505168,0.07832697051484519,arcene_keep256,0.0424107142857143,0.04015281144979351,256,25
l1_logistic,logistic,13,0.9344561688311688,0.906351461038961,0.04518130121277955,0.07026353228145363,arcene_keep256,0.02810470779220775,0.025082231068674077,256,25
l1_logistic,logistic,14,0.9355722402597403,0.8637378246753247,0.04225065888978588,0.11202867261206055,arcene_keep256,0.07183441558441561,0.06977801372227467,256,25
l1_logistic,logistic,15,0.9387175324675324,0.8755073051948052,0.040960557387133584,0.10613878140939809,arcene_keep256,0.06321022727272718,0.0651782240222645,256,25
l1_logistic,logistic,16,0.926846590909091,0.880377435064935,0.051069193190561316,0.09694989375258246,arcene_keep256,0.04646915584415601,0.04588070056202115,256,25
l1_logistic,logistic,17,0.9221793831168832,0.8839285714285715,0.057113150324741395,0.0933042167923562,arcene_keep256,0.03825081168831168,0.03619106646761481,256,25
l1_logistic,logistic,18,0.9359780844155844,0.8885957792207793,0.04474730643803504,0.08435027473450987,arcene_keep256,0.04738230519480513,0.03960296829647483,256,25
l1_logistic,logistic,19,0.9386160714285715,0.8706371753246753,0.04145807716840966,0.1078685597469409,arcene_keep256,0.06797889610389618,0.06641048257853124,256,25
l1_logistic,logistic,20,0.9292816558441558,0.8923498376623377,0.045783378663863235,0.08266965326825851,arcene_keep256,0.03693181818181812,0.036886274604395274,256,25
l1_logistic,logistic,21,0.9339488636363636,0.8836241883116883,0.04704707634575153,0.09383666950784018,arcene_keep256,0.05032467532467533,0.04678959316208865,256,25
l1_logistic,logistic,22,0.9335430194805195,0.8704342532467533,0.043885559037827246,0.09811980683052943,arcene_keep256,0.06310876623376627,0.05423424779270218,256,25
l1_logistic,logistic,23,0.9290787337662337,0.8993506493506495,0.04986818154406213,0.07740253944255832,arcene_keep256,0.029728084415584277,0.027534357898496183,256,25
l1_logistic,logistic,24,0.937094155844156,0.888088474025974,0.042328539694158694,0.08343800726209326,arcene_keep256,0.04900568181818199,0.041109467567934564,256,25
l1_logistic,logistic,25,0.9202516233766234,0.8589691558441559,0.05433832462316728,0.1114988039973732,arcene_keep256,0.061282467532467466,0.05716047937420592,256,25
l1_logistic,logistic,26,0.9398336038961039,0.8939732142857144,0.04266699765744738,0.0780288261344657,arcene_keep256,0.04586038961038952,0.03536182847701832,256,25
l1_logistic,logistic,27,0.9308035714285715,0.8776379870129871,0.04789682170658927,0.0946747346859071,arcene_keep256,0.05316558441558439,0.04677791297931783,256,25
l1_logistic,logistic,28,0.9267451298701299,0.8810876623376624,0.05124769135349713,0.09504181235593794,arcene_keep256,0.045657467532467466,0.0437941210024408,256,25
l1_logistic,logistic,29,0.9103084415584416,0.8651582792207791,0.06039529669493006,0.11219146368348155,arcene_keep256,0.04515016233766245,0.051796166988551495,256,25
l1_logistic,rf,0,0.9515523538961038,0.9005174512987013,0.030779747081655713,0.08442287806001961,arcene_keep256,0.05103490259740251,0.053643130978363894,256,25
l1_logistic,rf,1,0.9461241883116883,0.8990969967532467,0.03479253829249665,0.06874865843507748,arcene_keep256,0.047027191558441594,0.03395612014258083,256,25
l1_logistic,rf,2,0.9498782467532467,0.8995535714285715,0.03208337284214684,0.07637319555667804,arcene_keep256,0.05032467532467522,0.044289822714531205,256,25
l1_logistic,rf,3,0.9579443993506493,0.8964590097402597,0.028853469322454445,0.07058276732622532,arcene_keep256,0.06148538961038963,0.04172929800377087,256,25
l1_logistic,rf,4,0.950487012987013,0.9130986201298701,0.03084853585564918,0.05809697756565339,arcene_keep256,0.037388392857142905,0.027248441710004213,256,25
l1_logistic,rf,5,0.9636769480519481,0.9097504058441558,0.02389853986121593,0.061078449384971034,arcene_keep256,0.05392654220779236,0.037179909523755106,256,25
l1_logistic,rf,6,0.9630681818181818,0.9215198863636365,0.024060199654230282,0.04924996972475252,arcene_keep256,0.0415482954545453,0.025189770070522238,256,25
l1_logistic,rf,7,0.9529728084415584,0.9044237012987013,0.032180500204381124,0.06911276995447205,arcene_keep256,0.048549107142857095,0.036932269750090924,256,25
l1_logistic,rf,8,0.959669237012987,0.8957487824675324,0.026759863322653482,0.07054146609922363,arcene_keep256,0.06392045454545459,0.043781602776570144,256,25
l1_logistic,rf,9,0.9469358766233765,0.898336038961039,0.033675238247926016,0.07426891004249063,arcene_keep256,0.04859983766233755,0.04059367179456461,256,25
l1_logistic,rf,10,0.9539874188311688,0.9018364448051949,0.029511738783277126,0.06673578952223187,arcene_keep256,0.052150974025973906,0.037224050738954746,256,25
l1_logistic,rf,11,0.9401887175324676,0.886515827922078,0.037447440276758656,0.07597447424958559,arcene_keep256,0.05367288961038963,0.03852703397282693,256,25
l1_logistic,rf,12,0.9507406655844156,0.8998579545454546,0.03201118755671928,0.07288504436286095,arcene_keep256,0.050882711038961026,0.04087385680614167,256,25
l1_logistic,rf,13,0.9629159902597403,0.9234983766233766,0.023764316948972512,0.05165251055737761,arcene_keep256,0.039417613636363646,0.027888193608405096,256,25
l1_logistic,rf,14,0.9530742694805194,0.893364448051948,0.02868317052829515,0.07335877379709657,arcene_keep256,0.0597098214285714,0.04467560326880142,256,25
l1_logistic,rf,15,0.9608867694805194,0.9411018668831169,0.02649213703060026,0.04507228029555152,arcene_keep256,0.01978490259740251,0.01858014326495126,256,25
l1_logistic,rf,16,0.9543425324675324,0.9004159902597402,0.02924144525217114,0.08014410203498092,arcene_keep256,0.05392654220779225,0.05090265678280978,256,25
l1_logistic,rf,17,0.9421164772727273,0.8978794642857143,0.03798214845689908,0.06979950639790528,arcene_keep256,0.04423701298701299,0.031817357941006194,256,25
l1_logistic,rf,18,0.950689935064935,0.913453733766234,0.03094934688952787,0.06021317687889938,arcene_keep256,0.03723620129870109,0.029263829989371506,256,25
l1_logistic,rf,19,0.9321225649350648,0.8881899350649352,0.045237728019513784,0.07594941496977345,arcene_keep256,0.04393262987012969,0.030711686950259665,256,25
l1_logistic,rf,20,0.94921875,0.8990969967532467,0.03127981919922218,0.06527152328926508,arcene_keep256,0.050121753246753276,0.0339917040900429,256,25
l1_logistic,rf,21,0.9448051948051949,0.9068080357142857,0.0368707422808032,0.06375798375338516,arcene_keep256,0.03799715909090917,0.026887241472581966,256,25
l1_logistic,rf,22,0.959567775974026,0.911221590909091,0.025430632672424538,0.06749941802739245,arcene_keep256,0.04834618506493493,0.042068785354967914,256,25
l1_logistic,rf,23,0.963676948051948,0.907619724025974,0.02281538600755299,0.06320168583038792,arcene_keep256,0.05605722402597402,0.040386299822834926,256,25
l1_logistic,rf,24,0.9407467532467533,0.8911323051948052,0.03840279095068592,0.08011280523259827,arcene_keep256,0.049614448051948035,0.04171001428191235,256,25
l1_logistic,rf,25,0.941203327922078,0.8846387987012987,0.03764598989140142,0.07933926950681187,arcene_keep256,0.05656452922077926,0.04169327961541045,256,25
l1_logistic,rf,26,0.9447037337662337,0.8838778409090909,0.03890918339610372,0.08740503176782455,arcene_keep256,0.060825892857142794,0.04849584837172083,256,25
l1_logistic,rf,27,0.9521611201298701,0.8998579545454545,0.03058958312257249,0.07206040138543639,arcene_keep256,0.05230316558441561,0.0414708182628639,256,25
l1_logistic,rf,28,0.9486607142857143,0.8786018668831168,0.03515609293181233,0.09607890111027739,arcene_keep256,0.07005884740259749,0.060922808178465064,256,25
l1_logistic,rf,29,0.9456676136363635,0.9022930194805194,0.03490355634673739,0.0627883295443275,arcene_keep256,0.043374594155844104,0.027884773197590113,256,25
mutual_info,logistic,0,0.9471387987012988,0.8932629870129871,0.035780134232591736,0.07388399425293564,arcene_keep1000,0.05387581168831168,0.0381038600203439,1000,25
mutual_info,logistic,1,0.9364853896103896,0.8735795454545454,0.052338561163699816,0.09319701710558667,arcene_keep1000,0.06290584415584421,0.040858455941886855,1000,25
mutual_info,logistic,2,0.9507913961038961,0.8732751623376624,0.03528181859971621,0.09267882871883015,arcene_keep1000,0.07751623376623362,0.057397010119113946,1000,25
mutual_info,logistic,3,0.9467329545454545,0.8506493506493507,0.042685951283104866,0.11151744519151754,arcene_keep1000,0.09608360389610382,0.06883149390841267,1000,25
mutual_info,logistic,4,0.940137987012987,0.8443587662337663,0.04965104412105696,0.1208791449314021,arcene_keep1000,0.09577922077922074,0.07122810081034514,1000,25
mutual_info,logistic,5,0.9562702922077921,0.8947849025974026,0.03081188832655154,0.06718681731307362,arcene_keep1000,0.06148538961038952,0.03637492898652208,1000,25
mutual_info,logistic,6,0.9361810064935066,0.8511566558441559,0.07270890278504355,0.11491842711517439,arcene_keep1000,0.08502435064935066,0.04220952433013084,1000,25
mutual_info,logistic,7,0.9325284090909091,0.867086038961039,0.05058905191850269,0.10316352409220486,arcene_keep1000,0.06544237012987009,0.052574472173702175,1000,25
mutual_info,logistic,8,0.950385551948052,0.8456777597402597,0.04055146600333782,0.11317414161016064,arcene_keep1000,0.10470779220779225,0.07262267560682281,1000,25
mutual_info,logistic,9,0.9411525974025975,0.8633319805194805,0.04642632498061618,0.0939353263804771,arcene_keep1000,0.07782061688311703,0.04750900139986091,1000,25
mutual_info,logistic,10,0.9278612012987013,0.8532873376623377,0.07634892860089332,0.10249702266107856,arcene_keep1000,0.07457386363636365,0.026148094060185242,1000,25
mutual_info,logistic,11,0.9436891233766234,0.8792613636363636,0.04283358593188543,0.07854202877291026,arcene_keep1000,0.06442775974025972,0.03570844284102483,1000,25
mutual_info,logistic,12,0.9528206168831169,0.888088474025974,0.03152558325115165,0.08192151570203046,arcene_keep1000,0.0647321428571429,0.05039593245087881,1000,25
mutual_info,logistic,13,0.9491680194805195,0.8487215909090909,0.035707687787815676,0.11363479733432022,arcene_keep1000,0.1004464285714286,0.07792710954650454,1000,25
mutual_info,logistic,14,0.9433847402597403,0.8419237012987012,0.041570206578003824,0.12301619453832024,arcene_keep1000,0.10146103896103909,0.08144598796031642,1000,25
mutual_info,logistic,15,0.9512987012987013,0.8619115259740259,0.03643296693352206,0.10613569943607257,arcene_keep1000,0.08938717532467544,0.0697027325025505,1000,25
mutual_info,logistic,16,0.9315137987012988,0.8740868506493507,0.07522875818810178,0.09136188411386953,arcene_keep1000,0.057426948051948146,0.016133125925767752,1000,25
mutual_info,logistic,17,0.9518060064935064,0.8783482142857142,0.03879895917417853,0.10430959636813301,arcene_keep1000,0.07345779220779225,0.06551063719395449,1000,25
mutual_info,logistic,18,0.9383116883116882,0.8585633116883117,0.04710905839034056,0.10030398747531499,arcene_keep1000,0.07974837662337653,0.05319492908497443,1000,25
mutual_info,logistic,19,0.9450081168831169,0.8719561688311689,0.04144205420241667,0.09295846491528512,arcene_keep1000,0.07305194805194803,0.05151641071286844,1000,25
mutual_info,logistic,20,0.9416599025974026,0.8576501623376623,0.04534020852800327,0.1211540359292354,arcene_keep1000,0.08400974025974028,0.07581382740123213,1000,25
mutual_info,logistic,21,0.9496753246753247,0.835734577922078,0.03702125233614176,0.12810164657313083,arcene_keep1000,0.11394074675324672,0.09108039423698908,1000,25
mutual_info,logistic,22,0.9439935064935064,0.8727678571428571,0.04148753254843424,0.09684133269581277,arcene_keep1000,0.07122564935064934,0.05535380014737853,1000,25
mutual_info,logistic,23,0.9415584415584416,0.8640422077922078,0.042053963047280735,0.11753003758161355,arcene_keep1000,0.07751623376623384,0.07547607453433282,1000,25
mutual_info,logistic,24,0.9337459415584416,0.8171672077922078,0.05212808730061668,0.14262942575232587,arcene_keep1000,0.11657873376623384,0.09050133845170918,1000,25
mutual_info,logistic,25,0.9395292207792206,0.8665787337662337,0.04286649515207386,0.08991678430615185,arcene_keep1000,0.0729504870129869,0.047050289154077996,1000,25
mutual_info,logistic,26,0.9392248376623377,0.8625202922077922,0.0453541476046584,0.10735603476000354,arcene_keep1000,0.07670454545454541,0.06200188715534514,1000,25
mutual_info,logistic,27,0.9523133116883117,0.8669845779220781,0.032986274531012924,0.09275365622016422,arcene_keep1000,0.08532873376623362,0.0597673816891513,1000,25
mutual_info,logistic,28,0.9370941558441558,0.8293425324675324,0.045238940761493485,0.12557168675021094,arcene_keep1000,0.10775162337662336,0.08033274598871745,1000,25
mutual_info,logistic,29,0.9491680194805195,0.8610998376623377,0.03868192658752638,0.104606289056273,arcene_keep1000,0.08806818181818188,0.06592436246874663,1000,25
mutual_info,rf,0,0.9517045454545455,0.9311586850649349,0.02849549339297734,0.04442191329144321,arcene_keep1000,0.020545860389610593,0.015926419898465872,1000,25
mutual_info,rf,1,0.9395799512987014,0.898234577922078,0.037391101591183286,0.07681613630079889,arcene_keep1000,0.04134537337662347,0.03942503470961561,1000,25
mutual_info,rf,2,0.9433847402597403,0.912591314935065,0.03637746554423886,0.05704937258548774,arcene_keep1000,0.030793425324675328,0.020671907041248883,1000,25
mutual_info,rf,3,0.9173599837662338,0.8817471590909091,0.052019286244247134,0.08027433775882248,arcene_keep1000,0.03561282467532478,0.028255051514575344,1000,25
mutual_info,rf,4,0.9350649350649352,0.8877333603896104,0.040865680855239075,0.07400122893396043,arcene_keep1000,0.04733157467532478,0.03313554807872135,1000,25
mutual_info,rf,5,0.9427759740259741,0.8898640422077922,0.03432237391460526,0.07642011828194424,arcene_keep1000,0.05291193181818188,0.04209774436733898,1000,25
mutual_info,rf,6,0.9238534902597403,0.8805803571428573,0.04913411009712054,0.10328432775871968,arcene_keep1000,0.04327313311688297,0.05415021766159914,1000,25
mutual_info,rf,7,0.9569805194805194,0.9061992694805194,0.026384602103336333,0.06297680837146002,arcene_keep1000,0.05078125,0.03659220626812369,1000,25
mutual_info,rf,8,0.9273538961038961,0.8637885551948052,0.04948624850080132,0.09575727469202822,arcene_keep1000,0.06356534090909083,0.046271026191226895,1000,25
mutual_info,rf,9,0.9420150162337663,0.8980316558441559,0.0387966926172908,0.07037966549344275,arcene_keep1000,0.04398336038961037,0.03158297287615195,1000,25
mutual_info,rf,10,0.9376521915584416,0.9007711038961039,0.0413215314777634,0.06384788692068279,arcene_keep1000,0.036881087662337664,0.022526355442919387,1000,25
mutual_info,rf,11,0.9462256493506493,0.9070616883116882,0.034306764744693984,0.07835437721070942,arcene_keep1000,0.03916396103896114,0.04404761246601544,1000,25
mutual_info,rf,12,0.9380580357142857,0.8699776785714285,0.03838063097489186,0.09379737564961681,arcene_keep1000,0.0680803571428572,0.055416744674724946,1000,25
mutual_info,rf,13,0.949015827922078,0.9093952922077922,0.03168858689424313,0.05977879467347283,arcene_keep1000,0.0396205357142857,0.0280902077792297,1000,25
mutual_info,rf,14,0.9365868506493507,0.8653104707792209,0.03945760466218439,0.09069496962319198,arcene_keep1000,0.0712763798701298,0.05123736496100759,1000,25
mutual_info,rf,15,0.9366375811688311,0.8836749188311689,0.040226402549844054,0.07973426681112626,arcene_keep1000,0.052962662337662225,0.03950786426128221,1000,25
mutual_info,rf,16,0.9485592532467533,0.9109679383116883,0.031056379831124168,0.06416738338085165,arcene_keep1000,0.03759131493506496,0.033111003549727486,1000,25
mutual_info,rf,17,0.9496245941558442,0.9224837662337663,0.031101895763247848,0.04848308513365864,arcene_keep1000,0.027140827922077948,0.017381189370410794,1000,25
mutual_info,rf,18,0.9344561688311689,0.887885551948052,0.03999379590201974,0.07585732701220135,arcene_keep1000,0.04657061688311692,0.03586353111018161,1000,25
mutual_info,rf,19,0.9440949675324676,0.8995535714285715,0.03428387129967895,0.07089692877908897,arcene_keep1000,0.04454139610389607,0.03661305747941002,1000,25
mutual_info,rf,20,0.9393770292207793,0.9074675324675324,0.04120158684182556,0.05693690137277223,arcene_keep1000,0.031909496753246835,0.01573531453094667,1000,25
mutual_info,rf,21,0.9486607142857143,0.890625,0.032569019393424624,0.07302662897275741,arcene_keep1000,0.0580357142857143,0.04045760957933279,1000,25
mutual_info,rf,22,0.9358766233766235,0.8998579545454546,0.04193426900378138,0.06443041054876558,arcene_keep1000,0.03601866883116889,0.0224961415449842,1000,25
mutual_info,rf,23,0.9458705357142857,0.9030032467532467,0.034746383409952286,0.0641209655415262,arcene_keep1000,0.042867288961038974,0.029374582131573915,1000,25
mutual_info,rf,24,0.9463271103896104,0.8825588474025974,0.03231303366578797,0.08671196851458596,arcene_keep1000,0.06376826298701299,0.054398934848797986,1000,25
mutual_info,rf,25,0.9402901785714286,0.902445211038961,0.03825821035728571,0.07465003260335737,arcene_keep1000,0.03784496753246758,0.03639182224607166,1000,25
mutual_info,rf,26,0.9368912337662337,0.8913352272727273,0.04023074628546382,0.07423482340061233,arcene_keep1000,0.04555600649350644,0.03400407711514851,1000,25
mutual_info,rf,27,0.9499289772727273,0.8962053571428571,0.03216847118877788,0.06632765113034537,arcene_keep1000,0.0537236201298702,0.034159179941567495,1000,25
mutual_info,rf,28,0.9446022727272727,0.9203023538961039,0.033822720131875705,0.049982072426454555,arcene_keep1000,0.024299918831168776,0.01615935229457885,1000,25
mutual_info,rf,29,0.930854301948052,0.8921469155844155,0.044791689188378475,0.07876319880255161,arcene_keep1000,0.038707386363636465,0.03397150961417314,1000,25
rf_importance,logistic,0,0.9346590909090909,0.8667816558441559,0.050004618328440595,0.09790993682117377,arcene_keep1000,0.06787743506493504,0.047905318492733176,1000,25
rf_importance,logistic,1,0.9326298701298701,0.8573457792207793,0.05328833150927705,0.10562168433161273,arcene_keep1000,0.07528409090909083,0.05233335282233568,1000,25
rf_importance,logistic,2,0.9354707792207793,0.8412134740259741,0.04669171588905413,0.12543622499193371,arcene_keep1000,0.09425730519480513,0.07874450910287958,1000,25
rf_importance,logistic,3,0.9367897727272728,0.8587662337662337,0.06638210204206826,0.10282977629799898,arcene_keep1000,0.07802353896103909,0.03644767425593072,1000,25
rf_importance,logistic,4,0.9258319805194806,0.8396915584415584,0.05588930322702663,0.11081056583263187,arcene_keep1000,0.08614042207792216,0.05492126260560524,1000,25
rf_importance,logistic,5,0.9302962662337664,0.8631290584415584,0.05668186295120118,0.09236152271131923,arcene_keep1000,0.06716720779220797,0.03567965976011805,1000,25
rf_importance,logistic,6,0.9436891233766233,0.8726663961038962,0.04834004601765397,0.09218748973176792,arcene_keep1000,0.07102272727272707,0.04384744371411395,1000,25
rf_importance,logistic,7,0.9419642857142857,0.8722605519480521,0.04464850639547784,0.09139225592161997,arcene_keep1000,0.06970373376623362,0.046743749526142124,1000,25
rf_importance,logistic,8,0.9526176948051948,0.8919439935064934,0.03807498979172202,0.08174920432626277,arcene_keep1000,0.06067370129870131,0.043674214534540755,1000,25
rf_importance,logistic,9,0.9543425324675325,0.8518668831168831,0.034341990104305,0.11862303397177316,arcene_keep1000,0.10247564935064946,0.08428104386746817,1000,25
rf_importance,logistic,10,0.9365868506493508,0.8925527597402597,0.049446478828675,0.06953861129822007,arcene_keep1000,0.04403409090909105,0.020092132469545075,1000,25
rf_importance,logistic,11,0.9381087662337663,0.851461038961039,0.04860067826410264,0.09990992234374374,arcene_keep1000,0.08664772727272729,0.0513092440796411,1000,25
rf_importance,logistic,12,0.942775974025974,0.851765422077922,0.040051032182510035,0.11331058741619922,arcene_keep1000,0.09101055194805197,0.07325955523368918,1000,25
rf_importance,logistic,13,0.9384131493506493,0.8368506493506493,0.04238510698703549,0.12305497140567986,arcene_keep1000,0.1015625,0.08066986441864438,1000,25
rf_importance,logistic,14,0.9462256493506493,0.8706371753246753,0.038961191367742266,0.09472548269382189,arcene_keep1000,0.07558847402597402,0.05576429132607962,1000,25
rf_importance,logistic,15,0.937398538961039,0.8642451298701299,0.061179768865666964,0.10471319134630377,arcene_keep1000,0.07315340909090906,0.04353342248063681,1000,25
rf_importance,logistic,16,0.9395292207792207,0.880275974025974,0.04267776194850367,0.08841843376460375,arcene_keep1000,0.059253246753246724,0.04574067181610007,1000,25
rf_importance,logistic,17,0.9459212662337663,0.8657670454545454,0.04239581959476217,0.09366630887192921,arcene_keep1000,0.08015422077922085,0.05127048927716704,1000,25
rf_importance,logistic,18,0.9264407467532467,0.8468952922077922,0.08250633909624949,0.11477778351294914,arcene_keep1000,0.07954545454545447,0.03227144441669964,1000,25
rf_importance,logistic,19,0.9391233766233766,0.8877840909090908,0.04761944643402519,0.07431662288425403,arcene_keep1000,0.05133928571428581,0.026697176450228843,1000,25
rf_importance,logistic,20,0.9293831168831169,0.8523741883116884,0.07475676849672686,0.10122258358503855,arcene_keep1000,0.07700892857142849,0.026465815088311695,1000,25
rf_importance,logistic,21,0.9462256493506495,0.864650974025974,0.041294944145194266,0.08900830114970869,arcene_keep1000,0.08157467532467544,0.04771335700451442,1000,25
rf_importance,logistic,22,0.9541396103896104,0.8663758116883117,0.037454403767003625,0.1023523494611626,arcene_keep1000,0.08776379870129869,0.06489794569415898,1000,25
rf_importance,logistic,23,0.9505884740259741,0.8625202922077922,0.03477451380424819,0.10064321526731951,arcene_keep1000,0.08806818181818188,0.06586870146307132,1000,25
rf_importance,logistic,24,0.9507913961038961,0.8544034090909091,0.03760786670617501,0.10630755247172803,arcene_keep1000,0.09638798701298701,0.06869968576555302,1000,25
rf_importance,logistic,25,0.9435876623376623,0.8532873376623377,0.04049743512165428,0.1014987765415563,arcene_keep1000,0.09030032467532467,0.061001341419902017,1000,25
rf_importance,logistic,26,0.9430803571428572,0.8661728896103896,0.04465094742519911,0.09697067605066523,arcene_keep1000,0.07690746753246758,0.05231972862546612,1000,25
rf_importance,logistic,27,0.953226461038961,0.8859577922077921,0.03259796898862237,0.07144953328857977,arcene_keep1000,0.06726866883116889,0.0388515642999574,1000,25
rf_importance,logistic,28,0.9411525974025974,0.8639407467532467,0.04602704642864015,0.10164561501653233,arcene_keep1000,0.07721185064935066,0.05561856858789217,1000,25
rf_importance,logistic,29,0.9336444805194806,0.833502435064935,0.07137748439177216,0.12463199529208985,arcene_keep1000,0.10014204545454553,0.053254510900317686,1000,25
rf_importance,rf,0,0.9493709415584415,0.895698051948052,0.03118890925714306,0.07247709425891577,arcene_keep1000,0.05367288961038952,0.04128818500177271,1000,25
rf_importance,rf,1,0.9407974837662337,0.9019886363636365,0.03803316279300104,0.06338722629805643,arcene_keep1000,0.03880884740259727,0.02535406350505539,1000,25
rf_importance,rf,2,0.9346590909090909,0.8668831168831169,0.04179676795399115,0.08444046191225023,arcene_keep1000,0.06777597402597402,0.04264369395825908,1000,25
rf_importance,rf,3,0.932224025974026,0.8578023538961039,0.04066936285417696,0.09259304932677495,arcene_keep1000,0.07442167207792205,0.05192368647259799,1000,25
rf_importance,rf,4,0.946783685064935,0.9079241071428572,0.03317261007033285,0.07654678640524643,arcene_keep1000,0.03885957792207784,0.043374176334913576,1000,25
rf_importance,rf,5,0.9208096590909092,0.8713981331168832,0.049341296365659745,0.08772051300347147,arcene_keep1000,0.04941152597402598,0.03837921663781173,1000,25
rf_importance,rf,6,0.9307021103896104,0.8939732142857143,0.044527817119907824,0.06769398103086019,arcene_keep1000,0.03672889610389607,0.023166163910952366,1000,25
rf_importance,rf,7,0.9409496753246753,0.8833705357142857,0.03570971252002959,0.07375118923697066,arcene_keep1000,0.05757913961038963,0.03804147671694107,1000,25
rf_importance,rf,8,0.9409496753246753,0.8964590097402597,0.03722488935128074,0.0672764530933484,arcene_keep1000,0.04449066558441561,0.03005156374206766,1000,25
rf_importance,rf,9,0.9457183441558441,0.8743405032467532,0.03548028971344213,0.08623212735411233,arcene_keep1000,0.07137784090909094,0.0507518376406702,1000,25
rf_importance,rf,10,0.9312601461038961,0.8883421266233766,0.04343287121390768,0.07059723196239723,arcene_keep1000,0.04291801948051943,0.027164360748489547,1000,25
rf_importance,rf,11,0.9382102272727272,0.8922483766233765,0.03719303472361374,0.07131816188739273,arcene_keep1000,0.045961850649350655,0.034125127163778995,1000,25
rf_importance,rf,12,0.9406452922077921,0.8986911525974026,0.0381087122951026,0.07413842016743177,arcene_keep1000,0.04195413961038952,0.036029707872329175,1000,25
rf_importance,rf,13,0.9483056006493507,0.9236505681818181,0.03257231649209635,0.04817482842829358,arcene_keep1000,0.024655032467532534,0.01560251193619723,1000,25
rf_importance,rf,14,0.9419135551948052,0.9026481331168831,0.03682630584590819,0.0606950557511928,arcene_keep1000,0.03926542207792216,0.023868749905284613,1000,25
rf_importance,rf,15,0.9409496753246753,0.8901176948051949,0.037474145078848047,0.08004870887364746,arcene_keep1000,0.05083198051948046,0.04257456379479941,1000,25
rf_importance,rf,16,0.9322747564935066,0.9007711038961039,0.04424757423938287,0.06470242122008608,arcene_keep1000,0.03150365259740262,0.020454846980703212,1000,25
rf_importance,rf,17,0.9395292207792209,0.8978287337662337,0.03746382781117659,0.06544202274116229,arcene_keep1000,0.04170048701298712,0.027978194929985697,1000,25
rf_importance,rf,18,0.9322747564935066,0.892096185064935,0.04236859791175769,0.07391009862473132,arcene_keep1000,0.04017857142857151,0.031541500712973625,1000,25
rf_importance,rf,19,0.9393262987012987,0.877536525974026,0.037892533118310895,0.08305636539905666,arcene_keep1000,0.06178977272727271,0.04516383228074576,1000,25
rf_importance,rf,20,0.9412540584415584,0.877637987012987,0.03605185213796645,0.08854070788102932,arcene_keep1000,0.0636160714285714,0.05248885574306286,1000,25
rf_importance,rf,21,0.9358258928571429,0.9020393668831169,0.039265198356840295,0.0665232748751673,arcene_keep1000,0.03378652597402598,0.027258076518327,1000,25
rf_importance,rf,22,0.9384638798701299,0.8756087662337663,0.03805481479064493,0.0803744527348894,arcene_keep1000,0.06285511363636365,0.04231963794424447,1000,25
rf_importance,rf,23,0.9296875,0.869926948051948,0.04381401360780262,0.08647688421783324,arcene_keep1000,0.059760551948051965,0.04266287061003062,1000,25
rf_importance,rf,24,0.9423701298701298,0.8817978896103896,0.03561553874251065,0.08441059168683387,arcene_keep1000,0.06057224025974017,0.04879505294432322,1000,25
rf_importance,rf,25,0.9472909902597403,0.9000101461038961,0.03167821020858541,0.06789629817327979,arcene_keep1000,0.047280844155844215,0.036218087964694376,1000,25
rf_importance,rf,26,0.946682224025974,0.9250202922077922,0.03371055052369763,0.04440951303945979,arcene_keep1000,0.021661931818181768,0.010698962515762155,1000,25
rf_importance,rf,27,0.9499797077922078,0.9055905032467533,0.03208954142572541,0.059017434242951125,arcene_keep1000,0.044389204545454475,0.026927892817225713,1000,25
rf_importance,rf,28,0.9345576298701299,0.9054383116883117,0.04465693160867376,0.06324625675806128,arcene_keep1000,0.029119318181818232,0.01858932514938752,1000,25
rf_importance,rf,29,0.9519074675324676,0.9017857142857143,0.02936069534915734,0.06334883824517504,arcene_keep1000,0.050121753246753276,0.033988142896017697,1000,25
l1_logistic,logistic,0,0.9602272727272728,0.8460836038961039,0.02509923374068396,0.12747608929269366,arcene_keep1000,0.11414366883116889,0.1023768555520097,1000,25
l1_logistic,logistic,1,0.9418628246753247,0.8376623376623377,0.045154490545548445,0.1283772514828166,arcene_keep1000,0.10420048701298701,0.08322276093726814,1000,25
l1_logistic,logistic,2,0.9373985389610389,0.8285308441558442,0.04364572490494506,0.1274822563932774,arcene_keep1000,0.10886769480519465,0.08383653148833234,1000,25
l1_logistic,logistic,3,0.9359780844155845,0.8135146103896105,0.04879908726767669,0.15466644550095715,arcene_keep1000,0.12246347402597402,0.10586735823328046,1000,25
l1_logistic,logistic,4,0.9445008116883117,0.8491274350649352,0.04395640120527017,0.11772416153201914,arcene_keep1000,0.09537337662337653,0.07376776032674898,1000,25
l1_logistic,logistic,5,0.9396306818181819,0.8284293831168831,0.05015389565107017,0.14822910085753524,arcene_keep1000,0.1112012987012988,0.09807520520646507,1000,25
l1_logistic,logistic,6,0.9383116883116883,0.8382711038961039,0.04369521241664569,0.13583687445961404,arcene_keep1000,0.10004058441558439,0.09214166204296835,1000,25
l1_logistic,logistic,7,0.9453125,0.8518668831168831,0.0435969703547842,0.10560537200328439,arcene_keep1000,0.09344561688311692,0.06200840164850019,1000,25
l1_logistic,logistic,8,0.9440949675324675,0.8289366883116883,0.04550507584054026,0.15935612354224787,arcene_keep1000,0.11515827922077915,0.11385104770170762,1000,25
l1_logistic,logistic,9,0.9443993506493508,0.872260551948052,0.06177635289441485,0.0917704582433671,arcene_keep1000,0.0721387987012988,0.029994105348952256,1000,25
l1_logistic,logistic,10,0.9327313311688312,0.8408076298701298,0.054070593703457646,0.12348092633009403,arcene_keep1000,0.09192370129870142,0.06941033262663637,1000,25
l1_logistic,logistic,11,0.9550527597402597,0.8443587662337663,0.031009419852454412,0.11412387178994607,arcene_keep1000,0.11069399350649345,0.08311445193749166,1000,25
l1_logistic,logistic,12,0.940239448051948,0.828226461038961,0.04643920531139192,0.13364314812205796,arcene_keep1000,0.11201298701298701,0.08720394281066604,1000,25
l1_logistic,logistic,13,0.9521103896103896,0.8360389610389611,0.0390272043837077,0.13821369241809753,arcene_keep1000,0.11607142857142849,0.09918648803438983,1000,25
l1_logistic,logistic,14,0.9430803571428572,0.8585633116883118,0.04230069533191547,0.10526530038261533,arcene_keep1000,0.08451704545454541,0.06296460505069987,1000,25
l1_logistic,logistic,15,0.9281655844155844,0.8302556818181819,0.05335841107070735,0.13931534208847401,arcene_keep1000,0.09790990259740251,0.08595693101776666,1000,25
l1_logistic,logistic,16,0.9368912337662338,0.8366477272727273,0.04709813811967757,0.14118650102506047,arcene_keep1000,0.10024350649350655,0.0940883629053829,1000,25
l1_logistic,logistic,17,0.937398538961039,0.8312702922077922,0.04817078655451327,0.14598492716052153,arcene_keep1000,0.10612824675324672,0.09781414060600827,1000,25
l1_logistic,logistic,18,0.9415584415584416,0.825487012987013,0.04461242724933116,0.14469579205027616,arcene_keep1000,0.1160714285714286,0.100083364800945,1000,25
l1_logistic,logistic,19,0.9364853896103896,0.8066152597402598,0.04836157285927603,0.18061579842384268,arcene_keep1000,0.1298701298701298,0.13225422556456665,1000,25
l1_logistic,logistic,20,0.9495738636363638,0.8547077922077921,0.039616899970127815,0.11522505928008894,arcene_keep1000,0.09486607142857162,0.07560815930996112,1000,25
l1_logistic,logistic,21,0.9308035714285715,0.8224431818181819,0.04937268758285801,0.13617879706258051,arcene_keep1000,0.10836038961038963,0.0868061094797225,1000,25
l1_logistic,logistic,22,0.9559659090909092,0.8141233766233766,0.03844837100237506,0.1509849303412525,arcene_keep1000,0.14184253246753253,0.11253655933887743,1000,25
l1_logistic,logistic,23,0.9412540584415586,0.8286323051948052,0.04059708703487521,0.1336842265132099,arcene_keep1000,0.11262175324675339,0.09308713947833469,1000,25
l1_logistic,logistic,24,0.9542410714285715,0.84375,0.03394779735742326,0.1138610005328157,arcene_keep1000,0.11049107142857151,0.07991320317539244,1000,25
l1_logistic,logistic,25,0.9403409090909091,0.8520698051948051,0.04655863680483151,0.11932038291378406,arcene_keep1000,0.08827110389610393,0.07276174610895256,1000,25
l1_logistic,logistic,26,0.9443993506493507,0.838575487012987,0.04911721203922774,0.12721195576499575,arcene_keep1000,0.10582386363636365,0.07809474372576801,1000,25
l1_logistic,logistic,27,0.9493709415584415,0.8453733766233766,0.03733548086735415,0.11503866542957211,arcene_keep1000,0.10399756493506485,0.07770318456221796,1000,25
l1_logistic,logistic,28,0.9441964285714286,0.8448660714285715,0.03773192326421724,0.11435919399155742,arcene_keep1000,0.0993303571428571,0.07662727072734019,1000,25
l1_logistic,logistic,29,0.929788961038961,0.8496347402597403,0.05501102103611085,0.11445362147039972,arcene_keep1000,0.08015422077922074,0.059442600434288874,1000,25
l1_logistic,rf,0,0.941304788961039,0.8795657467532467,0.035046927759653894,0.08418563360695754,arcene_keep1000,0.06173904220779225,0.04913870584730364,1000,25
l1_logistic,rf,1,0.9506392045454546,0.8800223214285715,0.03193048887575976,0.07772276876885217,arcene_keep1000,0.07061688311688308,0.04579227989309241,1000,25
l1_logistic,rf,2,0.9417106331168833,0.8744419642857143,0.03695977899885318,0.09922707303437897,arcene_keep1000,0.067268668831169,0.06226729403552579,1000,25
l1_logistic,rf,3,0.9359273538961039,0.8927049512987012,0.041012856829419256,0.07028383195355348,arcene_keep1000,0.04322240259740273,0.02927097512413422,1000,25
l1_logistic,rf,4,0.9275060876623378,0.863078327922078,0.04521191016983717,0.09831257005259984,arcene_keep1000,0.06442775974025983,0.05310065988276267,1000,25
l1_logistic,rf,5,0.9399350649350648,0.8835734577922079,0.03694882089888263,0.09702223670674658,arcene_keep1000,0.056361607142856984,0.06007341580786395,1000,25
l1_logistic,rf,6,0.936028814935065,0.8913352272727272,0.03856754630309548,0.06970062405581737,arcene_keep1000,0.044693587662337775,0.031133077752721887,1000,25
l1_logistic,rf,7,0.9408482142857143,0.8836749188311688,0.03722046468805689,0.08190355792129944,arcene_keep1000,0.057173295454545525,0.04468309323324255,1000,25
l1_logistic,rf,8,0.9453125,0.87109375,0.034958168499219115,0.10197633651092047,arcene_keep1000,0.07421875,0.06701816801170135,1000,25
l1_logistic,rf,9,0.9488636363636365,0.8726156655844156,0.03128008127319443,0.08994397871675394,arcene_keep1000,0.07624797077922085,0.058663897443559515,1000,25
l1_logistic,rf,10,0.9417613636363636,0.8722605519480521,0.03622323884973249,0.10846959727051858,arcene_keep1000,0.06950081168831157,0.07224635842078608,1000,25
l1_logistic,rf,11,0.947747564935065,0.8657670454545454,0.0335645839021333,0.10679780232076377,arcene_keep1000,0.08198051948051954,0.07323321841863048,1000,25
l1_logistic,rf,12,0.9324269480519481,0.8756594967532467,0.042137915210647726,0.0877235384189623,arcene_keep1000,0.05676745129870142,0.04558562320831457,1000,25
l1_logistic,rf,13,0.9528713474025974,0.882711038961039,0.02880131640177905,0.08135569428972401,arcene_keep1000,0.0701603084415584,0.05255437788794497,1000,25
l1_logistic,rf,14,0.9263392857142857,0.8616071428571428,0.046825273050220474,0.10732502097895122,arcene_keep1000,0.0647321428571429,0.060499747928730745,1000,25
l1_logistic,rf,15,0.9357244318181818,0.8376116071428572,0.04134920593272715,0.12158794657062082,arcene_keep1000,0.09811282467532456,0.08023874063789366,1000,25
l1_logistic,rf,16,0.9476461038961039,0.8531351461038962,0.032219573138174154,0.1059589244617754,arcene_keep1000,0.09451095779220775,0.07373935132360125,1000,25
l1_logistic,rf,17,0.9407974837662337,0.8740361201298701,0.035967796268347486,0.08834108002019374,arcene_keep1000,0.06676136363636365,0.05237328375184625,1000,25
l1_logistic,rf,18,0.9445515422077924,0.8741883116883117,0.034700459853060674,0.10184276913728428,arcene_keep1000,0.07036323051948068,0.0671423092842236,1000,25
l1_logistic,rf,19,0.9314123376623377,0.8519176136363636,0.04110658842921226,0.129621155587298,arcene_keep1000,0.07949472402597402,0.08851456715808574,1000,25
l1_logistic,rf,20,0.9460227272727273,0.8785004058441558,0.033098938455595854,0.08260162344542461,arcene_keep1000,0.06752232142857151,0.04950268498982876,1000,25
l1_logistic,rf,21,0.9379565746753247,0.8638392857142857,0.04201320464447086,0.10750879020339885,arcene_keep1000,0.07411728896103897,0.06549558555892798,1000,25
l1_logistic,rf,22,0.932122564935065,0.8836749188311688,0.042321674180959,0.08089564877429592,arcene_keep1000,0.04844764610389618,0.03857397459333692,1000,25
l1_logistic,rf,23,0.9424208603896103,0.8816456980519483,0.036892222602002187,0.0961351084216778,arcene_keep1000,0.060775162337662,0.059242885819675614,1000,25
l1_logistic,rf,24,0.9355722402597403,0.8535409902597402,0.04076314888521065,0.10997918908794922,arcene_keep1000,0.08203125000000011,0.06921604020273858,1000,25
l1_logistic,rf,25,0.9450588474025974,0.8875811688311688,0.03541253793355149,0.07965886469983575,arcene_keep1000,0.0574776785714286,0.04424632676628427,1000,25
l1_logistic,rf,26,0.9442471590909091,0.9067065746753247,0.033891848044635874,0.06564636911448757,arcene_keep1000,0.03754058441558439,0.031754521069851695,1000,25
l1_logistic,rf,27,0.9396814123376624,0.886617288961039,0.03885137618594933,0.07944900655467442,arcene_keep1000,0.05306412337662347,0.04059763036872509,1000,25
l1_logistic,rf,28,0.9525669642857143,0.8672382305194805,0.02923847419583528,0.09892609792981782,arcene_keep1000,0.08532873376623384,0.06968762373398255,1000,25
l1_logistic,rf,29,0.9424208603896104,0.8955458603896104,0.03620705848868649,0.06529985923910708,arcene_keep1000,0.046875,0.029092800750420596,1000,25
mutual_info,logistic,0,0.9255275974025974,0.8155438311688311,0.06869643033151371,0.14085474150218452,arcene_keep5000,0.10998376623376627,0.07215831117067081,5000,25
mutual_info,logistic,1,0.9327313311688312,0.8349228896103896,0.06437636430763416,0.15166327057113255,arcene_keep5000,0.0978084415584416,0.08728690626349839,5000,25
mutual_info,logistic,2,0.9262378246753247,0.8368506493506493,0.0715722231517297,0.12796862649795013,arcene_keep5000,0.08938717532467533,0.056396403346220425,5000,25
mutual_info,logistic,3,0.9291801948051949,0.8634334415584416,0.050874149356481047,0.10476480824039298,arcene_keep5000,0.06574675324675328,0.05389065888391194,5000,25
mutual_info,logistic,4,0.9267451298701299,0.8248782467532468,0.0701556554749326,0.1484410735731651,arcene_keep5000,0.10186688311688308,0.0782854180982325,5000,25
mutual_info,logistic,5,0.9099025974025975,0.8214285714285715,0.07947244111084187,0.14051568629011474,arcene_keep5000,0.08847402597402598,0.06104324517927287,5000,25
mutual_info,logistic,6,0.9288758116883118,0.8660714285714286,0.06781060378236795,0.09724482403594426,arcene_keep5000,0.06280438311688319,0.02943422025357631,5000,25
mutual_info,logistic,7,0.9156858766233766,0.8476055194805195,0.07511898582281393,0.10544980041325736,arcene_keep5000,0.0680803571428571,0.030330814590443428,5000,25
mutual_info,logistic,8,0.9204545454545454,0.8420251623376623,0.07642311989406031,0.12499528056551534,arcene_keep5000,0.07842938311688308,0.048572160671455034,5000,25
mutual_info,logistic,9,0.9228896103896105,0.8370535714285715,0.07265713666719233,0.12875555259973248,arcene_keep5000,0.08583603896103897,0.056098415932540155,5000,25
mutual_info,logistic,10,0.9387175324675324,0.8121956168831168,0.038805124073436316,0.15501105649856733,arcene_keep5000,0.1265219155844156,0.11620593242513103,5000,25
mutual_info,logistic,11,0.9251217532467533,0.8425324675324675,0.07103275337283682,0.11360593975066346,arcene_keep5000,0.08258928571428581,0.042573186377826644,5000,25
mutual_info,logistic,12,0.9202516233766234,0.8783482142857143,0.07711926764687017,0.09955610248280808,arcene_keep5000,0.04190340909090906,0.022436834835937905,5000,25
mutual_info,logistic,13,0.9149756493506495,0.8421266233766234,0.08247924558758063,0.1267065401751979,arcene_keep5000,0.0728490259740261,0.04422729458761726,5000,25
mutual_info,logistic,14,0.9125405844155844,0.8050933441558441,0.08460939867315584,0.16724316654193172,arcene_keep5000,0.10744724025974028,0.08263376786877588,5000,25
mutual_info,logistic,15,0.9251217532467533,0.8498376623376623,0.06960217804893357,0.1097646156365598,arcene_keep5000,0.07528409090909094,0.040162437587626235,5000,25
mutual_info,logistic,16,0.9333400974025974,0.8269074675324676,0.04580652767566441,0.12574893180147764,arcene_keep5000,0.1064326298701298,0.07994240412581323,5000,25
mutual_info,logistic,17,0.9341517857142856,0.8599837662337663,0.06401180855621345,0.09655692369341626,arcene_keep5000,0.07416801948051932,0.032545115137202804,5000,25
mutual_info,logistic,18,0.9356737012987012,0.8108766233766234,0.04323855671095895,0.1591666475057566,arcene_keep5000,0.12479707792207784,0.11592809079479766,5000,25
mutual_info,logistic,19,0.9445008116883117,0.8423295454545454,0.037194070320048116,0.12341703455894382,arcene_keep5000,0.10217126623376627,0.0862229642388957,5000,25
mutual_info,logistic,20,0.9180194805194805,0.8337053571428572,0.07744655238624676,0.133223241194895,arcene_keep5000,0.08431412337662325,0.05577668880864825,5000,25
mutual_info,logistic,21,0.91893262987013,0.867491883116883,0.07137835055322,0.1076216424276086,arcene_keep5000,0.05144074675324706,0.0362432918743886,5000,25
mutual_info,logistic,22,0.916599025974026,0.8600852272727272,0.0740346213338581,0.0988092338291974,arcene_keep5000,0.0565137987012988,0.0247746124953393,5000,25
mutual_info,logistic,23,0.921875,0.8715503246753247,0.07534085753252213,0.09223588027229798,arcene_keep5000,0.05032467532467533,0.016895022739775847,5000,25
mutual_info,logistic,24,0.924310064935065,0.8337053571428571,0.07084855809068993,0.13895468326626517,arcene_keep5000,0.09060470779220786,0.06810612517557524,5000,25
mutual_info,logistic,25,0.9315137987012988,0.8598823051948052,0.06424882195357517,0.10873243065247029,arcene_keep5000,0.07163149350649356,0.044483608698895116,5000,25
mutual_info,logistic,26,0.934659090909091,0.8912337662337663,0.060610820859526175,0.07342945795832406,arcene_keep5000,0.04342532467532478,0.012818637098797887,5000,25
mutual_info,logistic,27,0.9331371753246753,0.8730722402597403,0.04976273483186254,0.091358772783854,arcene_keep5000,0.06006493506493504,0.04159603795199146,5000,25
mutual_info,logistic,28,0.9019886363636364,0.8377637987012987,0.08608591539570959,0.12110969975541909,arcene_keep5000,0.06422483766233766,0.0350237843597095,5000,25
mutual_info,logistic,29,0.9282670454545454,0.8573457792207791,0.06528654679296265,0.10897368575800703,arcene_keep5000,0.07092126623376627,0.04368713896504438,5000,25
mutual_info,rf,0,0.9224330357142857,0.8884943181818183,0.04976732877858439,0.08283406772969623,arcene_keep5000,0.033938717532467355,0.03306673895111184,5000,25
mutual_info,rf,1,0.9211647727272727,0.8821530032467533,0.05240141971801755,0.08002970699488318,arcene_keep5000,0.03901176948051943,0.02762828727686563,5000,25
mutual_info,rf,2,0.9200487012987012,0.8912337662337662,0.05388337266368064,0.07058396483350889,arcene_keep5000,0.028814935064935043,0.01670059216982825,5000,25
mutual_info,rf,3,0.907619724025974,0.8709415584415585,0.060013764917813045,0.10130835457045173,arcene_keep5000,0.0366781655844155,0.041294589652638686,5000,25
mutual_info,rf,4,0.9171570616883117,0.881544237012987,0.053601379301630996,0.07953375585676621,arcene_keep5000,0.03561282467532467,0.025932376555135216,5000,25
mutual_info,rf,5,0.9293831168831169,0.8629768668831169,0.04464384107173343,0.09514032083080187,arcene_keep5000,0.06640625,0.050496479759068444,5000,25
mutual_info,rf,6,0.921976461038961,0.8832183441558442,0.050390549402805254,0.08082483039418605,arcene_keep5000,0.03875811688311681,0.03043428099138079,5000,25
mutual_info,rf,7,0.9145698051948051,0.888189935064935,0.056908529234699266,0.07375678636077512,arcene_keep5000,0.026379870129870087,0.016848257126075857,5000,25
mutual_info,rf,8,0.9068080357142857,0.8742390422077921,0.05892600387387654,0.08498392303693679,arcene_keep5000,0.03256899350649356,0.02605791916306025,5000,25
mutual_info,rf,9,0.9176643668831169,0.8886465097402597,0.05227287637850046,0.07076749597029279,arcene_keep5000,0.029017857142857206,0.018494619591792327,5000,25
mutual_info,rf,10,0.9309050324675324,0.9053368506493505,0.04448624441556095,0.0755208517312955,arcene_keep5000,0.02556818181818188,0.03103460731573455,5000,25
mutual_info,rf,11,0.9148234577922078,0.8812905844155843,0.05668188057288229,0.08462742322949664,arcene_keep5000,0.03353287337662347,0.02794554265661435,5000,25
mutual_info,rf,12,0.9175121753246753,0.8704342532467532,0.05306823332249232,0.09226712457860652,arcene_keep5000,0.04707792207792216,0.0391988912561142,5000,25
mutual_info,rf,13,0.907619724025974,0.8858056006493507,0.06046139878838223,0.08225521629321056,arcene_keep5000,0.021814123376623362,0.021793817504828332,5000,25
mutual_info,rf,14,0.9101055194805194,0.8507000811688312,0.05715798507097001,0.10850711857183026,arcene_keep5000,0.05940543831168821,0.051349133500860254,5000,25
mutual_info,rf,15,0.9118810876623377,0.8943790584415584,0.060126682501571105,0.06928809142704086,arcene_keep5000,0.01750202922077926,0.009161408925469752,5000,25
mutual_info,rf,16,0.9117288961038961,0.892096185064935,0.05646883023246763,0.06983798618023492,arcene_keep5000,0.019632711038961026,0.013369155947767282,5000,25
mutual_info,rf,17,0.9228388798701298,0.8861099837662337,0.04749302716043286,0.08641003168510351,arcene_keep5000,0.03672889610389607,0.03891700452467065,5000,25
mutual_info,rf,18,0.9162439123376623,0.8702313311688312,0.05606332801555906,0.08814932982758739,arcene_keep5000,0.04601258116883111,0.03208600181202833,5000,25
mutual_info,rf,19,0.9103084415584416,0.8785004058441558,0.06062812602008802,0.0773859212497359,arcene_keep5000,0.03180803571428581,0.016757795229647876,5000,25
mutual_info,rf,20,0.9138088474025974,0.8723112824675324,0.05769591884431464,0.09443251004606963,arcene_keep5000,0.04149756493506496,0.036736591201754994,5000,25
mutual_info,rf,21,0.9153307629870131,0.865919237012987,0.05794171252310178,0.11355169726297559,arcene_keep5000,0.049411525974026094,0.055609984739873816,5000,25
mutual_info,rf,22,0.8989955357142857,0.8988433441558442,0.0658460959755281,0.08253719853937652,arcene_keep5000,0.00015219155844148347,0.016691102563848426,5000,25
mutual_info,rf,23,0.923143262987013,0.9076704545454545,0.05214177754776287,0.061407267008398526,arcene_keep5000,0.015472808441558517,0.009265489460635656,5000,25
mutual_info,rf,24,0.9195413961038962,0.8963068181818181,0.05113971549089202,0.06945110074264052,arcene_keep5000,0.02323457792207806,0.018311385251748503,5000,25
mutual_info,rf,25,0.9212155032467533,0.8789062500000001,0.051934584408504555,0.08690273204634594,arcene_keep5000,0.042309253246753165,0.03496814763784138,5000,25
mutual_info,rf,26,0.9096489448051948,0.9033583603896105,0.058838346501843324,0.061956366579771646,arcene_keep5000,0.006290584415584277,0.0031180200779283226,5000,25
mutual_info,rf,27,0.9315137987012988,0.8778409090909094,0.044061326308425325,0.0867880745076131,arcene_keep5000,0.05367288961038941,0.04272674819918777,5000,25
mutual_info,rf,28,0.9062500000000001,0.8490767045454546,0.06338295883174477,0.10828114733199193,arcene_keep5000,0.057173295454545525,0.044898188500247155,5000,25
mutual_info,rf,29,0.9187297077922078,0.8550629058441558,0.052765106839456566,0.10382810268662611,arcene_keep5000,0.06366680194805197,0.05106299584716954,5000,25
rf_importance,logistic,0,0.9092938311688311,0.8743912337662337,0.08365412945367223,0.09276858273868181,arcene_keep5000,0.03490259740259738,0.00911445328500958,5000,25
rf_importance,logistic,1,0.929788961038961,0.8867694805194806,0.06708900036228332,0.07573454101264493,arcene_keep5000,0.04301948051948046,0.008645540650361605,5000,25
rf_importance,logistic,2,0.9288758116883117,0.8588676948051949,0.08120920960019096,0.1101369010577042,arcene_keep5000,0.07000811688311681,0.02892769145751324,5000,25
rf_importance,logistic,3,0.935064935064935,0.8237621753246752,0.06474262031412903,0.1339282166182654,arcene_keep5000,0.11130275974025983,0.06918559630413637,5000,25
rf_importance,logistic,4,0.9237012987012987,0.8241680194805195,0.07236696901243825,0.14159247763568494,arcene_keep5000,0.09953327922077915,0.0692255086232467,5000,25
rf_importance,logistic,5,0.9251217532467532,0.8451704545454545,0.06414665990060839,0.11825289290961948,arcene_keep5000,0.07995129870129869,0.05410623300901109,5000,25
rf_importance,logistic,6,0.9146712662337663,0.8936688311688311,0.07781726913569331,0.06886051749185161,arcene_keep5000,0.021002435064935154,-0.008956751643841701,5000,25
rf_importance,logistic,7,0.9237012987012987,0.8341112012987013,0.06312081475967435,0.11647451086161806,arcene_keep5000,0.08959009740259738,0.05335369610194371,5000,25
rf_importance,logistic,8,0.9196428571428572,0.8388798701298701,0.0728442354321871,0.13759586890688674,arcene_keep5000,0.08076298701298712,0.06475163347469964,5000,25
rf_importance,logistic,9,0.9158887987012988,0.8440543831168831,0.0745282365745859,0.1197009938097368,arcene_keep5000,0.07183441558441572,0.04517275723515089,5000,25
rf_importance,logistic,10,0.9517045454545455,0.8522727272727272,0.03403714994256413,0.11341605448115873,arcene_keep5000,0.09943181818181834,0.0793789045385946,5000,25
rf_importance,logistic,11,0.9183238636363636,0.859375,0.0672735284831159,0.1069359518241483,arcene_keep5000,0.058948863636363646,0.03966242334103241,5000,25
rf_importance,logistic,12,0.9238027597402598,0.8200081168831169,0.06642972040392331,0.13583460823388793,arcene_keep5000,0.1037946428571429,0.06940488782996462,5000,25
rf_importance,logistic,13,0.9212662337662337,0.8465909090909092,0.07197572954324784,0.11536728053494862,arcene_keep5000,0.07467532467532456,0.04339155099170078,5000,25
rf_importance,logistic,14,0.921976461038961,0.854301948051948,0.06791642941410067,0.1180276547632565,arcene_keep5000,0.06767451298701299,0.050111225349155825,5000,25
rf_importance,logistic,15,0.9348620129870129,0.8623173701298701,0.06512020715221223,0.10182022303111629,arcene_keep5000,0.0725446428571428,0.03670001587890406,5000,25
rf_importance,logistic,16,0.9081777597402598,0.8589691558441558,0.08162107896696058,0.09650267525220926,arcene_keep5000,0.04920860389610404,0.014881596285248683,5000,25
rf_importance,logistic,17,0.9221793831168832,0.8467938311688311,0.05576040318642189,0.11941475401826829,arcene_keep5000,0.07538555194805208,0.0636543508318464,5000,25
rf_importance,logistic,18,0.911525974025974,0.8325892857142858,0.06227536889916366,0.1401625333517624,arcene_keep5000,0.07893668831168821,0.07788716445259874,5000,25
rf_importance,logistic,19,0.913758116883117,0.8504464285714286,0.09862027340141903,0.11298336272475869,arcene_keep5000,0.06331168831168843,0.014363089323339656,5000,25
rf_importance,logistic,20,0.919338474025974,0.841112012987013,0.0588257229962364,0.11741555460001925,arcene_keep5000,0.07822646103896103,0.058589831603782845,5000,25
rf_importance,logistic,21,0.9295860389610389,0.8615056818181818,0.06871469451767023,0.09845664100616366,arcene_keep5000,0.0680803571428571,0.02974194648849343,5000,25
rf_importance,logistic,22,0.9197443181818181,0.8396915584415584,0.07596076031097987,0.12254247056764231,arcene_keep5000,0.08005275974025972,0.04658171025666244,5000,25
rf_importance,logistic,23,0.9275568181818181,0.7956574675324676,0.07083539292979199,0.15360188907573263,arcene_keep5000,0.13189935064935054,0.08276649614594064,5000,25
rf_importance,logistic,24,0.9311079545454546,0.8351258116883116,0.06314880617008607,0.12461263877273755,arcene_keep5000,0.09598214285714302,0.06146383260265148,5000,25
rf_importance,logistic,25,0.9126420454545455,0.8362418831168831,0.09008998000788365,0.12642004130381815,arcene_keep5000,0.07640016233766245,0.036330061295934496,5000,25
rf_importance,logistic,26,0.9228896103896104,0.8355316558441559,0.07343194825505756,0.12661432599795439,arcene_keep5000,0.08735795454545447,0.05318237774289683,5000,25
rf_importance,logistic,27,0.9307021103896105,0.8564326298701298,0.04735964235848466,0.10561788789167853,arcene_keep5000,0.07426948051948068,0.05825824553319387,5000,25
rf_importance,logistic,28,0.9185267857142857,0.8641436688311689,0.09069950679269559,0.1124016257449439,arcene_keep5000,0.05438311688311681,0.021702118952248314,5000,25
rf_importance,logistic,29,0.9251217532467532,0.8653612012987012,0.06748597780188072,0.1016863196373776,arcene_keep5000,0.059760551948051965,0.03420034183549689,5000,25
rf_importance,rf,0,0.886820211038961,0.8568892045454546,0.08014360743138646,0.10140832252036378,arcene_keep5000,0.02993100649350644,0.021264715088977315,5000,25
rf_importance,rf,1,0.9087357954545455,0.8966619318181818,0.06075886069180041,0.07769605409191564,arcene_keep5000,0.012073863636363757,0.01693719340011523,5000,25
rf_importance,rf,2,0.9235998376623376,0.9121347402597402,0.04919524521852523,0.0561069244151169,arcene_keep5000,0.01146509740259738,0.0069116791965916705,5000,25
rf_importance,rf,3,0.9205560064935066,0.8863636363636364,0.0557002185793977,0.0858985304172387,arcene_keep5000,0.0341923701298702,0.030198311837841003,5000,25
rf_importance,rf,4,0.9174107142857143,0.8893060064935064,0.05424850794175024,0.07610751385210487,arcene_keep5000,0.02810470779220786,0.021859005910354633,5000,25
rf_importance,rf,5,0.9066558441558441,0.8669338474025975,0.058532880606619486,0.10136992359057342,arcene_keep5000,0.03972199675324661,0.04283704298395394,5000,25
rf_importance,rf,6,0.9178672889610389,0.8968141233766234,0.05265386775544989,0.06693252522160151,arcene_keep5000,0.0210531655844155,0.014278657466151617,5000,25
rf_importance,rf,7,0.9063514610389609,0.8561789772727273,0.05990905916872595,0.10892314302057658,arcene_keep5000,0.05017248376623362,0.04901408385185063,5000,25
rf_importance,rf,8,0.9185267857142857,0.8886972402597403,0.05280737564342447,0.07235234928317343,arcene_keep5000,0.029829545454545414,0.019544973639748955,5000,25
rf_importance,rf,9,0.9248681006493507,0.9146205357142858,0.04877430479776475,0.05461535741399318,arcene_keep5000,0.010247564935064846,0.005841052616228436,5000,25
rf_importance,rf,10,0.9018871753246754,0.8540482954545454,0.06598665114732083,0.10310725438883944,arcene_keep5000,0.047838879870130024,0.03712060324151861,5000,25
rf_importance,rf,11,0.9122362012987013,0.8979809253246752,0.05439153370756019,0.0681007482271988,arcene_keep5000,0.014255275974026094,0.013709214519638614,5000,25
rf_importance,rf,12,0.9094967532467533,0.8787540584415584,0.061745328922365894,0.07955845387534999,arcene_keep5000,0.03074269480519487,0.017813124952984094,5000,25
rf_importance,rf,13,0.9204545454545454,0.8868709415584416,0.05183033717253539,0.08336953360618822,arcene_keep5000,0.03358360389610382,0.03153919643365283,5000,25
rf_importance,rf,14,0.9144176136363635,0.8664265422077922,0.05854755914410989,0.09092875082360666,arcene_keep5000,0.047991071428571286,0.03238119167949677,5000,25
rf_importance,rf,15,0.9260856331168831,0.9014813311688311,0.04563233273607935,0.06886211702434031,arcene_keep5000,0.024604301948051965,0.02322978428826096,5000,25
rf_importance,rf,16,0.9239549512987012,0.8804281655844155,0.04798884032506159,0.07548170126557525,arcene_keep5000,0.0435267857142857,0.027492860940513668,5000,25
rf_importance,rf,17,0.8990462662337663,0.8873275162337663,0.0644195715184771,0.0743195614838889,arcene_keep5000,0.01171875,0.00989998996541179,5000,25
rf_importance,rf,18,0.8866680194805194,0.8417207792207791,0.07292618167305823,0.11759397571464464,arcene_keep5000,0.044947240259740284,0.04466779404158641,5000,25
rf_importance,rf,19,0.9240564123376623,0.907721185064935,0.04959350883084194,0.0617292017832129,arcene_keep5000,0.016335227272727293,0.012135692952370963,5000,25
rf_importance,rf,20,0.9146712662337663,0.8773843344155845,0.05703046627566569,0.08856991887279748,arcene_keep5000,0.03728693181818177,0.0315394525971318,5000,25
rf_importance,rf,21,0.9134537337662337,0.8871245941558442,0.05511788727464113,0.07370124560973977,arcene_keep5000,0.026329139610389518,0.018583358335098644,5000,25
rf_importance,rf,22,0.9175629058441559,0.8896103896103896,0.05457109348985111,0.07506945227575025,arcene_keep5000,0.027952516233766267,0.02049835878589914,5000,25
rf_importance,rf,23,0.913961038961039,0.8975243506493507,0.05506637364395056,0.07537196396901134,arcene_keep5000,0.01643668831168832,0.020305590325060782,5000,25
rf_importance,rf,24,0.9040685876623377,0.8728693181818182,0.06475546224014878,0.09491038905155631,arcene_keep5000,0.03119926948051943,0.030154926811407537,5000,25
rf_importance,rf,25,0.9122869318181818,0.8690645292207793,0.05852749273261763,0.0868901355741071,arcene_keep5000,0.04322240259740251,0.028362642841489476,5000,25
rf_importance,rf,26,0.9289265422077922,0.8963575487012987,0.04868283314369182,0.07141103596334462,arcene_keep5000,0.03256899350649356,0.022728202819652807,5000,25
rf_importance,rf,27,0.9181716720779222,0.8875811688311689,0.05212162185108587,0.07891176144147316,arcene_keep5000,0.030590503246753276,0.026790139590387292,5000,25
rf_importance,rf,28,0.9211647727272728,0.8815949675324676,0.050635117717454,0.08007499382383174,arcene_keep5000,0.03956980519480524,0.029439876106377737,5000,25
rf_importance,rf,29,0.9217735389610391,0.9052861201298701,0.04857384023138904,0.0651562830288227,arcene_keep5000,0.016487418831169,0.016582442797433664,5000,25
l1_logistic,logistic,0,0.9203530844155844,0.7062702922077922,0.06962822141813657,0.2600231682996068,arcene_keep5000,0.21408279220779214,0.19039494688147024,5000,25
l1_logistic,logistic,1,0.9248173701298701,0.7142857142857143,0.06889283563178654,0.2572664198172264,arcene_keep5000,0.21053165584415579,0.18837358418543987,5000,25
l1_logistic,logistic,2,0.9242086038961039,0.7594358766233766,0.07208779276753721,0.20659738594857052,arcene_keep5000,0.1647727272727273,0.1345095931810333,5000,25
l1_logistic,logistic,3,0.9249188311688311,0.7340706168831169,0.0656701185258578,0.2501311310782026,arcene_keep5000,0.1908482142857142,0.18446101255234482,5000,25
l1_logistic,logistic,4,0.924411525974026,0.6990665584415584,0.06963505763338856,0.24113745571757023,arcene_keep5000,0.22534496753246758,0.17150239808418166,5000,25
l1_logistic,logistic,5,0.922077922077922,0.7403612012987012,0.05471084990341542,0.20373360091806114,arcene_keep5000,0.18171672077922085,0.14902275101464574,5000,25
l1_logistic,logistic,6,0.9101055194805195,0.7348823051948052,0.07861283157663106,0.23634824848376862,arcene_keep5000,0.1752232142857143,0.15773541690713755,5000,25
l1_logistic,logistic,7,0.9222808441558441,0.7310267857142857,0.07279304006903674,0.22868312149862668,arcene_keep5000,0.1912540584415584,0.15589008142958993,5000,25
l1_logistic,logistic,8,0.9333400974025974,0.7468547077922079,0.062478012175364486,0.2105622635884874,arcene_keep5000,0.18648538961038952,0.14808425141312292,5000,25
l1_logistic,logistic,9,0.919237012987013,0.7191558441558442,0.07698398626901863,0.27006601260383556,arcene_keep5000,0.20008116883116878,0.19308202633481691,5000,25
l1_logistic,logistic,10,0.921875,0.739448051948052,0.06031699250928805,0.2309362347563644,arcene_keep5000,0.18242694805194803,0.17061924224707636,5000,25
l1_logistic,logistic,11,0.9201501623376623,0.742390422077922,0.07493235183435393,0.20305226510620528,arcene_keep5000,0.17775974025974028,0.12811991327185135,5000,25
l1_logistic,logistic,12,0.9300933441558441,0.8079342532467533,0.07565063943409657,0.14859367983460758,arcene_keep5000,0.12215909090909083,0.07294304040051101,5000,25
l1_logistic,logistic,13,0.9069602272727273,0.7230113636363636,0.08554596732276734,0.21946732815845849,arcene_keep5000,0.18394886363636365,0.13392136083569114,5000,25
l1_logistic,logistic,14,0.9069602272727272,0.6841517857142857,0.08169782851186083,0.2691724436707143,arcene_keep5000,0.22280844155844148,0.18747461515885347,5000,25
l1_logistic,logistic,15,0.9189326298701299,0.7643060064935066,0.07550336986256359,0.2052928877402797,arcene_keep5000,0.15462662337662336,0.12978951787771612,5000,25
l1_logistic,logistic,16,0.9406452922077922,0.7824675324675325,0.04076399898453258,0.19229174850170666,arcene_keep5000,0.15817775974025972,0.15152774951717407,5000,25
l1_logistic,logistic,17,0.9188311688311688,0.7180397727272728,0.07767727135024963,0.23703925115910585,arcene_keep5000,0.20079139610389596,0.15936197980885622,5000,25
l1_logistic,logistic,18,0.9094967532467532,0.7838879870129871,0.07497117713205304,0.17916102775560955,arcene_keep5000,0.12560876623376604,0.10418985062355651,5000,25
l1_logistic,logistic,19,0.9257305194805194,0.7402597402597403,0.0697974967194011,0.24188749779361235,arcene_keep5000,0.18547077922077915,0.17209000107421124,5000,25
l1_logistic,logistic,20,0.9219764610389609,0.7415787337662337,0.0799272719726836,0.2211620318080727,arcene_keep5000,0.18039772727272718,0.1412347598353891,5000,25
l1_logistic,logistic,21,0.9136566558441558,0.7412743506493505,0.082278478924562,0.2199993229997429,arcene_keep5000,0.17238230519480524,0.1377208440751809,5000,25
l1_logistic,logistic,22,0.9251217532467533,0.7401582792207791,0.062460863539629166,0.23394626618686676,arcene_keep5000,0.18496347402597413,0.1714854026472376,5000,25
l1_logistic,logistic,23,0.9176136363636364,0.713372564935065,0.07460815110061728,0.2670886328074872,arcene_keep5000,0.2042410714285714,0.1924804817068699,5000,25
l1_logistic,logistic,24,0.9176136363636362,0.6935876623376623,0.07511290232409013,0.29680034945320777,arcene_keep5000,0.2240259740259739,0.22168744712911764,5000,25
l1_logistic,logistic,25,0.9278612012987013,0.7771915584415584,0.06817171760318283,0.1771200351337539,arcene_keep5000,0.1506696428571429,0.10894831753057108,5000,25
l1_logistic,logistic,26,0.9022930194805194,0.684456168831169,0.10789624444113265,0.3084593315995533,arcene_keep5000,0.21783685064935043,0.20056308715842064,5000,25
l1_logistic,logistic,27,0.9264407467532467,0.7668425324675325,0.06860732905500141,0.1972582395756676,arcene_keep5000,0.1595982142857142,0.12865091052066618,5000,25
l1_logistic,logistic,28,0.9102069805194806,0.7546672077922078,0.0842605814393014,0.21399868416054274,arcene_keep5000,0.15553977272727282,0.12973810272124134,5000,25
l1_logistic,logistic,29,0.9232954545454546,0.7570008116883117,0.07465854435216193,0.18928717379370785,arcene_keep5000,0.1662946428571429,0.11462862944154592,5000,25
l1_logistic,rf,0,0.9185267857142857,0.7976866883116883,0.0536852977940486,0.16946856760789752,arcene_keep5000,0.12084009740259738,0.11578326981384893,5000,25
l1_logistic,rf,1,0.9150771103896104,0.8301034902597402,0.0572507511694828,0.13935099601969003,arcene_keep5000,0.0849736201298702,0.08210024485020723,5000,25
l1_logistic,rf,2,0.9180194805194805,0.811130275974026,0.05377322418194922,0.15054094259039782,arcene_keep5000,0.10688920454545447,0.09676771840844861,5000,25
l1_logistic,rf,3,0.9212155032467533,0.8393364448051949,0.04998787030610633,0.11406009440115454,arcene_keep5000,0.0818790584415584,0.0640722240950482,5000,25
l1_logistic,rf,4,0.9241578733766234,0.7963169642857143,0.04969047377555506,0.17644736035792796,arcene_keep5000,0.12784090909090906,0.1267568865823729,5000,25
l1_logistic,rf,5,0.9149249188311689,0.7859172077922078,0.05545738393135245,0.18653557282025413,arcene_keep5000,0.12900771103896114,0.13107818888890166,5000,25
l1_logistic,rf,6,0.9142146915584416,0.8387784090909091,0.053039602931216234,0.11891817779875538,arcene_keep5000,0.07543628246753253,0.06587857486753915,5000,25
l1_logistic,rf,7,0.9209618506493507,0.792867288961039,0.05099607664480576,0.18103299919800528,arcene_keep5000,0.12809456168831168,0.1300369225531995,5000,25
l1_logistic,rf,8,0.8987418831168831,0.8078327922077922,0.06770119601137845,0.14189313308709917,arcene_keep5000,0.09090909090909083,0.07419193707572072,5000,25
l1_logistic,rf,9,0.9089894480519481,0.78125,0.05977768120084803,0.17901461922392,arcene_keep5000,0.12773944805194815,0.11923693802307198,5000,25
l1_logistic,rf,10,0.9246651785714285,0.8235592532467534,0.049211014304301755,0.13978953750771747,arcene_keep5000,0.1011059253246751,0.09057852320341572,5000,25
l1_logistic,rf,11,0.9176136363636364,0.8142248376623379,0.05169972908486722,0.14572153127576495,arcene_keep5000,0.10338879870129847,0.09402180219089773,5000,25
l1_logistic,rf,12,0.9075689935064936,0.8012885551948051,0.05800479508763143,0.14868231479673896,arcene_keep5000,0.10628043831168843,0.09067751970910753,5000,25
l1_logistic,rf,13,0.9083806818181819,0.8312702922077921,0.061756666641759335,0.13009004401231025,arcene_keep5000,0.07711038961038974,0.06833337737055092,5000,25
l1_logistic,rf,14,0.9351663961038961,0.8027090097402597,0.04232950274800951,0.1672404524392125,arcene_keep5000,0.13245738636363635,0.124910949691203,5000,25
l1_logistic,rf,15,0.9017349837662338,0.7803875811688311,0.06419598458338138,0.19277388666290265,arcene_keep5000,0.12134740259740273,0.12857790207952127,5000,25
l1_logistic,rf,16,0.9161931818181819,0.7565949675324676,0.05600034690887318,0.2073044920438502,arcene_keep5000,0.1595982142857143,0.15130414513497703,5000,25
l1_logistic,rf,17,0.9354200487012987,0.7904829545454546,0.04298509683060806,0.18939797662176888,arcene_keep5000,0.1449370941558441,0.14641287979116083,5000,25
l1_logistic,rf,18,0.9178165584415584,0.8234070616883117,0.05324784701964621,0.13367338830682232,arcene_keep5000,0.09440949675324672,0.0804255412871761,5000,25
l1_logistic,rf,19,0.9067065746753247,0.8300527597402598,0.061048871675698974,0.12726005064034795,arcene_keep5000,0.07665381493506485,0.06621117896464898,5000,25
l1_logistic,rf,20,0.9171570616883117,0.8181818181818181,0.05230138977348249,0.15253392217736114,arcene_keep5000,0.09897524350649356,0.10023253240387865,5000,25
l1_logistic,rf,21,0.9078733766233766,0.8143262987012987,0.05791550390143115,0.15506842552658243,arcene_keep5000,0.09354707792207795,0.09715292162515127,5000,25
l1_logistic,rf,22,0.9274046266233766,0.8118912337662337,0.0458876424542078,0.14844430837340677,arcene_keep5000,0.1155133928571429,0.10255666591919897,5000,25
l1_logistic,rf,23,0.9279626623376622,0.8215300324675324,0.04676342374679782,0.13907896228291827,arcene_keep5000,0.1064326298701298,0.09231553853612046,5000,25
l1_logistic,rf,24,0.9170048701298701,0.8293425324675324,0.05425045965897966,0.14383955237432677,arcene_keep5000,0.08766233766233766,0.08958909271534711,5000,25
l1_logistic,rf,25,0.9246651785714286,0.8469967532467533,0.048674343503162645,0.10447063176195077,arcene_keep5000,0.07766842532467533,0.05579628825878813,5000,25
l1_logistic,rf,26,0.9210125811688312,0.8180296266233766,0.051031412143778446,0.1390021363319912,arcene_keep5000,0.10298295454545459,0.08797072418821276,5000,25
l1_logistic,rf,27,0.9152800324675325,0.8138189935064934,0.05592883604766171,0.1501298035448777,arcene_keep5000,0.10146103896103909,0.09420096749721599,5000,25
l1_logistic,rf,28,0.9199472402597404,0.8180803571428571,0.05233542557978748,0.14250906698226584,arcene_keep5000,0.1018668831168833,0.09017364140247836,5000,25
l1_logistic,rf,29,0.907416801948052,0.8026582792207793,0.05995177279496144,0.1574725732498285,arcene_keep5000,0.10475852272727271,0.09752080045486705,5000,25
mutual_info,logistic,0,0.9242086038961039,0.8347199675324676,0.06734157832985078,0.11722853197429627,arcene_keep10000,0.08948863636363635,0.04988695364444548,10000,25
mutual_info,logistic,1,0.9394277597402598,0.8511566558441559,0.04098979803138888,0.1050307962658702,arcene_keep10000,0.08827110389610393,0.06404099823448131,10000,25
mutual_info,logistic,2,0.9175121753246753,0.8324878246753247,0.0765004900117742,0.13513390140628992,arcene_keep10000,0.08502435064935066,0.05863341139451572,10000,25
mutual_info,logistic,3,0.9126420454545455,0.8396915584415584,0.07115469318744094,0.13032155815149263,arcene_keep10000,0.07295048701298712,0.059166864964051685,10000,25
mutual_info,logistic,4,0.9335430194805194,0.8553165584415584,0.062119886617069825,0.10203890227310447,arcene_keep10000,0.07822646103896103,0.039919015656034645,10000,25
mutual_info,logistic,5,0.9199472402597403,0.7939326298701299,0.07395865813833742,0.17540981034257117,arcene_keep10000,0.12601461038961037,0.10145115220423374,10000,25
mutual_info,logistic,6,0.9192370129870129,0.8154423701298702,0.07654369008955304,0.13949606957278407,arcene_keep10000,0.10379464285714268,0.06295237948323103,10000,25
mutual_info,logistic,7,0.9281655844155845,0.8297483766233767,0.06762828515739226,0.13449297759366013,arcene_keep10000,0.09841720779220775,0.06686469243626787,10000,25
mutual_info,logistic,8,0.9096996753246753,0.8576501623376623,0.09297267032839562,0.1141004538358749,arcene_keep10000,0.05204951298701299,0.021127783507479278,10000,25
mutual_info,logistic,9,0.9096996753246753,0.8662743506493507,0.08026456712388168,0.10417325817320061,arcene_keep10000,0.04342532467532467,0.023908691049318934,10000,25
mutual_info,logistic,10,0.9066558441558442,0.8146306818181819,0.09886305551243346,0.16368775470717623,arcene_keep10000,0.09202516233766234,0.06482469919474276,10000,25
mutual_info,logistic,11,0.9288758116883117,0.8368506493506493,0.06814916481014825,0.10755335616253806,arcene_keep10000,0.09202516233766234,0.0394041913523898,10000,25
mutual_info,logistic,12,0.9208603896103895,0.8429383116883117,0.07370714155136847,0.11695720442520957,arcene_keep10000,0.07792207792207784,0.0432500628738411,10000,25
mutual_info,logistic,13,0.9173092532467533,0.8065137987012987,0.07807225463895467,0.1491370405611553,arcene_keep10000,0.11079545454545459,0.07106478592220061,10000,25
mutual_info,logistic,14,0.9203530844155843,0.8285308441558442,0.07864911389182613,0.14283516566509324,arcene_keep10000,0.09182224025974006,0.06418605177326711,10000,25
mutual_info,logistic,15,0.9124391233766234,0.8189935064935066,0.07715482123881678,0.14211365893857067,arcene_keep10000,0.09344561688311681,0.06495883769975389,10000,25
mutual_info,logistic,16,0.9357751623376623,0.8478084415584416,0.05026337322919281,0.11551191978028169,arcene_keep10000,0.08796672077922074,0.06524854655108889,10000,25
mutual_info,logistic,17,0.9202516233766234,0.8378652597402597,0.06950623784488674,0.11948306600023433,arcene_keep10000,0.08238636363636365,0.04997682815534758,10000,25
mutual_info,logistic,18,0.9190340909090908,0.8448660714285714,0.07420290038261675,0.11533842388039352,arcene_keep10000,0.07416801948051943,0.04113552349777677,10000,25
mutual_info,logistic,19,0.9310064935064936,0.8409090909090909,0.04819440130141927,0.12591512673113614,arcene_keep10000,0.09009740259740262,0.07772072542971686,10000,25
mutual_info,logistic,20,0.9511972402597403,0.8027597402597402,0.0330029477468446,0.1419953100764363,arcene_keep10000,0.1484375000000001,0.1089923623295917,10000,25
mutual_info,logistic,21,0.9131493506493507,0.8551136363636364,0.07826179983840334,0.10858957384773357,arcene_keep10000,0.0580357142857143,0.030327774009330233,10000,25
mutual_info,logistic,22,0.9257305194805194,0.8753043831168832,0.07058326450463509,0.09037498791568596,arcene_keep10000,0.05042613636363624,0.01979172341105087,10000,25
mutual_info,logistic,23,0.9282670454545454,0.8103693181818181,0.049895886796914646,0.14276927817211804,arcene_keep10000,0.11789772727272729,0.0928733913752034,10000,25
mutual_info,logistic,24,0.9091923701298701,0.8656655844155844,0.08540418891353038,0.0953762610436316,arcene_keep10000,0.0435267857142857,0.00997207213010122,10000,25
mutual_info,logistic,25,0.9232954545454546,0.8262987012987013,0.07221522636386318,0.1282780273123541,arcene_keep10000,0.09699675324675328,0.05606280094849092,10000,25
mutual_info,logistic,26,0.9262378246753247,0.8479099025974026,0.06946994426557658,0.11823591245324624,arcene_keep10000,0.07832792207792205,0.048765968187669664,10000,25
mutual_info,logistic,27,0.914163961038961,0.8381696428571429,0.07700833600093565,0.12526998133917222,arcene_keep10000,0.07599431818181812,0.04826164533823657,10000,25
mutual_info,logistic,28,0.9209618506493508,0.8627232142857143,0.08047900333930551,0.10108951407793351,arcene_keep10000,0.058238636363636465,0.020610510738628005,10000,25
mutual_info,logistic,29,0.9232954545454546,0.8109780844155844,0.07000392415054457,0.1436610996994907,arcene_keep10000,0.1123173701298702,0.07365717554894613,10000,25
mutual_info,rf,0,0.8873275162337663,0.880275974025974,0.07513419271993865,0.07806018055804662,arcene_keep10000,0.00705154220779225,0.002925987838107963,10000,25
mutual_info,rf,1,0.9069602272727273,0.8592228084415584,0.05779326852346143,0.09745455466302237,arcene_keep10000,0.04773741883116889,0.03966128613956094,10000,25
mutual_info,rf,2,0.9134537337662338,0.8903713474025975,0.05842100279794346,0.0743125065198361,arcene_keep10000,0.023082386363636354,0.015891503721892644,10000,25
mutual_info,rf,3,0.9137581168831168,0.8977780032467533,0.05514016770284604,0.06524413196029386,arcene_keep10000,0.015980113636363535,0.010103964257447813,10000,25
mutual_info,rf,4,0.886617288961039,0.8778409090909091,0.08039131830036558,0.08186546695049052,arcene_keep10000,0.008776379870129913,0.0014741486501249346,10000,25
mutual_info,rf,5,0.9089387175324676,0.8773843344155843,0.0593800864307877,0.0865313778962128,arcene_keep10000,0.0315543831168833,0.027151291465425102,10000,25
mutual_info,rf,6,0.8939224837662338,0.8821022727272727,0.07436954903365563,0.08549907211241475,arcene_keep10000,0.011820211038961137,0.011129523078759126,10000,25
mutual_info,rf,7,0.9176643668831169,0.8855012175324675,0.05599346715794495,0.08321419293259635,arcene_keep10000,0.032163149350649456,0.027220725774651407,10000,25
mutual_info,rf,8,0.9065543831168832,0.8602374188311687,0.06313088770296117,0.12582043845277086,arcene_keep10000,0.046316964285714524,0.06268955074980968,10000,25
mutual_info,rf,9,0.8963068181818181,0.8446124188311689,0.06510483266709252,0.12600853387820454,arcene_keep10000,0.051694399350649234,0.06090370121111202,10000,25
mutual_info,rf,10,0.9065543831168831,0.9021915584415584,0.06032087282741512,0.0606994669707324,arcene_keep10000,0.0043628246753246724,0.00037859414331727764,10000,25
mutual_info,rf,11,0.9239042207792207,0.8937195616883118,0.047140888115165536,0.06863698962777762,arcene_keep10000,0.03018465909090895,0.02149610151261208,10000,25
mutual_info,rf,12,0.9163961038961039,0.8751521915584416,0.056812516834596656,0.08668940778167286,arcene_keep10000,0.041243912337662336,0.029876890947076205,10000,25
mutual_info,rf,13,0.9146712662337663,0.8714995941558441,0.055322179893417214,0.09026707129234465,arcene_keep10000,0.04317167207792216,0.03494489139892744,10000,25
mutual_info,rf,14,0.8898133116883116,0.8727678571428571,0.0720581601394161,0.08396175323905983,arcene_keep10000,0.017045454545454475,0.011903593099643728,10000,25
mutual_info,rf,15,0.8961546266233766,0.8628246753246753,0.0647499486054324,0.10684235787627305,arcene_keep10000,0.03332995129870131,0.04209240927084065,10000,25
mutual_info,rf,16,0.8942268668831169,0.8604910714285714,0.07016525861244222,0.0934331363212783,arcene_keep10000,0.033735795454545525,0.02326787770883608,10000,25
mutual_info,rf,17,0.8987418831168832,0.8600852272727273,0.0668933074039385,0.09798444692567304,arcene_keep10000,0.038656655844155896,0.031091139521734534,10000,25
mutual_info,rf,18,0.9232954545454546,0.8861099837662337,0.049996716507984165,0.0765699242013354,arcene_keep10000,0.03718547077922085,0.02657320769335124,10000,25
mutual_info,rf,19,0.9109172077922078,0.859476461038961,0.06518556292895311,0.10595883485193122,arcene_keep10000,0.051440746753246724,0.04077327192297811,10000,25
mutual_info,rf,20,0.9154829545454546,0.8890523538961038,0.05821062883551558,0.07616189319003859,arcene_keep10000,0.026430600649350766,0.01795126435452301,10000,25
mutual_info,rf,21,0.9211647727272727,0.8983867694805195,0.05534507215892978,0.07013433301622865,arcene_keep10000,0.022778003246753165,0.01478926085729887,10000,25
mutual_info,rf,22,0.9098011363636364,0.889153814935065,0.056832302883932956,0.07579498655901845,arcene_keep10000,0.020647321428571397,0.018962683675085495,10000,25
mutual_info,rf,23,0.899604301948052,0.87109375,0.06571959992457589,0.09124994607127788,arcene_keep10000,0.028510551948051965,0.025530346146701993,10000,25
mutual_info,rf,24,0.9043729707792209,0.882711038961039,0.06398681017757937,0.08009761208260255,arcene_keep10000,0.02166193181818188,0.016110801905023175,10000,25
mutual_info,rf,25,0.9022930194805194,0.8813920454545454,0.06241570702108744,0.08066364479638272,arcene_keep10000,0.020900974025974017,0.018247937775295278,10000,25
mutual_info,rf,26,0.9199472402597403,0.8696732954545454,0.05341169104336416,0.09218367869157451,arcene_keep10000,0.05027394480519487,0.038771987648210354,10000,25
mutual_info,rf,27,0.9172077922077922,0.8796672077922078,0.053717642286527575,0.08652663161225094,arcene_keep10000,0.0375405844155845,0.03280898932572336,10000,25
mutual_info,rf,28,0.9079241071428571,0.8732751623376622,0.06377699416509688,0.08820260070100269,arcene_keep10000,0.03464894480519487,0.02442560653590581,10000,25
mutual_info,rf,29,0.8993506493506493,0.8695718344155845,0.06691627710300979,0.10850164859549974,arcene_keep10000,0.029778814935064846,0.04158537149248995,10000,25
rf_importance,logistic,0,0.9159902597402598,0.8551136363636364,0.07367815177746392,0.10820979150003332,arcene_keep10000,0.06087662337662347,0.034531639722569396,10000,25
rf_importance,logistic,1,0.9161931818181819,0.8286323051948052,0.0752467339682242,0.1412571644626951,arcene_keep10000,0.08756087662337664,0.06601043049447089,10000,25
rf_importance,logistic,2,0.9000608766233766,0.8104707792207791,0.08686102386909714,0.1529949388337105,arcene_keep10000,0.08959009740259749,0.06613391496461335,10000,25
rf_importance,logistic,3,0.9279626623376623,0.8431412337662337,0.05192365515608267,0.1183583664626146,arcene_keep10000,0.0848214285714286,0.06643471130653195,10000,25
rf_importance,logistic,4,0.9106128246753247,0.8535917207792206,0.07965581076324812,0.1097483729443844,arcene_keep10000,0.05702110389610404,0.030092562181136276,10000,25
rf_importance,logistic,5,0.9182224025974027,0.8685064935064936,0.08304912336698983,0.09577005267757817,arcene_keep10000,0.04971590909090917,0.012720929310588339,10000,25
rf_importance,logistic,6,0.9230925324675324,0.8331980519480521,0.07071025761815994,0.12664581864394936,arcene_keep10000,0.08989448051948035,0.05593556102578942,10000,25
rf_importance,logistic,7,0.932224025974026,0.851461038961039,0.04910424398845188,0.10492767445254593,arcene_keep10000,0.08076298701298701,0.05582343046409405,10000,25
rf_importance,logistic,8,0.9103084415584416,0.8022524350649352,0.06326512738442279,0.14553713961548242,arcene_keep10000,0.10805600649350644,0.08227201223105964,10000,25
rf_importance,logistic,9,0.9267451298701298,0.8557224025974026,0.06710432367770655,0.10957189382973538,arcene_keep10000,0.07102272727272718,0.04246757015202883,10000,25
rf_importance,logistic,10,0.9025974025974026,0.8528814935064936,0.08263715440498456,0.11789796571364415,arcene_keep10000,0.04971590909090906,0.03526081130865959,10000,25
rf_importance,logistic,11,0.9189326298701299,0.859172077922078,0.07550210883164797,0.10486538688528893,arcene_keep10000,0.059760551948051965,0.02936327805364096,10000,25
rf_importance,logistic,12,0.9075689935064937,0.8434456168831168,0.08710280229215754,0.11575461040381411,arcene_keep10000,0.06412337662337686,0.028651808111656574,10000,25
rf_importance,logistic,13,0.9392248376623377,0.8658685064935066,0.06191319803955293,0.10448857009362648,arcene_keep10000,0.07335633116883111,0.04257537205407355,10000,25
rf_importance,logistic,14,0.9025974025974026,0.8340097402597403,0.08688644251837672,0.1236807903290362,arcene_keep10000,0.06858766233766234,0.036794347810659475,10000,25
rf_importance,logistic,15,0.9223823051948052,0.8266030844155845,0.058824777823161346,0.14018426602504253,arcene_keep10000,0.09577922077922074,0.08135948820188119,10000,25
rf_importance,logistic,16,0.914163961038961,0.8475040584415584,0.07433500693135645,0.10644249002279361,arcene_keep10000,0.06665990259740262,0.03210748309143717,10000,25
rf_importance,logistic,17,0.9129464285714286,0.8535917207792207,0.07775818418623076,0.10646662208026705,arcene_keep10000,0.05935470779220786,0.028708437894036293,10000,25
rf_importance,logistic,18,0.9076704545454546,0.7770900974025975,0.08234052016159557,0.1843630927565405,arcene_keep10000,0.1305803571428571,0.10202257259494493,10000,25
rf_importance,logistic,19,0.8996550324675325,0.8264001623376624,0.09307776173348115,0.12874731559600744,arcene_keep10000,0.07325487012987009,0.03566955386252629,10000,25
rf_importance,logistic,20,0.9333400974025974,0.8547077922077921,0.06506366560469493,0.11030683588794506,arcene_keep10000,0.07863230519480524,0.04524317028325013,10000,25
rf_importance,logistic,21,0.9041193181818182,0.8313717532467533,0.08282652373345838,0.1321318329792147,arcene_keep10000,0.07274756493506496,0.04930530924575631,10000,25
rf_importance,logistic,22,0.9086850649350648,0.8445616883116883,0.08817968120036015,0.11374382414123198,arcene_keep10000,0.06412337662337653,0.025564142940871823,10000,25
rf_importance,logistic,23,0.9155844155844155,0.8420251623376622,0.07717593732988515,0.12189004379979132,arcene_keep10000,0.07355925324675328,0.04471410646990617,10000,25
rf_importance,logistic,24,0.9187297077922079,0.8409090909090909,0.07565870729509239,0.11332208493514838,arcene_keep10000,0.07782061688311692,0.03766337764005599,10000,25
rf_importance,logistic,25,0.9178165584415585,0.8300527597402598,0.07541165994801508,0.12721635906841527,arcene_keep10000,0.08776379870129869,0.0518046991204002,10000,25
rf_importance,logistic,26,0.9260349025974025,0.8264001623376623,0.0625740802079727,0.12458032372478793,arcene_keep10000,0.09963474025974017,0.06200624351681523,10000,25
rf_importance,logistic,27,0.9207589285714286,0.8079342532467533,0.07264308298296568,0.15451642547517255,arcene_keep10000,0.11282467532467533,0.08187334249220687,10000,25
rf_importance,logistic,28,0.9315137987012987,0.8700284090909091,0.06387246043166589,0.09755576833176546,arcene_keep10000,0.06148538961038963,0.033683307900099574,10000,25
rf_importance,logistic,29,0.9031047077922079,0.8713474025974026,0.08829712315560254,0.09650658394912492,arcene_keep10000,0.03175730519480524,0.008209460793522388,10000,25
rf_importance,rf,0,0.8973214285714285,0.8641436688311689,0.06462123783374522,0.09519130561070138,arcene_keep10000,0.033177759740259605,0.03057006777695616,10000,25
rf_importance,rf,1,0.9173599837662337,0.8575994318181819,0.05179695174654283,0.11605018045656866,arcene_keep10000,0.059760551948051854,0.06425322871002584,10000,25
rf_importance,rf,2,0.9078226461038961,0.8521712662337663,0.06120639570033394,0.1071946422719978,arcene_keep10000,0.0556513798701298,0.045988246571663866,10000,25
rf_importance,rf,3,0.9010247564935064,0.8853997564935064,0.06407947653307922,0.08385457330428102,arcene_keep10000,0.015625,0.019775096771201803,10000,25
rf_importance,rf,4,0.9145698051948052,0.9112723214285714,0.058372232873549576,0.05613901948280276,arcene_keep10000,0.003297483766233844,-0.0022332133907468146,10000,25
rf_importance,rf,5,0.9185775162337663,0.8727678571428572,0.054709709904555315,0.08606721099087383,arcene_keep10000,0.04580965909090906,0.03135750108631852,10000,25
rf_importance,rf,6,0.9161424512987012,0.8923498376623378,0.05844865781121376,0.08924987746504841,arcene_keep10000,0.023792613636363424,0.03080121965383465,10000,25
rf_importance,rf,7,0.9078733766233767,0.8819500811688312,0.06014465760790787,0.08132789569852626,arcene_keep10000,0.025923295454545525,0.021183238090618395,10000,25
rf_importance,rf,8,0.913961038961039,0.8720068993506493,0.05429578054598879,0.08890732624616812,arcene_keep10000,0.04195413961038963,0.03461154570017933,10000,25
rf_importance,rf,9,0.8968141233766235,0.8835227272727273,0.07133533884999775,0.07928647220394,arcene_keep10000,0.01329139610389618,0.00795113335394225,10000,25
rf_importance,rf,10,0.9116781655844156,0.8687601461038962,0.05816994868958299,0.09793668676823584,arcene_keep10000,0.04291801948051943,0.03976673807865286,10000,25
rf_importance,rf,11,0.9058948863636365,0.8734273538961039,0.06373265955253621,0.08895854994878737,arcene_keep10000,0.032467532467532534,0.025225890396251158,10000,25
rf_importance,rf,12,0.9138088474025974,0.8700791396103897,0.05844488539824936,0.09465038320299766,arcene_keep10000,0.04372970779220764,0.036205497804748306,10000,25
rf_importance,rf,13,0.9044744318181818,0.8617593344155844,0.06349691240513491,0.09813757385024885,arcene_keep10000,0.04271509740259738,0.034640661445113935,10000,25
rf_importance,rf,14,0.8979301948051948,0.8643465909090909,0.07046250600031825,0.09130873804991835,arcene_keep10000,0.03358360389610382,0.020846232049600094,10000,25
rf_importance,rf,15,0.9010247564935066,0.8738839285714286,0.06633140166737994,0.08272933267029856,arcene_keep10000,0.027140827922077948,0.016397931002918614,10000,25
rf_importance,rf,16,0.9083806818181819,0.9088372564935066,0.05947902899415606,0.06795265306745586,arcene_keep10000,-0.00045657467532467244,0.008473624073299803,10000,25
rf_importance,rf,17,0.9085836038961039,0.885450487012987,0.060296876768868156,0.07998173638499383,arcene_keep10000,0.023133116883116922,0.01968485961612567,10000,25
rf_importance,rf,18,0.909953327922078,0.873833198051948,0.060781573377399145,0.08299369303789082,arcene_keep10000,0.03612012987012991,0.022212119660491678,10000,25
rf_importance,rf,19,0.9033076298701299,0.865817775974026,0.06357807990707044,0.09715135110940099,arcene_keep10000,0.03748985389610393,0.03357327120233054,10000,25
rf_importance,rf,20,0.9154322240259741,0.8414671266233766,0.051779657563848246,0.1143631175185595,arcene_keep10000,0.07396509740259749,0.06258345995471126,10000,25
rf_importance,rf,21,0.8920454545454546,0.8666801948051948,0.07081298966610408,0.09961648073807418,arcene_keep10000,0.025365259740259827,0.028803491071970097,10000,25
rf_importance,rf,22,0.9091923701298702,0.850192775974026,0.05910838750961614,0.1031303640889921,arcene_keep10000,0.058999594155844215,0.044021976579375954,10000,25
rf_importance,rf,23,0.9073660714285715,0.8778916396103896,0.05855711949575032,0.08599229736593689,arcene_keep10000,0.02947443181818188,0.027435177870186567,10000,25
rf_importance,rf,24,0.9005174512987013,0.8860592532467534,0.06382678809996958,0.08036796185111307,arcene_keep10000,0.014458198051947924,0.016541173751143487,10000,25
rf_importance,rf,25,0.8938717532467533,0.8623681006493507,0.06928480742199485,0.09753753152325356,arcene_keep10000,0.03150365259740262,0.028252724101258717,10000,25
rf_importance,rf,26,0.8795657467532467,0.8769784902597403,0.08885914054111878,0.08076911773666998,arcene_keep10000,0.00258725649350644,-0.008090022804448802,10000,25
rf_importance,rf,27,0.8898640422077921,0.8558745941558441,0.07996469544108308,0.10797602802175824,arcene_keep10000,0.033989448051948035,0.02801133258067516,10000,25
rf_importance,rf,28,0.9027495941558442,0.8630275974025976,0.07153540580151169,0.10213383100055076,arcene_keep10000,0.03972199675324661,0.030598425199039075,10000,25
rf_importance,rf,29,0.9092431006493507,0.8611505681818182,0.06058708740799161,0.09963688104698724,arcene_keep10000,0.04809253246753242,0.039049793638995633,10000,25
l1_logistic,logistic,0,0.9254261363636364,0.6784699675324676,0.06887006866867573,0.2632338461932487,arcene_keep10000,0.24695616883116878,0.19436377752457296,10000,25
l1_logistic,logistic,1,0.903612012987013,0.7221996753246753,0.08753646727602396,0.2197911634164911,arcene_keep10000,0.18141233766233766,0.13225469614046714,10000,25
l1_logistic,logistic,2,0.9162946428571429,0.7545657467532467,0.08678908245850087,0.23198370941872004,arcene_keep10000,0.16172889610389618,0.14519462696021918,10000,25
l1_logistic,logistic,3,0.9230925324675325,0.7636972402597403,0.0731125168896258,0.21804215383434689,arcene_keep10000,0.15939529220779225,0.14492963694472108,10000,25
l1_logistic,logistic,4,0.911424512987013,0.7523336038961039,0.0662363203886979,0.19887359630860837,arcene_keep10000,0.15909090909090906,0.13263727591991048,10000,25
l1_logistic,logistic,5,0.932325487012987,0.6705560064935066,0.050540002210500756,0.2850292234078724,arcene_keep10000,0.26176948051948046,0.23448922119737164,10000,25
l1_logistic,logistic,6,0.9169034090909091,0.7432021103896105,0.05681601610833997,0.2312660431097736,arcene_keep10000,0.17370129870129858,0.17445002700143364,10000,25
l1_logistic,logistic,7,0.9172077922077921,0.6844561688311688,0.0757093100602179,0.26646155649499603,arcene_keep10000,0.23275162337662336,0.19075224643477812,10000,25
l1_logistic,logistic,8,0.8999594155844156,0.7262581168831169,0.0870603338328774,0.23267906755204545,arcene_keep10000,0.1737012987012987,0.14561873371916806,10000,25
l1_logistic,logistic,9,0.9095982142857142,0.7481737012987014,0.08388663904463653,0.22830435973691995,arcene_keep10000,0.16142451298701277,0.14441772069228342,10000,25
l1_logistic,logistic,10,0.945109577922078,0.6652800324675325,0.035548443453991885,0.3092650172409691,arcene_keep10000,0.2798295454545454,0.2737165737869772,10000,25
l1_logistic,logistic,11,0.911424512987013,0.6803977272727273,0.07800558874860967,0.2842865839004608,arcene_keep10000,0.2310267857142857,0.2062809951518511,10000,25
l1_logistic,logistic,12,0.9144683441558441,0.7221996753246753,0.07891163371914922,0.2515028299003953,arcene_keep10000,0.19226866883116878,0.17259119618124608,10000,25
l1_logistic,logistic,13,0.9164975649350648,0.6918628246753247,0.07466394077021354,0.2840950945350782,arcene_keep10000,0.22463474025974017,0.20943115376486465,10000,25
l1_logistic,logistic,14,0.8992491883116882,0.7564935064935064,0.09368561476706158,0.19490817497103224,arcene_keep10000,0.14275568181818177,0.10122256020397066,10000,25
l1_logistic,logistic,15,0.9067573051948052,0.7367086038961038,0.08181974628443288,0.2262779320546199,arcene_keep10000,0.17004870129870142,0.14445818577018704,10000,25
l1_logistic,logistic,16,0.9102069805194805,0.7546672077922078,0.07587020745941785,0.20049679779955856,arcene_keep10000,0.1555397727272727,0.12462659034014072,10000,25
l1_logistic,logistic,17,0.9074675324675324,0.7227069805194805,0.0813304325311943,0.23212244816185168,arcene_keep10000,0.18476055194805197,0.15079201563065736,10000,25
l1_logistic,logistic,18,0.9126420454545454,0.7721185064935066,0.07895963166751624,0.1766636342338952,arcene_keep10000,0.14052353896103886,0.09770400256637896,10000,25
l1_logistic,logistic,19,0.9263392857142857,0.7199675324675325,0.07227264454069791,0.24920336989238437,arcene_keep10000,0.20637175324675316,0.17693072535168647,10000,25
l1_logistic,logistic,20,0.8964082792207793,0.7229099025974026,0.09288732253638568,0.23864959674353398,arcene_keep10000,0.17349837662337664,0.1457622742071483,10000,25
l1_logistic,logistic,21,0.9208603896103895,0.6979504870129871,0.07372903436435088,0.2880580832137733,arcene_keep10000,0.2229099025974024,0.21432904884942242,10000,25
l1_logistic,logistic,22,0.9136566558441559,0.6702516233766234,0.07670854163395027,0.29139715500824465,arcene_keep10000,0.24340503246753253,0.21468861337429437,10000,25
l1_logistic,logistic,23,0.916700487012987,0.721387987012987,0.06737040001250166,0.2277681271370573,arcene_keep10000,0.1953125,0.16039772712455563,10000,25
l1_logistic,logistic,24,0.9162946428571428,0.7373173701298702,0.07784869760411836,0.2439579950887854,arcene_keep10000,0.1789772727272726,0.16610929748466705,10000,25
l1_logistic,logistic,25,0.9096996753246753,0.6979504870129871,0.08466826472655614,0.2536994210709011,arcene_keep10000,0.2117491883116882,0.16903115634434496,10000,25
l1_logistic,logistic,26,0.9309050324675325,0.7196631493506493,0.06803098052249792,0.24411200768394237,arcene_keep10000,0.2112418831168832,0.17608102716144444,10000,25
l1_logistic,logistic,27,0.9105113636363635,0.6686282467532467,0.07603992715834777,0.3080033273854623,arcene_keep10000,0.2418831168831168,0.23196340022711454,10000,25
l1_logistic,logistic,28,0.9198457792207793,0.674512987012987,0.0729004592263337,0.281468972568423,arcene_keep10000,0.24533279220779225,0.2085685133420893,10000,25
l1_logistic,logistic,29,0.8980316558441559,0.708400974025974,0.07037055120360894,0.26463200525641456,arcene_keep10000,0.18963068181818188,0.19426145405280562,10000,25
l1_logistic,rf,0,0.9028510551948052,0.798143262987013,0.06337998216640355,0.1630210443461854,arcene_keep10000,0.10470779220779225,0.09964106217978184,10000,25
l1_logistic,rf,1,0.9136566558441558,0.7769379058441558,0.05591427243528141,0.1698203363234667,arcene_keep10000,0.13671875,0.11390606388818528,10000,25
l1_logistic,rf,2,0.9167004870129869,0.7651684253246754,0.053725562498846705,0.1890911803751407,arcene_keep10000,0.15153206168831146,0.13536561787629398,10000,25
l1_logistic,rf,3,0.9253246753246752,0.8011870941558442,0.04671389044853671,0.16957279239081507,arcene_keep10000,0.124137581168831,0.12285890194227836,10000,25
l1_logistic,rf,4,0.9067573051948051,0.8088474025974026,0.06342021741276496,0.15029358741575902,arcene_keep10000,0.09790990259740251,0.08687337000299405,10000,25
l1_logistic,rf,5,0.9211140422077921,0.8339082792207793,0.05113344019149653,0.12821146439296632,arcene_keep10000,0.08720576298701288,0.0770780242014698,10000,25
l1_logistic,rf,6,0.9024959415584415,0.791497564935065,0.06537287334066436,0.15206139397246266,arcene_keep10000,0.11099837662337653,0.0866885206317983,10000,25
l1_logistic,rf,7,0.9176643668831169,0.7532974837662338,0.05486394418768163,0.20388318541418154,arcene_keep10000,0.16436688311688308,0.1490192412264999,10000,25
l1_logistic,rf,8,0.905083198051948,0.7626318993506493,0.06468962126459368,0.19537825732567482,arcene_keep10000,0.1424512987012987,0.13068863606108114,10000,25
l1_logistic,rf,9,0.9014813311688312,0.7687702922077922,0.06287189352250652,0.17433862810207063,arcene_keep10000,0.13271103896103897,0.1114667345795641,10000,25
l1_logistic,rf,10,0.9251217532467533,0.7846996753246753,0.04687065298618178,0.16432457255762137,arcene_keep10000,0.14042207792207795,0.11745391957143958,10000,25
l1_logistic,rf,11,0.9145698051948052,0.7771915584415584,0.05534315353106998,0.17712727093068514,arcene_keep10000,0.13737824675324684,0.12178411739961517,10000,25
l1_logistic,rf,12,0.9042207792207791,0.8126521915584416,0.06813507716642864,0.1481735213555122,arcene_keep10000,0.09156858766233755,0.08003844418908357,10000,25
l1_logistic,rf,13,0.8979809253246753,0.7508116883116884,0.07121496924576357,0.19952971686598017,arcene_keep10000,0.1471692370129869,0.1283147476202166,10000,25
l1_logistic,rf,14,0.9011262175324676,0.7831777597402597,0.06711213970872686,0.17831666035661053,arcene_keep10000,0.11794845779220786,0.11120452064788368,10000,25
l1_logistic,rf,15,0.9014813311688311,0.7828226461038961,0.0667439807425716,0.18119029526744668,arcene_keep10000,0.11865868506493504,0.11444631452487508,10000,25
l1_logistic,rf,16,0.9160917207792207,0.8079849837662337,0.060523373394567086,0.15712747535409502,arcene_keep10000,0.10810673701298701,0.09660410195952793,10000,25
l1_logistic,rf,17,0.9224837662337662,0.8057528409090909,0.05016652564600694,0.17080290807414877,arcene_keep10000,0.11673092532467522,0.12063638242814184,10000,25
l1_logistic,rf,18,0.9117796266233766,0.7627840909090909,0.058684441695245,0.1804821617550647,arcene_keep10000,0.1489955357142857,0.1217977200598197,10000,25
l1_logistic,rf,19,0.9158887987012987,0.816609172077922,0.053417627522183334,0.14533622823971876,arcene_keep10000,0.09927962662337664,0.09191860071753542,10000,25
l1_logistic,rf,20,0.8928571428571429,0.777546672077922,0.07316793637216212,0.19395011810232177,arcene_keep10000,0.11531047077922085,0.12078218173015964,10000,25
l1_logistic,rf,21,0.8866680194805194,0.766994724025974,0.07384720857446925,0.19432419169373624,arcene_keep10000,0.11967329545454541,0.120476983119267,10000,25
l1_logistic,rf,22,0.9050324675324675,0.7465503246753247,0.06305964718943846,0.20652468269807633,arcene_keep10000,0.1584821428571428,0.14346503550863787,10000,25
l1_logistic,rf,23,0.9067573051948052,0.773538961038961,0.06235633130064958,0.1860450836142591,arcene_keep10000,0.13321834415584421,0.12368875231360951,10000,25
l1_logistic,rf,24,0.9026481331168832,0.7663352272727273,0.06802909876937772,0.1787315570753772,arcene_keep10000,0.1363129058441559,0.11070245830599947,10000,25
l1_logistic,rf,25,0.9170556006493507,0.7677556818181819,0.05440063810428378,0.19408313118888373,arcene_keep10000,0.14929991883116878,0.13968249308459996,10000,25
l1_logistic,rf,26,0.9047280844155844,0.7667410714285714,0.06621689580456191,0.2064759787098227,arcene_keep10000,0.137987012987013,0.1402590829052608,10000,25
l1_logistic,rf,27,0.9075182629870131,0.7889103084415585,0.06177243045281986,0.16240264024988113,arcene_keep10000,0.11860795454545459,0.10063020979706128,10000,25
l1_logistic,rf,28,0.9120332792207793,0.7789671266233766,0.05714688411543435,0.18429003384613152,arcene_keep10000,0.13306615259740262,0.12714314973069718,10000,25
l1_logistic,rf,29,0.9086343344155845,0.837104301948052,0.06052705473351153,0.1288012865430787,arcene_keep10000,0.07153003246753253,0.06827423180956718,10000,25
