method,frac,k_features,n_features,classifier,calibrate,seed,accuracy,auroc,brier,ece,aurc,auroc_gap,ece_gap,net_benefit,net_benefit_gap,conformal_efficiency,conformal_coverage,conformal_coverage_gap,selective_ece,dataset,rep,calib_sha256
mutual_info,1.0,12,12,logistic,none,1081204513,0.834983498349835,0.8876995964204247,0.12839600468722995,0.08644666667205705,0.08608947598323635,0.01735062293414691,0.029292974335414695,0.3417789343740638,0.28040452119852977,1.2112211221122111,0.900990099009901,0.03948553698328494,0.06319800957179664,cleveland,0,19f9a06a8f411f2cb0bfc83a470b8abe9be3e8d2481b8d5686994f21903b99e1
mutual_info,0.75,9,12,logistic,none,1081204513,0.8382838283828383,0.8859887699596422,0.12799081933532164,0.07547049598038576,0.08779427867303709,0.0032545130943301137,0.0002289381312320926,0.3422447645838636,0.27825613471407623,1.1947194719471947,0.900990099009901,0.03948553698328494,0.053056796125590076,cleveland,0,19f9a06a8f411f2cb0bfc83a470b8abe9be3e8d2481b8d5686994f21903b99e1
mutual_info,0.5,6,12,logistic,none,1081204513,0.834983498349835,0.8874583260221092,0.12659943772818183,0.06476785898345283,0.08990819106120151,0.011382532418001579,0.032073021172735236,0.34438350377179017,0.2716663143700234,1.1584158415841583,0.900990099009901,0.03948553698328494,0.051921898691776304,cleveland,0,19f9a06a8f411f2cb0bfc83a470b8abe9be3e8d2481b8d5686994f21903b99e1
mutual_info,0.33,4,12,logistic,none,1081204513,0.8217821782178217,0.8719950868573433,0.13761724692115132,0.06791842237867945,0.11393758448392562,0.01286104754640216,0.01754482787081517,0.33684012322026635,0.2803011353132046,1.2277227722772277,0.900990099009901,0.02432188970073057,0.055256015761498294,cleveland,0,19f9a06a8f411f2cb0bfc83a470b8abe9be3e8d2481b8d5686994f21903b99e1
mutual_info,0.25,3,12,logistic,none,1081204513,0.7953795379537953,0.8454114756974908,0.1538712747420635,0.054739697771078615,0.13905943601396478,0.047895372489193844,0.04961530027522208,0.32259407049106675,0.3164478228760521,1.3201320132013201,0.900990099009901,0.02432188970073057,0.04887602677277683,cleveland,0,19f9a06a8f411f2cb0bfc83a470b8abe9be3e8d2481b8d5686994f21903b99e1
mutual_info,1.0,12,12,logistic,none,4251949139,0.8283828382838284,0.8877873311107212,0.1309724669105923,0.062195340384901814,0.07716640370091436,0.032035341978133625,0.01609752600518974,0.3410747344926585,0.26413620115821523,1.2112211221122111,0.900990099009901,0.03948553698328494,0.05694799755064245,cleveland,1,19f9a06a8f411f2cb0bfc83a470b8abe9be3e8d2481b8d5686994f21903b99e1
mutual_info,0.75,9,12,logistic,none,4251949139,0.834983498349835,0.8904632391647657,0.12588413435753892,0.06713308576298319,0.07635923791738658,0.013362573099415243,0.007829458550867238,0.34524969401226674,0.26895400867294406,1.2013201320132014,0.900990099009901,0.02432188970073057,0.046739894877266985,cleveland,1,19f9a06a8f411f2cb0bfc83a470b8abe9be3e8d2481b8d5686994f21903b99e1
mutual_info,0.5,6,12,logistic,none,4251949139,0.8283828382838284,0.8892568871731882,0.12820469486800756,0.0544706671175985,0.0843743921528352,0.00499618611746766,0.03493581736711725,0.3433941421401433,0.27730961200970694,1.1782178217821782,0.900990099009901,0.00915824241817631,0.031996714561659756,cleveland,1,19f9a06a8f411f2cb0bfc83a470b8abe9be3e8d2481b8d5686994f21903b99e1
mutual_info,0.33,4,12,logistic,none,4251949139,0.8151815181518152,0.8814265660642218,0.13583084955029923,0.04894396579458557,0.09155475068988393,0.062290872107805484,0.047223168650456546,0.34297310597329733,0.26692371390057923,1.2178217821782178,0.900990099009901,0.06981283154839346,0.02364020387451639,cleveland,1,19f9a06a8f411f2cb0bfc83a470b8abe9be3e8d2481b8d5686994f21903b99e1
mutual_info,0.25,3,12,logistic,none,4251949139,0.7854785478547854,0.8597122302158273,0.14667866641790586,0.061275411155504465,0.10815714330365556,0.04832570556826843,0.05702168985954727,0.33109146098264697,0.2785577417225174,1.2904290429042904,0.900990099009901,0.06981283154839346,0.04282881489497897,cleveland,1,19f9a06a8f411f2cb0bfc83a470b8abe9be3e8d2481b8d5686994f21903b99e1
mutual_info,1.0,12,12,logistic,none,4128276472,0.8283828382838284,0.8906387085453588,0.12824654451653164,0.06720391192252757,0.07385398760741643,0.030315280956013102,0.03356912784301622,0.3418002776074317,0.2730698205533926,1.188118811881188,0.900990099009901,0.03948553698328494,0.0598634547605201,cleveland,2,19f9a06a8f411f2cb0bfc83a470b8abe9be3e8d2481b8d5686994f21903b99e1
mutual_info,0.75,9,12,logistic,none,4128276472,0.8283828382838284,0.8917353921740657,0.12834954706412055,0.057453732202188176,0.07455443617727053,0.043557081108568374,0.020013254653127574,0.3439009023111233,0.2583503060280741,1.2145214521452146,0.900990099009901,0.0546491842658392,0.04755904559614207,cleveland,2,19f9a06a8f411f2cb0bfc83a470b8abe9be3e8d2481b8d5686994f21903b99e1
mutual_info,0.5,6,12,logistic,none,4128276472,0.8316831683168316,0.8884672749605195,0.12919995871037893,0.07863431569697324,0.08094023692271372,0.04397915077548953,0.03577557941178644,0.3426062106621253,0.24490867070249672,1.1914191419141915,0.900990099009901,0.08497647883094794,0.047936182477696286,cleveland,2,19f9a06a8f411f2cb0bfc83a470b8abe9be3e8d2481b8d5686994f21903b99e1
mutual_info,0.33,4,12,logistic,none,4128276472,0.8118811881188119,0.8610940515879979,0.1458633086783588,0.07341155632860277,0.11013909773888739,0.07432621408593931,0.019573620756031557,0.3285820940729204,0.24350275494694842,1.2772277227722773,0.900990099009901,0.08497647883094794,0.0676447397302761,cleveland,2,19f9a06a8f411f2cb0bfc83a470b8abe9be3e8d2481b8d5686994f21903b99e1
mutual_info,0.25,3,12,logistic,none,4128276472,0.7623762376237624,0.8474513072468854,0.1571209575435435,0.059392357887790244,0.11907109091903006,0.03563119755911526,0.02691492129340403,0.32273414827963576,0.2829854702657361,1.3234323432343233,0.9108910891089109,0.07041337203483133,0.04363868206918353,cleveland,2,19f9a06a8f411f2cb0bfc83a470b8abe9be3e8d2481b8d5686994f21903b99e1
mutual_info,1.0,12,12,logistic,none,1211028316,0.8184818481848185,0.8911651166871382,0.12833628336123928,0.06556156125422603,0.07696864403691342,0.019963132468853395,0.019601828222156628,0.34455272081272703,0.2761308212597553,1.1782178217821782,0.900990099009901,0.02432188970073057,0.037185157487280525,cleveland,3,19f9a06a8f411f2cb0bfc83a470b8abe9be3e8d2481b8d5686994f21903b99e1
mutual_info,0.75,9,12,logistic,none,1211028316,0.834983498349835,0.895200912440779,0.12593080056486072,0.05959875385825943,0.07477571085695556,0.005034324942791657,0.023284140538065892,0.34752334533090773,0.28176560297573194,1.1782178217821782,0.900990099009901,0.02432188970073057,0.04204624971201928,cleveland,3,19f9a06a8f411f2cb0bfc83a470b8abe9be3e8d2481b8d5686994f21903b99e1
mutual_info,0.5,6,12,logistic,none,1211028316,0.834983498349835,0.8952447797859273,0.12286844833010467,0.04718408791157691,0.0780028333888562,0.005514874141876458,0.034970391114681657,0.34999788610306254,0.2752007317289536,1.174917491749175,0.900990099009901,0.03948553698328494,0.034638679545709684,cleveland,3,19f9a06a8f411f2cb0bfc83a470b8abe9be3e8d2481b8d5686994f21903b99e1
mutual_info,0.33,4,12,logistic,none,1211028316,0.8283828382838284,0.887589928057554,0.13169916290939426,0.0636615940024892,0.0894077607068374,0.019068777015001315,0.023086058482090596,0.34751926676473543,0.27479214565535515,1.2145214521452146,0.900990099009901,0.03948553698328494,0.07341672460544699,cleveland,3,19f9a06a8f411f2cb0bfc83a470b8abe9be3e8d2481b8d5686994f21903b99e1
mutual_info,0.25,3,12,logistic,none,1211028316,0.7986798679867987,0.8572775925600983,0.14669268116888107,0.0736915915255246,0.13242409703970992,0.05590770404271561,0.007901547574954912,0.3357995987081704,0.2674521620449205,1.2904290429042904,0.900990099009901,0.0546491842658392,0.07092340378005008,cleveland,3,19f9a06a8f411f2cb0bfc83a470b8abe9be3e8d2481b8d5686994f21903b99e1
mutual_info,1.0,12,12,logistic,none,3438216558,0.834983498349835,0.8969117389015616,0.12397674292345053,0.06783087286297436,0.06945687530286825,0.021514111365369848,0.001549066484520814,0.3467520758248197,0.2725782374930513,1.188118811881188,0.900990099009901,0.0546491842658392,0.054123856946709945,cleveland,4,19f9a06a8f411f2cb0bfc83a470b8abe9be3e8d2481b8d5686994f21903b99e1
mutual_info,0.75,9,12,logistic,none,3438216558,0.834983498349835,0.8907264432356553,0.1268234175774834,0.07235404793256155,0.07465980591388437,0.014141876430205924,0.02816593505624672,0.34412931584366446,0.27068606836727926,1.174917491749175,0.900990099009901,0.0546491842658392,0.06076987882694108,cleveland,4,19f9a06a8f411f2cb0bfc83a470b8abe9be3e8d2481b8d5686994f21903b99e1
mutual_info,0.5,6,12,logistic,none,3438216558,0.8250825082508251,0.8940384277943499,0.12399572591073471,0.05736714872419757,0.07874850065358205,0.016314518179506687,0.05051957322901093,0.34592365978032164,0.2643736235452545,1.1683168316831682,0.900990099009901,0.0546491842658392,0.049242641775060964,cleveland,4,19f9a06a8f411f2cb0bfc83a470b8abe9be3e8d2481b8d5686994f21903b99e1
mutual_info,0.33,4,12,logistic,none,3438216558,0.8085808580858086,0.8812291630110547,0.13138635166655163,0.07222976686087085,0.09271328808989243,0.0018204932621407321,0.017960433596353742,0.3381341207256754,0.27154406228145866,1.1947194719471947,0.900990099009901,0.02432188970073057,0.06922422060719258,cleveland,4,19f9a06a8f411f2cb0bfc83a470b8abe9be3e8d2481b8d5686994f21903b99e1
mutual_info,0.25,3,12,logistic,none,3438216558,0.7755775577557755,0.835431654676259,0.15698583466301425,0.07098490001541122,0.12580885861376898,0.034504830917874596,0.001355598765102023,0.3165518303562239,0.243519197548182,1.3333333333333333,0.900990099009901,0.06981283154839346,0.05247997657308724,cleveland,4,19f9a06a8f411f2cb0bfc83a470b8abe9be3e8d2481b8d5686994f21903b99e1
mutual_info,1.0,12,12,logistic,none,198795411,0.8382838283828383,0.8873925250043867,0.13132010902001395,0.06679540699229039,0.07461958289745695,0.013300279684718919,0.033654844553642524,0.34099138046038935,0.2720822437334943,1.2244224422442245,0.900990099009901,0.0546491842658392,0.04058229393312669,cleveland,5,19f9a06a8f411f2cb0bfc83a470b8abe9be3e8d2481b8d5686994f21903b99e1
mutual_info,0.75,9,12,logistic,none,198795411,0.8283828382838284,0.8875241270398315,0.13260815384873212,0.07141992620521681,0.07430380534958096,0.013490973811340012,0.018302310781720565,0.33889606597609195,0.27431933717899243,1.2574257425742574,0.900990099009901,0.0546491842658392,0.05130594484584001,cleveland,5,19f9a06a8f411f2cb0bfc83a470b8abe9be3e8d2481b8d5686994f21903b99e1
mutual_info,0.5,6,12,logistic,none,198795411,0.834983498349835,0.8912309177048604,0.12686301425588734,0.0480849142058597,0.08269952333972275,0.0008435036867532331,0.022668653282896287,0.3489113300517725,0.2671170308094034,1.1782178217821782,0.900990099009901,0.02432188970073057,0.03170623441417186,cleveland,5,19f9a06a8f411f2cb0bfc83a470b8abe9be3e8d2481b8d5686994f21903b99e1
mutual_info,0.33,4,12,logistic,none,198795411,0.8151815181518152,0.8630900157922443,0.14626998595964702,0.05840841836425825,0.10864001059763634,0.02449084668192225,0.022623418839078535,0.33508323522613764,0.2759303745116932,1.3036303630363035,0.9042904290429042,0.04979481533380037,0.03791470554783447,cleveland,5,19f9a06a8f411f2cb0bfc83a470b8abe9be3e8d2481b8d5686994f21903b99e1
mutual_info,0.25,3,12,logistic,none,198795411,0.7887788778877888,0.8409150728197929,0.15358399198292835,0.07580242193138649,0.13233712853051627,0.008014874141876516,0.056374608121461015,0.3244938041440295,0.2814964809728461,1.3234323432343233,0.900990099009901,0.03948553698328494,0.056950236345452675,cleveland,5,19f9a06a8f411f2cb0bfc83a470b8abe9be3e8d2481b8d5686994f21903b99e1
mutual_info,1.0,12,12,logistic,none,2859092462,0.8217821782178217,0.8887962800491315,0.129707340291264,0.06215496441562773,0.07880502891071994,0.015460208492245053,0.05283453373981169,0.3423530694624122,0.28277232718854217,1.1716171617161717,0.900990099009901,0.0546491842658392,0.044109621882199614,cleveland,6,19f9a06a8f411f2cb0bfc83a470b8abe9be3e8d2481b8d5686994f21903b99e1
mutual_info,0.75,9,12,logistic,none,2859092462,0.8316831683168316,0.8903316371293211,0.1275298307218263,0.06882352927453575,0.07957229042447872,0.01161708619374524,0.030382451523253903,0.3443547093565039,0.2667883017637911,1.2112211221122111,0.900990099009901,0.02432188970073057,0.05973339853748949,cleveland,6,19f9a06a8f411f2cb0bfc83a470b8abe9be3e8d2481b8d5686994f21903b99e1
mutual_info,0.5,6,12,logistic,none,2859092462,0.8250825082508251,0.8841682751359887,0.13057424008896848,0.04777196344739475,0.09386066511108018,0.011645054665649579,0.02832584669218234,0.34362388863875176,0.26671330294529244,1.174917491749175,0.900990099009901,0.03948553698328494,0.04516773550056918,cleveland,6,19f9a06a8f411f2cb0bfc83a470b8abe9be3e8d2481b8d5686994f21903b99e1
mutual_info,0.33,4,12,logistic,none,2859092462,0.8217821782178217,0.8639234953500614,0.1415797400770354,0.0742693552638333,0.11777439489597497,0.01584668192219696,0.013397411834090267,0.33443186194329716,0.2643676118016086,1.2607260726072607,0.900990099009901,0.06981283154839346,0.055502468704792106,cleveland,6,19f9a06a8f411f2cb0bfc83a470b8abe9be3e8d2481b8d5686994f21903b99e1
mutual_info,0.25,3,12,logistic,none,2859092462,0.7920792079207921,0.8479777153886646,0.15298617716340013,0.07472429414719116,0.13692823242007118,0.02704296974319853,0.027058640620394772,0.32673530241117493,0.2701881427920154,1.306930693069307,0.900990099009901,0.08497647883094794,0.06449847919636047,cleveland,6,19f9a06a8f411f2cb0bfc83a470b8abe9be3e8d2481b8d5686994f21903b99e1
mutual_info,1.0,12,12,logistic,none,2997694525,0.8316831683168316,0.8896736269520968,0.12614636794533965,0.07153304307925983,0.07772612452960789,0.02873124841088226,0.006462909868711522,0.3416192931399114,0.2655706216918877,1.1782178217821782,0.900990099009901,0.0546491842658392,0.04867200014503312,cleveland,7,19f9a06a8f411f2cb0bfc83a470b8abe9be3e8d2481b8d5686994f21903b99e1
mutual_info,0.75,9,12,logistic,none,2997694525,0.8448844884488449,0.8909019126162484,0.12254226618458673,0.06655305521963564,0.07849486054272042,0.006376811594203002,0.029701369726968574,0.34474880565873106,0.27192046521905566,1.188118811881188,0.900990099009901,0.03948553698328494,0.05518527158929685,cleveland,7,19f9a06a8f411f2cb0bfc83a470b8abe9be3e8d2481b8d5686994f21903b99e1
mutual_info,0.5,6,12,logistic,none,2997694525,0.834983498349835,0.8958150552728548,0.12219245337520131,0.05319046756390944,0.08368937197602387,0.006723874904653093,0.02610876948208589,0.3512242923391851,0.28255442489864996,1.155115511551155,0.900990099009901,0.03948553698328494,0.06864654109593127,cleveland,7,19f9a06a8f411f2cb0bfc83a470b8abe9be3e8d2481b8d5686994f21903b99e1
mutual_info,0.33,4,12,logistic,none,2997694525,0.8151815181518152,0.8912747850500088,0.12814280608057946,0.06219168998847187,0.08887449709814835,0.018907322654462266,0.016212496716915728,0.34699003175709725,0.2754848440054814,1.2079207920792079,0.900990099009901,0.03948553698328494,0.0663217596502767,cleveland,7,19f9a06a8f411f2cb0bfc83a470b8abe9be3e8d2481b8d5686994f21903b99e1
mutual_info,0.25,3,12,logistic,none,2997694525,0.801980198019802,0.8686392349535006,0.14132384124586797,0.10038731275553998,0.09901285053525788,0.009591914569031412,0.015845832697112525,0.331387875500025,0.28498734208166565,1.2574257425742574,0.900990099009901,0.02432188970073057,0.06809992898568595,cleveland,7,19f9a06a8f411f2cb0bfc83a470b8abe9be3e8d2481b8d5686994f21903b99e1
mutual_info,1.0,12,12,logistic,none,2217349375,0.8283828382838284,0.8880944025267591,0.13022642260385975,0.07079857650740594,0.08547398965383107,0.009187643020595049,0.04057582476138358,0.34162130078284425,0.28794503922948755,1.2046204620462047,0.900990099009901,0.03948553698328494,0.05031452698331053,cleveland,8,19f9a06a8f411f2cb0bfc83a470b8abe9be3e8d2481b8d5686994f21903b99e1
mutual_info,0.75,9,12,logistic,none,2217349375,0.8283828382838284,0.8851114230566766,0.13138250348707337,0.05603138291132427,0.09052575881823736,0.01108187134502936,0.003393638650534117,0.3432945346634762,0.27375137284373285,1.2112211221122111,0.900990099009901,0.02432188970073057,0.03933097298663394,cleveland,8,19f9a06a8f411f2cb0bfc83a470b8abe9be3e8d2481b8d5686994f21903b99e1
mutual_info,0.5,6,12,logistic,none,2217349375,0.834983498349835,0.8855939638533075,0.12777403001480295,0.04857175505848471,0.09228320571258486,0.034145054665649655,0.02769595957097179,0.34549850934576837,0.2637801293569857,1.188118811881188,0.900990099009901,0.0546491842658392,0.042402074872393794,cleveland,8,19f9a06a8f411f2cb0bfc83a470b8abe9be3e8d2481b8d5686994f21903b99e1
mutual_info,0.33,4,12,logistic,none,2217349375,0.8184818481848185,0.8643841024741183,0.14240562208204383,0.07332292876441084,0.11780890057908541,0.008372107805746265,0.05576929620975479,0.33533052463036933,0.27463051450027165,1.2706270627062706,0.900990099009901,0.06981283154839346,0.07331808653447554,cleveland,8,19f9a06a8f411f2cb0bfc83a470b8abe9be3e8d2481b8d5686994f21903b99e1
mutual_info,0.25,3,12,logistic,none,2217349375,0.7920792079207921,0.8468152307422355,0.15437360473482198,0.08980973258569568,0.15065941797079513,0.010165268243071512,0.04945565543371043,0.3287756677167076,0.2871332895001144,1.3498349834983498,0.900990099009901,0.0546491842658392,0.08821793119939902,cleveland,8,19f9a06a8f411f2cb0bfc83a470b8abe9be3e8d2481b8d5686994f21903b99e1
mutual_info,1.0,12,12,logistic,none,1889483278,0.8184818481848185,0.888884014739428,0.12978770260972394,0.0806072851188704,0.07817405252058102,0.026301805237731957,0.013226002133344433,0.3410211512834013,0.271933249776277,1.1716171617161717,0.900990099009901,0.0546491842658392,0.06394202709791323,cleveland,9,19f9a06a8f411f2cb0bfc83a470b8abe9be3e8d2481b8d5686994f21903b99e1
mutual_info,0.75,9,12,logistic,none,1889483278,0.834983498349835,0.8871293209334971,0.1269574668381064,0.05392553769583361,0.08136932795759612,0.016778540554284294,0.009037446626752196,0.3443304090294746,0.2660865556500589,1.1914191419141915,0.900990099009901,0.03948553698328494,0.042815712008850954,cleveland,9,19f9a06a8f411f2cb0bfc83a470b8abe9be3e8d2481b8d5686994f21903b99e1
mutual_info,0.5,6,12,logistic,none,1889483278,0.8415841584158416,0.8899806983681348,0.12390465965998643,0.0459743349281244,0.08193279167099615,0.04834096109839814,0.013966118736652877,0.34857981485047757,0.2550552832426662,1.174917491749175,0.900990099009901,0.06981283154839346,0.032547998008520665,cleveland,9,19f9a06a8f411f2cb0bfc83a470b8abe9be3e8d2481b8d5686994f21903b99e1
mutual_info,0.33,4,12,logistic,none,1889483278,0.8316831683168316,0.8684198982277591,0.13647151181756073,0.062176926174142604,0.11801757080262221,0.043585049580472934,0.018853538868287834,0.34161212877284836,0.26526324750771746,1.2409240924092408,0.900990099009901,0.08497647883094794,0.051649557487362246,cleveland,9,19f9a06a8f411f2cb0bfc83a470b8abe9be3e8d2481b8d5686994f21903b99e1
mutual_info,0.25,3,12,logistic,none,1889483278,0.8052805280528053,0.8482409194595543,0.14936959145926113,0.08613880087934316,0.13777069748326548,0.03590897533689308,0.008676203114976189,0.3332329879832384,0.26355917131252404,1.3432343234323432,0.900990099009901,0.1001401261135022,0.06879525588003876,cleveland,9,19f9a06a8f411f2cb0bfc83a470b8abe9be3e8d2481b8d5686994f21903b99e1
mutual_info,1.0,12,12,logistic,none,3798171109,0.8283828382838284,0.8885769433233901,0.12665789796887134,0.06009942308721477,0.0811085701225739,0.004216882786676979,0.021882260070088075,0.34520373083522193,0.26967128219636555,1.1683168316831682,0.900990099009901,0.03948553698328494,0.053863118321312214,cleveland,10,19f9a06a8f411f2cb0bfc83a470b8abe9be3e8d2481b8d5686994f21903b99e1
mutual_info,0.75,9,12,logistic,none,3798171109,0.834983498349835,0.8887962800491312,0.1260862829037573,0.0625992263867956,0.08471451312254977,0.00842486651411134,0.016746751817026964,0.3465009758086916,0.273033134436957,1.198019801980198,0.900990099009901,0.03948553698328494,0.060382887338992566,cleveland,10,19f9a06a8f411f2cb0bfc83a470b8abe9be3e8d2481b8d5686994f21903b99e1
mutual_info,0.5,6,12,logistic,none,3798171109,0.8415841584158416,0.8952667134585014,0.12149366294273183,0.05889533081151732,0.08515667510136475,0.021202644291889006,0.012157422398521411,0.35154314423469396,0.26458234270481185,1.155115511551155,0.900990099009901,0.0546491842658392,0.04656685748208807,cleveland,10,19f9a06a8f411f2cb0bfc83a470b8abe9be3e8d2481b8d5686994f21903b99e1
mutual_info,0.33,4,12,logistic,none,3798171109,0.8184818481848185,0.8668406738024215,0.1395305853122579,0.06412520796913714,0.11686928945487565,0.04200355962369695,0.011226136327908184,0.3402383991831983,0.25651909756840474,1.2343234323432344,0.900990099009901,0.0546491842658392,0.038357269593153255,cleveland,10,19f9a06a8f411f2cb0bfc83a470b8abe9be3e8d2481b8d5686994f21903b99e1
mutual_info,0.25,3,12,logistic,none,3798171109,0.7986798679867987,0.8454114756974909,0.14890985225705003,0.08486381357482847,0.1387630664250085,0.0003051106025933059,0.026828626094872313,0.327359987264336,0.2828347631544138,1.306930693069307,0.9042904290429042,0.03463116805124611,0.06522684186851443,cleveland,10,19f9a06a8f411f2cb0bfc83a470b8abe9be3e8d2481b8d5686994f21903b99e1
mutual_info,1.0,12,12,logistic,none,2743949955,0.8250825082508251,0.885813300579049,0.13030046326346006,0.06124331246999207,0.08630593646975494,0.03273582506992123,0.008548231628886793,0.34257542489163934,0.2734043419823372,1.1815181518151816,0.900990099009901,0.03948553698328494,0.04763629342161328,cleveland,11,19f9a06a8f411f2cb0bfc83a470b8abe9be3e8d2481b8d5686994f21903b99e1
mutual_info,0.75,9,12,logistic,none,2743949955,0.8250825082508251,0.8913405860677311,0.12637374116111388,0.0505901041076183,0.08319245788289001,0.02975972540045757,0.027870486652140175,0.348190740378559,0.27173490844172155,1.1947194719471947,0.900990099009901,0.0546491842658392,0.03948813442835022,cleveland,11,19f9a06a8f411f2cb0bfc83a470b8abe9be3e8d2481b8d5686994f21903b99e1
mutual_info,0.5,6,12,logistic,none,2743949955,0.8118811881188119,0.8850456220389542,0.13113566827529316,0.05580685757516853,0.09297704507425762,0.03398296465802175,0.041445817103726676,0.3448346867217398,0.25714207817844137,1.165016501650165,0.900990099009901,0.03948553698328494,0.038021808969890526,cleveland,11,19f9a06a8f411f2cb0bfc83a470b8abe9be3e8d2481b8d5686994f21903b99e1
mutual_info,0.33,4,12,logistic,none,2743949955,0.8151815181518152,0.8699552553079488,0.1401054632874386,0.04202950864409905,0.10958399601026439,0.018127383676582953,0.03530262713156225,0.33759520590904585,0.26552972057691915,1.2541254125412542,0.900990099009901,0.03948553698328494,0.038543725726910186,cleveland,11,19f9a06a8f411f2cb0bfc83a470b8abe9be3e8d2481b8d5686994f21903b99e1
mutual_info,0.25,3,12,logistic,none,2743949955,0.7755775577557755,0.8432619757852255,0.15703459270984152,0.079082673859157,0.15277966464902878,0.04316170861937463,0.0006224146706555606,0.3251874833573174,0.2675026050018914,1.3135313531353134,0.9042904290429042,0.03463116805124611,0.07076693351407841,cleveland,11,19f9a06a8f411f2cb0bfc83a470b8abe9be3e8d2481b8d5686994f21903b99e1
mutual_info,1.0,12,12,logistic,none,838298918,0.8382838283828383,0.886646780136866,0.1290471086557609,0.06614642286188471,0.0802815280603953,0.028909229595728392,0.0048453689689160195,0.34410175021476364,0.2659847986566386,1.2145214521452146,0.900990099009901,0.03948553698328494,0.05339628646069823,cleveland,12,19f9a06a8f411f2cb0bfc83a470b8abe9be3e8d2481b8d5686994f21903b99e1
mutual_info,0.75,9,12,logistic,none,838298918,0.8481848184818482,0.8920863309352517,0.1255993542134067,0.06442993461203979,0.07785731991677516,0.034983473175692836,0.010736877734219719,0.3457556771499533,0.2616631556663255,1.188118811881188,0.900990099009901,0.0546491842658392,0.04461850401801633,cleveland,12,19f9a06a8f411f2cb0bfc83a470b8abe9be3e8d2481b8d5686994f21903b99e1
mutual_info,0.5,6,12,logistic,none,838298918,0.8448844884488449,0.8878092647832954,0.12627795430378666,0.07139580335282887,0.08961059465034833,0.02105453852021355,0.036224581913172044,0.3473718755877027,0.2903928513387526,1.1782178217821782,0.900990099009901,0.03948553698328494,0.05286513289947846,cleveland,12,19f9a06a8f411f2cb0bfc83a470b8abe9be3e8d2481b8d5686994f21903b99e1
mutual_info,0.33,4,12,logistic,none,838298918,0.8283828382838284,0.8743419898227759,0.13797991032023368,0.042174561877310765,0.10852605442726002,0.0042130689041445235,0.03474493294930513,0.3406248666711111,0.29125859178030317,1.2574257425742574,0.900990099009901,0.03948553698328494,0.024560091192423333,cleveland,12,19f9a06a8f411f2cb0bfc83a470b8abe9be3e8d2481b8d5686994f21903b99e1
mutual_info,0.25,3,12,logistic,none,838298918,0.7986798679867987,0.8522547815406211,0.14897003537667203,0.07588639591442616,0.1440484200844442,0.002850241545893528,0.06445681204798416,0.32842695743233213,0.29448138410439295,1.33003300330033,0.900990099009901,0.00915824241817631,0.06722324195469971,cleveland,12,19f9a06a8f411f2cb0bfc83a470b8abe9be3e8d2481b8d5686994f21903b99e1
mutual_info,1.0,12,12,logistic,none,4214740476,0.834983498349835,0.8905509738550623,0.12709126376154992,0.044070665965735834,0.07571637634170197,0.01933257055682691,0.032214187180835435,0.3454230542156941,0.2697763418684074,1.188118811881188,0.900990099009901,0.0546491842658392,0.03757370151425271,cleveland,13,19f9a06a8f411f2cb0bfc83a470b8abe9be3e8d2481b8d5686994f21903b99e1
mutual_info,0.75,9,12,logistic,none,4214740476,0.834983498349835,0.897131075627303,0.12294432122969344,0.05717229554362856,0.07416053354916861,0.024722857869310833,0.007975298489672641,0.3470330164668461,0.2760895160740292,1.1782178217821782,0.900990099009901,0.02432188970073057,0.039310628458325995,cleveland,13,19f9a06a8f411f2cb0bfc83a470b8abe9be3e8d2481b8d5686994f21903b99e1
mutual_info,0.5,6,12,logistic,none,4214740476,0.8283828382838284,0.895354448148798,0.12416485877171131,0.06017916957339758,0.07697567861274077,0.021409865242817183,0.01570677479373607,0.34767390810743554,0.269784468906585,1.188118811881188,0.900990099009901,0.0546491842658392,0.051114084686108306,cleveland,13,19f9a06a8f411f2cb0bfc83a470b8abe9be3e8d2481b8d5686994f21903b99e1
mutual_info,0.33,4,12,logistic,none,4214740476,0.8151815181518152,0.870635199157747,0.14056797132028,0.0693866996383656,0.10617469606206878,0.07980167810831429,0.028608126029738265,0.33291965033587984,0.245916125582791,1.231023102310231,0.900990099009901,0.08497647883094794,0.05567338898203,cleveland,13,19f9a06a8f411f2cb0bfc83a470b8abe9be3e8d2481b8d5686994f21903b99e1
mutual_info,0.25,3,12,logistic,none,4214740476,0.7920792079207921,0.8531540621161608,0.1485935789497545,0.06466785095545126,0.1263070885640344,0.07848398169336401,0.01990485227543655,0.32827685983709876,0.24550623115726283,1.3003300330033003,0.9042904290429042,0.080122109898909,0.042721866027581594,cleveland,13,19f9a06a8f411f2cb0bfc83a470b8abe9be3e8d2481b8d5686994f21903b99e1
mutual_info,1.0,12,12,logistic,none,3951762423,0.8382838283828383,0.8849798210212318,0.1303982395294003,0.07511008354186184,0.0778722954441106,0.027623951182303652,0.025748721627441865,0.33936022152973494,0.2681290858390528,1.2409240924092408,0.900990099009901,0.0546491842658392,0.05866567336049582,cleveland,14,19f9a06a8f411f2cb0bfc83a470b8abe9be3e8d2481b8d5686994f21903b99e1
mutual_info,0.75,9,12,logistic,none,3951762423,0.834983498349835,0.884190208808563,0.12992155220755316,0.045433216878764435,0.08027138036074127,0.017686244596999745,0.027050872056773,0.34366385278608547,0.26828175631098705,1.2178217821782178,0.900990099009901,0.0546491842658392,0.039739390832848775,cleveland,14,19f9a06a8f411f2cb0bfc83a470b8abe9be3e8d2481b8d5686994f21903b99e1
mutual_info,0.5,6,12,logistic,none,3951762423,0.8283828382838284,0.8832909282330235,0.130270128570985,0.06513590693531182,0.08307858847444005,0.01802186625985247,0.019992569718879832,0.34135954995376333,0.2647797161747253,1.2145214521452146,0.900990099009901,0.03948553698328494,0.04350507020312514,cleveland,14,19f9a06a8f411f2cb0bfc83a470b8abe9be3e8d2481b8d5686994f21903b99e1
mutual_info,0.33,4,12,logistic,none,3951762423,0.8316831683168316,0.8680250921214248,0.13957980586764313,0.07529909638188012,0.10746046083715499,0.032816552250190756,0.01034285875174007,0.3346034142752382,0.2703184643614387,1.2871287128712872,0.9042904290429042,0.04979481533380037,0.05272716384814651,cleveland,14,19f9a06a8f411f2cb0bfc83a470b8abe9be3e8d2481b8d5686994f21903b99e1
mutual_info,0.25,3,12,logistic,none,3951762423,0.7920792079207921,0.8485479908755922,0.1530413215064904,0.0664799636538375,0.14167189589741533,0.04327612509534717,0.043675946490069714,0.3251234607606042,0.2671596789172822,1.3234323432343233,0.900990099009901,0.0546491842658392,0.05366143533826892,cleveland,14,19f9a06a8f411f2cb0bfc83a470b8abe9be3e8d2481b8d5686994f21903b99e1
mutual_info,1.0,12,12,logistic,none,2460965117,0.8283828382838284,0.8849359536760835,0.13075715212190583,0.07971615569220546,0.08316753678577885,0.028991863717264144,0.07504190365358879,0.341141112720961,0.2668272660135081,1.198019801980198,0.900990099009901,0.0546491842658392,0.050082277527832605,cleveland,15,19f9a06a8f411f2cb0bfc83a470b8abe9be3e8d2481b8d5686994f21903b99e1
mutual_info,0.75,9,12,logistic,none,2460965117,0.8283828382838284,0.889366555536059,0.12636215185827598,0.055788332390692474,0.08425062117301499,0.020256801423849335,0.038213345482362146,0.3471342772176104,0.26299355090091764,1.1914191419141915,0.900990099009901,0.06981283154839346,0.04874070598038244,cleveland,15,19f9a06a8f411f2cb0bfc83a470b8abe9be3e8d2481b8d5686994f21903b99e1
mutual_info,0.5,6,12,logistic,none,2460965117,0.8382838283828383,0.886953851552904,0.12641263990665105,0.05977875164158536,0.08880365912103592,0.03154780066107299,0.03732321376224057,0.34810586917172187,0.26763128758174537,1.1815181518151816,0.900990099009901,0.06981283154839346,0.06888912862832716,cleveland,15,19f9a06a8f411f2cb0bfc83a470b8abe9be3e8d2481b8d5686994f21903b99e1
mutual_info,0.33,4,12,logistic,none,2460965117,0.8151815181518152,0.8841463414634146,0.13174806249528687,0.06092010605561058,0.08951573455764371,0.060861301805237966,0.018646887876849774,0.3420110665399417,0.26265841651367505,1.2145214521452146,0.900990099009901,0.06981283154839346,0.048008607988434635,cleveland,15,19f9a06a8f411f2cb0bfc83a470b8abe9be3e8d2481b8d5686994f21903b99e1
mutual_info,0.25,3,12,logistic,none,2460965117,0.7953795379537953,0.862717143358484,0.14316490872816565,0.07882933442467113,0.11892215176259258,0.09781273836765836,0.034793126430322174,0.33912866949595033,0.25584645699580594,1.3333333333333333,0.900990099009901,0.08497647883094794,0.06200244819390413,cleveland,15,19f9a06a8f411f2cb0bfc83a470b8abe9be3e8d2481b8d5686994f21903b99e1
mutual_info,1.0,12,12,logistic,none,2510762989,0.8448844884488449,0.8930514125285138,0.12433002882997587,0.04867067643766024,0.07444863585872212,0.026741673023137458,0.007999325949872654,0.34595640029802316,0.2697125886154095,1.1617161716171618,0.900990099009901,0.03948553698328494,0.03513767125510526,cleveland,16,19f9a06a8f411f2cb0bfc83a470b8abe9be3e8d2481b8d5686994f21903b99e1
mutual_info,0.75,9,12,logistic,none,2510762989,0.8382838283828383,0.891296718722583,0.1248541004700747,0.07093610152964443,0.07698571714340297,0.027172641749300896,0.013476967442945756,0.34402966012222147,0.2628534405847526,1.174917491749175,0.900990099009901,0.08497647883094794,0.047997792822957616,cleveland,16,19f9a06a8f411f2cb0bfc83a470b8abe9be3e8d2481b8d5686994f21903b99e1
mutual_info,0.5,6,12,logistic,none,2510762989,0.8481848184818482,0.8870196525706264,0.125953066557844,0.07835164380706927,0.0817903513747848,0.02566297991355182,0.007798328844719968,0.34083380898032783,0.25443361125041974,1.2244224422442245,0.900990099009901,0.06981283154839346,0.05075325191017324,cleveland,16,19f9a06a8f411f2cb0bfc83a470b8abe9be3e8d2481b8d5686994f21903b99e1
mutual_info,0.33,4,12,logistic,none,2510762989,0.8151815181518152,0.8779171784523601,0.13445933386101497,0.05984908167260809,0.09353632197902123,0.014382786676837123,0.0061807271987685125,0.3411257734979302,0.2630309355004451,1.2079207920792079,0.9042904290429042,0.03463116805124611,0.059263989470138057,cleveland,16,19f9a06a8f411f2cb0bfc83a470b8abe9be3e8d2481b8d5686994f21903b99e1
mutual_info,0.25,3,12,logistic,none,2510762989,0.7920792079207921,0.8594051587997895,0.1461907405042745,0.0771463868419954,0.11033555484801796,0.0639861428934656,0.04548741244964234,0.33190055585840145,0.2634129792688249,1.3498349834983498,0.900990099009901,0.03948553698328494,0.0655012262510652,cleveland,16,19f9a06a8f411f2cb0bfc83a470b8abe9be3e8d2481b8d5686994f21903b99e1
mutual_info,1.0,12,12,logistic,none,1602340997,0.8250825082508251,0.8804614844709598,0.13135556046411453,0.09465474583426177,0.0874339991105537,0.018581235697940568,0.03383581476365352,0.3365162564819983,0.27248803596350496,1.2178217821782178,0.900990099009901,0.0546491842658392,0.08433203252668764,cleveland,17,19f9a06a8f411f2cb0bfc83a470b8abe9be3e8d2481b8d5686994f21903b99e1
mutual_info,0.75,9,12,logistic,none,1602340997,0.834983498349835,0.8765572907527636,0.1337458707849933,0.09033079033251602,0.09133338136587889,0.005172896008136307,0.0035002756331843216,0.33496536470513466,0.27126284202897,1.2607260726072607,0.900990099009901,0.02432188970073057,0.06953429963405162,cleveland,17,19f9a06a8f411f2cb0bfc83a470b8abe9be3e8d2481b8d5686994f21903b99e1
mutual_info,0.5,6,12,logistic,none,1602340997,0.8118811881188119,0.8842340761537113,0.13203590340454802,0.0755003318050207,0.09262298543108805,0.005355962369692269,0.01970622684781989,0.34239910237609844,0.2697717224680608,1.2475247524752475,0.900990099009901,0.02432188970073057,0.06285590371173955,cleveland,17,19f9a06a8f411f2cb0bfc83a470b8abe9be3e8d2481b8d5686994f21903b99e1
mutual_info,0.33,4,12,logistic,none,1602340997,0.8250825082508251,0.8708764695560625,0.14145907644512976,0.06258381785661617,0.10851538270011642,0.02858949911009412,0.003820960632737652,0.3351536587327892,0.26268191315042333,1.2607260726072607,0.900990099009901,0.06981283154839346,0.04169067796408797,cleveland,17,19f9a06a8f411f2cb0bfc83a470b8abe9be3e8d2481b8d5686994f21903b99e1
mutual_info,0.25,3,12,logistic,none,1602340997,0.7821782178217822,0.8383927004737672,0.15901035641277977,0.07304269730141491,0.1450664357644564,0.007935418255784477,0.005688652035625533,0.3208436379399236,0.26936616886319553,1.372937293729373,0.9042904290429042,0.06495846261635463,0.08008925382248155,cleveland,17,19f9a06a8f411f2cb0bfc83a470b8abe9be3e8d2481b8d5686994f21903b99e1
mutual_info,1.0,12,12,logistic,none,3660905348,0.8217821782178217,0.8948938410247411,0.12539877200545294,0.055782305466781784,0.0723593159975163,0.01755911517925246,0.01945699695091442,0.3443025819732692,0.2798003279514274,1.1683168316831682,0.900990099009901,0.03948553698328494,0.04635971254096415,cleveland,18,19f9a06a8f411f2cb0bfc83a470b8abe9be3e8d2481b8d5686994f21903b99e1
mutual_info,0.75,9,12,logistic,none,3660905348,0.8415841584158416,0.8946745042989999,0.12337090221699205,0.06010937589312169,0.07981273147204437,0.025087719298245492,0.004302949222551394,0.34845748301869633,0.26545910864898925,1.1782178217821782,0.900990099009901,0.06981283154839346,0.046854845732019555,cleveland,18,19f9a06a8f411f2cb0bfc83a470b8abe9be3e8d2481b8d5686994f21903b99e1
mutual_info,0.5,6,12,logistic,none,3660905348,0.8283828382838284,0.8852210914195472,0.12993849702438925,0.05964984257464682,0.08979354922898689,0.024288710907703903,0.03215213473904814,0.34391958600125627,0.2681428124331935,1.2178217821782178,0.900990099009901,0.03948553698328494,0.05209830275726127,cleveland,18,19f9a06a8f411f2cb0bfc83a470b8abe9be3e8d2481b8d5686994f21903b99e1
mutual_info,0.33,4,12,logistic,none,3660905348,0.8052805280528053,0.859997367959291,0.14599813727141517,0.06760046272931369,0.12066190180712547,0.005386473429951577,0.014292176929551939,0.3360792885540848,0.27924694815416284,1.2574257425742574,0.900990099009901,0.03948553698328494,0.05571683362618501,cleveland,18,19f9a06a8f411f2cb0bfc83a470b8abe9be3e8d2481b8d5686994f21903b99e1
mutual_info,0.25,3,12,logistic,none,3660905348,0.7920792079207921,0.8588129496402879,0.1445701323553892,0.0810755522950564,0.130674097463522,0.01634375794558851,0.02159166019985262,0.3332174521967363,0.2766932998797776,1.33993399339934,0.9075907590759076,0.060104093684315796,0.04846091939012644,cleveland,18,19f9a06a8f411f2cb0bfc83a470b8abe9be3e8d2481b8d5686994f21903b99e1
mutual_info,1.0,12,12,logistic,none,2124185872,0.8250825082508251,0.8754606071240568,0.1347311898565373,0.0655157424493562,0.0985681081159463,0.03698830409356724,0.04261687969762391,0.33800696941293357,0.2818870071878789,1.2013201320132014,0.900990099009901,0.0546491842658392,0.055349982615896666,cleveland,19,19f9a06a8f411f2cb0bfc83a470b8abe9be3e8d2481b8d5686994f21903b99e1
mutual_info,0.75,9,12,logistic,none,2124185872,0.8316831683168316,0.8748903316371294,0.13486096915377335,0.08966725195512047,0.1021703155879119,0.01703407068395635,0.006094800107032686,0.33812511071396356,0.2790591825216666,1.2244224422442245,0.900990099009901,0.03948553698328494,0.07088363173404365,cleveland,19,19f9a06a8f411f2cb0bfc83a470b8abe9be3e8d2481b8d5686994f21903b99e1
mutual_info,0.5,6,12,logistic,none,2124185872,0.8118811881188119,0.872411826636252,0.13722887944447446,0.056774943069895216,0.10583106321637667,0.038473811339943986,0.015339510643042717,0.3393386519138942,0.26834798165192963,1.2178217821782178,0.900990099009901,0.0546491842658392,0.06000487545750484,cleveland,19,19f9a06a8f411f2cb0bfc83a470b8abe9be3e8d2481b8d5686994f21903b99e1
mutual_info,0.33,4,12,logistic,none,2124185872,0.8052805280528053,0.8615107913669064,0.14376682197292284,0.07000709539204143,0.12130388435848609,0.04828947368421044,0.047649338051578644,0.33390696915181517,0.26769846952470355,1.2277227722772277,0.900990099009901,0.08497647883094794,0.0571774456999576,cleveland,19,19f9a06a8f411f2cb0bfc83a470b8abe9be3e8d2481b8d5686994f21903b99e1
mutual_info,0.25,3,12,logistic,none,2124185872,0.8250825082508251,0.8547990875592208,0.14425958020220636,0.10990723407460236,0.1312018155517497,0.0673226544622425,0.0018002519656857008,0.34028407888860396,0.27059207085964704,1.2574257425742574,0.900990099009901,0.06981283154839346,0.10049755197833961,cleveland,19,19f9a06a8f411f2cb0bfc83a470b8abe9be3e8d2481b8d5686994f21903b99e1
mutual_info,1.0,12,12,logistic,none,3854830401,0.8382838283828383,0.8951570450956309,0.12451958457486555,0.04929006787557983,0.07206393583434914,0.02886473429951686,0.012434135576638097,0.34641159625633694,0.2738564687325074,1.1914191419141915,0.900990099009901,0.03948553698328494,0.036561325006943896,cleveland,20,19f9a06a8f411f2cb0bfc83a470b8abe9be3e8d2481b8d5686994f21903b99e1
mutual_info,0.75,9,12,logistic,none,3854830401,0.8448844884488449,0.8910335146516932,0.1257903581566704,0.06837101411979896,0.07876070984402743,0.028441393338418552,0.030177607812148274,0.34872009539819043,0.26185534100081104,1.1485148514851484,0.900990099009901,0.0546491842658392,0.05082353275266162,cleveland,20,19f9a06a8f411f2cb0bfc83a470b8abe9be3e8d2481b8d5686994f21903b99e1
mutual_info,0.5,6,12,logistic,none,3854830401,0.8316831683168316,0.8858133005790488,0.12812435811022732,0.07786399651124436,0.08828584728992708,0.00759979659293164,0.021511985745682666,0.34129721237754507,0.2839574645993834,1.2178217821782178,0.900990099009901,0.02432188970073057,0.03988668647314408,cleveland,20,19f9a06a8f411f2cb0bfc83a470b8abe9be3e8d2481b8d5686994f21903b99e1
mutual_info,0.33,4,12,logistic,none,3854830401,0.8283828382838284,0.8748903316371294,0.1362681282437883,0.05557944071849254,0.10533117045737049,0.015031782354436807,0.03784490015281601,0.33823715416536815,0.2745864149533128,1.2574257425742574,0.900990099009901,0.02432188970073057,0.04334026954169042,cleveland,20,19f9a06a8f411f2cb0bfc83a470b8abe9be3e8d2481b8d5686994f21903b99e1
mutual_info,0.25,3,12,logistic,none,3854830401,0.801980198019802,0.8544920161431829,0.14802046628605112,0.07692616366980537,0.13189418076838805,0.05949783879989834,0.01355174580116042,0.3337612180090968,0.2707040703002376,1.353135313531353,0.9042904290429042,0.080122109898909,0.07040333957211918,cleveland,20,19f9a06a8f411f2cb0bfc83a470b8abe9be3e8d2481b8d5686994f21903b99e1
mutual_info,1.0,12,12,logistic,none,3529227881,0.834983498349835,0.8901561677487279,0.12786112236802863,0.06059065931785167,0.07658610715142261,0.03190312738367651,0.008844288347329296,0.34145981305795853,0.26973533448203624,1.2079207920792079,0.900990099009901,0.03948553698328494,0.05319991684867992,cleveland,21,19f9a06a8f411f2cb0bfc83a470b8abe9be3e8d2481b8d5686994f21903b99e1
mutual_info,0.75,9,12,logistic,none,3529227881,0.8415841584158416,0.8910335146516932,0.12531212705279943,0.07872249518885485,0.07807160937417296,0.016074243579964453,0.019250357110239688,0.3436330059168157,0.2639187556037078,1.188118811881188,0.900990099009901,0.03948553698328494,0.05199455141434917,cleveland,21,19f9a06a8f411f2cb0bfc83a470b8abe9be3e8d2481b8d5686994f21903b99e1
mutual_info,0.5,6,12,logistic,none,3529227881,0.8316831683168316,0.8919985962449551,0.12567280256635519,0.04519204109152549,0.07955920990933779,0.02524663107042968,0.033315362904318094,0.34401608130161293,0.26045258481601125,1.1914191419141915,0.900990099009901,0.0546491842658392,0.038321342453803454,cleveland,21,19f9a06a8f411f2cb0bfc83a470b8abe9be3e8d2481b8d5686994f21903b99e1
mutual_info,0.33,4,12,logistic,none,3529227881,0.8316831683168316,0.8796499385857167,0.13361042606950413,0.0603574820076851,0.0933318646964393,0.03205504703788464,0.02524915367362357,0.34349113677938425,0.26453270682519675,1.2772277227722773,0.900990099009901,0.0546491842658392,0.049619898686062966,cleveland,21,19f9a06a8f411f2cb0bfc83a470b8abe9be3e8d2481b8d5686994f21903b99e1
mutual_info,0.25,3,12,logistic,none,3529227881,0.8118811881188119,0.8823916476574838,0.13442402468969786,0.07246750400242852,0.08814717547910719,0.06166475972540042,0.019859371456764918,0.34578026632776626,0.2612950517878897,1.2442244224422443,0.900990099009901,0.0546491842658392,0.037294877559620535,cleveland,21,19f9a06a8f411f2cb0bfc83a470b8abe9be3e8d2481b8d5686994f21903b99e1
mutual_info,1.0,12,12,logistic,none,3268504274,0.8283828382838284,0.8893226881909105,0.12813413270453575,0.05540752887743372,0.07889272835269535,0.026239511823035966,0.021188549216388602,0.3430018052749928,0.2724699957115936,1.2013201320132014,0.900990099009901,0.0546491842658392,0.04311323974101228,cleveland,22,19f9a06a8f411f2cb0bfc83a470b8abe9be3e8d2481b8d5686994f21903b99e1
mutual_info,0.75,9,12,logistic,none,3268504274,0.834983498349835,0.8905509738550622,0.12622501326380225,0.04577757441143136,0.07922416422486345,0.038702008644800334,0.06687542791827752,0.3473673098456364,0.2621543002204626,1.2013201320132014,0.900990099009901,0.06981283154839346,0.03251772143877488,cleveland,22,19f9a06a8f411f2cb0bfc83a470b8abe9be3e8d2481b8d5686994f21903b99e1
mutual_info,0.5,6,12,logistic,none,3268504274,0.8382838283828383,0.8976574837690823,0.12266860401452508,0.053672410555794026,0.07382319368029694,0.030765319094838595,0.012823044234514427,0.35158791588816657,0.26363627678548374,1.174917491749175,0.900990099009901,0.06981283154839346,0.051054039970718994,cleveland,22,19f9a06a8f411f2cb0bfc83a470b8abe9be3e8d2481b8d5686994f21903b99e1
mutual_info,0.33,4,12,logistic,none,3268504274,0.8184818481848185,0.8848262853132128,0.1342899154711078,0.05694221022831555,0.09405722447593648,0.06528794813119765,0.04218757942183442,0.3446593352312459,0.2611574550295066,1.2178217821782178,0.900990099009901,0.06981283154839346,0.04368494844192954,cleveland,22,19f9a06a8f411f2cb0bfc83a470b8abe9be3e8d2481b8d5686994f21903b99e1
mutual_info,0.25,3,12,logistic,none,3268504274,0.801980198019802,0.8698455869450781,0.1435807221080192,0.08080467536438758,0.12222041070780215,0.06998156623442664,0.05108124379030776,0.3372605000760712,0.2624199086777097,1.2805280528052805,0.900990099009901,0.02432188970073057,0.07446793122670738,cleveland,22,19f9a06a8f411f2cb0bfc83a470b8abe9be3e8d2481b8d5686994f21903b99e1
mutual_info,1.0,12,12,logistic,none,4082349416,0.8250825082508251,0.8873925250043867,0.12804183367699332,0.055731385613212225,0.08022810066148389,0.027702771421306838,0.04110706592525276,0.34099125466789604,0.2710061011310796,1.2013201320132014,0.900990099009901,0.0546491842658392,0.04770574573915724,cleveland,23,19f9a06a8f411f2cb0bfc83a470b8abe9be3e8d2481b8d5686994f21903b99e1
mutual_info,0.75,9,12,logistic,none,4082349416,0.834983498349835,0.8865590454465695,0.1290912984200646,0.05856056601017132,0.0811351262702026,0.013573607932875653,0.03436010066119313,0.3395734483423065,0.2706830955778319,1.2178217821782178,0.900990099009901,0.03948553698328494,0.04468744997554633,cleveland,23,19f9a06a8f411f2cb0bfc83a470b8abe9be3e8d2481b8d5686994f21903b99e1
mutual_info,0.5,6,12,logistic,none,4082349416,0.8283828382838284,0.8899148973504124,0.12686728213481907,0.03975775259229976,0.08592092803237747,0.032677981184846217,0.02872414392868136,0.3465255785898041,0.2616600752645401,1.1782178217821782,0.900990099009901,0.06981283154839346,0.03840439672908332,cleveland,23,19f9a06a8f411f2cb0bfc83a470b8abe9be3e8d2481b8d5686994f21903b99e1
mutual_info,0.33,4,12,logistic,none,4082349416,0.8052805280528053,0.8636383576065977,0.14366634649087806,0.05482816600987267,0.1144646695188324,0.010605136028477014,0.06940535952964776,0.33337299466000875,0.288091889965032,1.2904290429042904,0.900990099009901,0.00915824241817631,0.04257562576607832,cleveland,23,19f9a06a8f411f2cb0bfc83a470b8abe9be3e8d2481b8d5686994f21903b99e1
mutual_info,0.25,3,12,logistic,none,4082349416,0.7821782178217822,0.8451482716266012,0.15439562387631042,0.0946672641472886,0.1287571356910927,0.002866768370200945,0.006051572159823326,0.32341557204031757,0.2830654646109906,1.353135313531353,0.900990099009901,0.00915824241817631,0.05980657496115202,cleveland,23,19f9a06a8f411f2cb0bfc83a470b8abe9be3e8d2481b8d5686994f21903b99e1
mutual_info,1.0,12,12,logistic,none,1965451637,0.8250825082508251,0.8879628004913142,0.1286004230709977,0.05803922426958196,0.07909853613652831,0.044178743961352684,0.011127828550335617,0.34272745912605446,0.2662800128411783,1.1947194719471947,0.900990099009901,0.0546491842658392,0.050461042181777924,cleveland,24,19f9a06a8f411f2cb0bfc83a470b8abe9be3e8d2481b8d5686994f21903b99e1
mutual_info,0.75,9,12,logistic,none,1965451637,0.8217821782178217,0.885506229163011,0.12898806464752338,0.04268342773210755,0.08544529012099347,0.04048436308161707,0.031420653304040924,0.34380791297066643,0.2637628716755073,1.1815181518151816,0.900990099009901,0.06981283154839346,0.0326533039713338,cleveland,24,19f9a06a8f411f2cb0bfc83a470b8abe9be3e8d2481b8d5686994f21903b99e1
mutual_info,0.5,6,12,logistic,none,1965451637,0.834983498349835,0.8893226881909106,0.12614633336591427,0.06304841420091217,0.08362129258799908,0.026162598525298675,0.01986387893794017,0.3496174152521305,0.2587268617554772,1.1782178217821782,0.900990099009901,0.0546491842658392,0.0487359734888035,cleveland,24,19f9a06a8f411f2cb0bfc83a470b8abe9be3e8d2481b8d5686994f21903b99e1
mutual_info,0.33,4,12,logistic,none,1965451637,0.8085808580858086,0.8621688015441304,0.14308902213383287,0.06236962223440476,0.1123503330915244,0.06203152809560153,0.021115560680099885,0.3318596657888586,0.2485757076452772,1.2607260726072607,0.900990099009901,0.08497647883094794,0.050450214670492814,cleveland,24,19f9a06a8f411f2cb0bfc83a470b8abe9be3e8d2481b8d5686994f21903b99e1
mutual_info,0.25,3,12,logistic,none,1965451637,0.7953795379537953,0.8487673276013334,0.15102672049300608,0.058422935906884084,0.13306142769860313,0.06292779049071962,0.03257145339880632,0.32444985975491414,0.25506146451068107,1.3432343234323432,0.9075907590759076,0.060104093684315796,0.042838735743227385,cleveland,24,19f9a06a8f411f2cb0bfc83a470b8abe9be3e8d2481b8d5686994f21903b99e1
mutual_info,1.0,12,12,logistic,none,4262539253,0.8316831683168316,0.8923495350061414,0.12462693569764331,0.05690798442413773,0.07331017075681098,0.019042715484363204,0.03834293138426881,0.34674400076985856,0.27276130474421934,1.1716171617161717,0.900990099009901,0.03948553698328494,0.037941746789487814,cleveland,25,19f9a06a8f411f2cb0bfc83a470b8abe9be3e8d2481b8d5686994f21903b99e1
mutual_info,0.75,9,12,logistic,none,4262539253,0.8514851485148515,0.8902877697841727,0.12474503397444238,0.06657384015041111,0.07749787434034762,0.015282227307399032,0.007719493112235951,0.3466711112570465,0.26984636358793734,1.2079207920792079,0.900990099009901,0.0546491842658392,0.04681184244598834,cleveland,25,19f9a06a8f411f2cb0bfc83a470b8abe9be3e8d2481b8d5686994f21903b99e1
mutual_info,0.5,6,12,logistic,none,4262539253,0.8250825082508251,0.8928320758027722,0.12519523191390244,0.0716229544771798,0.07821340910441488,0.018553267226036008,0.04231415537975543,0.34637751854185655,0.26474369761702143,1.174917491749175,0.900990099009901,0.06981283154839346,0.060424171405969826,cleveland,25,19f9a06a8f411f2cb0bfc83a470b8abe9be3e8d2481b8d5686994f21903b99e1
mutual_info,0.33,4,12,logistic,none,4262539253,0.8250825082508251,0.8733111072117915,0.1365461395997286,0.05800662513265139,0.10107222227218238,0.05568586320874669,0.04406725111637917,0.3408952035855965,0.2759499870431824,1.2277227722772277,0.900990099009901,0.06981283154839346,0.045749130985778805,cleveland,25,19f9a06a8f411f2cb0bfc83a470b8abe9be3e8d2481b8d5686994f21903b99e1
mutual_info,0.25,3,12,logistic,none,4262539253,0.7887788778877888,0.8541410773819968,0.1498207015197669,0.055896077995858794,0.12749419153149846,0.028511950165268196,0.06946353267169379,0.3303919117643782,0.28606805262088497,1.2904290429042904,0.900990099009901,0.0546491842658392,0.04969797769941023,cleveland,25,19f9a06a8f411f2cb0bfc83a470b8abe9be3e8d2481b8d5686994f21903b99e1
mutual_info,1.0,12,12,logistic,none,1341887946,0.834983498349835,0.885506229163011,0.12906772918930004,0.06831757291229522,0.08093776094842109,0.035464022374777526,0.012943848236186578,0.339805576411025,0.2662286790487059,1.2013201320132014,0.900990099009901,0.08497647883094794,0.05181100802929179,cleveland,26,19f9a06a8f411f2cb0bfc83a470b8abe9be3e8d2481b8d5686994f21903b99e1
mutual_info,0.75,9,12,logistic,none,1341887946,0.8151815181518152,0.8825232496929286,0.13301434149415522,0.06332567840984081,0.0804703107749878,0.023071446732773948,0.005300583599576053,0.3343728769753007,0.25571674798266664,1.2244224422442245,0.900990099009901,0.03948553698328494,0.049695707803750766,cleveland,26,19f9a06a8f411f2cb0bfc83a470b8abe9be3e8d2481b8d5686994f21903b99e1
mutual_info,0.5,6,12,logistic,none,1341887946,0.8085808580858086,0.8805492191612563,0.1334553958561093,0.0743454575296418,0.08670900369540577,0.004167937960844026,0.014401644664969668,0.3361383747277878,0.2626844838579565,1.2343234323432344,0.900990099009901,0.03948553698328494,0.04747210978072359,cleveland,26,19f9a06a8f411f2cb0bfc83a470b8abe9be3e8d2481b8d5686994f21903b99e1
mutual_info,0.33,4,12,logistic,none,1341887946,0.8085808580858086,0.8747367959291104,0.13860952378214825,0.04981284476365455,0.09618167492398447,0.011871980676328553,0.029691033503509864,0.33702986259057716,0.27418419823675444,1.221122112211221,0.9042904290429042,0.03463116805124611,0.04265347385218627,cleveland,26,19f9a06a8f411f2cb0bfc83a470b8abe9be3e8d2481b8d5686994f21903b99e1
mutual_info,0.25,3,12,logistic,none,1341887946,0.7887788778877888,0.8513116336199333,0.148956628603389,0.05801175626207756,0.12492161617813147,0.03224446987032792,0.0017751606964856725,0.3306623884302535,0.2685788800987779,1.3366336633663367,0.900990099009901,0.03948553698328494,0.05278070414178503,cleveland,26,19f9a06a8f411f2cb0bfc83a470b8abe9be3e8d2481b8d5686994f21903b99e1
mutual_info,1.0,12,12,logistic,none,997469585,0.8250825082508251,0.8877873311107212,0.12935177907677034,0.05699809457695217,0.07930033395934721,0.02154207983727452,0.014243450351190026,0.34191145076088447,0.2729095201236115,1.1914191419141915,0.900990099009901,0.03948553698328494,0.035175107014696255,cleveland,27,19f9a06a8f411f2cb0bfc83a470b8abe9be3e8d2481b8d5686994f21903b99e1
mutual_info,0.75,9,12,logistic,none,997469585,0.8382838283828383,0.8935339533251447,0.12420808115455666,0.056175329712629014,0.0779828005679433,0.03933257055682682,0.004366084768733722,0.34569526351961777,0.2549207495287874,1.2013201320132014,0.900990099009901,0.0546491842658392,0.03850644798414865,cleveland,27,19f9a06a8f411f2cb0bfc83a470b8abe9be3e8d2481b8d5686994f21903b99e1
mutual_info,0.5,6,12,logistic,none,997469585,0.834983498349835,0.8868003158448851,0.12595785579951288,0.06424693472911139,0.09681719843814648,0.04770849224510554,0.005591785796751264,0.34984705997881516,0.25707572145307245,1.155115511551155,0.900990099009901,0.0546491842658392,0.05565603086927513,cleveland,27,19f9a06a8f411f2cb0bfc83a470b8abe9be3e8d2481b8d5686994f21903b99e1
mutual_info,0.33,4,12,logistic,none,997469585,0.8184818481848185,0.8709203369012108,0.13894005842452647,0.07819021462446174,0.11420465362057615,0.06861174675819992,0.008363010078148783,0.3377118501969537,0.25491238121836995,1.231023102310231,0.900990099009901,0.06981283154839346,0.07864149451825782,cleveland,27,19f9a06a8f411f2cb0bfc83a470b8abe9be3e8d2481b8d5686994f21903b99e1
mutual_info,0.25,3,12,logistic,none,997469585,0.7920792079207921,0.8574311282681173,0.14806561658847064,0.07293724880461175,0.12894724543412478,0.07085748792270541,0.0030453608445591557,0.333093887771283,0.26509795121870927,1.3102310231023102,0.900990099009901,0.06981283154839346,0.06578943991273632,cleveland,27,19f9a06a8f411f2cb0bfc83a470b8abe9be3e8d2481b8d5686994f21903b99e1
mutual_info,1.0,12,12,logistic,none,373778254,0.8283828382838284,0.8902877697841728,0.12863896510622902,0.04432959217438166,0.07955396841113903,0.029253750317823513,0.04443169490561805,0.34588493236563245,0.27570295276523193,1.1947194719471947,0.900990099009901,0.0546491842658392,0.04455620462716554,cleveland,28,19f9a06a8f411f2cb0bfc83a470b8abe9be3e8d2481b8d5686994f21903b99e1
mutual_info,0.75,9,12,logistic,none,373778254,0.8481848184818482,0.8940164941217758,0.12359850575690035,0.06758810807389681,0.08101259484952579,0.021409865242817183,0.014475582320788313,0.3497058307090592,0.27191542326132634,1.2343234323432344,0.900990099009901,0.03948553698328494,0.04963818738645512,cleveland,28,19f9a06a8f411f2cb0bfc83a470b8abe9be3e8d2481b8d5686994f21903b99e1
mutual_info,0.5,6,12,logistic,none,373778254,0.8448844884488449,0.8897394279698194,0.12643554206838956,0.07981925714493822,0.0912222841018441,0.02938596491228085,0.010259566466065573,0.3452244202841224,0.2673288109695142,1.2244224422442245,0.900990099009901,0.03948553698328494,0.0619381428883608,cleveland,28,19f9a06a8f411f2cb0bfc83a470b8abe9be3e8d2481b8d5686994f21903b99e1
mutual_info,0.33,4,12,logistic,none,373778254,0.8250825082508251,0.8774346376557292,0.13464711707541202,0.07450763035603541,0.10757629988326607,0.0611460717009914,0.0245704659681035,0.3395964439945456,0.25051612752449476,1.1947194719471947,0.900990099009901,0.08497647883094794,0.07417887736061045,cleveland,28,19f9a06a8f411f2cb0bfc83a470b8abe9be3e8d2481b8d5686994f21903b99e1
mutual_info,0.25,3,12,logistic,none,373778254,0.7887788778877888,0.8639892963677839,0.14416318930286087,0.07043332113794783,0.10576253206769964,0.061814772438342214,0.019916023212201858,0.32892184446839334,0.25884308332894623,1.273927392739274,0.900990099009901,0.08497647883094794,0.06382387824154415,cleveland,28,19f9a06a8f411f2cb0bfc83a470b8abe9be3e8d2481b8d5686994f21903b99e1
mutual_info,1.0,12,12,logistic,none,2935026205,0.8250825082508251,0.8891472188103177,0.1295955251439471,0.05372503117576669,0.07701489128583842,0.039033816425120604,0.004392888350605986,0.3412750493885743,0.2603360117267484,1.2244224422442245,0.900990099009901,0.03948553698328494,0.03851579404315036,cleveland,29,19f9a06a8f411f2cb0bfc83a470b8abe9be3e8d2481b8d5686994f21903b99e1
mutual_info,0.75,9,12,logistic,none,2935026205,0.8316831683168316,0.8914283207580278,0.12676338898149875,0.04213573047255016,0.07561318734698641,0.04053902873124837,0.023261615271587474,0.3458679863380849,0.2587288706555511,1.2046204620462047,0.900990099009901,0.08497647883094794,0.033418210551486895,cleveland,29,19f9a06a8f411f2cb0bfc83a470b8abe9be3e8d2481b8d5686994f21903b99e1
mutual_info,0.5,6,12,logistic,none,2935026205,0.8316831683168316,0.8936216880154413,0.12608456764871992,0.052260722463754385,0.07881232229002805,0.031587846427663435,0.015653201611016423,0.34515309478454886,0.257508234505482,1.1848184818481848,0.900990099009901,0.06981283154839346,0.04364520158432301,cleveland,29,19f9a06a8f411f2cb0bfc83a470b8abe9be3e8d2481b8d5686994f21903b99e1
mutual_info,0.33,4,12,logistic,none,2935026205,0.834983498349835,0.8821723109317424,0.13162118582085539,0.04833671747540546,0.09577922218734394,0.025537757437070874,0.024484464398566885,0.3461503361999057,0.2615580649766251,1.2046204620462047,0.900990099009901,0.03948553698328494,0.049606871226327606,cleveland,29,19f9a06a8f411f2cb0bfc83a470b8abe9be3e8d2481b8d5686994f21903b99e1
mutual_info,0.25,3,12,logistic,none,2935026205,0.8052805280528053,0.8495569398140025,0.15042862278698266,0.07251504196201763,0.13745057918794215,0.06263539282990083,0.03517541070876393,0.32838301050074026,0.26283131995301157,1.283828382838284,0.900990099009901,0.0546491842658392,0.06902085488072379,cleveland,29,19f9a06a8f411f2cb0bfc83a470b8abe9be3e8d2481b8d5686994f21903b99e1
mutual_info,1.0,12,12,rf,none,1941276153,0.8151815181518152,0.8977452184593788,0.12821723505683902,0.05247524752475245,0.07139819879301103,0.05068268497330308,0.06801221098989087,0.3451004678202249,0.28241271861701434,1.1782178217821782,0.900990099009901,0.03948553698328494,0.05493112947658402,cleveland,0,19f9a06a8f411f2cb0bfc83a470b8abe9be3e8d2481b8d5686994f21903b99e1
mutual_info,0.75,9,12,rf,none,1941276153,0.8118811881188119,0.8819091068608528,0.1346939493949395,0.05958195819581958,0.08230738594369869,0.039794050343249454,0.00201314516398092,0.3373582056367989,0.26763047270993845,1.2112211221122111,0.9042904290429042,0.04979481533380037,0.04107438016528925,cleveland,0,19f9a06a8f411f2cb0bfc83a470b8abe9be3e8d2481b8d5686994f21903b99e1
mutual_info,0.5,6,12,rf,none,1941276153,0.801980198019802,0.8820845762414459,0.13802283178360392,0.05720328569152941,0.09014359787518869,0.014898296465802097,0.0320393593261486,0.3360718580311828,0.27205631572123873,1.2178217821782178,0.900990099009901,0.00915824241817631,0.05109589535390295,cleveland,0,19f9a06a8f411f2cb0bfc83a470b8abe9be3e8d2481b8d5686994f21903b99e1
mutual_info,0.33,4,12,rf,none,1941276153,0.8052805280528053,0.8737497806632744,0.14438389931464737,0.07587757695055222,0.1016732198194439,0.06017162471395876,0.007684415377341505,0.3344676674579771,0.26362762229886283,1.2409240924092408,0.900990099009901,0.03948553698328494,0.06704045656588736,cleveland,0,19f9a06a8f411f2cb0bfc83a470b8abe9be3e8d2481b8d5686994f21903b99e1
mutual_info,0.25,3,12,rf,none,1941276153,0.8250825082508251,0.8714906123881384,0.13718401334778718,0.09206209910592253,0.11255884019492463,0.002387490465293851,0.009785708884636049,0.3380604632510565,0.27981400247609045,1.2541254125412542,0.900990099009901,0.02432188970073057,0.08078714949543797,cleveland,0,19f9a06a8f411f2cb0bfc83a470b8abe9be3e8d2481b8d5686994f21903b99e1
mutual_info,1.0,12,12,rf,none,2706211141,0.8151815181518152,0.8907922442533778,0.13132438577191055,0.05843784378437843,0.07310416763216025,0.0017753623188406786,0.052172622026490464,0.3403863755318392,0.3007108230493147,1.2046204620462047,0.9042904290429042,0.019467520768691737,0.04898071625344353,cleveland,1,19f9a06a8f411f2cb0bfc83a470b8abe9be3e8d2481b8d5686994f21903b99e1
mutual_info,0.75,9,12,rf,none,2706211141,0.7986798679867987,0.8853088261098438,0.13293362669600292,0.06422442244224426,0.0766892898871784,0.022904271548436217,0.027873085777199533,0.3369535003011832,0.28435973921641533,1.2013201320132014,0.900990099009901,0.0546491842658392,0.050413223140495955,cleveland,1,19f9a06a8f411f2cb0bfc83a470b8abe9be3e8d2481b8d5686994f21903b99e1
mutual_info,0.5,6,12,rf,none,2706211141,0.7755775577557755,0.8686392349535006,0.15278913921146148,0.11830092286697487,0.0849973097991503,0.01892639206712443,0.029521691525012994,0.3254938516521005,0.27358864176445186,1.297029702970297,0.900990099009901,0.03948553698328494,0.10891603947394762,cleveland,1,19f9a06a8f411f2cb0bfc83a470b8abe9be3e8d2481b8d5686994f21903b99e1
mutual_info,0.33,4,12,rf,none,2706211141,0.7788778877887789,0.8607211791542375,0.16187948764150922,0.11917124909813923,0.09720268818090845,0.03001334858886351,0.014750059570927329,0.3165910727091463,0.26786231704897645,1.2640264026402641,0.900990099009901,0.06981283154839346,0.10369796790475935,cleveland,1,19f9a06a8f411f2cb0bfc83a470b8abe9be3e8d2481b8d5686994f21903b99e1
mutual_info,0.25,3,12,rf,none,2706211141,0.8118811881188119,0.8392042463590101,0.15899547690513194,0.10774366078518563,0.13910227072857867,0.05698004068141371,0.04652955287807581,0.31864940038860595,0.26903540116219127,1.3432343234323432,0.900990099009901,0.0546491842658392,0.09752135709252593,cleveland,1,19f9a06a8f411f2cb0bfc83a470b8abe9be3e8d2481b8d5686994f21903b99e1
mutual_info,1.0,12,12,rf,none,2241681763,0.8118811881188119,0.8920863309352518,0.13090194352768608,0.06578657865786579,0.08097721325418408,0.05071319603356206,0.036304006939578956,0.3423360551121107,0.2741815508557287,1.1848184818481848,0.900990099009901,0.03948553698328494,0.04008264462809919,cleveland,2,19f9a06a8f411f2cb0bfc83a470b8abe9be3e8d2481b8d5686994f21903b99e1
mutual_info,0.75,9,12,rf,none,2241681763,0.8085808580858086,0.8938848920863309,0.12911785845251195,0.04882288228822884,0.07594644715881717,0.047021357742181635,0.03511126680679279,0.3458396053636492,0.27339795194637184,1.2013201320132014,0.900990099009901,0.0546491842658392,0.0422865013774105,cleveland,2,19f9a06a8f411f2cb0bfc83a470b8abe9be3e8d2481b8d5686994f21903b99e1
mutual_info,0.5,6,12,rf,none,2241681763,0.7854785478547854,0.8707448675206176,0.1454066957028556,0.07117295513583458,0.090486653023127,0.03970315280956005,0.027831180814865394,0.32770818311869726,0.24966227493060764,1.2541254125412542,0.900990099009901,0.03948553698328494,0.05610832615689008,cleveland,2,19f9a06a8f411f2cb0bfc83a470b8abe9be3e8d2481b8d5686994f21903b99e1
mutual_info,0.33,4,12,rf,none,2241681763,0.8085808580858086,0.8666432707492542,0.1436061288305715,0.08094161143716477,0.12715798030705774,0.03676964149504214,0.021850805890302374,0.3466034036688552,0.28426055437647824,1.2244224422442245,0.900990099009901,0.0546491842658392,0.07349895976713398,cleveland,2,19f9a06a8f411f2cb0bfc83a470b8abe9be3e8d2481b8d5686994f21903b99e1
mutual_info,0.25,3,12,rf,none,2241681763,0.8316831683168316,0.8526934549921039,0.14368741596425527,0.09039970740469311,0.11469793235724261,0.0349891939994913,0.01827218287127856,0.33163259882403434,0.2703995418588243,1.2871287128712872,0.900990099009901,0.03948553698328494,0.06717770943630771,cleveland,2,19f9a06a8f411f2cb0bfc83a470b8abe9be3e8d2481b8d5686994f21903b99e1
mutual_info,1.0,12,12,rf,none,1304848226,0.801980198019802,0.8820407088962976,0.13653582691602492,0.0531793179317932,0.08114822006465776,0.009780066107297092,0.08545390851766589,0.337885919259654,0.3007820707354407,1.2475247524752475,0.9042904290429042,0.04979481533380037,0.049146005509641884,cleveland,3,19f9a06a8f411f2cb0bfc83a470b8abe9be3e8d2481b8d5686994f21903b99e1
mutual_info,0.75,9,12,rf,none,1304848226,0.8118811881188119,0.8823039129671872,0.13591331133113313,0.0434983498349835,0.08189146720852294,0.0183740147470125,0.015653421412604646,0.33791400657215986,0.27897053515608394,1.2475247524752475,0.900990099009901,0.03948553698328494,0.0331955922865014,cleveland,3,19f9a06a8f411f2cb0bfc83a470b8abe9be3e8d2481b8d5686994f21903b99e1
mutual_info,0.5,6,12,rf,none,1304848226,0.7920792079207921,0.8534830672047726,0.15575341536258913,0.0769973936055009,0.11448953985284155,0.02514302059496576,0.013085094905681507,0.3232064570824443,0.251487593072047,1.2871287128712872,0.900990099009901,0.0546491842658392,0.0770850002100271,cleveland,3,19f9a06a8f411f2cb0bfc83a470b8abe9be3e8d2481b8d5686994f21903b99e1
mutual_info,0.33,4,12,rf,none,1304848226,0.7557755775577558,0.8043297069661344,0.18731491580001214,0.13091817781328727,0.16507806858209217,0.0592124332570555,0.04688556578818384,0.2952390791796351,0.221711987187307,1.3432343234323432,0.900990099009901,0.0546491842658392,0.13017136455382014,cleveland,3,19f9a06a8f411f2cb0bfc83a470b8abe9be3e8d2481b8d5686994f21903b99e1
mutual_info,0.25,3,12,rf,none,1304848226,0.7425742574257426,0.7750701877522372,0.20002583230684962,0.14814404524628585,0.18962481472548648,0.05347635392829875,0.014277206735297365,0.2823625003075127,0.23484793473743287,1.481848184818482,0.900990099009901,0.03948553698328494,0.14528228795261086,cleveland,3,19f9a06a8f411f2cb0bfc83a470b8abe9be3e8d2481b8d5686994f21903b99e1
mutual_info,1.0,12,12,rf,none,2199972120,0.8283828382838284,0.8995657132830321,0.12763314998166483,0.05401540154015402,0.06925159967819665,0.07008136282735833,0.06890434724585462,0.34719648494323274,0.2709752721379509,1.2112211221122111,0.900990099009901,0.1001401261135022,0.044132231404958686,cleveland,4,19f9a06a8f411f2cb0bfc83a470b8abe9be3e8d2481b8d5686994f21903b99e1
mutual_info,0.75,9,12,rf,none,2199972120,0.8151815181518152,0.8887304790314091,0.13299523285661902,0.05889988998899893,0.07726879998842999,0.07023137554030001,0.04257298235078236,0.34137725346510167,0.26803484798922256,1.231023102310231,0.9042904290429042,0.06495846261635463,0.04184573002754825,cleveland,4,19f9a06a8f411f2cb0bfc83a470b8abe9be3e8d2481b8d5686994f21903b99e1
mutual_info,0.5,6,12,rf,none,2199972120,0.7920792079207921,0.8583742761888051,0.15739394632802456,0.10277223303862829,0.10456029602871938,0.05855517416730216,0.030692752766796047,0.3266198159487107,0.23344268256141304,1.2574257425742574,0.900990099009901,0.02432188970073057,0.08982777271673768,cleveland,4,19f9a06a8f411f2cb0bfc83a470b8abe9be3e8d2481b8d5686994f21903b99e1
mutual_info,0.33,4,12,rf,none,2199972120,0.7887788778877888,0.8531101947710124,0.15376167706812016,0.09679649446316861,0.13635878862521253,0.08766209000762781,0.02214401557342871,0.3309590516577254,0.24893933340461372,1.2442244224422443,0.900990099009901,0.03948553698328494,0.0899202197255697,cleveland,4,19f9a06a8f411f2cb0bfc83a470b8abe9be3e8d2481b8d5686994f21903b99e1
mutual_info,0.25,3,12,rf,none,2199972120,0.801980198019802,0.8445999298122477,0.15433130722236058,0.0965220447271546,0.1402777805575346,0.04478960081362837,0.0017921170869589775,0.32500345215288956,0.2513203080408972,1.316831683168317,0.900990099009901,0.03948553698328494,0.08659399939668797,cleveland,4,19f9a06a8f411f2cb0bfc83a470b8abe9be3e8d2481b8d5686994f21903b99e1
mutual_info,1.0,12,12,rf,none,392576313,0.8085808580858086,0.8925688717318827,0.13124679134580125,0.055159515951595184,0.07771318876383901,0.04939677091278927,0.0632118907016314,0.34258653903383274,0.28364440463180784,1.188118811881188,0.9042904290429042,0.04979481533380037,0.05763085399449039,cleveland,5,19f9a06a8f411f2cb0bfc83a470b8abe9be3e8d2481b8d5686994f21903b99e1
mutual_info,0.75,9,12,rf,none,392576313,0.7986798679867987,0.8808782242498684,0.13762933626696,0.061782178217821816,0.0808205624854062,0.043423595219933886,0.01637106729389784,0.3360779907142975,0.280277847229208,1.2145214521452146,0.900990099009901,0.0546491842658392,0.049724517906336176,cleveland,5,19f9a06a8f411f2cb0bfc83a470b8abe9be3e8d2481b8d5686994f21903b99e1
mutual_info,0.5,6,12,rf,none,392576313,0.7755775577557755,0.8639673626952097,0.15372429764631174,0.0953803437665566,0.092081126360231,0.06266844647851522,0.00699261191525874,0.3294528372664079,0.2493835419702216,1.2772277227722773,0.900990099009901,0.06981283154839346,0.09396416866674094,cleveland,5,19f9a06a8f411f2cb0bfc83a470b8abe9be3e8d2481b8d5686994f21903b99e1
mutual_info,0.33,4,12,rf,none,392576313,0.759075907590759,0.8155158799789437,0.18189956505588437,0.11850490789118814,0.1543923601446002,0.0824968217645563,0.060418489745543674,0.3086767193068981,0.2337284025028907,1.3696369636963697,0.900990099009901,0.1001401261135022,0.11688973345771049,cleveland,5,19f9a06a8f411f2cb0bfc83a470b8abe9be3e8d2481b8d5686994f21903b99e1
mutual_info,0.25,3,12,rf,none,392576313,0.768976897689769,0.820604492016143,0.17241052253697778,0.1366405295685597,0.15890310170299454,0.00671561149249944,0.0011915320653231032,0.30960251220284263,0.2688503889394683,1.4092409240924093,0.9108910891089109,0.05524972475227696,0.11876783962013068,cleveland,5,19f9a06a8f411f2cb0bfc83a470b8abe9be3e8d2481b8d5686994f21903b99e1
mutual_info,1.0,12,12,rf,none,2992213543,0.8118811881188119,0.8922837339884191,0.13165485881921526,0.06580858085808583,0.07572784708747983,0.05690503432494276,0.06889834184099021,0.3442821046297116,0.27172543114594083,1.2079207920792079,0.9042904290429042,0.04979481533380037,0.0590633608815427,cleveland,6,19f9a06a8f411f2cb0bfc83a470b8abe9be3e8d2481b8d5686994f21903b99e1
mutual_info,0.75,9,12,rf,none,2992213543,0.8217821782178217,0.8839928057553955,0.13372673267326732,0.06596259625962596,0.08900196317591928,0.02939422832443439,0.03749874887398662,0.34028556360261836,0.2654143736506376,1.2013201320132014,0.900990099009901,0.0546491842658392,0.06517906336088164,cleveland,6,19f9a06a8f411f2cb0bfc83a470b8abe9be3e8d2481b8d5686994f21903b99e1
mutual_info,0.5,6,12,rf,none,2992213543,0.801980198019802,0.8681786278294437,0.1442521820470414,0.07524876176513709,0.09673670150863112,0.020415077548944893,0.05226877723072858,0.3334828825954812,0.26784633625380794,1.2442244224422443,0.900990099009901,0.03948553698328494,0.07650996633005615,cleveland,6,19f9a06a8f411f2cb0bfc83a470b8abe9be3e8d2481b8d5686994f21903b99e1
mutual_info,0.33,4,12,rf,none,2992213543,0.7887788778877888,0.8466397613616423,0.15818585546507818,0.10858051100276385,0.13647665200807077,0.03346745486905678,0.03951444980320434,0.32786006787894506,0.272387435643906,1.3201320132013201,0.9075907590759076,0.060104093684315796,0.114137981278673,cleveland,6,19f9a06a8f411f2cb0bfc83a470b8abe9be3e8d2481b8d5686994f21903b99e1
mutual_info,0.25,3,12,rf,none,2992213543,0.7623762376237624,0.8355632567117038,0.16913320477796384,0.09368883779268038,0.14136076816892376,0.06199338927027709,0.01603802424413131,0.31366221774540864,0.25548137190031994,1.33993399339934,0.9042904290429042,0.04979481533380037,0.09374704568136434,cleveland,6,19f9a06a8f411f2cb0bfc83a470b8abe9be3e8d2481b8d5686994f21903b99e1
mutual_info,1.0,12,12,rf,none,3482759660,0.7986798679867987,0.8743858571679243,0.14018159149248258,0.06913091309130914,0.08702967394709707,0.054608441393338536,0.025562005805224733,0.3306768630377063,0.2709674789715869,1.231023102310231,0.900990099009901,0.0546491842658392,0.06319559228650139,cleveland,7,19f9a06a8f411f2cb0bfc83a470b8abe9be3e8d2481b8d5686994f21903b99e1
mutual_info,0.75,9,12,rf,none,3482759660,0.7953795379537953,0.875,0.14023322332233223,0.0858525852585259,0.08973756380302092,0.02445143656242066,0.01498548693824435,0.32912630097154305,0.26970016909370653,1.3036303630363035,0.9075907590759076,0.029776799119207276,0.0602203856749312,cleveland,7,19f9a06a8f411f2cb0bfc83a470b8abe9be3e8d2481b8d5686994f21903b99e1
mutual_info,0.5,6,12,rf,none,3482759660,0.7887788778877888,0.8590322863660291,0.1519916308088995,0.0900637605528277,0.10599076359140935,0.005809178743961363,0.02606037643024625,0.3175203001943859,0.278644045842168,1.297029702970297,0.900990099009901,0.03948553698328494,0.07862692674753563,cleveland,7,19f9a06a8f411f2cb0bfc83a470b8abe9be3e8d2481b8d5686994f21903b99e1
mutual_info,0.33,4,12,rf,none,3482759660,0.759075907590759,0.834466573082997,0.17285953132719,0.13439071013801399,0.12763881283145403,0.019677726926010775,0.002306609032992679,0.3041058334219727,0.27117653849751416,1.3564356435643565,0.900990099009901,0.03948553698328494,0.11618479450030243,cleveland,7,19f9a06a8f411f2cb0bfc83a470b8abe9be3e8d2481b8d5686994f21903b99e1
mutual_info,0.25,3,12,rf,none,3482759660,0.759075907590759,0.8018073346201088,0.18341937908102918,0.13285506845489017,0.16929611540740613,0.0568541825578438,0.04917431621194987,0.300608024800096,0.24176067508593932,1.4059405940594059,0.900990099009901,0.08497647883094794,0.11871159320332601,cleveland,7,19f9a06a8f411f2cb0bfc83a470b8abe9be3e8d2481b8d5686994f21903b99e1
mutual_info,1.0,12,12,rf,none,3880510029,0.8184818481848185,0.8896736269520968,0.13287172717271725,0.05700770077007699,0.07811041622019112,0.04941329773709635,0.03294331565075237,0.341812353891706,0.27510354646554264,1.2541254125412542,0.9042904290429042,0.03463116805124611,0.04363636363636361,cleveland,8,19f9a06a8f411f2cb0bfc83a470b8abe9be3e8d2481b8d5686994f21903b99e1
mutual_info,0.75,9,12,rf,none,3880510029,0.801980198019802,0.8829399894718372,0.13706593325999264,0.04530253025302533,0.0830318876488768,0.04671751843376559,0.07875487939145223,0.34210461437180867,0.26909901608859566,1.2277227722772277,0.900990099009901,0.03948553698328494,0.04267217630854005,cleveland,8,19f9a06a8f411f2cb0bfc83a470b8abe9be3e8d2481b8d5686994f21903b99e1
mutual_info,0.5,6,12,rf,none,3880510029,0.7887788778877888,0.8789699947359185,0.1435464754748852,0.08243877721929775,0.08182681952455662,0.036522374777523625,0.010698031830944213,0.33802295420669837,0.2762450919462861,1.2343234323432344,0.900990099009901,0.02432188970073057,0.08493575876578086,cleveland,8,19f9a06a8f411f2cb0bfc83a470b8abe9be3e8d2481b8d5686994f21903b99e1
mutual_info,0.33,4,12,rf,none,3880510029,0.768976897689769,0.8630022811019477,0.1579933668637242,0.09726398365381142,0.10433616572305196,0.022103356216628622,0.0011039848176689765,0.32549949538340933,0.278123673408713,1.2706270627062706,0.900990099009901,0.0546491842658392,0.09234790922867925,cleveland,8,19f9a06a8f411f2cb0bfc83a470b8abe9be3e8d2481b8d5686994f21903b99e1
mutual_info,0.25,3,12,rf,none,3880510029,0.7887788778877888,0.8483505878224249,0.15847840266543686,0.07751143815791382,0.13130629569069835,0.07494469870327991,0.014601192209985833,0.32599490432480455,0.25131828698144754,1.3036303630363035,0.900990099009901,0.06981283154839346,0.06542821567809542,cleveland,8,19f9a06a8f411f2cb0bfc83a470b8abe9be3e8d2481b8d5686994f21903b99e1
mutual_info,1.0,12,12,rf,none,458753384,0.8184818481848185,0.8866906474820144,0.13478826549321601,0.08627062706270627,0.08007777260029181,0.04251017035341975,0.055445567677576524,0.33850612207441166,0.28684179680241884,1.2277227722772277,0.9042904290429042,0.06495846261635463,0.06763085399449036,cleveland,9,19f9a06a8f411f2cb0bfc83a470b8abe9be3e8d2481b8d5686994f21903b99e1
mutual_info,0.75,9,12,rf,none,458753384,0.8052805280528053,0.8763160203544481,0.1387913458012468,0.05166116611661165,0.09184577133064939,0.03419018560894982,0.05642111233443435,0.33579312948929413,0.27985449479011926,1.2475247524752475,0.900990099009901,0.0546491842658392,0.05176308539944909,cleveland,9,19f9a06a8f411f2cb0bfc83a470b8abe9be3e8d2481b8d5686994f21903b99e1
mutual_info,0.5,6,12,rf,none,458753384,0.768976897689769,0.8603702403930513,0.15356036114593957,0.07663226893439702,0.10930102555136469,0.009817569285532568,0.07340125329444905,0.32495842527566876,0.28207629878864104,1.3003300330033003,0.900990099009901,0.00915824241817631,0.06881774771669316,cleveland,9,19f9a06a8f411f2cb0bfc83a470b8abe9be3e8d2481b8d5686994f21903b99e1
mutual_info,0.33,4,12,rf,none,458753384,0.7920792079207921,0.8409808738375153,0.16437910698023073,0.12080325832987805,0.11847480095756555,0.0016927281973048158,0.01876220788408209,0.31672264191826105,0.2667965038334044,1.3036303630363035,0.900990099009901,0.03948553698328494,0.10254690705359007,cleveland,9,19f9a06a8f411f2cb0bfc83a470b8abe9be3e8d2481b8d5686994f21903b99e1
mutual_info,0.25,3,12,rf,none,458753384,0.7755775577557755,0.8342253026846815,0.16489808078391063,0.08679566304977634,0.1401825704132808,0.00492944317315025,0.025505015092990302,0.31859605704718225,0.2689276808772486,1.3234323432343233,0.900990099009901,0.03948553698328494,0.08413135265390886,cleveland,9,19f9a06a8f411f2cb0bfc83a470b8abe9be3e8d2481b8d5686994f21903b99e1
mutual_info,1.0,12,12,rf,none,1902807656,0.8118811881188119,0.8865371117739954,0.1347342867620095,0.04411441144114414,0.08214599942685223,0.017545766590388978,0.06221999799819841,0.3447344177383208,0.29690444654650344,1.2079207920792079,0.900990099009901,0.02432188970073057,0.04674931129476582,cleveland,10,19f9a06a8f411f2cb0bfc83a470b8abe9be3e8d2481b8d5686994f21903b99e1
mutual_info,0.75,9,12,rf,none,1902807656,0.8184818481848185,0.881602035444815,0.13747370737073708,0.06932893289328934,0.08727465404068922,0.008590134757182843,0.042027825042538255,0.33985359310144586,0.3050426278873975,1.2409240924092408,0.900990099009901,0.02432188970073057,0.06950413223140497,cleveland,10,19f9a06a8f411f2cb0bfc83a470b8abe9be3e8d2481b8d5686994f21903b99e1
mutual_info,0.5,6,12,rf,none,1902807656,0.8217821782178217,0.888094402526759,0.13212281579269036,0.06945874587458745,0.09778904458153753,0.018337147215865435,0.04171853001034262,0.34760760130912854,0.2745466266960366,1.2145214521452146,0.900990099009901,0.03948553698328494,0.06432231404958673,cleveland,10,19f9a06a8f411f2cb0bfc83a470b8abe9be3e8d2481b8d5686994f21903b99e1
mutual_info,0.33,4,12,rf,none,1902807656,0.7854785478547854,0.8380636953851553,0.16999975827843544,0.12801127408761043,0.13738457753891337,0.004720950928044587,0.0012907381144745822,0.3161200351954013,0.2813633224196835,1.3267326732673268,0.900990099009901,0.02432188970073057,0.12105869461523466,cleveland,10,19f9a06a8f411f2cb0bfc83a470b8abe9be3e8d2481b8d5686994f21903b99e1
mutual_info,0.25,3,12,rf,none,1902807656,0.7953795379537953,0.8301456395858922,0.16626297706167592,0.12143447455651156,0.1534701179003295,0.06398868548182046,0.05313301478413705,0.31535541671767947,0.24171120618479722,1.3366336633663367,0.900990099009901,0.0546491842658392,0.10221317781886499,cleveland,10,19f9a06a8f411f2cb0bfc83a470b8abe9be3e8d2481b8d5686994f21903b99e1
mutual_info,1.0,12,12,rf,none,4250482760,0.801980198019802,0.8921301982804001,0.1313022368903557,0.060440044004400444,0.07364312605912875,0.03110284769895766,0.04309712074200113,0.3418661233734175,0.2858747058883985,1.2079207920792079,0.9042904290429042,0.03463116805124611,0.050688705234159775,cleveland,11,19f9a06a8f411f2cb0bfc83a470b8abe9be3e8d2481b8d5686994f21903b99e1
mutual_info,0.75,9,12,rf,none,4250482760,0.8250825082508251,0.8950693104053342,0.12816604327099376,0.05804180418041807,0.07561692753600449,0.018149631324688498,0.043602242017816026,0.3438194024176264,0.29320442534064683,1.1716171617161717,0.9042904290429042,0.03463116805124611,0.045647382920110245,cleveland,11,19f9a06a8f411f2cb0bfc83a470b8abe9be3e8d2481b8d5686994f21903b99e1
mutual_info,0.5,6,12,rf,none,4250482760,0.768976897689769,0.8587032812774171,0.15261724369496035,0.08319001464615206,0.10729989562955472,0.05683829138062535,0.07022534419441463,0.3225681092408572,0.310298726520819,1.2706270627062706,0.9075907590759076,0.014613151836652905,0.06457771587610281,cleveland,11,19f9a06a8f411f2cb0bfc83a470b8abe9be3e8d2481b8d5686994f21903b99e1
mutual_info,0.33,4,12,rf,none,4250482760,0.7557755775577558,0.8560273732233725,0.1579599867579721,0.07897567497527033,0.10211259991497436,0.004445080091533216,0.02826140446682303,0.32417441976705497,0.2858265951324164,1.297029702970297,0.900990099009901,0.02432188970073057,0.07891405739083958,cleveland,11,19f9a06a8f411f2cb0bfc83a470b8abe9be3e8d2481b8d5686994f21903b99e1
mutual_info,0.25,3,12,rf,none,4250482760,0.7854785478547854,0.8426258992805755,0.16159980505831098,0.08887113224053213,0.1297991021153196,0.01187643020594975,0.017311682845655346,0.3266385678819,0.28410479492681207,1.3333333333333333,0.900990099009901,0.00915824241817631,0.09520697922079738,cleveland,11,19f9a06a8f411f2cb0bfc83a470b8abe9be3e8d2481b8d5686994f21903b99e1
mutual_info,1.0,12,12,rf,none,1343225872,0.8151815181518152,0.8914502544306019,0.13292174550788413,0.06442244224422443,0.08286716289262974,0.0495811085685226,0.07253828445601047,0.34516051508683276,0.2832314281188166,1.2376237623762376,0.900990099009901,0.06981283154839346,0.049146005509641884,cleveland,12,19f9a06a8f411f2cb0bfc83a470b8abe9be3e8d2481b8d5686994f21903b99e1
mutual_info,0.75,9,12,rf,none,1343225872,0.8052805280528053,0.8813388313739253,0.13750524385771912,0.04844884488448842,0.08576406844203166,0.07382468853292656,0.03565909318386547,0.34038770247607475,0.2535885977938085,1.2376237623762376,0.900990099009901,0.08497647883094794,0.04484848484848478,cleveland,12,19f9a06a8f411f2cb0bfc83a470b8abe9be3e8d2481b8d5686994f21903b99e1
mutual_info,0.5,6,12,rf,none,1343225872,0.7722772277227723,0.8599315669415687,0.1548399852675803,0.09918751378878612,0.10427350886059482,0.05957093821510295,0.00953779898193427,0.32209546386940635,0.2624634811095379,1.2937293729372936,0.9042904290429042,0.03463116805124611,0.07479964913512646,cleveland,12,19f9a06a8f411f2cb0bfc83a470b8abe9be3e8d2481b8d5686994f21903b99e1
mutual_info,0.33,4,12,rf,none,1343225872,0.7458745874587459,0.8108659413932269,0.1913195539968369,0.14903285316718057,0.14880362839081057,0.06510869565217392,0.018626266148552117,0.29816846888531034,0.25926631122033006,1.3663366336633664,0.900990099009901,0.06981283154839346,0.14452636930045612,cleveland,12,19f9a06a8f411f2cb0bfc83a470b8abe9be3e8d2481b8d5686994f21903b99e1
mutual_info,0.25,3,12,rf,none,1343225872,0.7854785478547854,0.8245306194069135,0.1687503398539486,0.1066402708966683,0.16074325873943812,0.053870455123315564,0.01687843278613485,0.3151271631418863,0.25015259938845047,1.372937293729373,0.900990099009901,0.08497647883094794,0.11414992530370252,cleveland,12,19f9a06a8f411f2cb0bfc83a470b8abe9be3e8d2481b8d5686994f21903b99e1
mutual_info,1.0,12,12,rf,none,1019600254,0.8250825082508251,0.8918889278820846,0.13163828382838286,0.06477447744774481,0.07826777040367133,0.07711988304093564,0.021101324525406195,0.3461874871218832,0.2662612960615217,1.2178217821782178,0.900990099009901,0.08497647883094794,0.04661157024793388,cleveland,13,19f9a06a8f411f2cb0bfc83a470b8abe9be3e8d2481b8d5686994f21903b99e1
mutual_info,0.75,9,12,rf,none,1019600254,0.8151815181518152,0.8871951219512195,0.13404415108177486,0.07317931793179323,0.07930537032786492,0.040198321891685596,0.03451206085476932,0.34302664901512725,0.2802042689673717,1.2574257425742574,0.900990099009901,0.06981283154839346,0.06479338842975214,cleveland,13,19f9a06a8f411f2cb0bfc83a470b8abe9be3e8d2481b8d5686994f21903b99e1
mutual_info,0.5,6,12,rf,none,1019600254,0.8052805280528053,0.8787287243376031,0.14078420782211448,0.08445991311205577,0.0847584315031468,0.04718281210272057,0.0366563749688186,0.3369677613675871,0.26270913042764205,1.2343234323432344,0.900990099009901,0.00915824241817631,0.06326846045275475,cleveland,13,19f9a06a8f411f2cb0bfc83a470b8abe9be3e8d2481b8d5686994f21903b99e1
mutual_info,0.33,4,12,rf,none,1019600254,0.8085808580858086,0.8644499034918407,0.15035376862262492,0.09122895481467097,0.10864704590126406,0.0013742690058479168,9.295207752363366e-05,0.3365414144178315,0.29048605600139205,1.3003300330033003,0.900990099009901,0.03948553698328494,0.0876751673930109,cleveland,13,19f9a06a8f411f2cb0bfc83a470b8abe9be3e8d2481b8d5686994f21903b99e1
mutual_info,0.25,3,12,rf,none,1019600254,0.8250825082508251,0.860940515879979,0.143167795296289,0.10638381977964105,0.1360434592313363,0.05406687007373512,0.008143229252491377,0.34274882516950345,0.27458367475209433,1.2607260726072607,0.900990099009901,0.03948553698328494,0.09393577823714472,cleveland,13,19f9a06a8f411f2cb0bfc83a470b8abe9be3e8d2481b8d5686994f21903b99e1
mutual_info,1.0,12,12,rf,none,721686995,0.801980198019802,0.8728505000877347,0.14084620462046205,0.06620462046204618,0.09284244964187019,0.02774917365878471,0.06825509625329465,0.33161366739814996,0.28292525834555193,1.2673267326732673,0.900990099009901,0.02432188970073057,0.055950413223140476,cleveland,14,19f9a06a8f411f2cb0bfc83a470b8abe9be3e8d2481b8d5686994f21903b99e1
mutual_info,0.75,9,12,rf,none,721686995,0.7887788778877888,0.8607869801719601,0.14703938393839386,0.06422442244224424,0.10423461573912962,0.020484363081617274,0.033538184365929355,0.3236479733078091,0.27848020272562546,1.297029702970297,0.900990099009901,0.03948553698328494,0.05584022038567498,cleveland,14,19f9a06a8f411f2cb0bfc83a470b8abe9be3e8d2481b8d5686994f21903b99e1
mutual_info,0.5,6,12,rf,none,721686995,0.7821782178217822,0.847056501140551,0.1617609390151978,0.10141162449578293,0.11308315414516855,0.014129163488431296,0.05984213848018774,0.31731286465973735,0.27109545999664797,1.3102310231023102,0.900990099009901,0.0546491842658392,0.1033994490358126,cleveland,14,19f9a06a8f411f2cb0bfc83a470b8abe9be3e8d2481b8d5686994f21903b99e1
mutual_info,0.33,4,12,rf,none,721686995,0.768976897689769,0.8070714160379016,0.18339282566752146,0.11535968232332286,0.1704025116565662,0.005368675311466897,0.0028220903619922966,0.30085166832283206,0.2667739743332393,1.4257425742574257,0.900990099009901,0.03948553698328494,0.12277337919299947,cleveland,14,19f9a06a8f411f2cb0bfc83a470b8abe9be3e8d2481b8d5686994f21903b99e1
mutual_info,0.25,3,12,rf,none,721686995,0.7557755775577558,0.8027943498859448,0.1940550172935011,0.1341430159281421,0.16254986988495876,0.06592677345537767,0.011550561019499361,0.2892674613220527,0.2510830448042771,1.4356435643564356,0.900990099009901,0.03948553698328494,0.13920804873378304,cleveland,14,19f9a06a8f411f2cb0bfc83a470b8abe9be3e8d2481b8d5686994f21903b99e1
mutual_info,1.0,12,12,rf,none,2684763465,0.8283828382838284,0.8970652746095806,0.12747502750275028,0.07456545654565454,0.07596504091193594,0.04009598271039916,0.05744002935975712,0.3444619955220473,0.2835700220398588,1.1716171617161717,0.900990099009901,0.06981283154839346,0.06465564738292007,cleveland,15,19f9a06a8f411f2cb0bfc83a470b8abe9be3e8d2481b8d5686994f21903b99e1
mutual_info,0.75,9,12,rf,none,2684763465,0.8085808580858086,0.8810317599578874,0.13633267326732676,0.05887788778877885,0.08007873128568452,0.010730994152046813,0.02365629066159544,0.33500649492092555,0.27855914979385066,1.2112211221122111,0.900990099009901,0.0546491842658392,0.05432506887052344,cleveland,15,19f9a06a8f411f2cb0bfc83a470b8abe9be3e8d2481b8d5686994f21903b99e1
mutual_info,0.5,6,12,rf,none,2684763465,0.801980198019802,0.8698894542902262,0.14789295296171345,0.09136585999329366,0.10325824238795489,0.005661072972285797,0.02981688787137951,0.327639122262017,0.2783755737479752,1.2904290429042904,0.900990099009901,0.02432188970073057,0.08586767260987263,cleveland,15,19f9a06a8f411f2cb0bfc83a470b8abe9be3e8d2481b8d5686994f21903b99e1
mutual_info,0.33,4,12,rf,none,2684763465,0.7953795379537953,0.8803518161080892,0.14547341380014878,0.08082805358162166,0.08535539801818055,0.03920480549199101,0.02478555791935015,0.332951298784673,0.2562433630524458,1.2442244224422443,0.900990099009901,0.03948553698328494,0.0872806135182446,cleveland,15,19f9a06a8f411f2cb0bfc83a470b8abe9be3e8d2481b8d5686994f21903b99e1
mutual_info,0.25,3,12,rf,none,2684763465,0.8250825082508251,0.869670117564485,0.1387333035169076,0.06709094110986027,0.10699935062118587,0.009187643020594716,0.05172556584857306,0.33692302648915073,0.26116341846630886,1.2409240924092408,0.900990099009901,0.02432188970073057,0.0555879812856157,cleveland,15,19f9a06a8f411f2cb0bfc83a470b8abe9be3e8d2481b8d5686994f21903b99e1
mutual_info,1.0,12,12,rf,none,1529992686,0.8217821782178217,0.8955079838568171,0.1302719471947195,0.06704070407040702,0.07155619861325856,0.05070111873887617,0.010056384079004457,0.34775084755548713,0.28180171738814364,1.231023102310231,0.9042904290429042,0.06495846261635463,0.05363636363636363,cleveland,16,19f9a06a8f411f2cb0bfc83a470b8abe9be3e8d2481b8d5686994f21903b99e1
mutual_info,0.75,9,12,rf,none,1529992686,0.8151815181518152,0.8862081066853834,0.13404268426842683,0.05548954895489552,0.0783089177909,0.05803775743707085,0.04423314316217926,0.34474237150957854,0.26513995335162166,1.2508250825082508,0.900990099009901,0.0546491842658392,0.04261707988980718,cleveland,16,19f9a06a8f411f2cb0bfc83a470b8abe9be3e8d2481b8d5686994f21903b99e1
mutual_info,0.5,6,12,rf,none,1529992686,0.8151815181518152,0.8874583260221092,0.13785890664472666,0.06455970909601966,0.07558293449834168,0.04048245614035084,0.01762537509557191,0.3423783485955237,0.27135136904282453,1.2640264026402641,0.900990099009901,0.03948553698328494,0.06232295598412175,cleveland,16,19f9a06a8f411f2cb0bfc83a470b8abe9be3e8d2481b8d5686994f21903b99e1
mutual_info,0.33,4,12,rf,none,1529992686,0.7953795379537953,0.8513555009650815,0.15458772077078564,0.08435066554857865,0.12840026879351552,0.11828502415458941,0.03963441795820152,0.335247206192342,0.22982018272127547,1.3003300330033003,0.900990099009901,0.08497647883094794,0.0802080002591249,cleveland,16,19f9a06a8f411f2cb0bfc83a470b8abe9be3e8d2481b8d5686994f21903b99e1
mutual_info,0.25,3,12,rf,none,1529992686,0.7788778877887789,0.8356071240568521,0.16499408307021524,0.0885149325294475,0.14019756540779493,0.12201436562420542,0.04626054334343491,0.3227008496482484,0.21617947973304724,1.3696369636963697,0.9075907590759076,0.09043138824942443,0.09547946491626996,cleveland,16,19f9a06a8f411f2cb0bfc83a470b8abe9be3e8d2481b8d5686994f21903b99e1
mutual_info,1.0,12,12,rf,none,1574508547,0.8052805280528053,0.892437269696438,0.13165207187385405,0.06987898789878988,0.07479215558828975,0.03409865242817178,0.038487638874987476,0.3432371627070447,0.2833945160128405,1.198019801980198,0.900990099009901,0.02432188970073057,0.0531129476584022,cleveland,17,19f9a06a8f411f2cb0bfc83a470b8abe9be3e8d2481b8d5686994f21903b99e1
mutual_info,0.75,9,12,rf,none,1574508547,0.7953795379537953,0.8815143007545184,0.1374203153648698,0.07795379537953796,0.08443990420250197,0.060689041444190184,0.026108164014279525,0.3387689598142992,0.27206086373581434,1.231023102310231,0.900990099009901,0.06981283154839346,0.06292011019283747,cleveland,17,19f9a06a8f411f2cb0bfc83a470b8abe9be3e8d2481b8d5686994f21903b99e1
mutual_info,0.5,6,12,rf,none,1574508547,0.7986798679867987,0.8727846990700121,0.1468118777448543,0.07137447462159453,0.08775582650249172,0.017434528349860257,0.03334615296225049,0.3349872034155065,0.2794892951321019,1.297029702970297,0.900990099009901,0.00915824241817631,0.07666714850135231,cleveland,17,19f9a06a8f411f2cb0bfc83a470b8abe9be3e8d2481b8d5686994f21903b99e1
mutual_info,0.33,4,12,rf,none,1574508547,0.8151815181518152,0.8910554483242674,0.13041000198370672,0.07942903179257008,0.07942873184793028,0.0009477498093058978,0.01910287938509811,0.3481678255288481,0.30141654836619675,1.188118811881188,0.900990099009901,0.02432188970073057,0.057971373729077944,cleveland,17,19f9a06a8f411f2cb0bfc83a470b8abe9be3e8d2481b8d5686994f21903b99e1
mutual_info,0.25,3,12,rf,none,1574508547,0.8283828382838284,0.8721266888927882,0.1369754040233194,0.09471507742562746,0.10947922777345906,0.045505339435545356,0.007014365188500113,0.3390849791091409,0.25785669445089837,1.2574257425742574,0.900990099009901,0.02432188970073057,0.0782040230625383,cleveland,17,19f9a06a8f411f2cb0bfc83a470b8abe9be3e8d2481b8d5686994f21903b99e1
mutual_info,1.0,12,12,rf,none,3726011750,0.8283828382838284,0.8973065450078962,0.12729387605427211,0.05949394939493948,0.0730794617212202,0.03433956267480298,0.06372401828312156,0.34646727555196505,0.2741536323409615,1.174917491749175,0.900990099009901,0.06981283154839346,0.06074380165289257,cleveland,18,19f9a06a8f411f2cb0bfc83a470b8abe9be3e8d2481b8d5686994f21903b99e1
mutual_info,0.75,9,12,rf,none,3726011750,0.8217821782178217,0.8914063870854536,0.12956773010634395,0.06420242024202419,0.0812913306075808,0.020852402745995424,0.05436426116838487,0.34614098798444176,0.27888585519608605,1.1947194719471947,0.900990099009901,0.0546491842658392,0.05939393939393944,cleveland,18,19f9a06a8f411f2cb0bfc83a470b8abe9be3e8d2481b8d5686994f21903b99e1
mutual_info,0.5,6,12,rf,none,3726011750,0.8217821782178217,0.8860107036322162,0.13247737719533761,0.08807591286950092,0.09257376321385637,0.013307907449783718,0.04885656127629695,0.3411458632550119,0.26498850535703267,1.221122112211221,0.900990099009901,0.03948553698328494,0.06999810447106797,cleveland,18,19f9a06a8f411f2cb0bfc83a470b8abe9be3e8d2481b8d5686994f21903b99e1
mutual_info,0.33,4,12,rf,none,3726011750,0.7854785478547854,0.8497324091945955,0.15881431488891315,0.08911239474096024,0.13511127485086066,0.05016018306636161,0.035034371023375366,0.3299077012272036,0.25748738287891004,1.3003300330033003,0.900990099009901,0.1001401261135022,0.08323270240261618,cleveland,18,19f9a06a8f411f2cb0bfc83a470b8abe9be3e8d2481b8d5686994f21903b99e1
mutual_info,0.25,3,12,rf,none,3726011750,0.7788778877887789,0.8485260572030181,0.16110105101769465,0.08150895556355396,0.12135090681583194,0.08328121027205704,0.001218670627991733,0.3231573391720411,0.26206793849635257,1.3333333333333333,0.900990099009901,0.0546491842658392,0.0860939976076082,cleveland,18,19f9a06a8f411f2cb0bfc83a470b8abe9be3e8d2481b8d5686994f21903b99e1
mutual_info,1.0,12,12,rf,none,72233413,0.8316831683168316,0.8920205299175293,0.13095680234690135,0.061650165016501654,0.07478405758715594,0.0584223239257563,0.0671861341874354,0.34432520171450226,0.27395819882039596,1.198019801980198,0.9042904290429042,0.080122109898909,0.05798898071625344,cleveland,19,19f9a06a8f411f2cb0bfc83a470b8abe9be3e8d2481b8d5686994f21903b99e1
mutual_info,0.75,9,12,rf,none,72233413,0.8217821782178217,0.8855939638533076,0.13414081408140816,0.08275027502750276,0.08067554276786536,0.05089499110094087,0.0345000500450405,0.34183387907252044,0.2661392829225815,1.2112211221122111,0.900990099009901,0.0546491842658392,0.07498622589531678,cleveland,19,19f9a06a8f411f2cb0bfc83a470b8abe9be3e8d2481b8d5686994f21903b99e1
mutual_info,0.5,6,12,rf,none,72233413,0.7920792079207921,0.8662484646429198,0.14855536350264764,0.08470608393952024,0.10144556324017784,0.03642384947876931,0.017943307004471915,0.3280837900659262,0.26454843084445645,1.2640264026402641,0.9075907590759076,0.044940446401761536,0.07559242543222379,cleveland,19,19f9a06a8f411f2cb0bfc83a470b8abe9be3e8d2481b8d5686994f21903b99e1
mutual_info,0.33,4,12,rf,none,72233413,0.7887788778877888,0.8506316897701351,0.1621277676254766,0.11297979266721082,0.12504600463421855,0.03305364861428939,0.02243783428716635,0.32409649066609497,0.2653865803068636,1.3036303630363035,0.9042904290429042,0.04979481533380037,0.0925899900651399,cleveland,19,19f9a06a8f411f2cb0bfc83a470b8abe9be3e8d2481b8d5686994f21903b99e1
mutual_info,0.25,3,12,rf,none,72233413,0.7788778877887789,0.8349271802070539,0.16425863658525586,0.09952652341386498,0.14203815042073412,0.05730040681413673,0.013503484045942177,0.31865026458777623,0.25735465974445526,1.3102310231023102,0.900990099009901,0.03948553698328494,0.07744987213816429,cleveland,19,19f9a06a8f411f2cb0bfc83a470b8abe9be3e8d2481b8d5686994f21903b99e1
mutual_info,1.0,12,12,rf,none,599999160,0.7986798679867987,0.8841682751359888,0.13658041804180418,0.05722772277227724,0.08637800560871334,0.04709509280447499,0.03679845194007936,0.3395647086742563,0.2844941347676334,1.2244224422442245,0.900990099009901,0.0546491842658392,0.060881542699724504,cleveland,20,19f9a06a8f411f2cb0bfc83a470b8abe9be3e8d2481b8d5686994f21903b99e1
mutual_info,0.75,9,12,rf,none,599999160,0.801980198019802,0.8741226530970346,0.14034778144481114,0.034169416941694127,0.0913291754005113,0.027002923976608084,0.057263870817068685,0.3348202961864349,0.2852780515722536,1.2574257425742574,0.9042904290429042,0.04979481533380037,0.032424242424242376,cleveland,20,19f9a06a8f411f2cb0bfc83a470b8abe9be3e8d2481b8d5686994f21903b99e1
mutual_info,0.5,6,12,rf,none,599999160,0.7953795379537953,0.8610721179154238,0.15184061952491545,0.09140337367070037,0.09792599375849935,0.011324052885837932,0.02016430898920138,0.3242696206515787,0.28477613325250367,1.2772277227722773,0.900990099009901,0.00915824241817631,0.080862258953168,cleveland,20,19f9a06a8f411f2cb0bfc83a470b8abe9be3e8d2481b8d5686994f21903b99e1
mutual_info,0.33,4,12,rf,none,599999160,0.7788778877887789,0.8482847868047025,0.16147114554312797,0.10108378046972828,0.11399536945512773,0.026919018560894736,0.0051753795541010505,0.31595143519377755,0.2741232453022979,1.2607260726072607,0.900990099009901,0.00600540486437795,0.10268808449245778,cleveland,20,19f9a06a8f411f2cb0bfc83a470b8abe9be3e8d2481b8d5686994f21903b99e1
mutual_info,0.25,3,12,rf,none,599999160,0.768976897689769,0.8095499210387788,0.18063326587264758,0.1300035681388719,0.148264827310701,0.05823290109331314,0.09197583275206696,0.2985705297069939,0.24089834374156235,1.4191419141914192,0.9075907590759076,0.060104093684315796,0.10424386481452266,cleveland,20,19f9a06a8f411f2cb0bfc83a470b8abe9be3e8d2481b8d5686994f21903b99e1
mutual_info,1.0,12,12,rf,none,205245511,0.8118811881188119,0.8682444288471662,0.14395100843417674,0.07920792079207918,0.1084516335749828,0.02376303076531916,0.018349848196710386,0.33163391238950984,0.28690356458527977,1.2904290429042904,0.9042904290429042,0.080122109898909,0.06415977961432505,cleveland,21,19f9a06a8f411f2cb0bfc83a470b8abe9be3e8d2481b8d5686994f21903b99e1
mutual_info,0.75,9,12,rf,none,205245511,0.8085808580858086,0.8752851377434637,0.1414112211221122,0.05300330033003297,0.0867165277690844,0.012440249173658713,0.03736662996697028,0.3355251729154474,0.2941518321450844,1.2508250825082508,0.900990099009901,0.02432188970073057,0.040165289256198354,cleveland,21,19f9a06a8f411f2cb0bfc83a470b8abe9be3e8d2481b8d5686994f21903b99e1
mutual_info,0.5,6,12,rf,none,205245511,0.7788778877887789,0.8494253377785577,0.15683963715702826,0.08978171540631595,0.11693617328027006,0.001685736079328648,0.010380749544391166,0.319604774079997,0.2731029933306358,1.33993399339934,0.9075907590759076,0.060104093684315796,0.09033229472590609,cleveland,21,19f9a06a8f411f2cb0bfc83a470b8abe9be3e8d2481b8d5686994f21903b99e1
mutual_info,0.33,4,12,rf,none,205245511,0.768976897689769,0.8282812774170907,0.17466746396924096,0.13305942447896835,0.13386162510915653,0.021153063818967865,0.01087760525257106,0.31052389844513634,0.2637591268063554,1.3201320132013201,0.900990099009901,0.0546491842658392,0.12957732978276548,cleveland,21,19f9a06a8f411f2cb0bfc83a470b8abe9be3e8d2481b8d5686994f21903b99e1
mutual_info,0.25,3,12,rf,none,205245511,0.7722772277227723,0.8149017371468679,0.17623085065705504,0.10498022505074725,0.1710410200884538,0.023028858377828643,0.0016203506179123528,0.31107204492286944,0.29580314142462466,1.353135313531353,0.900990099009901,0.03948553698328494,0.09215311644759315,cleveland,21,19f9a06a8f411f2cb0bfc83a470b8abe9be3e8d2481b8d5686994f21903b99e1
mutual_info,1.0,12,12,rf,none,4222844830,0.8085808580858086,0.8824355150026321,0.1374767876787679,0.05487348734873488,0.08023367365735534,0.03083079074497852,0.08695792880258904,0.33695557619042693,0.29007748606729106,1.2442244224422443,0.900990099009901,0.03948553698328494,0.056584022038567466,cleveland,22,19f9a06a8f411f2cb0bfc83a470b8abe9be3e8d2481b8d5686994f21903b99e1
mutual_info,0.75,9,12,rf,none,4222844830,0.8052805280528053,0.8783339182312686,0.13892673267326736,0.06171617161716169,0.08655193635118527,0.04753178235443689,0.07593767724285186,0.33605347069884545,0.27193256183629244,1.2607260726072607,0.900990099009901,0.06981283154839346,0.04049586776859511,cleveland,22,19f9a06a8f411f2cb0bfc83a470b8abe9be3e8d2481b8d5686994f21903b99e1
mutual_info,0.5,6,12,rf,none,4222844830,0.7920792079207921,0.8567731180908931,0.15547855959824078,0.11046000649260619,0.11273180071548591,0.03248410882278141,0.0025756325806512437,0.3206036207397043,0.2680976809400013,1.3102310231023102,0.9042904290429042,0.03463116805124611,0.08820965481245523,cleveland,22,19f9a06a8f411f2cb0bfc83a470b8abe9be3e8d2481b8d5686994f21903b99e1
mutual_info,0.33,4,12,rf,none,4222844830,0.7854785478547854,0.8318345323741008,0.16681676707070817,0.1098115984157625,0.15479440331254607,0.11510106788710917,0.050314030131818524,0.3158136374894942,0.2312348015950153,1.3597359735973598,0.900990099009901,0.1001401261135022,0.11185499972944875,cleveland,22,19f9a06a8f411f2cb0bfc83a470b8abe9be3e8d2481b8d5686994f21903b99e1
mutual_info,0.25,3,12,rf,none,4222844830,0.7755775577557755,0.8270529917529391,0.16863887532808633,0.12580450480214933,0.15954949301102772,0.024159674548690613,0.0018126868887714254,0.3138394931832792,0.27345453505402456,1.3333333333333333,0.900990099009901,0.06981283154839346,0.09848442744509142,cleveland,22,19f9a06a8f411f2cb0bfc83a470b8abe9be3e8d2481b8d5686994f21903b99e1
mutual_info,1.0,12,12,rf,none,1265155293,0.8085808580858086,0.887918933146166,0.1338380638063806,0.0650605060506051,0.07841610030088339,0.038563437579455906,0.025500950855770227,0.34040758610362476,0.2870191688125027,1.2277227722772277,0.900990099009901,0.06981283154839346,0.03966942148760333,cleveland,23,19f9a06a8f411f2cb0bfc83a470b8abe9be3e8d2481b8d5686994f21903b99e1
mutual_info,0.75,9,12,rf,none,1265155293,0.7953795379537953,0.8844314792068785,0.13518533186652,0.07093509350935091,0.07725752054387772,0.037607424357996466,0.03302572315083577,0.3348103495125327,0.2810419540683542,1.2178217821782178,0.900990099009901,0.03948553698328494,0.05223140495867769,cleveland,23,19f9a06a8f411f2cb0bfc83a470b8abe9be3e8d2481b8d5686994f21903b99e1
mutual_info,0.5,6,12,rf,none,1265155293,0.7986798679867987,0.8709203369012107,0.14689736751159121,0.07808964986306324,0.09417187112650491,0.03711670480549223,0.032457995352436375,0.33675964609735154,0.2582962253822957,1.2574257425742574,0.900990099009901,0.02432188970073057,0.07347856902131385,cleveland,23,19f9a06a8f411f2cb0bfc83a470b8abe9be3e8d2481b8d5686994f21903b99e1
mutual_info,0.33,4,12,rf,none,1265155293,0.7722772277227723,0.8499298122477628,0.15922397551596257,0.09259925344866202,0.13286589345487165,0.08905097889651659,0.03094744019072368,0.32860715866411894,0.2413706856802003,1.2805280528052805,0.9042904290429042,0.04979481533380037,0.09024517373685642,cleveland,23,19f9a06a8f411f2cb0bfc83a470b8abe9be3e8d2481b8d5686994f21903b99e1
mutual_info,0.25,3,12,rf,none,1265155293,0.7656765676567657,0.8326022109141954,0.1696160322247618,0.0785781945755502,0.13861637833895776,0.08269323671497575,0.01461372849601704,0.31648055031738825,0.22086033808152183,1.4026402640264026,0.9108910891089109,0.0400860774697227,0.08897529977393714,cleveland,23,19f9a06a8f411f2cb0bfc83a470b8abe9be3e8d2481b8d5686994f21903b99e1
mutual_info,1.0,12,12,rf,none,67135394,0.801980198019802,0.8861861730128092,0.13454462779611295,0.06468646864686467,0.0847419781511769,0.055816170861937464,0.04518566710039035,0.3390501448323947,0.27349343602990395,1.221122112211221,0.900990099009901,0.0546491842658392,0.06391184573002756,cleveland,24,19f9a06a8f411f2cb0bfc83a470b8abe9be3e8d2481b8d5686994f21903b99e1
mutual_info,0.75,9,12,rf,none,67135394,0.8085808580858086,0.8824793823477803,0.13505155848918224,0.05126512651265127,0.0869329513038588,0.08239702517162462,0.06467954492376476,0.33747906156735263,0.25328721444909963,1.2277227722772277,0.9042904290429042,0.09528575718146337,0.04699724517906339,cleveland,24,19f9a06a8f411f2cb0bfc83a470b8abe9be3e8d2481b8d5686994f21903b99e1
mutual_info,0.5,6,12,rf,none,67135394,0.7755775577557755,0.8713151430075452,0.14648280105221406,0.06613101786369115,0.08967505001933104,0.0483873633358759,0.022335939647269848,0.3275096508265163,0.26355797412146087,1.2673267326732673,0.900990099009901,0.0546491842658392,0.0589462809917356,cleveland,24,19f9a06a8f411f2cb0bfc83a470b8abe9be3e8d2481b8d5686994f21903b99e1
mutual_info,0.33,4,12,rf,none,67135394,0.768976897689769,0.8534830672047728,0.1602733276974206,0.10125685323636034,0.11360712822338266,0.05219107551487412,0.014377736906764527,0.31623098509321373,0.2516049607664338,1.2673267326732673,0.900990099009901,0.00915824241817631,0.10202266885738437,cleveland,24,19f9a06a8f411f2cb0bfc83a470b8abe9be3e8d2481b8d5686994f21903b99e1
mutual_info,0.25,3,12,rf,none,67135394,0.7821782178217822,0.8416388840147394,0.15958113255819176,0.08673576452856334,0.13111820209218922,0.1131331045003815,0.007364234513912257,0.31285731998313954,0.22479356260373315,1.3003300330033003,0.900990099009901,0.06981283154839346,0.07714009304029773,cleveland,24,19f9a06a8f411f2cb0bfc83a470b8abe9be3e8d2481b8d5686994f21903b99e1
mutual_info,1.0,12,12,rf,none,2264291023,0.8118811881188119,0.8962537287243375,0.12917125045837918,0.0611001100110011,0.076262795909318,0.0665840325451309,0.05738864978480632,0.3455445881864594,0.2771203660859106,1.2145214521452146,0.9042904290429042,0.06495846261635463,0.05396694214876033,cleveland,25,19f9a06a8f411f2cb0bfc83a470b8abe9be3e8d2481b8d5686994f21903b99e1
mutual_info,0.75,9,12,rf,none,2264291023,0.8151815181518152,0.8859887699596419,0.13242728272827284,0.049614961496149614,0.07960832427330916,0.05016526824307155,0.045764187768992076,0.34194490790137005,0.26928521933577126,1.198019801980198,0.900990099009901,0.0546491842658392,0.047933884297520706,cleveland,25,19f9a06a8f411f2cb0bfc83a470b8abe9be3e8d2481b8d5686994f21903b99e1
mutual_info,0.5,6,12,rf,none,2264291023,0.7887788778877888,0.8718854184944727,0.1425726880012413,0.09247137887237955,0.10432668771473971,0.0702358250699211,0.03211406801338161,0.3399020406252314,0.2582648966821477,1.2112211221122111,0.900990099009901,0.02432188970073057,0.07277468306188636,cleveland,25,19f9a06a8f411f2cb0bfc83a470b8abe9be3e8d2481b8d5686994f21903b99e1
mutual_info,0.33,4,12,rf,none,2264291023,0.768976897689769,0.8603702403930513,0.15614601717542242,0.08424483745105278,0.10829538485949698,0.08222158657513345,0.011214403167478987,0.33039548720866063,0.2573229506181729,1.2706270627062706,0.9042904290429042,0.09528575718146337,0.08654399646469399,cleveland,25,19f9a06a8f411f2cb0bfc83a470b8abe9be3e8d2481b8d5686994f21903b99e1
mutual_info,0.25,3,12,rf,none,2264291023,0.8052805280528053,0.8586813476048428,0.15090213798071248,0.09111615889857949,0.13319779684286429,0.09721459445715741,0.017423308396763842,0.3337933435104793,0.2591667473403507,1.297029702970297,0.900990099009901,0.1001401261135022,0.08279525437709483,cleveland,25,19f9a06a8f411f2cb0bfc83a470b8abe9be3e8d2481b8d5686994f21903b99e1
mutual_info,1.0,12,12,rf,none,1207586074,0.8184818481848185,0.8976136164239339,0.12867092042537587,0.07009900990099012,0.0717314851114173,0.06196542079837286,0.03993127147766319,0.3452123857302679,0.26938740773803815,1.2145214521452146,0.900990099009901,0.06981283154839346,0.07236914600550963,cleveland,26,19f9a06a8f411f2cb0bfc83a470b8abe9be3e8d2481b8d5686994f21903b99e1
mutual_info,0.75,9,12,rf,none,1207586074,0.8118811881188119,0.8933146165994033,0.1293064906490649,0.03306930693069306,0.07526025230608069,0.05407322654462243,0.05012811530377341,0.34555521037535747,0.2679541742661661,1.2145214521452146,0.9042904290429042,0.04979481533380037,0.03151515151515156,cleveland,26,19f9a06a8f411f2cb0bfc83a470b8abe9be3e8d2481b8d5686994f21903b99e1
mutual_info,0.5,6,12,rf,none,1207586074,0.8118811881188119,0.8860765046499385,0.1355814523896834,0.08585845251191786,0.08082513149743256,0.02430523773201121,0.01633645836808688,0.33518051117076836,0.26739498112142024,1.2112211221122111,0.900990099009901,0.06981283154839346,0.05597061524334259,cleveland,26,19f9a06a8f411f2cb0bfc83a470b8abe9be3e8d2481b8d5686994f21903b99e1
mutual_info,0.33,4,12,rf,none,1207586074,0.7953795379537953,0.8566634497280224,0.1495596739050635,0.08424758665111147,0.11281662924536251,0.06603419781337394,0.020920209617861688,0.32936364748744457,0.24988874531929486,1.2409240924092408,0.900990099009901,0.08497647883094794,0.06912615461910385,cleveland,26,19f9a06a8f411f2cb0bfc83a470b8abe9be3e8d2481b8d5686994f21903b99e1
mutual_info,0.25,3,12,rf,none,1207586074,0.7821782178217822,0.8389191086155466,0.16244825261349882,0.0966623145191102,0.1222519487678741,0.09726099669463517,0.033753939374506395,0.31545170702123454,0.21983750323169488,1.3102310231023102,0.9042904290429042,0.06495846261635463,0.09028529890135323,cleveland,26,19f9a06a8f411f2cb0bfc83a470b8abe9be3e8d2481b8d5686994f21903b99e1
mutual_info,1.0,12,12,rf,none,1671514604,0.8184818481848185,0.882457448675206,0.1359920792079208,0.06266226622662265,0.08518206314931437,0.01892829900839066,0.05416608280786035,0.3399335179674618,0.2946638917837239,1.2607260726072607,0.9042904290429042,0.03463116805124611,0.04895316804407715,cleveland,27,19f9a06a8f411f2cb0bfc83a470b8abe9be3e8d2481b8d5686994f21903b99e1
mutual_info,0.75,9,12,rf,none,1671514604,0.8250825082508251,0.8791893314616599,0.1374924825815915,0.040154015401540157,0.08494704501258246,0.03431095855580979,0.04359523571214094,0.3377968917429665,0.2886157298419926,1.2673267326732673,0.900990099009901,0.0546491842658392,0.02506887052341596,cleveland,27,19f9a06a8f411f2cb0bfc83a470b8abe9be3e8d2481b8d5686994f21903b99e1
mutual_info,0.5,6,12,rf,none,1671514604,0.7854785478547854,0.8483067204772766,0.15985808377632196,0.10017890150385796,0.11045183095399493,0.008978515128400644,0.056985925439538426,0.3138169262239244,0.29334180025114986,1.3234323432343233,0.900990099009901,0.02432188970073057,0.09260748385319366,cleveland,27,19f9a06a8f411f2cb0bfc83a470b8abe9be3e8d2481b8d5686994f21903b99e1
mutual_info,0.33,4,12,rf,none,1671514604,0.7920792079207921,0.8428891033514653,0.1614322036906546,0.10130457191660586,0.1254483096573497,0.02299453343503699,0.03815421154292181,0.31983403077636335,0.26004592685717787,1.3003300330033003,0.900990099009901,0.0546491842658392,0.09806488848936332,cleveland,27,19f9a06a8f411f2cb0bfc83a470b8abe9be3e8d2481b8d5686994f21903b99e1
mutual_info,0.25,3,12,rf,none,1671514604,0.7524752475247525,0.8138269871907351,0.1797438973654437,0.11661106732361867,0.15310415366280178,0.026142893465547767,0.011063718977948972,0.30145056305102375,0.24817637076194793,1.3795379537953796,0.9042904290429042,0.04979481533380037,0.11169958974483056,cleveland,27,19f9a06a8f411f2cb0bfc83a470b8abe9be3e8d2481b8d5686994f21903b99e1
mutual_info,1.0,12,12,rf,none,1368962128,0.8118811881188119,0.8908799789436743,0.13279706637330396,0.048844884488448856,0.07926824761275417,0.05892766336130162,0.08374203449771458,0.34533275196148067,0.27440777239352354,1.2376237623762376,0.9075907590759076,0.029776799119207276,0.04399449035812672,cleveland,28,19f9a06a8f411f2cb0bfc83a470b8abe9be3e8d2481b8d5686994f21903b99e1
mutual_info,0.75,9,12,rf,none,1368962128,0.8052805280528053,0.8814923670819442,0.13743777044371103,0.04457645764576458,0.08488474466214437,0.05280129672006095,0.028710839755780176,0.3402739639314945,0.2716870980294013,1.2574257425742574,0.900990099009901,0.06981283154839346,0.04088154269972449,cleveland,28,19f9a06a8f411f2cb0bfc83a470b8abe9be3e8d2481b8d5686994f21903b99e1
mutual_info,0.5,6,12,rf,none,1368962128,0.7788778877887789,0.8707887348657659,0.14872527098317107,0.07099787745815701,0.101277425221583,0.0802809560132216,0.02521775049930887,0.3351524317299928,0.2508600876783141,1.273927392739274,0.900990099009901,0.06981283154839346,0.07078153289526645,cleveland,28,19f9a06a8f411f2cb0bfc83a470b8abe9be3e8d2481b8d5686994f21903b99e1
mutual_info,0.33,4,12,rf,none,1368962128,0.8151815181518152,0.8693191788032988,0.14703125695432745,0.0878544526045839,0.11047693440778958,0.06288265954741923,0.0127597156659843,0.34650668126667683,0.27478497774437005,1.2706270627062706,0.900990099009901,0.06981283154839346,0.0840081574117321,cleveland,28,19f9a06a8f411f2cb0bfc83a470b8abe9be3e8d2481b8d5686994f21903b99e1
mutual_info,0.25,3,12,rf,none,1368962128,0.8085808580858086,0.8638576943323389,0.14579958795919482,0.08492684375022644,0.11317132300171082,0.042223493516399646,0.001343182065401835,0.33953129008695954,0.27305506793383694,1.2805280528052805,0.900990099009901,0.06981283154839346,0.08083408279498842,cleveland,28,19f9a06a8f411f2cb0bfc83a470b8abe9be3e8d2481b8d5686994f21903b99e1
mutual_info,1.0,12,12,rf,none,2988203499,0.8052805280528053,0.8805930865064047,0.13684723138980565,0.050077007700770095,0.086944233254129,0.05685418255784391,0.10922997364294534,0.33539759715532497,0.28306246275481683,1.231023102310231,0.900990099009901,0.0546491842658392,0.04214876033057852,cleveland,29,19f9a06a8f411f2cb0bfc83a470b8abe9be3e8d2481b8d5686994f21903b99e1
mutual_info,0.75,9,12,rf,none,2988203499,0.7953795379537953,0.8728943674328828,0.14192944627796114,0.053025302530253005,0.08961592442026192,0.07403763030765309,0.04580889467187134,0.33287612336225997,0.27010590462197714,1.2607260726072607,0.900990099009901,0.06981283154839346,0.03380165289256199,cleveland,29,19f9a06a8f411f2cb0bfc83a470b8abe9be3e8d2481b8d5686994f21903b99e1
mutual_info,0.5,6,12,rf,none,2988203499,0.7887788778877888,0.8514871030005264,0.1613546554249791,0.08101516597680143,0.11185304459199152,0.08086320874650399,0.013139735747771011,0.32355090733398983,0.2493959709742101,1.3234323432343233,0.900990099009901,0.06981283154839346,0.07882887023124839,cleveland,29,19f9a06a8f411f2cb0bfc83a470b8abe9be3e8d2481b8d5686994f21903b99e1
mutual_info,0.33,4,12,rf,none,2988203499,0.768976897689769,0.8260440428145289,0.17646908640036163,0.11045721276010487,0.1556087920323041,0.04845474192728194,0.023678293947317255,0.3169806830334967,0.2430111022938734,1.363036303630363,0.900990099009901,0.0546491842658392,0.11525091435062515,cleveland,29,19f9a06a8f411f2cb0bfc83a470b8abe9be3e8d2481b8d5686994f21903b99e1
mutual_info,0.25,3,12,rf,none,2988203499,0.7722772277227723,0.7943937532900509,0.1835704654771318,0.12894958058631883,0.2087093677588113,0.02255275870836515,0.009720011633575554,0.3052218200317238,0.2585516486303451,1.4092409240924093,0.900990099009901,0.06981283154839346,0.10209751098587211,cleveland,29,19f9a06a8f411f2cb0bfc83a470b8abe9be3e8d2481b8d5686994f21903b99e1
mutual_info,1.0,12,12,gb,none,447399182,0.7788778877887789,0.8611159852605721,0.16193526208226514,0.13453495039867752,0.09966380277161338,0.006108568522756208,0.010257829154039083,0.3200573840308976,0.26462376917699676,1.3003300330033003,0.900990099009901,0.03948553698328494,0.10646509571366933,cleveland,0,19f9a06a8f411f2cb0bfc83a470b8abe9be3e8d2481b8d5686994f21903b99e1
mutual_info,0.75,9,12,gb,none,447399182,0.7854785478547854,0.8478241796806458,0.1673442525340912,0.13452209120914646,0.11786408187073417,0.013346046275108048,0.005030685802277585,0.3122266224394628,0.2636509472165518,1.3366336633663367,0.900990099009901,0.06981283154839346,0.12235929885008986,cleveland,0,19f9a06a8f411f2cb0bfc83a470b8abe9be3e8d2481b8d5686994f21903b99e1
mutual_info,0.5,6,12,gb,none,447399182,0.8085808580858086,0.8753070714160379,0.1448124635109606,0.08302696698814699,0.08700325480686959,0.030873379099923604,0.006949818136217298,0.3336001879960376,0.2671267611669721,1.2607260726072607,0.900990099009901,0.03948553698328494,0.07461056126922011,cleveland,0,19f9a06a8f411f2cb0bfc83a470b8abe9be3e8d2481b8d5686994f21903b99e1
mutual_info,0.33,4,12,gb,none,447399182,0.8151815181518152,0.8861861730128092,0.13338467649241126,0.0715119865019801,0.0815727810175064,0.03205758962623961,0.015430511520414136,0.3394953197464695,0.2658493937813837,1.2145214521452146,0.900990099009901,0.02432188970073057,0.0697220536294828,cleveland,0,19f9a06a8f411f2cb0bfc83a470b8abe9be3e8d2481b8d5686994f21903b99e1
mutual_info,0.25,3,12,gb,none,447399182,0.8151815181518152,0.8639234953500615,0.14527688197825445,0.07147682107808909,0.10018241281049123,0.06498728705822532,0.006030795701544606,0.3301111252920851,0.26476663599506656,1.283828382838284,0.900990099009901,0.06981283154839346,0.0464087945591236,cleveland,0,19f9a06a8f411f2cb0bfc83a470b8abe9be3e8d2481b8d5686994f21903b99e1
mutual_info,1.0,12,12,gb,none,2701116342,0.7986798679867987,0.8730040357957536,0.15320224878204508,0.11085011340903109,0.08744530615334908,0.023726163234172537,0.00014671722047771008,0.3245192411357316,0.258016923811198,1.2640264026402641,0.900990099009901,0.03948553698328494,0.09832130375099223,cleveland,1,19f9a06a8f411f2cb0bfc83a470b8abe9be3e8d2481b8d5686994f21903b99e1
mutual_info,0.75,9,12,gb,none,2701116342,0.7755775577557755,0.8634409545534305,0.15787719455023824,0.10197572346734925,0.10021136477684567,0.018609204169844795,0.020860098144237796,0.321397879037602,0.2578661448787376,1.2640264026402641,0.900990099009901,0.03948553698328494,0.08829947466305912,cleveland,1,19f9a06a8f411f2cb0bfc83a470b8abe9be3e8d2481b8d5686994f21903b99e1
mutual_info,0.5,6,12,gb,none,2701116342,0.8085808580858086,0.8681347604842955,0.1484057392328559,0.09259427140561671,0.0919405486176665,0.0001671751843375091,0.015061117988547756,0.3269806566723536,0.26620719228512757,1.2706270627062706,0.900990099009901,0.0546491842658392,0.07690062928160162,cleveland,1,19f9a06a8f411f2cb0bfc83a470b8abe9be3e8d2481b8d5686994f21903b99e1
mutual_info,0.33,4,12,gb,none,2701116342,0.7986798679867987,0.8455430777329356,0.15667807823824056,0.10366420111723752,0.1201476779598171,0.05204487668446489,0.018004164762103314,0.3241221565073164,0.2611010899232502,1.283828382838284,0.900990099009901,0.08497647883094794,0.0933703815094575,cleveland,1,19f9a06a8f411f2cb0bfc83a470b8abe9be3e8d2481b8d5686994f21903b99e1
mutual_info,0.25,3,12,gb,none,2701116342,0.8118811881188119,0.859975434286717,0.1466389769367711,0.06298653831286408,0.10907347647590064,0.08166221713704547,0.018006327431083893,0.32953505000516264,0.2454477138548503,1.2640264026402641,0.900990099009901,0.0546491842658392,0.05481260326353729,cleveland,1,19f9a06a8f411f2cb0bfc83a470b8abe9be3e8d2481b8d5686994f21903b99e1
mutual_info,1.0,12,12,gb,none,4245521655,0.7920792079207921,0.8627829443762064,0.16219938423920477,0.12379246186369718,0.09951872839398226,0.051552250190694204,0.0011460210113314884,0.32199849814392356,0.24958984053835603,1.2673267326732673,0.900990099009901,0.03948553698328494,0.11310539437897393,cleveland,2,19f9a06a8f411f2cb0bfc83a470b8abe9be3e8d2481b8d5686994f21903b99e1
mutual_info,0.75,9,12,gb,none,4245521655,0.7821782178217822,0.8651956483593614,0.16105810451250385,0.11951699483083514,0.09970017534780962,0.02548309178743957,0.02417221161032354,0.3248215069960903,0.26604539308803554,1.283828382838284,0.900990099009901,0.03948553698328494,0.10457019025004913,cleveland,2,19f9a06a8f411f2cb0bfc83a470b8abe9be3e8d2481b8d5686994f21903b99e1
mutual_info,0.5,6,12,gb,none,4245521655,0.7953795379537953,0.865787857518863,0.14899248158413841,0.09957942375737736,0.10068933105462216,0.037885202135774176,0.03148924916611816,0.3314853246145383,0.27948015706736107,1.2640264026402641,0.900990099009901,0.02432188970073057,0.09483152686036114,cleveland,2,19f9a06a8f411f2cb0bfc83a470b8abe9be3e8d2481b8d5686994f21903b99e1
mutual_info,0.33,4,12,gb,none,4245521655,0.7986798679867987,0.8776759080540444,0.1401137634584678,0.0818170127836827,0.09511155858216744,0.04551487414187638,0.033192912022119006,0.3380636760025565,0.27099298086569074,1.2178217821782178,0.900990099009901,0.02432188970073057,0.055826086439042646,cleveland,2,19f9a06a8f411f2cb0bfc83a470b8abe9be3e8d2481b8d5686994f21903b99e1
mutual_info,0.25,3,12,gb,none,4245521655,0.7821782178217822,0.8382172310931743,0.16101592759553088,0.07537522478912319,0.13848932896977056,0.05262267988812597,0.03642947229393867,0.32073001150101,0.27250248772263486,1.3498349834983498,0.900990099009901,0.0546491842658392,0.0733163156560473,cleveland,2,19f9a06a8f411f2cb0bfc83a470b8abe9be3e8d2481b8d5686994f21903b99e1
mutual_info,1.0,12,12,gb,none,204143431,0.7821782178217822,0.8716441480961572,0.15622119332266146,0.11896550615202595,0.09017944987789897,0.08292016272565472,0.0505255989986423,0.3244552131940561,0.22004223642617216,1.273927392739274,0.900990099009901,0.08497647883094794,0.09893875755249157,cleveland,3,19f9a06a8f411f2cb0bfc83a470b8abe9be3e8d2481b8d5686994f21903b99e1
mutual_info,0.75,9,12,gb,none,204143431,0.7788778877887789,0.8616862607474995,0.16465611704639857,0.12454971085061038,0.10086155295780201,0.033330790744978356,0.028717564855714778,0.3221066071360836,0.25915890059611757,1.2805280528052805,0.900990099009901,0.0546491842658392,0.11235753119291926,cleveland,3,19f9a06a8f411f2cb0bfc83a470b8abe9be3e8d2481b8d5686994f21903b99e1
mutual_info,0.5,6,12,gb,none,204143431,0.8118811881188119,0.8652395157045095,0.15072982436760365,0.10005740626507878,0.10022189497144238,0.009338927027714217,0.010100322179032978,0.3327832424285208,0.2840764110350672,1.2805280528052805,0.900990099009901,0.0546491842658392,0.09225611366867513,cleveland,3,19f9a06a8f411f2cb0bfc83a470b8abe9be3e8d2481b8d5686994f21903b99e1
mutual_info,0.33,4,12,gb,none,204143431,0.7986798679867987,0.8538340059659589,0.1524889724702194,0.0882510390567967,0.12884705745301095,0.11580282227307392,0.028940454547409858,0.33262282957830674,0.22026797981842708,1.2937293729372936,0.900990099009901,0.1001401261135022,0.08244431109035849,cleveland,3,19f9a06a8f411f2cb0bfc83a470b8abe9be3e8d2481b8d5686994f21903b99e1
mutual_info,0.25,3,12,gb,none,204143431,0.7887788778877888,0.843349710475522,0.15531125700194792,0.07306814567511231,0.12430611437373285,0.1193026951436561,0.008415170543936618,0.32823133789184816,0.23635020848661997,1.33003300330033,0.900990099009901,0.1001401261135022,0.06490517725706556,cleveland,3,19f9a06a8f411f2cb0bfc83a470b8abe9be3e8d2481b8d5686994f21903b99e1
mutual_info,1.0,12,12,gb,none,3626756836,0.7953795379537953,0.8510264958764695,0.16486710822176584,0.12148618607320093,0.10292872154399896,0.0014492753623189802,0.00428580570663048,0.31579352956484097,0.26961820958558913,1.3036303630363035,0.900990099009901,0.0546491842658392,0.11919428184898849,cleveland,4,19f9a06a8f411f2cb0bfc83a470b8abe9be3e8d2481b8d5686994f21903b99e1
mutual_info,0.75,9,12,gb,none,3626756836,0.7854785478547854,0.856422179329707,0.15890459066340354,0.10158910218972744,0.10507037943509244,0.009480040681413726,0.007599017561686627,0.31965564368931015,0.2635727649496439,1.3003300330033003,0.900990099009901,0.02432188970073057,0.09455378065993067,cleveland,4,19f9a06a8f411f2cb0bfc83a470b8abe9be3e8d2481b8d5686994f21903b99e1
mutual_info,0.5,6,12,gb,none,3626756836,0.7920792079207921,0.8424504298999824,0.15903709140130373,0.11974760761438447,0.11426860559267674,0.04534515636918379,0.017529759094844555,0.3143372714888141,0.2893716631604409,1.3102310231023102,0.900990099009901,0.02432188970073057,0.1155836332787594,cleveland,4,19f9a06a8f411f2cb0bfc83a470b8abe9be3e8d2481b8d5686994f21903b99e1
mutual_info,0.33,4,12,gb,none,3626756836,0.8085808580858086,0.8719512195121952,0.14183706731580734,0.08634222039289514,0.09727055749569155,0.07876557335367396,0.022170226860955863,0.331644561436304,0.2513954852176686,1.2376237623762376,0.9042904290429042,0.080122109898909,0.06647784869216428,cleveland,4,19f9a06a8f411f2cb0bfc83a470b8abe9be3e8d2481b8d5686994f21903b99e1
mutual_info,0.25,3,12,gb,none,3626756836,0.8085808580858086,0.8613353219863131,0.14498202366939741,0.05480141636725315,0.12269367645643273,0.0012395118230358326,0.040740422959485156,0.33020167500430414,0.27789967034136265,1.2805280528052805,0.9075907590759076,0.0005504954459013556,0.05023065388887983,cleveland,4,19f9a06a8f411f2cb0bfc83a470b8abe9be3e8d2481b8d5686994f21903b99e1
mutual_info,1.0,12,12,gb,none,2556792992,0.7755775577557755,0.8635725565888751,0.1626020863325841,0.1295859003836379,0.10468701825966518,0.040727180269514274,0.07372485624746875,0.3179574909086229,0.25574461608023447,1.2673267326732673,0.900990099009901,0.03948553698328494,0.11397407691044782,cleveland,5,19f9a06a8f411f2cb0bfc83a470b8abe9be3e8d2481b8d5686994f21903b99e1
mutual_info,0.75,9,12,gb,none,2556792992,0.7755775577557755,0.8547990875592208,0.16772270554689864,0.12802910923154123,0.10877374128582395,0.008873633358759236,0.025553565157617836,0.31549029116419797,0.2639411546484234,1.2937293729372936,0.900990099009901,0.03948553698328494,0.11620602040738626,cleveland,5,19f9a06a8f411f2cb0bfc83a470b8abe9be3e8d2481b8d5686994f21903b99e1
mutual_info,0.5,6,12,gb,none,2556792992,0.8052805280528053,0.870481663449728,0.1477198912466434,0.08663584016439738,0.10616880277520899,0.07600432240020338,0.004450223467750411,0.3349036531588289,0.25546891481950074,1.2475247524752475,0.900990099009901,0.1001401261135022,0.07902789810188665,cleveland,5,19f9a06a8f411f2cb0bfc83a470b8abe9be3e8d2481b8d5686994f21903b99e1
mutual_info,0.33,4,12,gb,none,2556792992,0.7755775577557755,0.8390507106509913,0.1650407274121622,0.09757852407798448,0.12234559125356392,0.0586193745232646,0.014941979530884095,0.31224102625154065,0.25095918210130486,1.33993399339934,0.9042904290429042,0.06495846261635463,0.09048958089270291,cleveland,5,19f9a06a8f411f2cb0bfc83a470b8abe9be3e8d2481b8d5686994f21903b99e1
mutual_info,0.25,3,12,gb,none,2556792992,0.7623762376237624,0.8110414107738201,0.1776702768807239,0.0996186489736136,0.16883622082189925,0.04887554030002561,0.016585230962513825,0.3038129328131236,0.24477719731543654,1.3366336633663367,0.900990099009901,0.0546491842658392,0.10782472017868826,cleveland,5,19f9a06a8f411f2cb0bfc83a470b8abe9be3e8d2481b8d5686994f21903b99e1
mutual_info,1.0,12,12,gb,none,1329382458,0.8085808580858086,0.874846464291981,0.14682454357511676,0.09237107421896187,0.09020961631881681,0.027756165776760655,0.022010820803887457,0.3333677917493303,0.26862722416700974,1.2046204620462047,0.900990099009901,0.0546491842658392,0.07504525042641592,cleveland,6,19f9a06a8f411f2cb0bfc83a470b8abe9be3e8d2481b8d5686994f21903b99e1
mutual_info,0.75,9,12,gb,none,1329382458,0.7953795379537953,0.8686173012809265,0.15364356172202975,0.09916617423635327,0.09403619827265977,0.02744851258581238,0.021655959999298813,0.32566875953540336,0.27548441134674184,1.2706270627062706,0.900990099009901,0.0546491842658392,0.09226653424404457,cleveland,6,19f9a06a8f411f2cb0bfc83a470b8abe9be3e8d2481b8d5686994f21903b99e1
mutual_info,0.5,6,12,gb,none,1329382458,0.7986798679867987,0.8743200561502018,0.14266279842266233,0.07879936067095836,0.08614209017764318,0.030168446478515132,0.019471888422298425,0.33501605794057565,0.27582839868001735,1.2541254125412542,0.900990099009901,0.03948553698328494,0.06382630334549799,cleveland,6,19f9a06a8f411f2cb0bfc83a470b8abe9be3e8d2481b8d5686994f21903b99e1
mutual_info,0.33,4,12,gb,none,1329382458,0.8151815181518152,0.8609843832251273,0.14198790894034832,0.08428097514860974,0.10509581675345031,0.020710653445207283,0.01450817458491764,0.3269941330868948,0.253904606854903,1.231023102310231,0.900990099009901,0.0546491842658392,0.08327965406313234,cleveland,6,19f9a06a8f411f2cb0bfc83a470b8abe9be3e8d2481b8d5686994f21903b99e1
mutual_info,0.25,3,12,gb,none,1329382458,0.8052805280528053,0.8696262502193367,0.14108793912244483,0.04723910411427714,0.10561869428396295,0.056545893719806894,0.04744186215063731,0.3385104524992318,0.2640062941736132,1.2541254125412542,0.900990099009901,0.06981283154839346,0.052318498509593726,cleveland,6,19f9a06a8f411f2cb0bfc83a470b8abe9be3e8d2481b8d5686994f21903b99e1
mutual_info,1.0,12,12,gb,none,1321712858,0.7986798679867987,0.8698017195999298,0.15062027432214328,0.10201728074508662,0.1004960314041773,0.030931858632087472,0.0059293003005857214,0.32976987644348066,0.25929060492364864,1.2640264026402641,0.900990099009901,0.0546491842658392,0.09410487446012056,cleveland,7,19f9a06a8f411f2cb0bfc83a470b8abe9be3e8d2481b8d5686994f21903b99e1
mutual_info,0.75,9,12,gb,none,1321712858,0.7953795379537953,0.8754167397789085,0.14605113306084413,0.10868136197017084,0.09783380376981213,0.03175692855326717,0.021585228047906357,0.33256519588337535,0.26654591467191413,1.2376237623762376,0.900990099009901,0.03948553698328494,0.09526630104263803,cleveland,7,19f9a06a8f411f2cb0bfc83a470b8abe9be3e8d2481b8d5686994f21903b99e1
mutual_info,0.5,6,12,gb,none,1321712858,0.7887788778877888,0.8703719950868574,0.14808045006190743,0.10113165661410978,0.09898021205390757,0.014874141876430214,0.014988120699050755,0.3316271062860275,0.27236115543019973,1.2442244224422443,0.900990099009901,0.02432188970073057,0.09018537014951215,cleveland,7,19f9a06a8f411f2cb0bfc83a470b8abe9be3e8d2481b8d5686994f21903b99e1
mutual_info,0.33,4,12,gb,none,1321712858,0.8052805280528053,0.8773907703105808,0.1381567833667371,0.0765371863882677,0.09767462370542702,0.007773963895245428,0.0209484875393601,0.34163478628930855,0.2888874941378413,1.1947194719471947,0.900990099009901,0.02432188970073057,0.05348438143811244,cleveland,7,19f9a06a8f411f2cb0bfc83a470b8abe9be3e8d2481b8d5686994f21903b99e1
mutual_info,0.25,3,12,gb,none,1321712858,0.834983498349835,0.8706132654851727,0.13208695500514295,0.08352158944395367,0.11667122550706932,0.04737541317060756,0.030080097935030428,0.34385927427504,0.2700509756586539,1.2277227722772277,0.900990099009901,0.02432188970073057,0.07302800987733558,cleveland,7,19f9a06a8f411f2cb0bfc83a470b8abe9be3e8d2481b8d5686994f21903b99e1
mutual_info,1.0,12,12,gb,none,3269879106,0.7854785478547854,0.8617301280926478,0.15969220834616102,0.13684875804799618,0.09586919696966195,0.001337401474701183,0.019345777935300124,0.3159938786719123,0.2622614242419876,1.33003300330033,0.900990099009901,0.03948553698328494,0.11888945862873172,cleveland,8,19f9a06a8f411f2cb0bfc83a470b8abe9be3e8d2481b8d5686994f21903b99e1
mutual_info,0.75,9,12,gb,none,3269879106,0.7986798679867987,0.8557203018073345,0.1596103139301447,0.10929160707367748,0.10085866206200228,0.027215865751334833,0.02234968894194883,0.3208438126509821,0.27250079857477405,1.2937293729372936,0.900990099009901,0.00600540486437795,0.11104109407430335,cleveland,8,19f9a06a8f411f2cb0bfc83a470b8abe9be3e8d2481b8d5686994f21903b99e1
mutual_info,0.5,6,12,gb,none,3269879106,0.7887788778877888,0.864186699420951,0.1523073148534632,0.09163897951963569,0.10104416004789843,0.05419654207983715,0.025614114082119957,0.3280052817745134,0.24756170975346856,1.2277227722772277,0.900990099009901,0.0546491842658392,0.07573322483376685,cleveland,8,19f9a06a8f411f2cb0bfc83a470b8abe9be3e8d2481b8d5686994f21903b99e1
mutual_info,0.33,4,12,gb,none,3269879106,0.7788778877887789,0.8505878224249868,0.15502986632747204,0.0751953701548516,0.12788925238695978,0.07495105517416734,0.006457251481050197,0.3253327968987094,0.26555879855973136,1.2706270627062706,0.900990099009901,0.08497647883094794,0.07089505906883536,cleveland,8,19f9a06a8f411f2cb0bfc83a470b8abe9be3e8d2481b8d5686994f21903b99e1
mutual_info,0.25,3,12,gb,none,3269879106,0.8085808580858086,0.8592516230917705,0.14406553366784616,0.08186707420373325,0.11757598558770682,0.08114797864225787,0.01788769420587337,0.33290126982433177,0.24826340944556352,1.2706270627062706,0.900990099009901,0.0546491842658392,0.07673882467584638,cleveland,8,19f9a06a8f411f2cb0bfc83a470b8abe9be3e8d2481b8d5686994f21903b99e1
mutual_info,1.0,12,12,gb,none,1750151705,0.8151815181518152,0.8850675557115284,0.14007238781741504,0.09453348924198218,0.08138422894369135,0.010231375540299847,0.0042471732762166675,0.3411409735615044,0.2880648418131324,1.221122112211221,0.900990099009901,0.00915824241817631,0.08450797034150179,cleveland,9,19f9a06a8f411f2cb0bfc83a470b8abe9be3e8d2481b8d5686994f21903b99e1
mutual_info,0.75,9,12,gb,none,1750151705,0.8052805280528053,0.8750658010177224,0.14913826466769645,0.10140166541206286,0.08748467855424075,0.03863971523010423,0.0262393636494557,0.3267543107322815,0.2868672130739778,1.2673267326732673,0.900990099009901,0.03948553698328494,0.09357829282376691,cleveland,9,19f9a06a8f411f2cb0bfc83a470b8abe9be3e8d2481b8d5686994f21903b99e1
mutual_info,0.5,6,12,gb,none,1750151705,0.8118811881188119,0.8910115809791191,0.13324288531592812,0.08404792475228773,0.07652962677809996,0.015612128146453075,0.009285059612185148,0.34897051670753626,0.2857594898960494,1.2079207920792079,0.900990099009901,0.02432188970073057,0.0744995482418782,cleveland,9,19f9a06a8f411f2cb0bfc83a470b8abe9be3e8d2481b8d5686994f21903b99e1
mutual_info,0.33,4,12,gb,none,1750151705,0.8052805280528053,0.870328127741709,0.14680787449439825,0.06746679162280132,0.10135905056323058,0.08251716247139584,0.005570089635563269,0.3375668900108318,0.25543901018956505,1.273927392739274,0.900990099009901,0.08497647883094794,0.06616294409367535,cleveland,9,19f9a06a8f411f2cb0bfc83a470b8abe9be3e8d2481b8d5686994f21903b99e1
mutual_info,0.25,3,12,gb,none,1750151705,0.7854785478547854,0.8469907001228285,0.1549008203654032,0.06761872066517602,0.11990133112636785,0.027541952707856643,0.03009003497555965,0.3239080371542945,0.2842139093258741,1.3432343234323432,0.900990099009901,0.03948553698328494,0.06079803698528371,cleveland,9,19f9a06a8f411f2cb0bfc83a470b8abe9be3e8d2481b8d5686994f21903b99e1
mutual_info,1.0,12,12,gb,none,17186283,0.7920792079207921,0.8644060361466924,0.15958483526938472,0.11811484013562087,0.09817370105098734,0.04093440122044234,0.01847588403653702,0.3216216123326212,0.2446930851418127,1.283828382838284,0.900990099009901,0.00915824241817631,0.11569030766778869,cleveland,10,19f9a06a8f411f2cb0bfc83a470b8abe9be3e8d2481b8d5686994f21903b99e1
mutual_info,0.75,9,12,gb,none,17186283,0.7854785478547854,0.8695385155290403,0.15678001949076645,0.10227545581645012,0.0960231509963797,0.04124205441139084,0.0347015707608925,0.3254063637964824,0.2532689917916817,1.2343234323432344,0.900990099009901,0.03948553698328494,0.09380977274992877,cleveland,10,19f9a06a8f411f2cb0bfc83a470b8abe9be3e8d2481b8d5686994f21903b99e1
mutual_info,0.5,6,12,gb,none,17186283,0.7623762376237624,0.841726618705036,0.1724363987784632,0.11710843961343749,0.11284596424695381,0.0136397152301041,0.01568369749275006,0.31139276238572916,0.2662244082555075,1.3366336633663367,0.900990099009901,0.00915824241817631,0.10354945885815656,cleveland,10,19f9a06a8f411f2cb0bfc83a470b8abe9be3e8d2481b8d5686994f21903b99e1
mutual_info,0.33,4,12,gb,none,17186283,0.7788778877887789,0.8546016845060537,0.15834569611186303,0.09270277386967553,0.1249233348795954,0.039624968217645495,0.0052830734359569365,0.3310823439314926,0.28667110827607933,1.3135313531353134,0.900990099009901,0.02432188970073057,0.08566111368752377,cleveland,10,19f9a06a8f411f2cb0bfc83a470b8abe9be3e8d2481b8d5686994f21903b99e1
mutual_info,0.25,3,12,gb,none,17186283,0.8217821782178217,0.881141428320758,0.13550926367877159,0.074898315356571,0.09672188565597928,0.024101830663615376,0.07935182254154981,0.34648273785954015,0.29175280506682055,1.2178217821782178,0.900990099009901,0.00600540486437795,0.06543655264537526,cleveland,10,19f9a06a8f411f2cb0bfc83a470b8abe9be3e8d2481b8d5686994f21903b99e1
mutual_info,1.0,12,12,gb,none,950147401,0.7953795379537953,0.8710300052640815,0.1498959330709565,0.10516888832586571,0.09566285096620733,0.053654970760233844,0.01734054086811984,0.32936751019620153,0.2501246814298149,1.2508250825082508,0.900990099009901,0.02432188970073057,0.1017240870800918,cleveland,11,19f9a06a8f411f2cb0bfc83a470b8abe9be3e8d2481b8d5686994f21903b99e1
mutual_info,0.75,9,12,gb,none,950147401,0.8052805280528053,0.8595367608352342,0.15923216351113081,0.11153176471771772,0.10881250159720787,0.06362445969997454,0.021654179113607508,0.32861513439678053,0.2559362823286355,1.2772277227722773,0.900990099009901,0.03948553698328494,0.11813799406770308,cleveland,11,19f9a06a8f411f2cb0bfc83a470b8abe9be3e8d2481b8d5686994f21903b99e1
mutual_info,0.5,6,12,gb,none,950147401,0.8217821782178217,0.8644279698192665,0.14619964197270244,0.1183556788738995,0.096312072939491,0.01006674294431742,0.008704170128024102,0.3240966586731755,0.2799285961883807,1.2805280528052805,0.900990099009901,0.0546491842658392,0.10562896078896844,cleveland,11,19f9a06a8f411f2cb0bfc83a470b8abe9be3e8d2481b8d5686994f21903b99e1
mutual_info,0.33,4,12,gb,none,950147401,0.8052805280528053,0.8599315669415687,0.1448488464941024,0.08855173776844597,0.1159101847842315,0.01433574879227073,0.019621199007574586,0.3239245233484391,0.26756751903699094,1.2541254125412542,0.900990099009901,0.03948553698328494,0.07122747617070704,cleveland,11,19f9a06a8f411f2cb0bfc83a470b8abe9be3e8d2481b8d5686994f21903b99e1
mutual_info,0.25,3,12,gb,none,950147401,0.8118811881188119,0.8534830672047728,0.1494678293350897,0.07981351282857514,0.11911457423802503,0.0072349351639968695,0.009744537514654344,0.3296177490504488,0.2737960632177716,1.3234323432343233,0.900990099009901,0.02116905214693232,0.056662169658804405,cleveland,11,19f9a06a8f411f2cb0bfc83a470b8abe9be3e8d2481b8d5686994f21903b99e1
mutual_info,1.0,12,12,gb,none,905927504,0.801980198019802,0.8711177399543779,0.15176185899545816,0.10758162614174402,0.08971202422662485,0.06122934146961623,0.04436180332331094,0.331726695178675,0.2427749634602787,1.2574257425742574,0.900990099009901,0.06981283154839346,0.09477054145103364,cleveland,12,19f9a06a8f411f2cb0bfc83a470b8abe9be3e8d2481b8d5686994f21903b99e1
mutual_info,0.75,9,12,gb,none,905927504,0.7755775577557755,0.8594490261449377,0.1610707333506417,0.12416038927338753,0.10737683653750194,0.037733282481566266,0.02150142317955299,0.32208353011585944,0.26963915710683123,1.283828382838284,0.900990099009901,0.0546491842658392,0.1061255629649755,cleveland,12,19f9a06a8f411f2cb0bfc83a470b8abe9be3e8d2481b8d5686994f21903b99e1
mutual_info,0.5,6,12,gb,none,905927504,0.8118811881188119,0.8651956483593614,0.14971523546063417,0.11101460451328686,0.09716779212055936,0.01651093312992613,0.006789273451264399,0.3276520739073263,0.2664681513496342,1.273927392739274,0.900990099009901,0.00915824241817631,0.09932390914216979,cleveland,12,19f9a06a8f411f2cb0bfc83a470b8abe9be3e8d2481b8d5686994f21903b99e1
mutual_info,0.33,4,12,gb,none,905927504,0.8283828382838284,0.8758773469029655,0.1311316958300343,0.08595524303146794,0.10861623585993041,0.05671243325705566,0.008868975954625616,0.3433150901926513,0.2614721293324494,1.2013201320132014,0.900990099009901,0.03948553698328494,0.0792314884357861,cleveland,12,19f9a06a8f411f2cb0bfc83a470b8abe9be3e8d2481b8d5686994f21903b99e1
mutual_info,0.25,3,12,gb,none,905927504,0.7887788778877888,0.8560712405685208,0.15191734930701367,0.05953599329963297,0.12142635724042995,0.057180905161454465,0.005526676683654183,0.33015164847057155,0.2510438356439921,1.3036303630363035,0.900990099009901,0.02432188970073057,0.05053198885228102,cleveland,12,19f9a06a8f411f2cb0bfc83a470b8abe9be3e8d2481b8d5686994f21903b99e1
mutual_info,1.0,12,12,gb,none,709365301,0.7854785478547854,0.8757238111949466,0.15644429585881037,0.11298495079207214,0.08899713838479587,0.04640859394863961,0.03326180123104,0.32751369308229306,0.2627241650988972,1.2541254125412542,0.900990099009901,0.08497647883094794,0.09820660511328755,cleveland,13,19f9a06a8f411f2cb0bfc83a470b8abe9be3e8d2481b8d5686994f21903b99e1
mutual_info,0.75,9,12,gb,none,709365301,0.7986798679867987,0.8798034742937356,0.14938680136274188,0.10100034377323001,0.08925057577895637,0.008731248410882464,0.018111854699208785,0.3299001822402741,0.267395627304904,1.221122112211221,0.900990099009901,0.03948553698328494,0.07905083183554405,cleveland,13,19f9a06a8f411f2cb0bfc83a470b8abe9be3e8d2481b8d5686994f21903b99e1
mutual_info,0.5,6,12,gb,none,709365301,0.7887788778877888,0.8665336023863836,0.14885323257820596,0.08428268797089752,0.0977276511313457,0.047451690821256,0.0040127708855117045,0.32836999393924104,0.2466902404542791,1.221122112211221,0.900990099009901,0.06981283154839346,0.07010398112550367,cleveland,13,19f9a06a8f411f2cb0bfc83a470b8abe9be3e8d2481b8d5686994f21903b99e1
mutual_info,0.33,4,12,gb,none,709365301,0.768976897689769,0.8386997718898053,0.16475111519925595,0.10247242713665485,0.11431604440035405,0.0004417747266718397,0.011687597454414417,0.30828097223971923,0.27886046117669694,1.3333333333333333,0.900990099009901,0.06981283154839346,0.10856864401469363,cleveland,13,19f9a06a8f411f2cb0bfc83a470b8abe9be3e8d2481b8d5686994f21903b99e1
mutual_info,0.25,3,12,gb,none,709365301,0.7821782178217822,0.8353000526408142,0.16316742481514554,0.10260528370055906,0.13336192621178444,0.009911645054665685,0.021789562332597615,0.3134043337238681,0.27937239060990543,1.386138613861386,0.900990099009901,0.03948553698328494,0.08910923255863766,cleveland,13,19f9a06a8f411f2cb0bfc83a470b8abe9be3e8d2481b8d5686994f21903b99e1
mutual_info,1.0,12,12,gb,none,2501461347,0.801980198019802,0.8539217406562554,0.1578382535831539,0.11024041936982559,0.12030259537474805,0.018815153826595488,0.004147211146461022,0.3281215805263499,0.2644680198344936,1.2574257425742574,0.900990099009901,0.02432188970073057,0.10721539036315575,cleveland,14,19f9a06a8f411f2cb0bfc83a470b8abe9be3e8d2481b8d5686994f21903b99e1
mutual_info,0.75,9,12,gb,none,2501461347,0.7953795379537953,0.8530005264081417,0.15956523775696474,0.11325112019283695,0.11979441175636381,0.010228832951944988,0.02357850392305022,0.32535318602972596,0.2592184425471722,1.2607260726072607,0.900990099009901,0.02432188970073057,0.10866377199352013,cleveland,14,19f9a06a8f411f2cb0bfc83a470b8abe9be3e8d2481b8d5686994f21903b99e1
mutual_info,0.5,6,12,gb,none,2501461347,0.7953795379537953,0.8450386032637305,0.16334237471436464,0.12148956878773305,0.11348187705268706,0.0532767607424357,0.00883231721793526,0.32264756259845895,0.26253746148935764,1.3795379537953796,0.900990099009901,0.08497647883094794,0.11808000621711913,cleveland,14,19f9a06a8f411f2cb0bfc83a470b8abe9be3e8d2481b8d5686994f21903b99e1
mutual_info,0.33,4,12,gb,none,2501461347,0.7986798679867987,0.8408492718020705,0.15584373008225183,0.07936221614131918,0.135142813525347,0.07699847444698704,0.017207520000884477,0.3249947236984449,0.2502199766627733,1.3465346534653466,0.900990099009901,0.0546491842658392,0.08261142727537601,cleveland,14,19f9a06a8f411f2cb0bfc83a470b8abe9be3e8d2481b8d5686994f21903b99e1
mutual_info,0.25,3,12,gb,none,2501461347,0.8151815181518152,0.8514871030005263,0.15000933888676607,0.07127604280044912,0.13885753720347666,0.063497965929316,0.016102637400532208,0.3348594355185009,0.26099298813953514,1.3201320132013201,0.900990099009901,0.03948553698328494,0.06990418236617815,cleveland,14,19f9a06a8f411f2cb0bfc83a470b8abe9be3e8d2481b8d5686994f21903b99e1
mutual_info,1.0,12,12,gb,none,2098553433,0.7953795379537953,0.8640550973855062,0.15441923355333975,0.11698889735278198,0.09754826715883508,0.058140096618357395,0.009011658237782882,0.32627206422210975,0.25104859348225206,1.3036303630363035,0.900990099009901,0.0546491842658392,0.10612264151346343,cleveland,15,19f9a06a8f411f2cb0bfc83a470b8abe9be3e8d2481b8d5686994f21903b99e1
mutual_info,0.75,9,12,gb,none,2098553433,0.7887788778877888,0.8685734339357782,0.15697518597204885,0.10598584061967835,0.08925524725163761,0.024049071955250412,0.006882579021668389,0.32450250490226945,0.26194745694063165,1.2871287128712872,0.900990099009901,0.02432188970073057,0.10517722294510504,cleveland,15,19f9a06a8f411f2cb0bfc83a470b8abe9be3e8d2481b8d5686994f21903b99e1
mutual_info,0.5,6,12,gb,none,2098553433,0.7953795379537953,0.864669240217582,0.1524981454091425,0.09187687839620397,0.10911150058308605,0.02903127383676596,0.038988569048055394,0.32774081972303154,0.2573922042317207,1.2673267326732673,0.900990099009901,0.03948553698328494,0.10350893044525133,cleveland,15,19f9a06a8f411f2cb0bfc83a470b8abe9be3e8d2481b8d5686994f21903b99e1
mutual_info,0.33,4,12,gb,none,2098553433,0.7821782178217822,0.8469687664502544,0.15517611791291988,0.08724969829899158,0.12679122559208783,0.11027587083651158,0.0292966350477981,0.32466169236057424,0.23224343275388806,1.2640264026402641,0.900990099009901,0.08497647883094794,0.0674693079075277,cleveland,15,19f9a06a8f411f2cb0bfc83a470b8abe9be3e8d2481b8d5686994f21903b99e1
mutual_info,0.25,3,12,gb,none,2098553433,0.7788778877887789,0.8516406387085452,0.15459674140915802,0.07622547238488211,0.12197717964197177,0.093095601322146,0.025856525989231452,0.32593604308508844,0.22945801893663545,1.297029702970297,0.9042904290429042,0.06495846261635463,0.07163204638638349,cleveland,15,19f9a06a8f411f2cb0bfc83a470b8abe9be3e8d2481b8d5686994f21903b99e1
mutual_info,1.0,12,12,gb,none,2203264296,0.8085808580858086,0.8584839445516756,0.15902913217980888,0.11587147237152351,0.10419912380229437,0.045386473429951724,0.04676442011832779,0.3238454908742384,0.24322624502500487,1.2871287128712872,0.900990099009901,0.03948553698328494,0.12300798394638415,cleveland,16,19f9a06a8f411f2cb0bfc83a470b8abe9be3e8d2481b8d5686994f21903b99e1
mutual_info,0.75,9,12,gb,none,2203264296,0.7953795379537953,0.8567731180908932,0.1627587123387317,0.11046909625699433,0.10367036248091667,0.0217709127892195,0.015448178153933262,0.32289936132641,0.24614754979684958,1.3102310231023102,0.900990099009901,0.03948553698328494,0.11529071954959876,cleveland,16,19f9a06a8f411f2cb0bfc83a470b8abe9be3e8d2481b8d5686994f21903b99e1
mutual_info,0.5,6,12,gb,none,2203264296,0.801980198019802,0.8596244955255307,0.15599923962404408,0.11093226153780276,0.10769101742182992,0.03167175184337645,0.0002679605878055935,0.3329151400404331,0.27331340173503016,1.2904290429042904,0.900990099009901,0.02432188970073057,0.10181780860678416,cleveland,16,19f9a06a8f411f2cb0bfc83a470b8abe9be3e8d2481b8d5686994f21903b99e1
mutual_info,0.33,4,12,gb,none,2203264296,0.7524752475247525,0.821394104228812,0.17730271712726764,0.12220283209310259,0.15031100157246627,0.042459318586321015,0.0067853326606237,0.3119719362883043,0.25537303882275275,1.3663366336633664,0.900990099009901,0.00915824241817631,0.12385514728959571,cleveland,16,19f9a06a8f411f2cb0bfc83a470b8abe9be3e8d2481b8d5686994f21903b99e1
mutual_info,0.25,3,12,gb,none,2203264296,0.7623762376237624,0.8144849973679592,0.17615443657643512,0.11254823766786681,0.1625028113416358,0.035906432748538,0.033779900462062015,0.3048310096220102,0.2715968388562221,1.3663366336633664,0.900990099009901,0.02116905214693232,0.10415808660308137,cleveland,16,19f9a06a8f411f2cb0bfc83a470b8abe9be3e8d2481b8d5686994f21903b99e1
mutual_info,1.0,12,12,gb,none,736276969,0.8085808580858086,0.8856378311984558,0.1397665742167851,0.09595433284081333,0.08027997530808166,0.021837020086448056,0.00280912080229713,0.34017664939095044,0.2741681607451465,1.1848184818481848,0.900990099009901,0.03948553698328494,0.07326498828698003,cleveland,17,19f9a06a8f411f2cb0bfc83a470b8abe9be3e8d2481b8d5686994f21903b99e1
mutual_info,0.75,9,12,gb,none,736276969,0.8118811881188119,0.8756360765046499,0.1489705602184132,0.11279610001675466,0.08829778767779045,0.004340198321891697,0.00508401016948265,0.33150989591012114,0.28181627373736984,1.2673267326732673,0.900990099009901,0.00915824241817631,0.107764928232256,cleveland,17,19f9a06a8f411f2cb0bfc83a470b8abe9be3e8d2481b8d5686994f21903b99e1
mutual_info,0.5,6,12,gb,none,736276969,0.8184818481848185,0.8792112651342341,0.13803574568359706,0.08438117191806423,0.08762444798627872,0.05441965420798367,0.009731997805454126,0.34128921845979115,0.26156579846813527,1.221122112211221,0.900990099009901,0.0546491842658392,0.07740840463175197,cleveland,17,19f9a06a8f411f2cb0bfc83a470b8abe9be3e8d2481b8d5686994f21903b99e1
mutual_info,0.33,4,12,gb,none,736276969,0.801980198019802,0.8693191788032988,0.14570990831725122,0.08986251474880677,0.10207044224229374,0.05648360030511057,0.02805328128865686,0.3285264442610671,0.2535133028816695,1.2376237623762376,0.900990099009901,0.0546491842658392,0.0817659098558252,cleveland,17,19f9a06a8f411f2cb0bfc83a470b8abe9be3e8d2481b8d5686994f21903b99e1
mutual_info,0.25,3,12,gb,none,736276969,0.7986798679867987,0.8558738375153535,0.14767621868602526,0.065632909540274,0.12284971271133674,0.059998093058733715,0.03672360108061089,0.3321106451818296,0.2614388924151074,1.3036303630363035,0.900990099009901,0.0546491842658392,0.06031857272643853,cleveland,17,19f9a06a8f411f2cb0bfc83a470b8abe9be3e8d2481b8d5686994f21903b99e1
mutual_info,1.0,12,12,gb,none,495695056,0.8052805280528053,0.8649324442884717,0.15106643095728714,0.11959412683416508,0.10055351167689294,0.056887871853546934,0.005573750843473668,0.3294430546235117,0.23801149645715222,1.2574257425742574,0.900990099009901,0.06981283154839346,0.11771714479187549,cleveland,18,19f9a06a8f411f2cb0bfc83a470b8abe9be3e8d2481b8d5686994f21903b99e1
mutual_info,0.75,9,12,gb,none,495695056,0.7986798679867987,0.871293209334971,0.15526756013766801,0.10746388610434549,0.0920319468708561,0.049881769641495044,0.019987830231967388,0.3287656035333284,0.24833659178927533,1.2673267326732673,0.900990099009901,0.0546491842658392,0.11040074181263021,cleveland,18,19f9a06a8f411f2cb0bfc83a470b8abe9be3e8d2481b8d5686994f21903b99e1
mutual_info,0.5,6,12,gb,none,495695056,0.8217821782178217,0.8718196174767504,0.14163475235197848,0.10106561838862455,0.09461145840134737,0.028364480040681372,0.008189047780260597,0.33567955988963893,0.28310955763326695,1.2112211221122111,0.900990099009901,0.03948553698328494,0.09152334021604361,cleveland,18,19f9a06a8f411f2cb0bfc83a470b8abe9be3e8d2481b8d5686994f21903b99e1
mutual_info,0.33,4,12,gb,none,495695056,0.7854785478547854,0.8627171433584839,0.15349313283075275,0.0925198121048415,0.11013887021351908,0.057170734808034473,0.022425419365362506,0.32697119229659766,0.2644677246624225,1.2805280528052805,0.900990099009901,0.00915824241817631,0.07872577834867722,cleveland,18,19f9a06a8f411f2cb0bfc83a470b8abe9be3e8d2481b8d5686994f21903b99e1
mutual_info,0.25,3,12,gb,none,495695056,0.8184818481848185,0.8609624495525532,0.14479950713323067,0.08050193996316322,0.13216240189208717,0.06888253241800146,0.030923920907874602,0.3385968780120521,0.2589273483309372,1.3432343234323432,0.9042904290429042,0.019467520768691737,0.0777896988412208,cleveland,18,19f9a06a8f411f2cb0bfc83a470b8abe9be3e8d2481b8d5686994f21903b99e1
mutual_info,1.0,12,12,gb,none,124491874,0.7920792079207921,0.8703281277417091,0.15569413464398366,0.09855539078776995,0.09309756563614,0.033273582506992194,0.0028335697270125693,0.32901829348361716,0.2675494683844004,1.2706270627062706,0.900990099009901,0.0546491842658392,0.09986469514770252,cleveland,19,19f9a06a8f411f2cb0bfc83a470b8abe9be3e8d2481b8d5686994f21903b99e1
mutual_info,0.75,9,12,gb,none,124491874,0.7821782178217822,0.8620371995086857,0.1612727797849981,0.1270016455482779,0.09564941617380826,0.02150648360030516,0.007322845990715726,0.32393113757984726,0.26384447523707744,1.283828382838284,0.900990099009901,0.06981283154839346,0.1024505249189706,cleveland,19,19f9a06a8f411f2cb0bfc83a470b8abe9be3e8d2481b8d5686994f21903b99e1
mutual_info,0.5,6,12,gb,none,124491874,0.7821782178217822,0.8779829794700825,0.1496874910969741,0.095953386393019,0.08560062529987796,0.04502351894228329,0.010273515588335252,0.33848974930123665,0.2749458807110623,1.2409240924092408,0.900990099009901,0.02432188970073057,0.0823722151395904,cleveland,19,19f9a06a8f411f2cb0bfc83a470b8abe9be3e8d2481b8d5686994f21903b99e1
mutual_info,0.33,4,12,gb,none,124491874,0.7557755775577558,0.8411344095455343,0.1727807535604952,0.11208287233921557,0.11800710415724479,0.12009788965166546,0.05216911211687458,0.3126725246668653,0.22106181822525017,1.306930693069307,0.900990099009901,0.0546491842658392,0.10256494527893108,cleveland,19,19f9a06a8f411f2cb0bfc83a470b8abe9be3e8d2481b8d5686994f21903b99e1
mutual_info,0.25,3,12,gb,none,124491874,0.7755775577557755,0.8270749254255133,0.16715856365835371,0.07748391273415894,0.1500653961957359,0.1265242817187897,0.04219736846381632,0.3140885082255154,0.20948286154321819,1.3663366336633664,0.900990099009901,0.1001401261135022,0.08433800874264867,cleveland,19,19f9a06a8f411f2cb0bfc83a470b8abe9be3e8d2481b8d5686994f21903b99e1
mutual_info,1.0,12,12,gb,none,2087860877,0.7788778877887789,0.8576943323390068,0.16262801696587698,0.10731742486306839,0.10692146326231429,0.02925502161200111,0.02023470690665735,0.32305304401536744,0.26518732710916304,1.2871287128712872,0.900990099009901,0.0546491842658392,0.11466172029197846,cleveland,20,19f9a06a8f411f2cb0bfc83a470b8abe9be3e8d2481b8d5686994f21903b99e1
mutual_info,0.75,9,12,gb,none,2087860877,0.7821782178217822,0.8495350061414284,0.16460193683311655,0.11134464812175131,0.10917918428686416,0.05372743452834983,0.03289523110822801,0.32005255083672457,0.25447222081320886,1.3135313531353134,0.900990099009901,0.0546491842658392,0.10628916631966516,cleveland,20,19f9a06a8f411f2cb0bfc83a470b8abe9be3e8d2481b8d5686994f21903b99e1
mutual_info,0.5,6,12,gb,none,2087860877,0.8085808580858086,0.8750877346902965,0.14314272671668815,0.07999882274724993,0.09646282529831277,0.05136409865242808,0.0019121849277524555,0.34148758622929054,0.26999915893589727,1.2541254125412542,0.900990099009901,0.06981283154839346,0.07549651692136958,cleveland,20,19f9a06a8f411f2cb0bfc83a470b8abe9be3e8d2481b8d5686994f21903b99e1
mutual_info,0.33,4,12,gb,none,2087860877,0.8151815181518152,0.8577820670293034,0.14532687078063203,0.09806367027608395,0.12902060686316968,0.06539600813628277,0.022844669761909353,0.3370098697444307,0.2625216101125151,1.2574257425742574,0.900990099009901,0.06981283154839346,0.09157570228015485,cleveland,20,19f9a06a8f411f2cb0bfc83a470b8abe9be3e8d2481b8d5686994f21903b99e1
mutual_info,0.25,3,12,gb,none,2087860877,0.7887788778877888,0.8174899105106159,0.16924554719755489,0.11064440467103163,0.15741585580175274,0.07928426137808287,0.017768724888138604,0.3132270163193347,0.23724817478093396,1.4059405940594059,0.900990099009901,0.0546491842658392,0.09510972211606523,cleveland,20,19f9a06a8f411f2cb0bfc83a470b8abe9be3e8d2481b8d5686994f21903b99e1
mutual_info,1.0,12,12,gb,none,2275495984,0.7821782178217822,0.8556764344621863,0.1691709134586734,0.13144570909042527,0.09725748717507689,0.043798627002288315,0.017067971910728952,0.3148912327559219,0.23947365784841546,1.3201320132013201,0.900990099009901,0.0546491842658392,0.124985783575883,cleveland,21,19f9a06a8f411f2cb0bfc83a470b8abe9be3e8d2481b8d5686994f21903b99e1
mutual_info,0.75,9,12,gb,none,2275495984,0.7953795379537953,0.8651079136690647,0.15661687849072586,0.09995592456015595,0.09720043021538871,0.014877955758962669,0.017486989392326263,0.3227475761221754,0.26760520512601615,1.2904290429042904,0.900990099009901,0.00600540486437795,0.10052367592463307,cleveland,21,19f9a06a8f411f2cb0bfc83a470b8abe9be3e8d2481b8d5686994f21903b99e1
mutual_info,0.5,6,12,gb,none,2275495984,0.7821782178217822,0.8682444288471662,0.14808918987375963,0.09980433353850734,0.09602843805235402,0.0175750063564708,0.0011758663596817265,0.3333008785531129,0.28419129668192455,1.2475247524752475,0.900990099009901,0.03948553698328494,0.07602171730779117,cleveland,21,19f9a06a8f411f2cb0bfc83a470b8abe9be3e8d2481b8d5686994f21903b99e1
mutual_info,0.33,4,12,gb,none,2275495984,0.7722772277227723,0.8618397964555186,0.15287620473622882,0.08748662430725859,0.10805721872005863,0.09232329010933138,0.03430819580653291,0.3268503834365545,0.24123033358605595,1.2508250825082508,0.900990099009901,0.03948553698328494,0.07290818799291815,cleveland,21,19f9a06a8f411f2cb0bfc83a470b8abe9be3e8d2481b8d5686994f21903b99e1
mutual_info,0.25,3,12,gb,none,2275495984,0.7722772277227723,0.8358483944551676,0.1647543878168079,0.07544158585127295,0.13938855932099598,0.11218535469107549,0.009077290111371206,0.31827576687242876,0.23434103495521255,1.3498349834983498,0.900990099009901,0.08497647883094794,0.07468095985334688,cleveland,21,19f9a06a8f411f2cb0bfc83a470b8abe9be3e8d2481b8d5686994f21903b99e1
mutual_info,1.0,12,12,gb,none,1732945872,0.7854785478547854,0.8629145464116511,0.16114442591177638,0.10514786869755313,0.0993081867831222,0.031071700991609497,0.006727114728988626,0.3244790254065357,0.2795913576900414,1.2805280528052805,0.900990099009901,0.06981283154839346,0.10067775305203007,cleveland,22,19f9a06a8f411f2cb0bfc83a470b8abe9be3e8d2481b8d5686994f21903b99e1
mutual_info,0.75,9,12,gb,none,1732945872,0.7524752475247525,0.8490963326899456,0.17295477933593376,0.1328105098513294,0.10988744688433127,0.01759216882786685,0.01724818644632503,0.3132110309325801,0.2806726833049272,1.3036303630363035,0.900990099009901,0.03948553698328494,0.11923567735908208,cleveland,22,19f9a06a8f411f2cb0bfc83a470b8abe9be3e8d2481b8d5686994f21903b99e1
mutual_info,0.5,6,12,gb,none,1732945872,0.7821782178217822,0.8494472714511319,0.15927103030899717,0.10672708630034551,0.11679251953655984,0.026436562420544263,0.01420517885194962,0.31918948422193266,0.2597210390271594,1.2937293729372936,0.900990099009901,0.03948553698328494,0.09306800659556973,cleveland,22,19f9a06a8f411f2cb0bfc83a470b8abe9be3e8d2481b8d5686994f21903b99e1
mutual_info,0.33,4,12,gb,none,1732945872,0.7887788778877888,0.8653711177399543,0.15053495264037453,0.07445509364916945,0.11030581412793694,0.03938151538265955,0.01411176477422188,0.33466241170106625,0.27243774564243195,1.2772277227722773,0.900990099009901,0.03948553698328494,0.08399777163612555,cleveland,22,19f9a06a8f411f2cb0bfc83a470b8abe9be3e8d2481b8d5686994f21903b99e1
mutual_info,0.25,3,12,gb,none,1732945872,0.7887788778877888,0.8281058080364976,0.1627502170085379,0.0862062719841829,0.142482730509432,0.10596173404525822,0.01900120356722626,0.31746068070647887,0.2533094992537703,1.3828382838283828,0.900990099009901,0.08497647883094794,0.07313826933349979,cleveland,22,19f9a06a8f411f2cb0bfc83a470b8abe9be3e8d2481b8d5686994f21903b99e1
mutual_info,1.0,12,12,gb,none,3776955786,0.7788778877887789,0.8406738024214775,0.17394977018248914,0.12728252567880588,0.11544180722767686,0.03577930333079071,0.01966494059782717,0.3121779875543093,0.2460777621803064,1.33003300330033,0.900990099009901,0.0546491842658392,0.13360114543849838,cleveland,23,19f9a06a8f411f2cb0bfc83a470b8abe9be3e8d2481b8d5686994f21903b99e1
mutual_info,0.75,9,12,gb,none,3776955786,0.7557755775577558,0.840937006492367,0.17765306873171235,0.14097144965877006,0.1145694576735918,0.04237096364098669,0.0426675356360702,0.30491788882233695,0.24723232999105757,1.33003300330033,0.900990099009901,0.02432188970073057,0.12423551514450004,cleveland,23,19f9a06a8f411f2cb0bfc83a470b8abe9be3e8d2481b8d5686994f21903b99e1
mutual_info,0.5,6,12,gb,none,3776955786,0.7986798679867987,0.8534611335321985,0.15760434050922478,0.12277437482296696,0.11235355212037726,0.05117340452580721,0.02385722350731978,0.3274096116107381,0.2561780416172206,1.2673267326732673,0.900990099009901,0.03948553698328494,0.11847483212478116,cleveland,23,19f9a06a8f411f2cb0bfc83a470b8abe9be3e8d2481b8d5686994f21903b99e1
mutual_info,0.33,4,12,gb,none,3776955786,0.7788778877887789,0.8574969292858396,0.15688615675999257,0.09994593192855347,0.12923278929137433,0.09704932621408602,0.026511483175023234,0.3291437433694454,0.24483142821665216,1.231023102310231,0.900990099009901,0.06981283154839346,0.07918430917133217,cleveland,23,19f9a06a8f411f2cb0bfc83a470b8abe9be3e8d2481b8d5686994f21903b99e1
mutual_info,0.25,3,12,gb,none,3776955786,0.7953795379537953,0.8354097210036848,0.1650642500870089,0.09725700608932557,0.1562574865767657,0.07005466564963114,0.05054252220506304,0.32827477950740946,0.268514590021382,1.3828382838283828,0.900990099009901,0.0546491842658392,0.09762462534928035,cleveland,23,19f9a06a8f411f2cb0bfc83a470b8abe9be3e8d2481b8d5686994f21903b99e1
mutual_info,1.0,12,12,gb,none,2907203185,0.7920792079207921,0.8815143007545184,0.1440599481564863,0.08894543055677617,0.08302666574393393,0.025588609204169832,0.01068055463040335,0.33624081629683733,0.2870661730078292,1.231023102310231,0.900990099009901,0.03948553698328494,0.08496037345382884,cleveland,24,19f9a06a8f411f2cb0bfc83a470b8abe9be3e8d2481b8d5686994f21903b99e1
mutual_info,0.75,9,12,gb,none,2907203185,0.7986798679867987,0.8691437094227058,0.14843706184129793,0.0972873082618208,0.09406176454053314,0.009841088227816042,0.03528197153336915,0.3289807524495992,0.2780698198705213,1.2541254125412542,0.900990099009901,0.02432188970073057,0.09295420676241312,cleveland,24,19f9a06a8f411f2cb0bfc83a470b8abe9be3e8d2481b8d5686994f21903b99e1
mutual_info,0.5,6,12,gb,none,2907203185,0.7986798679867987,0.872916301105457,0.14566782911825685,0.08735987216097996,0.09443300529867486,0.015342613780828906,0.01877169258443917,0.33749272041238787,0.2781879425144394,1.2343234323432344,0.900990099009901,0.03948553698328494,0.07467827360101187,cleveland,24,19f9a06a8f411f2cb0bfc83a470b8abe9be3e8d2481b8d5686994f21903b99e1
mutual_info,0.33,4,12,gb,none,2907203185,0.7986798679867987,0.8689901737146868,0.14700226071324338,0.07304614618172604,0.10002974820339926,0.08885138571065343,0.004744459412339946,0.3370345647824287,0.24859531959251274,1.2772277227722773,0.900990099009901,0.06981283154839346,0.07863995542415401,cleveland,24,19f9a06a8f411f2cb0bfc83a470b8abe9be3e8d2481b8d5686994f21903b99e1
mutual_info,0.25,3,12,gb,none,2907203185,0.7557755775577558,0.837537287243376,0.16452826104462626,0.09415044474905274,0.13349350043285613,0.11966628527841361,0.016083631350764793,0.3168544416963552,0.22481085141064272,1.3267326732673268,0.900990099009901,0.0546491842658392,0.07699162372277019,cleveland,24,19f9a06a8f411f2cb0bfc83a470b8abe9be3e8d2481b8d5686994f21903b99e1
mutual_info,1.0,12,12,gb,none,1906413883,0.7986798679867987,0.8698017195999298,0.1529255176813296,0.1197825626395114,0.10067907351877096,0.017076023391813022,0.03795956885760331,0.32503657465572733,0.27064034102783485,1.2772277227722773,0.900990099009901,0.0546491842658392,0.11040876694795922,cleveland,25,19f9a06a8f411f2cb0bfc83a470b8abe9be3e8d2481b8d5686994f21903b99e1
mutual_info,0.75,9,12,gb,none,1906413883,0.7821782178217822,0.8506755571152834,0.16400751103355973,0.1318176838455028,0.11713222362415493,0.011041189931350281,0.0025705544837307803,0.3141530992489755,0.26895265909765487,1.3201320132013201,0.900990099009901,0.0546491842658392,0.1081981989444546,cleveland,25,19f9a06a8f411f2cb0bfc83a470b8abe9be3e8d2481b8d5686994f21903b99e1
mutual_info,0.5,6,12,gb,none,1906413883,0.7986798679867987,0.8540752763642745,0.15355891201398375,0.10206058716278911,0.11352788104126235,0.020634375794558846,0.05114317157292597,0.32493641475316726,0.30013114839077426,1.2541254125412542,0.900990099009901,0.00600540486437795,0.08101559961627758,cleveland,25,19f9a06a8f411f2cb0bfc83a470b8abe9be3e8d2481b8d5686994f21903b99e1
mutual_info,0.33,4,12,gb,none,1906413883,0.7953795379537953,0.8504342867169679,0.15808034559808828,0.08965115660482531,0.13071027383713585,0.06861047546402244,0.009690018973099665,0.3239107580003166,0.2540295573384659,1.2772277227722773,0.900990099009901,0.06981283154839346,0.08641527062093601,cleveland,25,19f9a06a8f411f2cb0bfc83a470b8abe9be3e8d2481b8d5686994f21903b99e1
mutual_info,0.25,3,12,gb,none,1906413883,0.768976897689769,0.8384365678189156,0.16372205681032895,0.06799047660284292,0.12687764246990357,0.05714975845410619,0.0005794183255068697,0.3182119642617377,0.2590571909555564,1.3696369636963697,0.9075907590759076,0.060104093684315796,0.06711998111356916,cleveland,25,19f9a06a8f411f2cb0bfc83a470b8abe9be3e8d2481b8d5686994f21903b99e1
mutual_info,1.0,12,12,gb,none,121576295,0.7887788778877888,0.866116862607475,0.1584691357001672,0.11722706945108889,0.09024916515555402,0.0051563691838290016,0.008041644458028657,0.3200282913895019,0.267980482507319,1.297029702970297,0.900990099009901,0.02432188970073057,0.11789493217182316,cleveland,26,19f9a06a8f411f2cb0bfc83a470b8abe9be3e8d2481b8d5686994f21903b99e1
mutual_info,0.75,9,12,gb,none,121576295,0.7755775577557755,0.8642305667660993,0.15769312576188968,0.11879999428535748,0.09544788297713039,0.02214975845410616,0.0018445030925449413,0.3196847791632262,0.2643129475225857,1.2607260726072607,0.900990099009901,0.02432188970073057,0.09683028165959953,cleveland,26,19f9a06a8f411f2cb0bfc83a470b8abe9be3e8d2481b8d5686994f21903b99e1
mutual_info,0.5,6,12,gb,none,121576295,0.7854785478547854,0.855457097736445,0.16229833104796695,0.10566304739625429,0.10181939707990088,0.03449911009407569,0.01309842407064224,0.3201112364005709,0.26829088875878127,1.3003300330033003,0.900990099009901,0.0546491842658392,0.10791940517272432,cleveland,26,19f9a06a8f411f2cb0bfc83a470b8abe9be3e8d2481b8d5686994f21903b99e1
mutual_info,0.33,4,12,gb,none,121576295,0.8085808580858086,0.8693191788032989,0.14358762993125235,0.07466831833431016,0.10571669630373284,0.016152428171879007,0.018221851318995855,0.3340796825844405,0.27489378446278934,1.2475247524752475,0.900990099009901,0.02432188970073057,0.07743219981659949,cleveland,26,19f9a06a8f411f2cb0bfc83a470b8abe9be3e8d2481b8d5686994f21903b99e1
mutual_info,0.25,3,12,gb,none,121576295,0.7953795379537953,0.8276013335672925,0.1639165287899812,0.09053315687513222,0.16096835880212598,0.04571446732773965,0.000977153146168988,0.3204576528750465,0.26493638681127485,1.3498349834983498,0.900990099009901,0.03948553698328494,0.08927457133976557,cleveland,26,19f9a06a8f411f2cb0bfc83a470b8abe9be3e8d2481b8d5686994f21903b99e1
mutual_info,1.0,12,12,gb,none,4271639163,0.7854785478547854,0.8591858220740481,0.16049748110239564,0.11662242649160742,0.10298484717028672,0.023343503686753087,0.011823149792153181,0.32481259005004337,0.2607316512188206,1.3003300330033003,0.900990099009901,0.03948553698328494,0.10701124676162208,cleveland,27,19f9a06a8f411f2cb0bfc83a470b8abe9be3e8d2481b8d5686994f21903b99e1
mutual_info,0.75,9,12,gb,none,4271639163,0.7854785478547854,0.852868924372697,0.16694277607504263,0.11610679520042368,0.10380266027918741,0.010826341215357194,0.027667423064139163,0.3170058137314316,0.2672137967175119,1.3333333333333333,0.900990099009901,0.0546491842658392,0.120007732507463,cleveland,27,19f9a06a8f411f2cb0bfc83a470b8abe9be3e8d2481b8d5686994f21903b99e1
mutual_info,0.5,6,12,gb,none,4271639163,0.8151815181518152,0.8624539392875942,0.14771534580393958,0.10810282107307657,0.10107154789770982,0.08177854055428435,0.05721705001007578,0.329909503946078,0.24898895038744356,1.3036303630363035,0.900990099009901,0.08497647883094794,0.10778826442492351,cleveland,27,19f9a06a8f411f2cb0bfc83a470b8abe9be3e8d2481b8d5686994f21903b99e1
mutual_info,0.33,4,12,gb,none,4271639163,0.8184818481848185,0.8862081066853834,0.12819901794549796,0.05057945279420313,0.0946635661890843,0.05156623442664643,0.01717402953934699,0.34536108633283025,0.2644639631319964,1.188118811881188,0.900990099009901,0.08497647883094794,0.04071942092533594,cleveland,27,19f9a06a8f411f2cb0bfc83a470b8abe9be3e8d2481b8d5686994f21903b99e1
mutual_info,0.25,3,12,gb,none,4271639163,0.7953795379537953,0.86078698017196,0.14753271957545555,0.07220873357598258,0.12478644851444207,0.10294050343249417,0.04951495926971082,0.3335561184806407,0.23781401534302815,1.3036303630363035,0.900990099009901,0.03948553698328494,0.05981032665777743,cleveland,27,19f9a06a8f411f2cb0bfc83a470b8abe9be3e8d2481b8d5686994f21903b99e1
mutual_info,1.0,12,12,gb,none,1112777802,0.7920792079207921,0.8735304439375329,0.149328324189768,0.10693732193640872,0.09316704663236478,0.02145817442156117,0.015809924833998484,0.3334571667528744,0.283182812971015,1.2409240924092408,0.900990099009901,0.0546491842658392,0.09177637621306677,cleveland,28,19f9a06a8f411f2cb0bfc83a470b8abe9be3e8d2481b8d5686994f21903b99e1
mutual_info,0.75,9,12,gb,none,1112777802,0.801980198019802,0.8800666783646255,0.1441148516187737,0.11498750733536396,0.08554230294530599,0.002363335875921746,0.00039699478321719717,0.3355295731341987,0.29090919903261836,1.2574257425742574,0.900990099009901,0.00915824241817631,0.08993203708994327,cleveland,28,19f9a06a8f411f2cb0bfc83a470b8abe9be3e8d2481b8d5686994f21903b99e1
mutual_info,0.5,6,12,gb,none,1112777802,0.7920792079207921,0.86015090366731,0.1571635490719116,0.11055683459567932,0.1171505110030186,0.03763602847698966,0.02452786671646065,0.3287737681100808,0.27357094021976924,1.2475247524752475,0.900990099009901,0.03948553698328494,0.09594495686925217,cleveland,28,19f9a06a8f411f2cb0bfc83a470b8abe9be3e8d2481b8d5686994f21903b99e1
mutual_info,0.33,4,12,gb,none,1112777802,0.7854785478547854,0.8557861028250571,0.14999694534489044,0.07612963876580008,0.11910561258574823,0.026824942791762063,0.0023526185217909584,0.33031976993792683,0.2831981363781718,1.2442244224422443,0.900990099009901,0.03948553698328494,0.05442803083657065,cleveland,28,19f9a06a8f411f2cb0bfc83a470b8abe9be3e8d2481b8d5686994f21903b99e1
mutual_info,0.25,3,12,gb,none,1112777802,0.7887788778877888,0.854799087559221,0.15051237500426057,0.07183289115751439,0.12557505535884234,0.043752224764810665,0.01719269329416631,0.3298985480597268,0.2697125429111612,1.2871287128712872,0.900990099009901,0.00600540486437795,0.0708241051695576,cleveland,28,19f9a06a8f411f2cb0bfc83a470b8abe9be3e8d2481b8d5686994f21903b99e1
mutual_info,1.0,12,12,gb,none,851079960,0.8085808580858086,0.877434637655729,0.14572782113073798,0.10647395751749406,0.08807246615062936,0.051645054665649726,0.04401751450377543,0.3355004042553175,0.24254324070745908,1.221122112211221,0.900990099009901,0.06981283154839346,0.09348945322405194,cleveland,29,19f9a06a8f411f2cb0bfc83a470b8abe9be3e8d2481b8d5686994f21903b99e1
mutual_info,0.75,9,12,gb,none,851079960,0.7788778877887789,0.8690998420775574,0.1536158679860273,0.125470033399489,0.09032261730067123,0.04227815916603095,0.02458630774468909,0.32557636155153863,0.25812851895697864,1.2409240924092408,0.900990099009901,0.06981283154839346,0.09767701170154171,cleveland,29,19f9a06a8f411f2cb0bfc83a470b8abe9be3e8d2481b8d5686994f21903b99e1
mutual_info,0.5,6,12,gb,none,851079960,0.8184818481848185,0.8690779084049832,0.14530925306512235,0.10698016487584693,0.10067500331484996,0.020383930841596953,0.02323577455337633,0.3336676180504527,0.26182909017967915,1.2178217821782178,0.900990099009901,0.0546491842658392,0.09246197763648484,cleveland,29,19f9a06a8f411f2cb0bfc83a470b8abe9be3e8d2481b8d5686994f21903b99e1
mutual_info,0.33,4,12,gb,none,851079960,0.8118811881188119,0.8765134234076153,0.140884512188986,0.05900148587447962,0.10684596111153108,0.01791126366641249,0.008277944958482775,0.3423412362043258,0.26950535293390643,1.2508250825082508,0.900990099009901,0.02432188970073057,0.04770058852104285,cleveland,29,19f9a06a8f411f2cb0bfc83a470b8abe9be3e8d2481b8d5686994f21903b99e1
mutual_info,0.25,3,12,gb,none,851079960,0.7953795379537953,0.8574530619406914,0.15027396267798995,0.06486604102893391,0.12671350543423132,0.03075896262395117,0.01101132444123927,0.32746505625307964,0.2660063173059523,1.2343234323432344,0.900990099009901,0.00915824241817631,0.04812303353692634,cleveland,29,19f9a06a8f411f2cb0bfc83a470b8abe9be3e8d2481b8d5686994f21903b99e1
rf_importance,1.0,12,12,logistic,none,1956083060,0.8283828382838284,0.8852868924372695,0.13073452502093466,0.07549253496655961,0.08161867161446557,0.016525553012967098,0.00010861666324255004,0.3412900444128631,0.27886628491494964,1.198019801980198,0.900990099009901,0.03948553698328494,0.05803947502978755,cleveland,0,19f9a06a8f411f2cb0bfc83a470b8abe9be3e8d2481b8d5686994f21903b99e1
rf_importance,0.75,9,12,logistic,none,1956083060,0.8250825082508251,0.8847166169503421,0.13075230826020776,0.06101737926478584,0.0833470663252617,0.010049580472921482,0.010173606796340218,0.34223714200832,0.27385199307844565,1.1947194719471947,0.900990099009901,0.03948553698328494,0.05380657968646747,cleveland,0,19f9a06a8f411f2cb0bfc83a470b8abe9be3e8d2481b8d5686994f21903b99e1
rf_importance,0.5,6,12,logistic,none,1956083060,0.834983498349835,0.8887524127039832,0.12768199662264035,0.0693908498427186,0.08480732091295079,0.015704296974319853,0.006364117417507517,0.34536667993963815,0.2823896994661388,1.2145214521452146,0.900990099009901,0.02432188970073057,0.04900031956560355,cleveland,0,19f9a06a8f411f2cb0bfc83a470b8abe9be3e8d2481b8d5686994f21903b99e1
rf_importance,0.33,4,12,logistic,none,1956083060,0.801980198019802,0.855610633444464,0.1460044844708038,0.08071775419553781,0.1162461373724568,0.01799834731756922,0.027413212605016085,0.3305174035251621,0.2821673087555957,1.2376237623762376,0.900990099009901,0.02432188970073057,0.07442720083580243,cleveland,0,19f9a06a8f411f2cb0bfc83a470b8abe9be3e8d2481b8d5686994f21903b99e1
rf_importance,0.25,3,12,logistic,none,1956083060,0.7623762376237624,0.8230171959992981,0.16648379052456627,0.07209161742966014,0.14518974736356596,0.03060513602847703,0.03838637242269087,0.3122052151763691,0.29841492247170753,1.372937293729373,0.900990099009901,0.00915824241817631,0.061757585772361845,cleveland,0,19f9a06a8f411f2cb0bfc83a470b8abe9be3e8d2481b8d5686994f21903b99e1
rf_importance,1.0,12,12,logistic,none,3169794941,0.8415841584158416,0.8935339533251447,0.12440686899451839,0.06663816251756242,0.07313838699098853,0.009068141367912563,0.024009896519577953,0.34532580981266614,0.2806668839248633,1.1683168316831682,0.900990099009901,0.03948553698328494,0.054249647420459304,cleveland,1,19f9a06a8f411f2cb0bfc83a470b8abe9be3e8d2481b8d5686994f21903b99e1
rf_importance,0.75,9,12,logistic,none,3169794941,0.8283828382838284,0.892437269696438,0.12461982846459957,0.055183085830336334,0.08037106914382866,0.004880498347317741,0.030643360412380097,0.3474968546886242,0.27825765527983987,1.174917491749175,0.900990099009901,0.03948553698328494,0.03729741640198491,cleveland,1,19f9a06a8f411f2cb0bfc83a470b8abe9be3e8d2481b8d5686994f21903b99e1
rf_importance,0.5,6,12,logistic,none,3169794941,0.8316831683168316,0.8930075451833656,0.12490398034419477,0.0646995504175708,0.08169941043864291,0.017884566488685416,0.008666684851339368,0.34868770997985205,0.28853098528935933,1.1617161716171618,0.900990099009901,0.03948553698328494,0.04852898777070726,cleveland,1,19f9a06a8f411f2cb0bfc83a470b8abe9be3e8d2481b8d5686994f21903b99e1
rf_importance,0.33,4,12,logistic,none,3169794941,0.8217821782178217,0.8726311633619934,0.136191862722566,0.09366553158896238,0.10574741605194898,0.026656496313246847,0.03526873960099082,0.3410484314726073,0.2783579012528071,1.2442244224422443,0.900990099009901,0.03948553698328494,0.07178140852972786,cleveland,1,19f9a06a8f411f2cb0bfc83a470b8abe9be3e8d2481b8d5686994f21903b99e1
rf_importance,0.25,3,12,logistic,none,3169794941,0.768976897689769,0.8457185471135287,0.15503301916047693,0.07431583061390154,0.12032637369658049,0.012854055428426103,0.04643731887614104,0.32174975244881443,0.2878443929737848,1.33003300330033,0.900990099009901,0.03948553698328494,0.08131560704419544,cleveland,1,19f9a06a8f411f2cb0bfc83a470b8abe9be3e8d2481b8d5686994f21903b99e1
rf_importance,1.0,12,12,logistic,none,2396104890,0.8184818481848185,0.891779259519214,0.12815458074360037,0.05757560907288697,0.07558780276947857,0.03947749809305878,0.047340429094506406,0.34182417526729764,0.2724412731570428,1.165016501650165,0.900990099009901,0.06981283154839346,0.04419357084878266,cleveland,2,19f9a06a8f411f2cb0bfc83a470b8abe9be3e8d2481b8d5686994f21903b99e1
rf_importance,0.75,9,12,logistic,none,2396104890,0.8217821782178217,0.8893665555360589,0.1289307890842493,0.05713021444369338,0.07819580572944523,0.020302568014238576,0.018162647098944884,0.3416889160551933,0.27328847653618427,1.1914191419141915,0.900990099009901,0.06981283154839346,0.04500854652846714,cleveland,2,19f9a06a8f411f2cb0bfc83a470b8abe9be3e8d2481b8d5686994f21903b99e1
rf_importance,0.5,6,12,logistic,none,2396104890,0.8250825082508251,0.8868661168626074,0.13303031050001815,0.06144110068940746,0.0835099630824733,0.006318332062039245,0.01823147157545746,0.3449408062681504,0.2841982493487448,1.2343234323432344,0.900990099009901,0.03948553698328494,0.05394596911949316,cleveland,2,19f9a06a8f411f2cb0bfc83a470b8abe9be3e8d2481b8d5686994f21903b99e1
rf_importance,0.33,4,12,logistic,none,2396104890,0.7986798679867987,0.8639015616774872,0.1455187949184367,0.07729305525973611,0.1017910212455781,0.0063577421815408375,0.04374598805506734,0.33094520323803134,0.2992547825915953,1.2871287128712872,0.900990099009901,0.0546491842658392,0.05938879858769325,cleveland,2,19f9a06a8f411f2cb0bfc83a470b8abe9be3e8d2481b8d5686994f21903b99e1
rf_importance,0.25,3,12,logistic,none,2396104890,0.7425742574257426,0.8313739252500439,0.1679138755154634,0.0769839448784796,0.12540863798041418,0.015616577676074384,0.03263182138450406,0.30950121248489315,0.2935706094541751,1.3432343234323432,0.900990099009901,0.0546491842658392,0.06093567640446147,cleveland,2,19f9a06a8f411f2cb0bfc83a470b8abe9be3e8d2481b8d5686994f21903b99e1
rf_importance,1.0,12,12,logistic,none,421903076,0.834983498349835,0.889542024916652,0.12840461365053754,0.05943603981838056,0.07688294193380475,0.02125222476481059,0.005062506920522777,0.34140497731404723,0.2725432722455455,1.1947194719471947,0.900990099009901,0.03948553698328494,0.0417818722388154,cleveland,3,19f9a06a8f411f2cb0bfc83a470b8abe9be3e8d2481b8d5686994f21903b99e1
rf_importance,0.75,9,12,logistic,none,421903076,0.8382838283828383,0.8894542902263556,0.1281013553676903,0.05793707267229807,0.07875811948686465,0.0218408339689804,0.03280424378116925,0.34244133282844236,0.2652520053510221,1.2079207920792079,0.900990099009901,0.06981283154839346,0.040100163933654606,cleveland,3,19f9a06a8f411f2cb0bfc83a470b8abe9be3e8d2481b8d5686994f21903b99e1
rf_importance,0.5,6,12,logistic,none,421903076,0.8217821782178217,0.8866467801368662,0.12817596231477998,0.07487046548051422,0.09089927602573014,0.0033994406305619673,0.003401553093656473,0.3428989376106964,0.2821436106438485,1.1815181518151816,0.900990099009901,0.02432188970073057,0.06654183254311466,cleveland,3,19f9a06a8f411f2cb0bfc83a470b8abe9be3e8d2481b8d5686994f21903b99e1
rf_importance,0.33,4,12,logistic,none,421903076,0.8217821782178217,0.8592077557466221,0.14277823655691585,0.09076835791781915,0.11332837099244933,0.022053775743707038,0.009480084045910248,0.3292459164309431,0.27854103193661206,1.273927392739274,0.900990099009901,0.06981283154839346,0.060304459481034696,cleveland,3,19f9a06a8f411f2cb0bfc83a470b8abe9be3e8d2481b8d5686994f21903b99e1
rf_importance,0.25,3,12,logistic,none,421903076,0.7788778877887789,0.8351245832602211,0.15955786657907972,0.0677002929118013,0.1474904922911296,0.03887045512331544,0.03868576634597744,0.3158357936246912,0.27469068530385854,1.3366336633663367,0.900990099009901,0.06981283154839346,0.05309253927251674,cleveland,3,19f9a06a8f411f2cb0bfc83a470b8abe9be3e8d2481b8d5686994f21903b99e1
rf_importance,1.0,12,12,logistic,none,1298608143,0.8283828382838284,0.9011230040357957,0.12005266142063988,0.06803536266151511,0.07017338096107346,0.03208237986270024,0.015306298360089718,0.34953623794876515,0.2655221744599837,1.1452145214521452,0.900990099009901,0.0546491842658392,0.04544704227300984,cleveland,4,19f9a06a8f411f2cb0bfc83a470b8abe9be3e8d2481b8d5686994f21903b99e1
rf_importance,0.75,9,12,logistic,none,1298608143,0.8382838283828383,0.902131952974206,0.11754921065615054,0.06464809988550291,0.07211015400813794,0.014458428680396485,0.01328434291503576,0.35086867112226,0.26921139836595837,1.1287128712871286,0.900990099009901,0.0546491842658392,0.05773553272634043,cleveland,4,19f9a06a8f411f2cb0bfc83a470b8abe9be3e8d2481b8d5686994f21903b99e1
rf_importance,0.5,6,12,logistic,none,1298608143,0.8316831683168316,0.8968678715564133,0.12256547501144845,0.05077514947247391,0.08045577641324403,0.01326976862445961,0.0032879812592073038,0.3503181252117617,0.28652559688990553,1.1518151815181519,0.900990099009901,0.00915824241817631,0.050417410907434346,cleveland,4,19f9a06a8f411f2cb0bfc83a470b8abe9be3e8d2481b8d5686994f21903b99e1
rf_importance,0.33,4,12,logistic,none,1298608143,0.834983498349835,0.8877653974381471,0.12865791798170043,0.0654299209257165,0.09299628314122138,0.03168700737350627,0.05511315842614897,0.351277102408266,0.28098288884017253,1.1914191419141915,0.900990099009901,0.03948553698328494,0.05962540053023517,cleveland,4,19f9a06a8f411f2cb0bfc83a470b8abe9be3e8d2481b8d5686994f21903b99e1
rf_importance,0.25,3,12,logistic,none,1298608143,0.8052805280528053,0.8724337603088261,0.141627847224362,0.05613509042318463,0.09863716913875828,0.017388126112382496,0.038856765603689725,0.33623970406149767,0.28966053368200584,1.273927392739274,0.900990099009901,0.0546491842658392,0.05248248219550698,cleveland,4,19f9a06a8f411f2cb0bfc83a470b8abe9be3e8d2481b8d5686994f21903b99e1
rf_importance,1.0,12,12,logistic,none,3064230481,0.8415841584158416,0.8873925250043867,0.1274780897544992,0.06118207934231054,0.07826038809543631,0.02262013729977086,0.0017055019357644224,0.343584456781053,0.267252226966079,1.2046204620462047,0.900990099009901,0.03948553698328494,0.049051714606652634,cleveland,5,19f9a06a8f411f2cb0bfc83a470b8abe9be3e8d2481b8d5686994f21903b99e1
rf_importance,0.75,9,12,logistic,none,3064230481,0.8250825082508251,0.8845411475697491,0.1285847545482314,0.05665502149239324,0.08176916833568144,0.020227561657767734,0.005358713069529147,0.34295117155306637,0.2563245796436951,1.1683168316831682,0.900990099009901,0.03948553698328494,0.05663352499774892,cleveland,5,19f9a06a8f411f2cb0bfc83a470b8abe9be3e8d2481b8d5686994f21903b99e1
rf_importance,0.5,6,12,logistic,none,3064230481,0.8316831683168316,0.8764695560624671,0.13529542780369216,0.057780809878482865,0.09387549005981671,0.008848207475209757,0.00964693036972479,0.3415717419266381,0.27936780124960814,1.2442244224422443,0.900990099009901,0.03948553698328494,0.04853625755485996,cleveland,5,19f9a06a8f411f2cb0bfc83a470b8abe9be3e8d2481b8d5686994f21903b99e1
rf_importance,0.33,4,12,logistic,none,3064230481,0.8118811881188119,0.8602167046850324,0.14598087287083436,0.06283302399209639,0.11832683287686373,0.02423595219933905,0.025338826280805235,0.3352147012862529,0.2660438619580001,1.2640264026402641,0.900990099009901,0.0546491842658392,0.055696811634678996,cleveland,5,19f9a06a8f411f2cb0bfc83a470b8abe9be3e8d2481b8d5686994f21903b99e1
rf_importance,0.25,3,12,logistic,none,3064230481,0.7887788778877888,0.8241358133005791,0.16247961362557972,0.0830337548692472,0.16301748506247227,0.007591533180777987,0.0017865531843591492,0.31808519546005715,0.2679804747125532,1.3927392739273927,0.9042904290429042,0.03463116805124611,0.06631173281886374,cleveland,5,19f9a06a8f411f2cb0bfc83a470b8abe9be3e8d2481b8d5686994f21903b99e1
rf_importance,1.0,12,12,logistic,none,1010902090,0.8316831683168316,0.8855939638533076,0.13150900549011568,0.07332881990528445,0.0829062226395363,0.025102974828375202,0.02874199003546371,0.3411252378389541,0.27450548304829614,1.2343234323432344,0.900990099009901,0.0546491842658392,0.05510265239373926,cleveland,6,19f9a06a8f411f2cb0bfc83a470b8abe9be3e8d2481b8d5686994f21903b99e1
rf_importance,0.75,9,12,logistic,none,1010902090,0.8184818481848185,0.8812949640287769,0.13321603178771646,0.06036891100800443,0.08732875818071287,0.03375921688278671,0.027853850533378965,0.34021458670259147,0.26531824079947725,1.2343234323432344,0.900990099009901,0.06981283154839346,0.04977733568510233,cleveland,6,19f9a06a8f411f2cb0bfc83a470b8abe9be3e8d2481b8d5686994f21903b99e1
rf_importance,0.5,6,12,logistic,none,1010902090,0.8118811881188119,0.867389015616775,0.14469237937342455,0.07909195618208516,0.10076735334732188,0.0031858632087464756,0.03740415553435725,0.3315499088504077,0.2862485538095867,1.2805280528052805,0.900990099009901,0.02432188970073057,0.07497120648321019,cleveland,6,19f9a06a8f411f2cb0bfc83a470b8abe9be3e8d2481b8d5686994f21903b99e1
rf_importance,0.33,4,12,logistic,none,1010902090,0.7986798679867987,0.8614011230040357,0.14670700442881554,0.06715056820405792,0.11418393316996572,0.006069158403254615,0.01796307428937996,0.329377018865816,0.28309023751068874,1.273927392739274,0.900990099009901,0.0546491842658392,0.06264266380340769,cleveland,6,19f9a06a8f411f2cb0bfc83a470b8abe9be3e8d2481b8d5686994f21903b99e1
rf_importance,0.25,3,12,logistic,none,1010902090,0.7425742574257426,0.8100105281628356,0.1755534550487991,0.0721092967625281,0.16397982159436184,0.028567887109077095,0.038277591304683056,0.30597044335534174,0.27876804734228405,1.396039603960396,0.900990099009901,0.03948553698328494,0.07837720228282,cleveland,6,19f9a06a8f411f2cb0bfc83a470b8abe9be3e8d2481b8d5686994f21903b99e1
rf_importance,1.0,12,12,logistic,none,2101304652,0.8283828382838284,0.8872609229689419,0.12941511114547027,0.059682379022309065,0.07849882208039628,0.02074624968217642,0.004459012500243512,0.3418497184154417,0.27294040384684426,1.2046204620462047,0.900990099009901,0.06981283154839346,0.041901038896449416,cleveland,7,19f9a06a8f411f2cb0bfc83a470b8abe9be3e8d2481b8d5686994f21903b99e1
rf_importance,0.75,9,12,logistic,none,2101304652,0.8217821782178217,0.8847166169503422,0.1306649649497333,0.06107506345043767,0.08134548258022943,0.018511314518179445,0.016850597849536714,0.3393669082116136,0.26851158709938183,1.2079207920792079,0.900990099009901,0.06981283154839346,0.05271762735335984,cleveland,7,19f9a06a8f411f2cb0bfc83a470b8abe9be3e8d2481b8d5686994f21903b99e1
rf_importance,0.5,6,12,logistic,none,2101304652,0.834983498349835,0.8913405860677313,0.12627395462417823,0.06331668337506415,0.08458346627788302,0.021852275616577765,0.021627449988739403,0.34604718651310534,0.28628242269017967,1.1848184818481848,0.900990099009901,0.02432188970073057,0.05839426675968764,cleveland,7,19f9a06a8f411f2cb0bfc83a470b8abe9be3e8d2481b8d5686994f21903b99e1
rf_importance,0.33,4,12,logistic,none,2101304652,0.8118811881188119,0.8725214949991227,0.13937695743318163,0.04643616813454004,0.0960148983421584,0.0021815408085431587,0.07056839048960868,0.33365112983437223,0.2766218360220055,1.2475247524752475,0.900990099009901,0.03948553698328494,0.03850220795690316,cleveland,7,19f9a06a8f411f2cb0bfc83a470b8abe9be3e8d2481b8d5686994f21903b99e1
rf_importance,0.25,3,12,logistic,none,2101304652,0.7788778877887789,0.8354974556939813,0.1596293513074389,0.06722233639179528,0.1382371617060959,0.04051678108314283,0.04953035250401966,0.3173940799749758,0.28712857250255985,1.3828382838283828,0.900990099009901,0.08497647883094794,0.06644975585976963,cleveland,7,19f9a06a8f411f2cb0bfc83a470b8abe9be3e8d2481b8d5686994f21903b99e1
rf_importance,1.0,12,12,logistic,none,896299600,0.8316831683168316,0.8893665555360589,0.12776409729107127,0.059175032985466114,0.07806746308719618,0.02115687770150021,0.002670900874262319,0.34315477880851986,0.27240958221777656,1.1947194719471947,0.900990099009901,0.03948553698328494,0.053652118752980364,cleveland,8,19f9a06a8f411f2cb0bfc83a470b8abe9be3e8d2481b8d5686994f21903b99e1
rf_importance,0.75,9,12,logistic,none,896299600,0.834983498349835,0.8875241270398314,0.1285313883505465,0.0911234177113057,0.08175409212794392,0.014713958810068761,0.013221256760012137,0.34234868442503485,0.26585118568505567,1.2079207920792079,0.900990099009901,0.0546491842658392,0.06439924810227618,cleveland,8,19f9a06a8f411f2cb0bfc83a470b8abe9be3e8d2481b8d5686994f21903b99e1
rf_importance,0.5,6,12,logistic,none,896299600,0.8184818481848185,0.8906387085453588,0.1267556036393114,0.0533376327804487,0.08284197490186482,0.004481311975591207,0.02726562115207709,0.34645025684952574,0.28111247346167223,1.1683168316831682,0.900990099009901,0.02432188970073057,0.043561620911034646,cleveland,8,19f9a06a8f411f2cb0bfc83a470b8abe9be3e8d2481b8d5686994f21903b99e1
rf_importance,0.33,4,12,logistic,none,896299600,0.8052805280528053,0.8585716792419723,0.14463669440838628,0.05191343460345674,0.1147825904530621,0.0021294177472668263,0.019444219077769498,0.33176492330441293,0.2825860047546004,1.2607260726072607,0.900990099009901,0.03948553698328494,0.04332307553238702,cleveland,8,19f9a06a8f411f2cb0bfc83a470b8abe9be3e8d2481b8d5686994f21903b99e1
rf_importance,0.25,3,12,logistic,none,896299600,0.7524752475247525,0.8392261800315846,0.15845117914017157,0.07760228502505054,0.13644593284122714,0.008927663361301796,0.011552538569456691,0.3239979687514721,0.2892728923360707,1.33993399339934,0.900990099009901,0.0546491842658392,0.049195879556395164,cleveland,8,19f9a06a8f411f2cb0bfc83a470b8abe9be3e8d2481b8d5686994f21903b99e1
rf_importance,1.0,12,12,logistic,none,1154726630,0.834983498349835,0.890682575890507,0.12721983309000723,0.05051034052831716,0.07625958455211658,0.03150902618866003,0.018930358501510633,0.34371819251907076,0.26112775441270797,1.188118811881188,0.900990099009901,0.0546491842658392,0.04372385894768702,cleveland,9,19f9a06a8f411f2cb0bfc83a470b8abe9be3e8d2481b8d5686994f21903b99e1
rf_importance,0.75,9,12,logistic,none,1154726630,0.8382838283828383,0.8946745042989998,0.1224925220936166,0.0640181005120432,0.07491588104927438,0.017724383422324075,0.005740067614592739,0.34825260607313185,0.2642643740835704,1.1716171617161717,0.900990099009901,0.06981283154839346,0.042921777207839316,cleveland,9,19f9a06a8f411f2cb0bfc83a470b8abe9be3e8d2481b8d5686994f21903b99e1
rf_importance,0.5,6,12,logistic,none,1154726630,0.8382838283828383,0.890507106509914,0.12497660917101924,0.06379868138922984,0.08293014250319722,0.015563183320620344,0.013615503849692567,0.3480771264711235,0.282557487767756,1.1683168316831682,0.900990099009901,0.02432188970073057,0.05768950702066986,cleveland,9,19f9a06a8f411f2cb0bfc83a470b8abe9be3e8d2481b8d5686994f21903b99e1
rf_importance,0.33,4,12,logistic,none,1154726630,0.8184818481848185,0.8509606948587471,0.1468541148350954,0.07744926927276292,0.1291002913280711,0.01129862700228823,0.02107967909450903,0.3298237127714278,0.27057129435339056,1.2937293729372936,0.900990099009901,0.0546491842658392,0.07065225261156116,cleveland,9,19f9a06a8f411f2cb0bfc83a470b8abe9be3e8d2481b8d5686994f21903b99e1
rf_importance,0.25,3,12,logistic,none,1154726630,0.7788778877887789,0.8395113177750483,0.15723475444622215,0.09694295397286193,0.14274144238161554,0.028973429951690832,0.031466604804436166,0.3159742821721306,0.2812521784954342,1.3201320132013201,0.900990099009901,0.0546491842658392,0.0909730762240197,cleveland,9,19f9a06a8f411f2cb0bfc83a470b8abe9be3e8d2481b8d5686994f21903b99e1
rf_importance,1.0,12,12,logistic,none,152150594,0.8085808580858086,0.8795841375679944,0.13751746985492547,0.07655954199431478,0.08347825703584677,0.04031400966183596,0.020822058648664474,0.3368141123595006,0.2714753281923634,1.2574257425742574,0.900990099009901,0.0546491842658392,0.055719178594976375,cleveland,10,19f9a06a8f411f2cb0bfc83a470b8abe9be3e8d2481b8d5686994f21903b99e1
rf_importance,0.75,9,12,logistic,none,152150594,0.8250825082508251,0.8822161782768907,0.1336947821356901,0.06883969862043199,0.08060032734299094,0.021069158403254407,0.02534712677238822,0.3387718951149636,0.2659486145351809,1.2046204620462047,0.900990099009901,0.0546491842658392,0.05942526359908221,cleveland,10,19f9a06a8f411f2cb0bfc83a470b8abe9be3e8d2481b8d5686994f21903b99e1
rf_importance,0.5,6,12,logistic,none,152150594,0.8283828382838284,0.8763818213721707,0.13561040004531327,0.06723029834262657,0.0929717819681797,0.0060742435799644445,0.030980586536894686,0.34016175585568925,0.28229005044887423,1.2574257425742574,0.900990099009901,0.00915824241817631,0.04981779040912291,cleveland,10,19f9a06a8f411f2cb0bfc83a470b8abe9be3e8d2481b8d5686994f21903b99e1
rf_importance,0.33,4,12,logistic,none,152150594,0.7755775577557755,0.8455211440603614,0.15621815761636376,0.06853142881129157,0.1228291534239632,0.03284833460462766,0.018943033581835717,0.3189394011363067,0.27867022703735544,1.3201320132013201,0.900990099009901,0.0546491842658392,0.06448387656566522,cleveland,10,19f9a06a8f411f2cb0bfc83a470b8abe9be3e8d2481b8d5686994f21903b99e1
rf_importance,0.25,3,12,logistic,none,152150594,0.7557755775577558,0.8063476048429549,0.1792257890955871,0.0611082957094955,0.1676273191074445,0.023433129926265006,0.036610710397972285,0.30314317847702216,0.2843284020400415,1.438943894389439,0.9042904290429042,0.04979481533380037,0.0634214652965639,cleveland,10,19f9a06a8f411f2cb0bfc83a470b8abe9be3e8d2481b8d5686994f21903b99e1
rf_importance,1.0,12,12,logistic,none,2618191291,0.834983498349835,0.8935339533251447,0.12575753753427102,0.05306271778125244,0.07352395175643671,0.03679125349605905,0.039833472294816055,0.34704211737057095,0.267381107435807,1.1617161716171618,0.900990099009901,0.06981283154839346,0.04745950349164059,cleveland,11,19f9a06a8f411f2cb0bfc83a470b8abe9be3e8d2481b8d5686994f21903b99e1
rf_importance,0.75,9,12,logistic,none,2618191291,0.8382838283828383,0.8912089840322863,0.1263589365963689,0.06918766699356876,0.07642217716383197,0.026745486905670024,0.020035333205811703,0.34869805237417206,0.26352512606688216,1.174917491749175,0.900990099009901,0.06981283154839346,0.05406352011744075,cleveland,11,19f9a06a8f411f2cb0bfc83a470b8abe9be3e8d2481b8d5686994f21903b99e1
rf_importance,0.5,6,12,logistic,none,2618191291,0.8250825082508251,0.8892349535006142,0.1269328332547763,0.06089354327974464,0.08233255399062661,0.02557971014492766,0.021319457171561307,0.3469941116772974,0.2866627730266946,1.1914191419141915,0.900990099009901,0.00915824241817631,0.04806828729291244,cleveland,11,19f9a06a8f411f2cb0bfc83a470b8abe9be3e8d2481b8d5686994f21903b99e1
rf_importance,0.33,4,12,logistic,none,2618191291,0.8316831683168316,0.8693630461484471,0.13960421457692773,0.06291114259845962,0.10691674620444482,0.018820239003305317,0.021910258547421763,0.3379792138958935,0.28025073524191524,1.283828382838284,0.900990099009901,0.03948553698328494,0.06349456131403117,cleveland,11,19f9a06a8f411f2cb0bfc83a470b8abe9be3e8d2481b8d5686994f21903b99e1
rf_importance,0.25,3,12,logistic,none,2618191291,0.7755775577557755,0.8374056852079312,0.15945908290346572,0.062407884285737805,0.12796196128286963,0.0035043224002034856,0.07736325460609743,0.31720400180179,0.2956145272810801,1.353135313531353,0.900990099009901,0.02432188970073057,0.0425717844139931,cleveland,11,19f9a06a8f411f2cb0bfc83a470b8abe9be3e8d2481b8d5686994f21903b99e1
rf_importance,1.0,12,12,logistic,none,2417198278,0.8250825082508251,0.8842779434988595,0.1306777227668887,0.07782424446138342,0.08484300817628905,0.028100686498855998,0.005437626145218991,0.3394450788852905,0.27301835060645463,1.1782178217821782,0.900990099009901,0.03948553698328494,0.055498248345819415,cleveland,12,19f9a06a8f411f2cb0bfc83a470b8abe9be3e8d2481b8d5686994f21903b99e1
rf_importance,0.75,9,12,logistic,none,2417198278,0.8250825082508251,0.8823477803123355,0.13102405377746762,0.047975295047997815,0.08855706118800336,0.016848461734045417,0.04992290889300319,0.34288493454663,0.27712626744927993,1.1914191419141915,0.900990099009901,0.0546491842658392,0.03906469790094004,cleveland,12,19f9a06a8f411f2cb0bfc83a470b8abe9be3e8d2481b8d5686994f21903b99e1
rf_importance,0.5,6,12,logistic,none,2417198278,0.8184818481848185,0.8805492191612563,0.13401058619725384,0.04960520538744947,0.09458142036128486,0.01745868293923214,0.062261673643646084,0.3424269326128871,0.29034620104523623,1.2244224422442245,0.900990099009901,0.00915824241817631,0.04025831671248552,cleveland,12,19f9a06a8f411f2cb0bfc83a470b8abe9be3e8d2481b8d5686994f21903b99e1
rf_importance,0.33,4,12,logistic,none,2417198278,0.8151815181518152,0.8600412353044394,0.14489012678215785,0.07611716227979666,0.11934980730386162,0.004148868548181972,0.027992958401986734,0.33559706663385935,0.2848902992740233,1.2607260726072607,0.900990099009901,0.02432188970073057,0.06694897576055896,cleveland,12,19f9a06a8f411f2cb0bfc83a470b8abe9be3e8d2481b8d5686994f21903b99e1
rf_importance,0.25,3,12,logistic,none,2417198278,0.7722772277227723,0.824113879628005,0.16842712910554006,0.078882126137586,0.1475560351081226,0.03944571573862188,0.003298331105056118,0.3091205590288928,0.2721959458438862,1.353135313531353,0.900990099009901,0.03948553698328494,0.07188897826993328,cleveland,12,19f9a06a8f411f2cb0bfc83a470b8abe9be3e8d2481b8d5686994f21903b99e1
rf_importance,1.0,12,12,logistic,none,3615405468,0.8316831683168316,0.881777504825408,0.13328061971333,0.06773694754664134,0.08568197050225285,0.04018560894991097,0.009097428978005861,0.34257036794257195,0.27348377271070323,1.2574257425742574,0.900990099009901,0.06981283154839346,0.05376678582545113,cleveland,13,19f9a06a8f411f2cb0bfc83a470b8abe9be3e8d2481b8d5686994f21903b99e1
rf_importance,0.75,9,12,logistic,none,3615405468,0.8217821782178217,0.878882260045622,0.13445270779372354,0.054931730090304734,0.09129118396020652,0.037237477752351866,0.016897404225457588,0.3415588416221382,0.2652467377610125,1.2277227722772277,0.900990099009901,0.0546491842658392,0.04324256487938005,cleveland,13,19f9a06a8f411f2cb0bfc83a470b8abe9be3e8d2481b8d5686994f21903b99e1
rf_importance,0.5,6,12,logistic,none,3615405468,0.8283828382838284,0.8680031584488507,0.13842268825797402,0.07545577526829617,0.10725925353225876,0.016548436308161718,0.008322410659404852,0.34234206897579156,0.27691155017516356,1.2673267326732673,0.900990099009901,0.02432188970073057,0.057363766847613455,cleveland,13,19f9a06a8f411f2cb0bfc83a470b8abe9be3e8d2481b8d5686994f21903b99e1
rf_importance,0.33,4,12,logistic,none,3615405468,0.8250825082508251,0.8591638884014741,0.1437643663719,0.0662219500456323,0.11316720762975994,0.005455758962623736,0.06884642484351056,0.33029506132378134,0.28817290562182085,1.306930693069307,0.900990099009901,0.03948553698328494,0.05546343362647315,cleveland,13,19f9a06a8f411f2cb0bfc83a470b8abe9be3e8d2481b8d5686994f21903b99e1
rf_importance,0.25,3,12,logistic,none,3615405468,0.7953795379537953,0.8293998947183716,0.16078348361595374,0.07709669955303358,0.15296003425944749,0.0001608187134500838,0.05173204971275473,0.316789566382219,0.2990970703573059,1.3927392739273927,0.9042904290429042,0.04979481533380037,0.06820695395453773,cleveland,13,19f9a06a8f411f2cb0bfc83a470b8abe9be3e8d2481b8d5686994f21903b99e1
rf_importance,1.0,12,12,logistic,none,2347842444,0.8382838283828383,0.8905071065099138,0.12820100939551946,0.0816183304789446,0.07808338258914689,0.030999237223493625,0.008831347220538813,0.3408851961081713,0.2700794347122848,1.231023102310231,0.900990099009901,0.0546491842658392,0.05975491581702808,cleveland,14,19f9a06a8f411f2cb0bfc83a470b8abe9be3e8d2481b8d5686994f21903b99e1
rf_importance,0.75,9,12,logistic,none,2347842444,0.8151815181518152,0.8880505351816108,0.12976845217445623,0.08348734280911489,0.08226786210762002,0.023685481820493237,0.035777151433236704,0.3424163165914151,0.2687514694823901,1.2046204620462047,0.900990099009901,0.0546491842658392,0.06549381446538897,cleveland,14,19f9a06a8f411f2cb0bfc83a470b8abe9be3e8d2481b8d5686994f21903b99e1
rf_importance,0.5,6,12,logistic,none,2347842444,0.8184818481848185,0.8922179329706967,0.12718059382235608,0.07539783415585727,0.08317469216223117,0.00781845919145685,0.03680082185526867,0.3467276007088241,0.2872278796291745,1.1782178217821782,0.900990099009901,0.00915824241817631,0.05572808847415448,cleveland,14,19f9a06a8f411f2cb0bfc83a470b8abe9be3e8d2481b8d5686994f21903b99e1
rf_importance,0.33,4,12,logistic,none,2347842444,0.7986798679867987,0.8623004035795753,0.1467323218464695,0.08037532998852866,0.11712654988693239,0.007466310704297041,0.03881168494177503,0.33301457728453304,0.28633880411229373,1.2475247524752475,0.900990099009901,0.02432188970073057,0.06482783153722492,cleveland,14,19f9a06a8f411f2cb0bfc83a470b8abe9be3e8d2481b8d5686994f21903b99e1
rf_importance,0.25,3,12,logistic,none,2347842444,0.7392739273927392,0.8301237059133181,0.16635394436435927,0.0690560430881043,0.14851089945877063,0.007062674802949309,0.03980488001284062,0.31772965132477143,0.2892157448712081,1.372937293729373,0.900990099009901,0.03948553698328494,0.0691266054721522,cleveland,14,19f9a06a8f411f2cb0bfc83a470b8abe9be3e8d2481b8d5686994f21903b99e1
rf_importance,1.0,12,12,logistic,none,3418743074,0.8283828382838284,0.8874802596946832,0.12898170200150993,0.06855802398369659,0.07764800572962716,0.021828121027205882,0.011663874098595137,0.3409677166910298,0.27060935653704243,1.198019801980198,0.900990099009901,0.0546491842658392,0.04720089997417618,cleveland,15,19f9a06a8f411f2cb0bfc83a470b8abe9be3e8d2481b8d5686994f21903b99e1
rf_importance,0.75,9,12,logistic,none,3418743074,0.8283828382838284,0.8786190559747323,0.13382434029146395,0.08142311663612115,0.08608402197096643,0.006122552758708322,0.04655366846429061,0.3361830877858183,0.2773996914503524,1.2046204620462047,0.900990099009901,0.03948553698328494,0.06403700040380964,cleveland,15,19f9a06a8f411f2cb0bfc83a470b8abe9be3e8d2481b8d5686994f21903b99e1
rf_importance,0.5,6,12,logistic,none,3418743074,0.8283828382838284,0.8774785050008774,0.13338660342959463,0.05640356657790544,0.09076364893013365,0.013640986524281806,0.03252240510558048,0.33974329085766125,0.27844969223825966,1.2244224422442245,0.900990099009901,0.02432188970073057,0.03125440245762765,cleveland,15,19f9a06a8f411f2cb0bfc83a470b8abe9be3e8d2481b8d5686994f21903b99e1
rf_importance,0.33,4,12,logistic,none,3418743074,0.7986798679867987,0.8551061589752588,0.15017888741952296,0.0719972116061471,0.11124920646203144,0.03733409610983984,0.02347580829557573,0.3290181350633792,0.26730281254081156,1.2871287128712872,0.900990099009901,0.03948553698328494,0.0573472457722054,cleveland,15,19f9a06a8f411f2cb0bfc83a470b8abe9be3e8d2481b8d5686994f21903b99e1
rf_importance,0.25,3,12,logistic,none,3418743074,0.7986798679867987,0.8363090015792245,0.15791141747646198,0.06775535586111316,0.13203199526731152,0.03215166539537262,0.0018720952200167035,0.32059049447733384,0.26623408342241395,1.4191419141914192,0.9075907590759076,0.09043138824942443,0.06454827052438006,cleveland,15,19f9a06a8f411f2cb0bfc83a470b8abe9be3e8d2481b8d5686994f21903b99e1
rf_importance,1.0,12,12,logistic,none,526477374,0.8283828382838284,0.8805053518161081,0.13467881223065334,0.08192826780487561,0.08942494820764205,0.034659293160437366,0.025639046185451195,0.3353678870282624,0.27615811475382357,1.2277227722772277,0.900990099009901,0.03948553698328494,0.0563423705957625,cleveland,16,19f9a06a8f411f2cb0bfc83a470b8abe9be3e8d2481b8d5686994f21903b99e1
rf_importance,0.75,9,12,logistic,none,526477374,0.8250825082508251,0.8853307597824179,0.1298288186529621,0.06039298604205372,0.08330728405718739,0.022304856343758006,0.024674490194582177,0.34229303432592034,0.27575509713553914,1.1914191419141915,0.900990099009901,0.0546491842658392,0.057370552409448265,cleveland,16,19f9a06a8f411f2cb0bfc83a470b8abe9be3e8d2481b8d5686994f21903b99e1
rf_importance,0.5,6,12,logistic,none,526477374,0.8283828382838284,0.889059484120021,0.1286098032098025,0.0664837095919604,0.08681245684758554,0.022222222222222365,0.03266398741689726,0.3463580079789059,0.2782666388982833,1.1584158415841583,0.900990099009901,0.02432188970073057,0.059933809378995784,cleveland,16,19f9a06a8f411f2cb0bfc83a470b8abe9be3e8d2481b8d5686994f21903b99e1
rf_importance,0.33,4,12,logistic,none,526477374,0.8184818481848185,0.8783119845586945,0.13707023989034986,0.07954494232867301,0.09632320330283478,0.007395118230358433,0.0042760777076799455,0.34099990895282334,0.28195292111491055,1.2706270627062706,0.900990099009901,0.00915824241817631,0.05196312332796794,cleveland,16,19f9a06a8f411f2cb0bfc83a470b8abe9be3e8d2481b8d5686994f21903b99e1
rf_importance,0.25,3,12,logistic,none,526477374,0.7821782178217822,0.8375811545885243,0.1619897394926492,0.10655545222410769,0.1413629729777902,0.04639333841851001,0.021429398439803043,0.3162312092603541,0.30940679143593947,1.3828382838283828,0.900990099009901,0.03948553698328494,0.09420223599978798,cleveland,16,19f9a06a8f411f2cb0bfc83a470b8abe9be3e8d2481b8d5686994f21903b99e1
rf_importance,1.0,12,12,logistic,none,4221040483,0.8514851485148515,0.8965169327952273,0.12384358927477633,0.07423882345526513,0.07253998305815729,0.031484871599288033,0.007484687626094569,0.3472057507136514,0.27502305831340734,1.1848184818481848,0.900990099009901,0.03948553698328494,0.05466082927155878,cleveland,17,19f9a06a8f411f2cb0bfc83a470b8abe9be3e8d2481b8d5686994f21903b99e1
rf_importance,0.75,9,12,logistic,none,4221040483,0.834983498349835,0.8917353921740655,0.12570431120685605,0.05693159285610427,0.07734770511826179,0.020870836511568736,0.05904480011916062,0.3467627816143373,0.2722980205691412,1.1815181518151816,0.900990099009901,0.03948553698328494,0.04461425594711887,cleveland,17,19f9a06a8f411f2cb0bfc83a470b8abe9be3e8d2481b8d5686994f21903b99e1
rf_importance,0.5,6,12,logistic,none,4221040483,0.8316831683168316,0.8847166169503422,0.1305423587596235,0.05553563685633995,0.09102147370592853,0.0060945842868039835,0.015386930992328268,0.34866119143333657,0.2827407643454054,1.2145214521452146,0.900990099009901,0.02116905214693232,0.04325070834928033,cleveland,17,19f9a06a8f411f2cb0bfc83a470b8abe9be3e8d2481b8d5686994f21903b99e1
rf_importance,0.33,4,12,logistic,none,4221040483,0.7920792079207921,0.8600851026495876,0.14905004357329477,0.06383259347449245,0.11251005990642046,0.02494279176201364,0.016885796623447025,0.33159764906145794,0.2876171650021426,1.2607260726072607,0.900990099009901,0.03948553698328494,0.05527783627457117,cleveland,17,19f9a06a8f411f2cb0bfc83a470b8abe9be3e8d2481b8d5686994f21903b99e1
rf_importance,0.25,3,12,logistic,none,4221040483,0.7458745874587459,0.8311545885243026,0.16593031593183594,0.053166322064709975,0.14197719196399972,0.023473811339944195,0.0013452871260307836,0.3156750232477909,0.2765840396022228,1.386138613861386,0.9075907590759076,0.014613151836652905,0.04884217099898235,cleveland,17,19f9a06a8f411f2cb0bfc83a470b8abe9be3e8d2481b8d5686994f21903b99e1
rf_importance,1.0,12,12,logistic,none,2234083663,0.8283828382838284,0.8821284435865941,0.13165578115853202,0.07735405406881544,0.09264861195651347,0.03353165522501911,0.0014433966959584987,0.3375952387724008,0.271122699471538,1.198019801980198,0.900990099009901,0.03948553698328494,0.060424263343911114,cleveland,18,19f9a06a8f411f2cb0bfc83a470b8abe9be3e8d2481b8d5686994f21903b99e1
rf_importance,0.75,9,12,logistic,none,2234083663,0.8382838283828383,0.8770398315493947,0.13235861726937506,0.07578880086202772,0.09810714325233394,0.02812484108822788,0.002214402610802857,0.33950953567219366,0.27406885653866025,1.188118811881188,0.900990099009901,0.03948553698328494,0.06798810327955754,cleveland,18,19f9a06a8f411f2cb0bfc83a470b8abe9be3e8d2481b8d5686994f21903b99e1
rf_importance,0.5,6,12,logistic,none,2234083663,0.8151815181518152,0.8655465871205474,0.138363477823928,0.07726659172566253,0.11323786036956854,0.01686753114670725,0.003661687435286179,0.33445589210314486,0.28563958875759693,1.2343234323432344,0.900990099009901,0.02432188970073057,0.061495683707318935,cleveland,18,19f9a06a8f411f2cb0bfc83a470b8abe9be3e8d2481b8d5686994f21903b99e1
rf_importance,0.33,4,12,logistic,none,2234083663,0.7887788778877888,0.8413537462712756,0.1557388486756324,0.08276932196939285,0.1353326858866803,0.021917111619628837,0.008831332005725376,0.3158930649999237,0.30078005385887097,1.3135313531353134,0.900990099009901,0.03948553698328494,0.06962733700667663,cleveland,18,19f9a06a8f411f2cb0bfc83a470b8abe9be3e8d2481b8d5686994f21903b99e1
rf_importance,0.25,3,12,logistic,none,2234083663,0.7656765676567657,0.8311545885243026,0.1652859437326455,0.10108959725631646,0.13464039847430348,0.05882023900330535,0.045729252503280596,0.31024694381693674,0.31798968548544765,1.386138613861386,0.900990099009901,0.02432188970073057,0.0940468969513892,cleveland,18,19f9a06a8f411f2cb0bfc83a470b8abe9be3e8d2481b8d5686994f21903b99e1
rf_importance,1.0,12,12,logistic,none,3027349945,0.8283828382838284,0.8943235655378137,0.125046514947707,0.05114161611681877,0.07410504158557399,0.03112382405288583,0.012263207869616155,0.3456057507764234,0.2748483246506541,1.155115511551155,0.900990099009901,0.0546491842658392,0.03641009972585089,cleveland,19,19f9a06a8f411f2cb0bfc83a470b8abe9be3e8d2481b8d5686994f21903b99e1
rf_importance,0.75,9,12,logistic,none,3027349945,0.8415841584158416,0.8937532900508861,0.12445163078101112,0.07206537071099196,0.07491104506086399,0.014581744215611647,0.004040751544544197,0.3458446624509695,0.27713703917363,1.1848184818481848,0.900990099009901,0.0546491842658392,0.06603397915901178,cleveland,19,19f9a06a8f411f2cb0bfc83a470b8abe9be3e8d2481b8d5686994f21903b99e1
rf_importance,0.5,6,12,logistic,none,3027349945,0.8415841584158416,0.8865590454465697,0.12809844282078092,0.05038248408126161,0.08559797419783348,0.01798881261123808,0.05421967648385442,0.3466781005579694,0.28968046394875935,1.188118811881188,0.900990099009901,0.00915824241817631,0.05256401778397828,cleveland,19,19f9a06a8f411f2cb0bfc83a470b8abe9be3e8d2481b8d5686994f21903b99e1
rf_importance,0.33,4,12,logistic,none,3027349945,0.7953795379537953,0.8490963326899457,0.15609041769580545,0.10975399161763918,0.12043011141015213,0.01042969743198574,0.02790414097822705,0.32153247611800173,0.2936492862138804,1.33003300330033,0.900990099009901,0.03948553698328494,0.07879069776043914,cleveland,19,19f9a06a8f411f2cb0bfc83a470b8abe9be3e8d2481b8d5686994f21903b99e1
rf_importance,0.25,3,12,logistic,none,3027349945,0.759075907590759,0.8040445692226706,0.1782939175763081,0.07461101647960153,0.16043675048410955,0.03844075769132971,0.02431765297869022,0.3045182469567784,0.28322912170388814,1.4224422442244224,0.900990099009901,0.03948553698328494,0.061531286652232314,cleveland,19,19f9a06a8f411f2cb0bfc83a470b8abe9be3e8d2481b8d5686994f21903b99e1
rf_importance,1.0,12,12,logistic,none,898115617,0.834983498349835,0.8973065450078961,0.1233225402392117,0.05503202891643851,0.06900345374678477,0.015336892957030224,0.005827404776792555,0.3479778480295243,0.2768216131281287,1.155115511551155,0.900990099009901,0.0546491842658392,0.03864707005427449,cleveland,20,19f9a06a8f411f2cb0bfc83a470b8abe9be3e8d2481b8d5686994f21903b99e1
rf_importance,0.75,9,12,logistic,none,898115617,0.8184818481848185,0.8884453412879452,0.13069415211084445,0.061531424660933545,0.07784811964875736,0.0134286803966438,0.022846620105801463,0.34016097388521854,0.2675708906931621,1.2244224422442245,0.900990099009901,0.0546491842658392,0.045753913877059266,cleveland,20,19f9a06a8f411f2cb0bfc83a470b8abe9be3e8d2481b8d5686994f21903b99e1
rf_importance,0.5,6,12,logistic,none,898115617,0.8316831683168316,0.8928759431479207,0.1256691838465328,0.05648857444589565,0.08127930734084304,0.012743452834986013,0.029236000995933584,0.3481140516424766,0.2905967206763915,1.188118811881188,0.900990099009901,0.00915824241817631,0.051999428372117365,cleveland,20,19f9a06a8f411f2cb0bfc83a470b8abe9be3e8d2481b8d5686994f21903b99e1
rf_importance,0.33,4,12,logistic,none,898115617,0.8250825082508251,0.878092647832953,0.1357688408057458,0.06249984862425161,0.10147410787517858,0.0029405034324943014,0.019227214792885042,0.34543252043825207,0.29058401658446237,1.2178217821782178,0.900990099009901,0.00600540486437795,0.05287095776369506,cleveland,20,19f9a06a8f411f2cb0bfc83a470b8abe9be3e8d2481b8d5686994f21903b99e1
rf_importance,0.25,3,12,logistic,none,898115617,0.7887788778877888,0.8496446745042989,0.15321596069970486,0.06300692053170025,0.12728060222043944,0.03136791253496063,0.042224529758395746,0.32303090796377476,0.28036924080674075,1.3234323432343233,0.900990099009901,0.02432188970073057,0.053158245923122356,cleveland,20,19f9a06a8f411f2cb0bfc83a470b8abe9be3e8d2481b8d5686994f21903b99e1
rf_importance,1.0,12,12,logistic,none,1895313827,0.8448844884488449,0.8937094227057378,0.12524572866676506,0.06583387178218493,0.0748677499184513,0.01991355199593181,0.0031040543516995672,0.3449171085923387,0.2738158898735129,1.1914191419141915,0.900990099009901,0.03948553698328494,0.049042239627298284,cleveland,21,19f9a06a8f411f2cb0bfc83a470b8abe9be3e8d2481b8d5686994f21903b99e1
rf_importance,0.75,9,12,logistic,none,1895313827,0.8283828382838284,0.8894981575715039,0.12738205866982502,0.06572657261850434,0.0812524106235116,0.010663615560640771,0.0154381245362651,0.3451982497916137,0.2793868308584692,1.1848184818481848,0.900990099009901,0.0546491842658392,0.05242656925812176,cleveland,21,19f9a06a8f411f2cb0bfc83a470b8abe9be3e8d2481b8d5686994f21903b99e1
rf_importance,0.5,6,12,logistic,none,1895313827,0.8250825082508251,0.8904193718196174,0.1259759131931586,0.0699686043359147,0.08393869366682995,0.02358123569794046,0.011326063443719628,0.3496535034687035,0.28950178523328574,1.174917491749175,0.900990099009901,0.00915824241817631,0.05529267364171436,cleveland,21,19f9a06a8f411f2cb0bfc83a470b8abe9be3e8d2481b8d5686994f21903b99e1
rf_importance,0.33,4,12,logistic,none,1895313827,0.8085808580858086,0.858527811896824,0.14602050793166824,0.059904363850852266,0.11511019112719552,0.050926137808288696,0.06787199055714241,0.32892644237056073,0.30639998035756677,1.2772277227722773,0.900990099009901,0.02432188970073057,0.049961615208411525,cleveland,21,19f9a06a8f411f2cb0bfc83a470b8abe9be3e8d2481b8d5686994f21903b99e1
rf_importance,0.25,3,12,logistic,none,1895313827,0.759075907590759,0.8334137567994385,0.16260523586853487,0.06992228569601795,0.1445898328587889,0.03313119755911509,0.030753446834178647,0.3164542130121151,0.294221126768494,1.3564356435643565,0.900990099009901,0.02432188970073057,0.04737260805546494,cleveland,21,19f9a06a8f411f2cb0bfc83a470b8abe9be3e8d2481b8d5686994f21903b99e1
rf_importance,1.0,12,12,logistic,none,2806800478,0.8316831683168316,0.891296718722583,0.1257211171687203,0.059258731609029294,0.07761355601831685,0.015505975082634182,0.041583340147207826,0.34491851358257286,0.27184945873993505,1.1947194719471947,0.900990099009901,0.03948553698328494,0.03928226503886296,cleveland,22,19f9a06a8f411f2cb0bfc83a470b8abe9be3e8d2481b8d5686994f21903b99e1
rf_importance,0.75,9,12,logistic,none,2806800478,0.8415841584158416,0.8936216880154414,0.12443045109328951,0.05681249723398411,0.08090162263067657,0.02134757182812108,0.006557057724244433,0.3498137136414556,0.2712314541814689,1.188118811881188,0.900990099009901,0.0546491842658392,0.043045726965078704,cleveland,22,19f9a06a8f411f2cb0bfc83a470b8abe9be3e8d2481b8d5686994f21903b99e1
rf_importance,0.5,6,12,logistic,none,2806800478,0.8283828382838284,0.8936655553605896,0.1253479355390134,0.03534897032630909,0.08163318050264853,0.01533053648614291,0.04618409756277925,0.3486181154573435,0.2933642714468385,1.1683168316831682,0.900990099009901,0.00915824241817631,0.02436147605305652,cleveland,22,19f9a06a8f411f2cb0bfc83a470b8abe9be3e8d2481b8d5686994f21903b99e1
rf_importance,0.33,4,12,logistic,none,2806800478,0.7887788778877888,0.8624539392875943,0.14671271434621055,0.06479534487168014,0.1158497745315057,0.021452453597762378,0.04277542603929323,0.33066454410377444,0.287509979589451,1.273927392739274,0.9042904290429042,0.019467520768691737,0.06679174184329705,cleveland,22,19f9a06a8f411f2cb0bfc83a470b8abe9be3e8d2481b8d5686994f21903b99e1
rf_importance,0.25,3,12,logistic,none,2806800478,0.7722772277227723,0.83591419547289,0.16125056858404854,0.10932355553047195,0.149339261517324,0.01908021866259868,0.013832817516754276,0.31814033844424344,0.2669255395187269,1.3465346534653466,0.900990099009901,0.03948553698328494,0.08560287666031381,cleveland,22,19f9a06a8f411f2cb0bfc83a470b8abe9be3e8d2481b8d5686994f21903b99e1
rf_importance,1.0,12,12,logistic,none,351526724,0.8217821782178217,0.8896736269520968,0.12851542595245405,0.06895045473486111,0.07685032906042506,0.003611746758199863,0.00577573925518006,0.3440544618671623,0.27649488332425254,1.1683168316831682,0.900990099009901,0.02432188970073057,0.05124861394466292,cleveland,23,19f9a06a8f411f2cb0bfc83a470b8abe9be3e8d2481b8d5686994f21903b99e1
rf_importance,0.75,9,12,logistic,none,351526724,0.834983498349835,0.8882260045622039,0.12653740845362918,0.07141280750540557,0.07947939978258355,0.0018446478515128373,0.0019575797588711336,0.345313999836171,0.27678373736359174,1.174917491749175,0.900990099009901,0.02432188970073057,0.05201890870991342,cleveland,23,19f9a06a8f411f2cb0bfc83a470b8abe9be3e8d2481b8d5686994f21903b99e1
rf_importance,0.5,6,12,logistic,none,351526724,0.8316831683168316,0.8877873311107211,0.12517589564375595,0.06913647673580829,0.08539284896895645,0.03307144673277396,0.008587485496156136,0.34748070921475527,0.2862365695530751,1.1716171617161717,0.900990099009901,0.02432188970073057,0.05286592928580057,cleveland,23,19f9a06a8f411f2cb0bfc83a470b8abe9be3e8d2481b8d5686994f21903b99e1
rf_importance,0.33,4,12,logistic,none,351526724,0.8217821782178217,0.8722802246008071,0.13683609340924094,0.07774231352870506,0.10567411289932038,0.02698893974065586,0.04787508993965617,0.3359149854466552,0.2738132392583502,1.231023102310231,0.900990099009901,0.02432188970073057,0.06496171842964224,cleveland,23,19f9a06a8f411f2cb0bfc83a470b8abe9be3e8d2481b8d5686994f21903b99e1
rf_importance,0.25,3,12,logistic,none,351526724,0.7722772277227723,0.8326460782593438,0.16067522016039326,0.07198138918318582,0.1368567603477457,0.011205186880244078,0.05191586904188006,0.3116772387237081,0.2909754009690732,1.3333333333333333,0.900990099009901,0.0546491842658392,0.06433475278478637,cleveland,23,19f9a06a8f411f2cb0bfc83a470b8abe9be3e8d2481b8d5686994f21903b99e1
rf_importance,1.0,12,12,logistic,none,2603017483,0.8151815181518152,0.8880505351816108,0.12901163176258923,0.05997829332108341,0.08003235799716518,0.03308034579201635,0.007887640096933324,0.3401199903433535,0.2714812541845848,1.1947194719471947,0.900990099009901,0.02432188970073057,0.04629606803055537,cleveland,24,19f9a06a8f411f2cb0bfc83a470b8abe9be3e8d2481b8d5686994f21903b99e1
rf_importance,0.75,9,12,logistic,none,2603017483,0.8382838283828383,0.8866906474820143,0.12807720272569512,0.06286158247529389,0.08391121634256218,0.021081871345029257,0.003865772121560432,0.3422162087298619,0.26640254688397724,1.1848184818481848,0.900990099009901,0.0546491842658392,0.04596207877339679,cleveland,24,19f9a06a8f411f2cb0bfc83a470b8abe9be3e8d2481b8d5686994f21903b99e1
rf_importance,0.5,6,12,logistic,none,2603017483,0.8184818481848185,0.880329882435515,0.13205974571700696,0.0605756922637605,0.09766701813414752,0.0009000762776508742,0.0037880267174696253,0.34230849929666585,0.2768141633006247,1.2112211221122111,0.900990099009901,0.00915824241817631,0.04688843299597552,cleveland,24,19f9a06a8f411f2cb0bfc83a470b8abe9be3e8d2481b8d5686994f21903b99e1
rf_importance,0.33,4,12,logistic,none,2603017483,0.7887788778877888,0.837383751535357,0.15564586732311642,0.08613589854076448,0.1442541232809459,0.0330129672006102,0.010690323606370095,0.31972071995780754,0.2677020521367077,1.33993399339934,0.900990099009901,0.06981283154839346,0.07306355157727333,cleveland,24,19f9a06a8f411f2cb0bfc83a470b8abe9be3e8d2481b8d5686994f21903b99e1
rf_importance,0.25,3,12,logistic,none,2603017483,0.7623762376237624,0.8148140024565713,0.16963408867915644,0.07447318371091372,0.18265594342297198,0.057759344012204394,0.055199778500735555,0.30817740800622284,0.2641256576872782,1.353135313531353,0.9042904290429042,0.080122109898909,0.07787492647763004,cleveland,24,19f9a06a8f411f2cb0bfc83a470b8abe9be3e8d2481b8d5686994f21903b99e1
rf_importance,1.0,12,12,logistic,none,3100330061,0.8316831683168316,0.8974381470433409,0.12255003316292547,0.05628818345271647,0.06979224159274343,0.019354182557843824,0.014805159267659782,0.3481822460511154,0.2676553982770854,1.155115511551155,0.900990099009901,0.03948553698328494,0.040893831225038715,cleveland,25,19f9a06a8f411f2cb0bfc83a470b8abe9be3e8d2481b8d5686994f21903b99e1
rf_importance,0.75,9,12,logistic,none,3100330061,0.8217821782178217,0.8935339533251447,0.1255063335961556,0.06410473329320905,0.0755397247914201,0.013818967709127938,0.0033881929281942696,0.3465812648067179,0.2695301746474416,1.174917491749175,0.900990099009901,0.0546491842658392,0.0411902530448248,cleveland,25,19f9a06a8f411f2cb0bfc83a470b8abe9be3e8d2481b8d5686994f21903b99e1
rf_importance,0.5,6,12,logistic,none,3100330061,0.8118811881188119,0.8771275662396912,0.13602249433685562,0.05621400625745225,0.08716588261721092,0.02099542334096094,0.05099155517111657,0.3360295699163678,0.28185363591816537,1.231023102310231,0.900990099009901,0.03948553698328494,0.04605271070775811,cleveland,25,19f9a06a8f411f2cb0bfc83a470b8abe9be3e8d2481b8d5686994f21903b99e1
rf_importance,0.33,4,12,logistic,none,3100330061,0.7986798679867987,0.8608747148622566,0.14687858902157044,0.0508251609509616,0.10763983990570525,0.01769260106788706,0.03132325810319708,0.3304868032272634,0.2823382846067818,1.2937293729372936,0.900990099009901,0.06981283154839346,0.04911324196383812,cleveland,25,19f9a06a8f411f2cb0bfc83a470b8abe9be3e8d2481b8d5686994f21903b99e1
rf_importance,0.25,3,12,logistic,none,3100330061,0.7854785478547854,0.8497324091945955,0.1539370244696608,0.05774430182766526,0.12412108713141434,0.052765064836003184,0.036280606959476686,0.3282444097224629,0.28609691351655453,1.3135313531353134,0.900990099009901,0.03948553698328494,0.05106657664989079,cleveland,25,19f9a06a8f411f2cb0bfc83a470b8abe9be3e8d2481b8d5686994f21903b99e1
rf_importance,1.0,12,12,logistic,none,1943864584,0.8316831683168316,0.8921740656255484,0.12659133585297933,0.047964816480635476,0.07525915830425682,0.018549453343503663,0.007480021969036188,0.3438917565228941,0.27131345569511256,1.1914191419141915,0.900990099009901,0.03948553698328494,0.04301799386531539,cleveland,26,19f9a06a8f411f2cb0bfc83a470b8abe9be3e8d2481b8d5686994f21903b99e1
rf_importance,0.75,9,12,logistic,none,1943864584,0.8250825082508251,0.8874363923495349,0.12897293067397628,0.04163211616654787,0.07875385674465615,0.006587846427663302,0.02085645510826352,0.3429078439852729,0.2688435735199834,1.1914191419141915,0.900990099009901,0.03948553698328494,0.031778255592785735,cleveland,26,19f9a06a8f411f2cb0bfc83a470b8abe9be3e8d2481b8d5686994f21903b99e1
rf_importance,0.5,6,12,logistic,none,1943864584,0.8151815181518152,0.876118617301281,0.13479659663753585,0.0641671596987017,0.09741569727178254,0.019776252224764757,0.007525225615825956,0.33800903496155893,0.285285250031831,1.2046204620462047,0.900990099009901,0.00915824241817631,0.05338134186064314,cleveland,26,19f9a06a8f411f2cb0bfc83a470b8abe9be3e8d2481b8d5686994f21903b99e1
rf_importance,0.33,4,12,logistic,none,1943864584,0.7623762376237624,0.8411563432181084,0.15944134818746122,0.04812459524135845,0.1283942784158742,0.039789600813628145,0.08808297916266258,0.3175697723575124,0.3100264966893622,1.3036303630363035,0.900990099009901,0.00915824241817631,0.06221520407057846,cleveland,26,19f9a06a8f411f2cb0bfc83a470b8abe9be3e8d2481b8d5686994f21903b99e1
rf_importance,0.25,3,12,logistic,none,1943864584,0.759075907590759,0.8154500789612212,0.17354313897532173,0.06595889424516596,0.15983726799513728,0.019026188660055898,0.038125895925223294,0.30530509204580336,0.29940995564327455,1.396039603960396,0.900990099009901,0.03948553698328494,0.06565267702234971,cleveland,26,19f9a06a8f411f2cb0bfc83a470b8abe9be3e8d2481b8d5686994f21903b99e1
rf_importance,1.0,12,12,logistic,none,365592143,0.8217821782178217,0.885155290401825,0.1320806130717098,0.06792644037399337,0.07891083340354771,0.022400203407068497,0.006761787232740596,0.3393216947750201,0.27038634809702417,1.2277227722772277,0.900990099009901,0.0546491842658392,0.05411262726216162,cleveland,27,19f9a06a8f411f2cb0bfc83a470b8abe9be3e8d2481b8d5686994f21903b99e1
rf_importance,0.75,9,12,logistic,none,365592143,0.8151815181518152,0.8828303211089664,0.133432138131965,0.06719756644908272,0.08519014090180133,0.027167556572590956,0.0062007814595162886,0.33731753335898595,0.2612985619791408,1.2013201320132014,0.900990099009901,0.06981283154839346,0.046616715284825715,cleveland,27,19f9a06a8f411f2cb0bfc83a470b8abe9be3e8d2481b8d5686994f21903b99e1
rf_importance,0.5,6,12,logistic,none,365592143,0.8151815181518152,0.8761624846464292,0.13906090730215526,0.07196142311811454,0.09470663907220589,0.011231884057970931,0.041249201233364605,0.33643621161476783,0.28242134622316484,1.2442244224422443,0.900990099009901,0.02432188970073057,0.05240259471282891,cleveland,27,19f9a06a8f411f2cb0bfc83a470b8abe9be3e8d2481b8d5686994f21903b99e1
rf_importance,0.33,4,12,logistic,none,365592143,0.7887788778877888,0.8461352868924372,0.1578794869914867,0.0690864915540016,0.11888822311400325,0.02266781083142655,0.04977085405842513,0.31997929658459695,0.27214031712076764,1.33993399339934,0.900990099009901,0.03948553698328494,0.06829543842436642,cleveland,27,19f9a06a8f411f2cb0bfc83a470b8abe9be3e8d2481b8d5686994f21903b99e1
rf_importance,0.25,3,12,logistic,none,365592143,0.7557755775577558,0.823477803123355,0.16887604082878874,0.09395676463446466,0.1518872150127183,0.05546783625731,0.06088599780088777,0.31043886179267877,0.27327858639352715,1.396039603960396,0.900990099009901,0.08497647883094794,0.07712404508615714,cleveland,27,19f9a06a8f411f2cb0bfc83a470b8abe9be3e8d2481b8d5686994f21903b99e1
rf_importance,1.0,12,12,logistic,none,3531484615,0.834983498349835,0.8969994735918584,0.1236740553583999,0.053782408948904105,0.07129313468594822,0.010685227561657795,0.06526983460320387,0.3465355322980061,0.2823812731431828,1.1617161716171618,0.900990099009901,0.03948553698328494,0.04633686784297988,cleveland,28,19f9a06a8f411f2cb0bfc83a470b8abe9be3e8d2481b8d5686994f21903b99e1
rf_importance,0.75,9,12,logistic,none,3531484615,0.834983498349835,0.8922618003158449,0.12548881250150723,0.05072946601272037,0.07552893173690237,0.008246885329265208,0.0354773200633178,0.34595909295788013,0.27726274225850733,1.1815181518151816,0.900990099009901,0.03948553698328494,0.03884581077031992,cleveland,28,19f9a06a8f411f2cb0bfc83a470b8abe9be3e8d2481b8d5686994f21903b99e1
rf_importance,0.5,6,12,logistic,none,3531484615,0.8217821782178217,0.8830057904895595,0.13165883755199534,0.061415473822851493,0.08590034682583984,0.06310450038138826,0.02126951241685672,0.34220707922531357,0.2938721750162552,1.2013201320132014,0.900990099009901,0.00915824241817631,0.046966191434142116,cleveland,28,19f9a06a8f411f2cb0bfc83a470b8abe9be3e8d2481b8d5686994f21903b99e1
rf_importance,0.33,4,12,logistic,none,3531484615,0.7986798679867987,0.8503904193718196,0.1501317893100641,0.08396353903964471,0.11162105140997161,0.04591215357233658,0.0615006188057272,0.3223649606105002,0.28815341070425315,1.3828382838283828,0.900990099009901,0.02432188970073057,0.076875857539205,cleveland,28,19f9a06a8f411f2cb0bfc83a470b8abe9be3e8d2481b8d5686994f21903b99e1
rf_importance,0.25,3,12,logistic,none,3531484615,0.7656765676567657,0.8143972626776628,0.1726673501520544,0.07320767258287712,0.1494327551492329,0.07975019069412648,0.045643305938257384,0.30722738581710607,0.3160829594628793,1.4092409240924093,0.900990099009901,0.02432188970073057,0.06673132393470826,cleveland,28,19f9a06a8f411f2cb0bfc83a470b8abe9be3e8d2481b8d5686994f21903b99e1
rf_importance,1.0,12,12,logistic,none,3895036200,0.8250825082508251,0.8851552904018248,0.1320040861723237,0.060439062058518456,0.07789374278010776,0.03167048054919919,0.0067212526240087445,0.33681233842065506,0.2713275222707634,1.2145214521452146,0.900990099009901,0.0546491842658392,0.0386493369073618,cleveland,29,19f9a06a8f411f2cb0bfc83a470b8abe9be3e8d2481b8d5686994f21903b99e1
rf_importance,0.75,9,12,logistic,none,3895036200,0.8250825082508251,0.8900684330584313,0.1275611507780461,0.07081370361536915,0.07599552205981046,0.021666666666666723,0.009631462178562145,0.34344229647959973,0.26993466409701705,1.174917491749175,0.900990099009901,0.03948553698328494,0.049221835334682336,cleveland,29,19f9a06a8f411f2cb0bfc83a470b8abe9be3e8d2481b8d5686994f21903b99e1
rf_importance,0.5,6,12,logistic,none,3895036200,0.8184818481848185,0.8841024741182663,0.13361922702350826,0.07143292750407908,0.08472324024390335,0.014539791507754862,0.03766977276638915,0.33914782915454816,0.28248557970243826,1.2112211221122111,0.900990099009901,0.02432188970073057,0.05183130986102805,cleveland,29,19f9a06a8f411f2cb0bfc83a470b8abe9be3e8d2481b8d5686994f21903b99e1
rf_importance,0.33,4,12,logistic,none,3895036200,0.8085808580858086,0.8582646078259343,0.14853391316316467,0.06938825383609688,0.10939649569526108,0.030692855326722612,0.02634233338800457,0.32974748093300027,0.26907332590687044,1.2871287128712872,0.900990099009901,0.0546491842658392,0.0545015407638998,cleveland,29,19f9a06a8f411f2cb0bfc83a470b8abe9be3e8d2481b8d5686994f21903b99e1
rf_importance,0.25,3,12,logistic,none,3895036200,0.7623762376237624,0.813147043340937,0.17203884270953154,0.0642551977390483,0.16332776533470728,0.00024599542334091673,0.034395906791406985,0.3068453660496045,0.2789377868377041,1.372937293729373,0.900990099009901,0.0546491842658392,0.07118081403949018,cleveland,29,19f9a06a8f411f2cb0bfc83a470b8abe9be3e8d2481b8d5686994f21903b99e1
rf_importance,1.0,12,12,rf,none,462852855,0.8184818481848185,0.8869099842077557,0.13424466446644664,0.052871287128712884,0.07844431601541701,0.04406687007373511,0.0483491809295032,0.33955686823483283,0.2795461142136026,1.221122112211221,0.900990099009901,0.06981283154839346,0.04898071625344353,cleveland,0,19f9a06a8f411f2cb0bfc83a470b8abe9be3e8d2481b8d5686994f21903b99e1
rf_importance,0.75,9,12,rf,none,462852855,0.801980198019802,0.8859449026144938,0.13546358635863587,0.04380638063806381,0.07898332301462675,0.02416666666666678,0.05972141594101363,0.3413995345604518,0.2885547784524508,1.2178217821782178,0.900990099009901,0.03948553698328494,0.03801652892561983,cleveland,0,19f9a06a8f411f2cb0bfc83a470b8abe9be3e8d2481b8d5686994f21903b99e1
rf_importance,0.5,6,12,rf,none,462852855,0.801980198019802,0.8885769433233901,0.1330726806013935,0.07478547854785486,0.07251786927043648,0.0014518179506738393,0.017049678043572533,0.3388571820001262,0.2875240295383491,1.2376237623762376,0.900990099009901,0.00915824241817631,0.05617079889807168,cleveland,0,19f9a06a8f411f2cb0bfc83a470b8abe9be3e8d2481b8d5686994f21903b99e1
rf_importance,0.33,4,12,rf,none,462852855,0.7260726072607261,0.8253860326373046,0.18525548365340977,0.13570930166047893,0.13359273321186355,0.053194762267988804,0.042326253556639964,0.29654757719767066,0.3130915953350645,1.3366336633663367,0.900990099009901,0.02432188970073057,0.12830081285125383,cleveland,0,19f9a06a8f411f2cb0bfc83a470b8abe9be3e8d2481b8d5686994f21903b99e1
rf_importance,0.25,3,12,rf,none,462852855,0.7392739273927392,0.8059308650640463,0.18829089087085546,0.1299856698775998,0.155703629342218,0.032461225527587234,0.04498227194883375,0.29387623273758473,0.2872204459245133,1.3795379537953796,0.900990099009901,0.03948553698328494,0.13165160188829292,cleveland,0,19f9a06a8f411f2cb0bfc83a470b8abe9be3e8d2481b8d5686994f21903b99e1
rf_importance,1.0,12,12,rf,none,3578493815,0.8283828382838284,0.8901342340761538,0.13271287128712872,0.044004400440044,0.0820279659656303,0.07641939994914826,0.1022496913889167,0.34752659336286157,0.2707303262381954,1.2046204620462047,0.900990099009901,0.06981283154839346,0.037134986225895276,cleveland,1,19f9a06a8f411f2cb0bfc83a470b8abe9be3e8d2481b8d5686994f21903b99e1
rf_importance,0.75,9,12,rf,none,3578493815,0.7986798679867987,0.8859668362870678,0.13565031169783645,0.05179317931793177,0.08230262159194753,0.04449593185863199,0.057177126080138765,0.34262676965056404,0.27599683003152176,1.2277227722772277,0.900990099009901,0.06981283154839346,0.05939393939393939,cleveland,1,19f9a06a8f411f2cb0bfc83a470b8abe9be3e8d2481b8d5686994f21903b99e1
rf_importance,0.5,6,12,rf,none,3578493815,0.7986798679867987,0.8868003158448851,0.13567292022165178,0.05562559589292265,0.08380154566826706,0.06461161962878204,0.0022989746327250066,0.3448177340040596,0.2538529738105052,1.2079207920792079,0.900990099009901,0.0546491842658392,0.044881083562901665,cleveland,1,19f9a06a8f411f2cb0bfc83a470b8abe9be3e8d2481b8d5686994f21903b99e1
rf_importance,0.33,4,12,rf,none,3578493815,0.7392739273927392,0.8167660993156693,0.1808968936680907,0.10665503902537198,0.13737392291205874,0.06324434274091018,0.009708750258085541,0.2978000647817588,0.23329896660265276,1.363036303630363,0.900990099009901,0.08497647883094794,0.10697196247903223,cleveland,1,19f9a06a8f411f2cb0bfc83a470b8abe9be3e8d2481b8d5686994f21903b99e1
rf_importance,0.25,3,12,rf,none,3578493815,0.768976897689769,0.8132567117038079,0.1804650899509811,0.11191353145768858,0.1553662954261611,0.024270912789219445,0.02086686610160335,0.3025463088668615,0.2722856031647782,1.4026402640264026,0.900990099009901,0.1001401261135022,0.11297562841461915,cleveland,1,19f9a06a8f411f2cb0bfc83a470b8abe9be3e8d2481b8d5686994f21903b99e1
rf_importance,1.0,12,12,rf,none,4216036727,0.8151815181518152,0.8907483769082295,0.1321271727172717,0.07372937293729372,0.0772261536081233,0.05223239257564205,0.03397290895138955,0.3429522613441087,0.27516489523072873,1.2409240924092408,0.900990099009901,0.06981283154839346,0.05994490358126725,cleveland,2,19f9a06a8f411f2cb0bfc83a470b8abe9be3e8d2481b8d5686994f21903b99e1
rf_importance,0.75,9,12,rf,none,4216036727,0.7953795379537953,0.8793428671696788,0.1393635496883022,0.07984598459845986,0.08121663547358597,0.03335303839308423,0.02452674073332671,0.33403868067359727,0.27852367625823904,1.2772277227722773,0.900990099009901,0.02432188970073057,0.05322314049586779,cleveland,2,19f9a06a8f411f2cb0bfc83a470b8abe9be3e8d2481b8d5686994f21903b99e1
rf_importance,0.5,6,12,rf,none,4216036727,0.7854785478547854,0.8658536585365855,0.1476474517377664,0.07053758709204254,0.09854255620692998,0.03481502669717773,0.004235322901722641,0.33234813530736945,0.2743497692428644,1.2508250825082508,0.9042904290429042,0.03463116805124611,0.06341414141414144,cleveland,2,19f9a06a8f411f2cb0bfc83a470b8abe9be3e8d2481b8d5686994f21903b99e1
rf_importance,0.33,4,12,rf,none,4216036727,0.7392739273927392,0.8114362168801544,0.1900634475693223,0.14276593849861177,0.1554010428831909,0.01976417493007887,0.037741048689852674,0.2876450542507894,0.2873014343920389,1.4158415841584158,0.900990099009901,0.02432188970073057,0.13397966679784856,cleveland,2,19f9a06a8f411f2cb0bfc83a470b8abe9be3e8d2481b8d5686994f21903b99e1
rf_importance,0.25,3,12,rf,none,4216036727,0.7161716171617162,0.7895464116511669,0.2036775697673425,0.14254578553093397,0.1844851104877449,0.042531782354436776,0.04055949349123206,0.28438515318946783,0.2931987052521218,1.386138613861386,0.900990099009901,0.00600540486437795,0.14590722156631242,cleveland,2,19f9a06a8f411f2cb0bfc83a470b8abe9be3e8d2481b8d5686994f21903b99e1
rf_importance,1.0,12,12,rf,none,3344522462,0.8052805280528053,0.8859449026144938,0.135006233956729,0.04767876787678765,0.07714654708390913,0.05920734808034567,0.08329996997297567,0.33937788350528386,0.2709122947225937,1.2046204620462047,0.900990099009901,0.06981283154839346,0.04774104683195587,cleveland,3,19f9a06a8f411f2cb0bfc83a470b8abe9be3e8d2481b8d5686994f21903b99e1
rf_importance,0.75,9,12,rf,none,3344522462,0.8052805280528053,0.8793867345148273,0.1385918591859186,0.03643564356435641,0.08362925676766872,0.04495550470378851,0.05001568077936809,0.3368829303030175,0.28134166261867133,1.2277227722772277,0.900990099009901,0.03948553698328494,0.028953168044077136,cleveland,3,19f9a06a8f411f2cb0bfc83a470b8abe9be3e8d2481b8d5686994f21903b99e1
rf_importance,0.5,6,12,rf,none,3344522462,0.7920792079207921,0.8793428671696788,0.14095108177484414,0.05474147414741473,0.08307799143997209,0.04490973811339938,0.023294631835318422,0.33766569263093443,0.27803201137349187,1.2574257425742574,0.900990099009901,0.06981283154839346,0.054517906336088204,cleveland,3,19f9a06a8f411f2cb0bfc83a470b8abe9be3e8d2481b8d5686994f21903b99e1
rf_importance,0.33,4,12,rf,none,3344522462,0.7491749174917491,0.8243332163537462,0.18311542659160845,0.11121774024741166,0.13489406193063705,0.03192537503178228,0.04143855032562667,0.3019899467501032,0.27088312882224097,1.3762376237623761,0.900990099009901,0.02432188970073057,0.12389298205215502,cleveland,3,19f9a06a8f411f2cb0bfc83a470b8abe9be3e8d2481b8d5686994f21903b99e1
rf_importance,0.25,3,12,rf,none,3344522462,0.7788778877887789,0.8119406913493595,0.17821159094160102,0.13392469461430845,0.15438190982255573,0.031631706076786226,0.007292750982471036,0.30013505528166895,0.25109333438741754,1.396039603960396,0.900990099009901,0.03948553698328494,0.13304218099570708,cleveland,3,19f9a06a8f411f2cb0bfc83a470b8abe9be3e8d2481b8d5686994f21903b99e1
rf_importance,1.0,12,12,rf,none,2988794600,0.7953795379537953,0.8854184944727145,0.13596596993032636,0.06151815181518153,0.07879131106862536,0.06196224256292904,0.04818303139492208,0.33851470113676707,0.2713483793874244,1.2607260726072607,0.9042904290429042,0.06495846261635463,0.06115702479338842,cleveland,4,19f9a06a8f411f2cb0bfc83a470b8abe9be3e8d2481b8d5686994f21903b99e1
rf_importance,0.75,9,12,rf,none,2988794600,0.7920792079207921,0.8793209334971047,0.13903615694902824,0.059119911991199134,0.08472298640132729,0.05112636664124082,0.049846528542354746,0.3358552829318,0.27259174586137447,1.2442244224422443,0.900990099009901,0.06981283154839346,0.0509090909090909,cleveland,4,19f9a06a8f411f2cb0bfc83a470b8abe9be3e8d2481b8d5686994f21903b99e1
rf_importance,0.5,6,12,rf,none,2988794600,0.7887788778877888,0.8857255658887523,0.13704143747708106,0.04765676567656768,0.07502414010719555,0.04621027205695394,0.02066359723751371,0.33973219195730836,0.27436219425033753,1.2475247524752475,0.900990099009901,0.08497647883094794,0.04438016528925625,cleveland,4,19f9a06a8f411f2cb0bfc83a470b8abe9be3e8d2481b8d5686994f21903b99e1
rf_importance,0.33,4,12,rf,none,2988794600,0.735973597359736,0.8111072117915423,0.18832642661110402,0.11565535124941066,0.13782110112522916,0.06219933892702767,0.025255821112016658,0.29372475645679424,0.24250981253073292,1.3927392739273927,0.900990099009901,0.0546491842658392,0.12445261052079229,cleveland,4,19f9a06a8f411f2cb0bfc83a470b8abe9be3e8d2481b8d5686994f21903b99e1
rf_importance,0.25,3,12,rf,none,2988794600,0.7029702970297029,0.7933409370064923,0.20408312426627692,0.14771771476653917,0.16037859727557222,0.13114861428934665,0.06640258954590308,0.2900004114271559,0.22752236397414768,1.4125412541254125,0.900990099009901,0.0546491842658392,0.14923112234735128,cleveland,4,19f9a06a8f411f2cb0bfc83a470b8abe9be3e8d2481b8d5686994f21903b99e1
rf_importance,1.0,12,12,rf,none,4099221272,0.8118811881188119,0.8899148973504123,0.1331072973964063,0.06673267326732672,0.07472210487211557,0.04452707856598015,0.06102525606379075,0.34146577914699444,0.2770156201776647,1.2277227722772277,0.9042904290429042,0.06495846261635463,0.05721763085399449,cleveland,5,19f9a06a8f411f2cb0bfc83a470b8abe9be3e8d2481b8d5686994f21903b99e1
rf_importance,0.75,9,12,rf,none,4099221272,0.8118811881188119,0.8842998771714335,0.13728712871287127,0.04961496149614964,0.07860799821210893,0.056638698194762194,0.023227905114603167,0.3383954524409779,0.2663664680413521,1.2673267326732673,0.9042904290429042,0.080122109898909,0.04341597796143251,cleveland,5,19f9a06a8f411f2cb0bfc83a470b8abe9be3e8d2481b8d5686994f21903b99e1
rf_importance,0.5,6,12,rf,none,4099221272,0.801980198019802,0.8706132654851728,0.14424495782911625,0.0642904290429043,0.09183931196103617,0.0018980422069667657,0.06001267807693589,0.3340491451234441,0.29237720802186756,1.2673267326732673,0.9042904290429042,0.019467520768691737,0.06506887052341603,cleveland,5,19f9a06a8f411f2cb0bfc83a470b8abe9be3e8d2481b8d5686994f21903b99e1
rf_importance,0.33,4,12,rf,none,4099221272,0.759075907590759,0.8533733988419021,0.16369108154050377,0.0961895972020824,0.10149775304493204,0.06180078820238999,0.026105455441865794,0.31220341296464005,0.2478077629348404,1.316831683168317,0.900990099009901,0.08497647883094794,0.09726619558967908,cleveland,5,19f9a06a8f411f2cb0bfc83a470b8abe9be3e8d2481b8d5686994f21903b99e1
rf_importance,0.25,3,12,rf,none,4099221272,0.7326732673267327,0.8063914721881031,0.1915548182906533,0.12856346413897696,0.15792551750195136,0.06561149249936449,0.014929265411035092,0.2906643168059136,0.2327695236382613,1.4026402640264026,0.900990099009901,0.06981283154839346,0.11251630322721791,cleveland,5,19f9a06a8f411f2cb0bfc83a470b8abe9be3e8d2481b8d5686994f21903b99e1
rf_importance,1.0,12,12,rf,none,1895041541,0.801980198019802,0.882589050710651,0.13634807480748076,0.06972497249724971,0.07847027812987348,0.02436753114670731,0.051553064424648895,0.33294439765220646,0.29443079734273103,1.2409240924092408,0.900990099009901,0.03948553698328494,0.04611570247933889,cleveland,6,19f9a06a8f411f2cb0bfc83a470b8abe9be3e8d2481b8d5686994f21903b99e1
rf_importance,0.75,9,12,rf,none,1895041541,0.7887788778877888,0.871468678715564,0.14323579024569125,0.06217821782178222,0.08915553128553363,0.009866514111365299,0.07153104460681287,0.3287410974503309,0.30730422875585933,1.283828382838284,0.900990099009901,0.00600540486437795,0.04980716253443531,cleveland,6,19f9a06a8f411f2cb0bfc83a470b8abe9be3e8d2481b8d5686994f21903b99e1
rf_importance,0.5,6,12,rf,none,1895041541,0.7920792079207921,0.8694946481838919,0.1468745016196064,0.06976109277594426,0.08739405513830839,0.01157831172133239,0.06571005849709183,0.32869354561020664,0.30321878114493006,1.2805280528052805,0.900990099009901,0.03948553698328494,0.06560996326905424,cleveland,6,19f9a06a8f411f2cb0bfc83a470b8abe9be3e8d2481b8d5686994f21903b99e1
rf_importance,0.33,4,12,rf,none,1895041541,0.7458745874587459,0.8174460431654677,0.18757238715494753,0.14212742940960765,0.12911000774307596,0.03788202390033035,0.09560208393903716,0.28780970856334287,0.3037468823740309,1.4125412541254125,0.900990099009901,0.00600540486437795,0.12936626000262358,cleveland,6,19f9a06a8f411f2cb0bfc83a470b8abe9be3e8d2481b8d5686994f21903b99e1
rf_importance,0.25,3,12,rf,none,1895041541,0.7161716171617162,0.8009299877171434,0.20079302577766153,0.1687573799034567,0.16365204046738918,0.044584922451055164,0.0016451433807888882,0.28682225644724985,0.2790975348229482,1.396039603960396,0.900990099009901,0.03948553698328494,0.15065348225469083,cleveland,6,19f9a06a8f411f2cb0bfc83a470b8abe9be3e8d2481b8d5686994f21903b99e1
rf_importance,1.0,12,12,rf,none,2269405047,0.8184818481848185,0.890682575890507,0.13235100843417674,0.07922992299229924,0.07392503379988735,0.03143274853801159,0.045454575784873066,0.34158077091417455,0.28156654628253286,1.2178217821782178,0.9042904290429042,0.06495846261635463,0.06809917355371903,cleveland,7,19f9a06a8f411f2cb0bfc83a470b8abe9be3e8d2481b8d5686994f21903b99e1
rf_importance,0.75,9,12,rf,none,2269405047,0.8052805280528053,0.8828303211089664,0.13668573524019068,0.07236523652365237,0.08059100047564698,0.03725654716501403,0.03929102859239983,0.3378622422241582,0.28128714206826744,1.2409240924092408,0.900990099009901,0.02432188970073057,0.05636363636363632,cleveland,7,19f9a06a8f411f2cb0bfc83a470b8abe9be3e8d2481b8d5686994f21903b99e1
rf_importance,0.5,6,12,rf,none,2269405047,0.7953795379537953,0.8901561677487277,0.13432489915658233,0.07005500550055006,0.07545627872863139,0.01600177981184847,0.012271377573149125,0.3465632938109262,0.29392641051346513,1.2475247524752475,0.900990099009901,0.00915824241817631,0.047217630853994434,cleveland,7,19f9a06a8f411f2cb0bfc83a470b8abe9be3e8d2481b8d5686994f21903b99e1
rf_importance,0.33,4,12,rf,none,2269405047,0.7458745874587459,0.8256711703807685,0.1794576298709803,0.12213423961443765,0.13302804003906263,0.027995169082125737,0.024413921735911503,0.3063121022339883,0.27859611481211005,1.3498349834983498,0.9042904290429042,0.06495846261635463,0.13543129345402075,cleveland,7,19f9a06a8f411f2cb0bfc83a470b8abe9be3e8d2481b8d5686994f21903b99e1
rf_importance,0.25,3,12,rf,none,2269405047,0.7227722772277227,0.7910817687313564,0.20294972885176493,0.1312452348900144,0.1761563194694823,0.06908593948639719,0.011051280335394986,0.2941701123868161,0.23677572906673525,1.4257425742574257,0.900990099009901,0.0546491842658392,0.14171853818080346,cleveland,7,19f9a06a8f411f2cb0bfc83a470b8abe9be3e8d2481b8d5686994f21903b99e1
rf_importance,1.0,12,12,rf,none,185234164,0.8316831683168316,0.8937752237234603,0.12832387238723872,0.07084708470847084,0.07237083104774683,0.03693046020849222,0.02085643746038099,0.3438400382004981,0.27687592811724043,1.2178217821782178,0.900990099009901,0.0546491842658392,0.05159779614325068,cleveland,8,19f9a06a8f411f2cb0bfc83a470b8abe9be3e8d2481b8d5686994f21903b99e1
rf_importance,0.75,9,12,rf,none,185234164,0.8184818481848185,0.8906167748727848,0.1310079941327466,0.05815181518151814,0.07540561630409481,0.04478260869565209,0.04137523771394255,0.34345460142186834,0.2755130825944292,1.2046204620462047,0.900990099009901,0.0546491842658392,0.05410468319559233,cleveland,8,19f9a06a8f411f2cb0bfc83a470b8abe9be3e8d2481b8d5686994f21903b99e1
rf_importance,0.5,6,12,rf,none,185234164,0.7887788778877888,0.8632435515002632,0.1490159009493542,0.07245874587458745,0.09228414647885871,0.025746249682176425,0.028990819515341618,0.325056853377165,0.2691306086444187,1.3366336633663367,0.9108910891089109,0.05524972475227696,0.07281680440771353,cleveland,8,19f9a06a8f411f2cb0bfc83a470b8abe9be3e8d2481b8d5686994f21903b99e1
rf_importance,0.33,4,12,rf,none,185234164,0.759075907590759,0.8388094402526759,0.17413784623842202,0.12820223689035568,0.11608669421588862,0.0404303330790744,0.028075924681419645,0.30897733201313704,0.282879810150181,1.3993399339933994,0.9042904290429042,0.019467520768691737,0.12428932178932174,cleveland,8,19f9a06a8f411f2cb0bfc83a470b8abe9be3e8d2481b8d5686994f21903b99e1
rf_importance,0.25,3,12,rf,none,185234164,0.7557755775577558,0.8133444463941042,0.18233081221185618,0.12344429309419358,0.14950323770225446,0.009359903381642276,0.0032664439869960205,0.29906791804023325,0.28177757658836233,1.3795379537953796,0.900990099009901,0.03948553698328494,0.12150501711672299,cleveland,8,19f9a06a8f411f2cb0bfc83a470b8abe9be3e8d2481b8d5686994f21903b99e1
rf_importance,1.0,12,12,rf,none,3018607004,0.8184818481848185,0.8869099842077557,0.1345044371103777,0.06253025302530252,0.08504177784093263,0.026372362064581822,0.060948520334968115,0.3413184258503531,0.2981044871484091,1.2343234323432344,0.900990099009901,0.03948553698328494,0.05294765840220383,cleveland,9,19f9a06a8f411f2cb0bfc83a470b8abe9be3e8d2481b8d5686994f21903b99e1
rf_importance,0.75,9,12,rf,none,3018607004,0.8118811881188119,0.8805930865064047,0.13745463879721306,0.043234323432343215,0.08816307329512074,0.009954233409611102,0.062489573949888175,0.3388619457168496,0.2979184640824163,1.2376237623762376,0.900990099009901,0.03948553698328494,0.042038567493112966,cleveland,9,19f9a06a8f411f2cb0bfc83a470b8abe9be3e8d2481b8d5686994f21903b99e1
rf_importance,0.5,6,12,rf,none,3018607004,0.8052805280528053,0.8662703983154939,0.14463982398239825,0.09676567656765675,0.10179993991880708,0.008170607678616881,0.07466953591565745,0.3382167294039637,0.28993025056722277,1.2475247524752475,0.9042904290429042,0.004303873486137477,0.08898071625344349,cleveland,9,19f9a06a8f411f2cb0bfc83a470b8abe9be3e8d2481b8d5686994f21903b99e1
rf_importance,0.33,4,12,rf,none,3018607004,0.7425742574257426,0.8132347780312335,0.18108457511072992,0.11104787659463194,0.1491133066471254,0.0653070175438597,0.011280961178089244,0.2983688841061447,0.2555773222671046,1.3696369636963697,0.900990099009901,0.03948553698328494,0.11517534421802451,cleveland,9,19f9a06a8f411f2cb0bfc83a470b8abe9be3e8d2481b8d5686994f21903b99e1
rf_importance,0.25,3,12,rf,none,3018607004,0.7392739273927392,0.7942402175820318,0.19415566174801305,0.13232090186085946,0.1969026006055053,0.07162090007627753,0.019655009028583248,0.29578982330623166,0.25606363980701613,1.3993399339933994,0.900990099009901,0.06981283154839346,0.12266843501952959,cleveland,9,19f9a06a8f411f2cb0bfc83a470b8abe9be3e8d2481b8d5686994f21903b99e1
rf_importance,1.0,12,12,rf,none,882616031,0.8184818481848185,0.8910773819968417,0.13276993032636597,0.07214521452145216,0.07415778054470931,0.05180333079074506,0.024583458445934736,0.3400804538422215,0.28032680142819255,1.2541254125412542,0.9042904290429042,0.04979481533380037,0.04173553719008264,cleveland,10,19f9a06a8f411f2cb0bfc83a470b8abe9be3e8d2481b8d5686994f21903b99e1
rf_importance,0.75,9,12,rf,none,882616031,0.7986798679867987,0.8828961221266889,0.1379295929592959,0.04666666666666671,0.08315673697455407,0.045515509788965236,0.09425249391118677,0.3373590829161375,0.2843817032301457,1.2541254125412542,0.9042904290429042,0.019467520768691737,0.03630853994490365,cleveland,10,19f9a06a8f411f2cb0bfc83a470b8abe9be3e8d2481b8d5686994f21903b99e1
rf_importance,0.5,6,12,rf,none,882616031,0.7821782178217822,0.8667529391121248,0.14684825815914923,0.07942794279427941,0.09527113706893861,0.06083651156877712,0.04634003936876521,0.3300089825464665,0.27953804286356176,1.2442244224422443,0.900990099009901,0.08497647883094794,0.08258953168044073,cleveland,10,19f9a06a8f411f2cb0bfc83a470b8abe9be3e8d2481b8d5686994f21903b99e1
rf_importance,0.33,4,12,rf,none,882616031,0.7425742574257426,0.8342911037024039,0.17832261832413587,0.1175021057494845,0.12268647699566888,0.01847635392829905,0.011855849167094978,0.30920135641628044,0.2642573356661151,1.3564356435643565,0.9042904290429042,0.019467520768691737,0.11969262079574378,cleveland,10,19f9a06a8f411f2cb0bfc83a470b8abe9be3e8d2481b8d5686994f21903b99e1
rf_importance,0.25,3,12,rf,none,882616031,0.7227722772277227,0.8013247938234779,0.19630110413829588,0.149373211398189,0.1644061623200535,0.1450724637681159,0.12719531152192554,0.2964564720523731,0.20373618717778483,1.3993399339933994,0.9042904290429042,0.06495846261635463,0.1326696945067532,cleveland,10,19f9a06a8f411f2cb0bfc83a470b8abe9be3e8d2481b8d5686994f21903b99e1
rf_importance,1.0,12,12,rf,none,2645065444,0.7920792079207921,0.8796938059308651,0.13852101210121012,0.04578657865786579,0.08930662535837369,0.06270340706839572,0.046117505755179714,0.3385018494559858,0.27893090429513256,1.2409240924092408,0.900990099009901,0.06981283154839346,0.045840220385674924,cleveland,11,19f9a06a8f411f2cb0bfc83a470b8abe9be3e8d2481b8d5686994f21903b99e1
rf_importance,0.75,9,12,rf,none,2645065444,0.801980198019802,0.8762721530093,0.14074279427942796,0.03947194719471948,0.08412856602314749,0.04386664124078299,0.05245787875754848,0.3366083292150986,0.2876871992238252,1.2409240924092408,0.900990099009901,0.03948553698328494,0.03487603305785128,cleveland,11,19f9a06a8f411f2cb0bfc83a470b8abe9be3e8d2481b8d5686994f21903b99e1
rf_importance,0.5,6,12,rf,none,2645065444,0.8052805280528053,0.8707668011931918,0.14543703703703703,0.07469746974697469,0.09501841909627447,0.011781718789728002,0.06590765021853,0.33008909965289135,0.30624768145463366,1.2871287128712872,0.9042904290429042,0.004303873486137477,0.07140495867768602,cleveland,11,19f9a06a8f411f2cb0bfc83a470b8abe9be3e8d2481b8d5686994f21903b99e1
rf_importance,0.33,4,12,rf,none,2645065444,0.7854785478547854,0.8506755571152835,0.15790473912219685,0.11114281348769796,0.12046722785300092,0.05316043732519693,0.024170580638977188,0.32405370339009953,0.2632263485508546,1.3333333333333333,0.9075907590759076,0.060104093684315796,0.09040100135554678,cleveland,11,19f9a06a8f411f2cb0bfc83a470b8abe9be3e8d2481b8d5686994f21903b99e1
rf_importance,0.25,3,12,rf,none,2645065444,0.7260726072607261,0.7902921565186874,0.1943221993508631,0.1434445513089827,0.19558550444484532,0.09909801678108343,0.07790979830041622,0.2864366082036501,0.2124633503572479,1.4158415841584158,0.900990099009901,0.06981283154839346,0.13678977964689829,cleveland,11,19f9a06a8f411f2cb0bfc83a470b8abe9be3e8d2481b8d5686994f21903b99e1
rf_importance,1.0,12,12,rf,none,1630077019,0.8151815181518152,0.8888401473942797,0.13271287128712872,0.05447744774477449,0.07854930993082353,0.041133994406305496,0.060814399626330395,0.34313197368216775,0.28403545938757113,1.2145214521452146,0.900990099009901,0.03948553698328494,0.035123966942148775,cleveland,12,19f9a06a8f411f2cb0bfc83a470b8abe9be3e8d2481b8d5686994f21903b99e1
rf_importance,0.75,9,12,rf,none,1630077019,0.8052805280528053,0.8929417441656431,0.13225170517051704,0.05918591859185913,0.07602568994739078,0.04413806254767361,0.012967670903813455,0.34826833662907525,0.28663058064525093,1.2145214521452146,0.9042904290429042,0.04979481533380037,0.06267217630853991,cleveland,12,19f9a06a8f411f2cb0bfc83a470b8abe9be3e8d2481b8d5686994f21903b99e1
rf_importance,0.5,6,12,rf,none,1630077019,0.801980198019802,0.894520968590981,0.13192665933259995,0.0620902090209021,0.0724845430996532,0.02949720315280946,0.03022019817836051,0.3490875342436024,0.28080789773355386,1.1947194719471947,0.900990099009901,0.00915824241817631,0.042809917355371936,cleveland,12,19f9a06a8f411f2cb0bfc83a470b8abe9be3e8d2481b8d5686994f21903b99e1
rf_importance,0.33,4,12,rf,none,1630077019,0.7854785478547854,0.846266888927882,0.16453484931800483,0.12626069114848,0.1201093685706888,0.002219043986778524,0.005459629539601579,0.3219731682655442,0.2926266316029153,1.3498349834983498,0.900990099009901,0.02432188970073057,0.12865643447461628,cleveland,12,19f9a06a8f411f2cb0bfc83a470b8abe9be3e8d2481b8d5686994f21903b99e1
rf_importance,0.25,3,12,rf,none,1630077019,0.735973597359736,0.8261975785225477,0.17503447333444763,0.11150802093708774,0.15328998211714837,0.06554093567251473,0.00020323080968157048,0.3123607218645768,0.25745931651469256,1.33993399339934,0.900990099009901,0.06981283154839346,0.09918884712381557,cleveland,12,19f9a06a8f411f2cb0bfc83a470b8abe9be3e8d2481b8d5686994f21903b99e1
rf_importance,1.0,12,12,rf,none,1004406703,0.8283828382838284,0.9025706264256887,0.12511991199119912,0.06074807480748076,0.06888780607154969,0.043089880498347166,0.038251092650051666,0.3495588188754565,0.2770740675696925,1.174917491749175,0.900990099009901,0.03948553698328494,0.044573002754820915,cleveland,13,19f9a06a8f411f2cb0bfc83a470b8abe9be3e8d2481b8d5686994f21903b99e1
rf_importance,0.75,9,12,rf,none,1004406703,0.8118811881188119,0.8857694332339007,0.1337236523652365,0.066996699669967,0.0760651041447107,0.02242944317315021,0.06174356921229107,0.33989968541851345,0.28453328930577737,1.2442244224422443,0.900990099009901,0.02432188970073057,0.04889807162534433,cleveland,13,19f9a06a8f411f2cb0bfc83a470b8abe9be3e8d2481b8d5686994f21903b99e1
rf_importance,0.5,6,12,rf,none,1004406703,0.8118811881188119,0.8878531321284436,0.13543278327832786,0.055687568756875694,0.07344218050365467,0.02141177218408341,0.05629700063390387,0.337337969605768,0.29019673098843224,1.2409240924092408,0.900990099009901,0.0546491842658392,0.045261707988980764,cleveland,13,19f9a06a8f411f2cb0bfc83a470b8abe9be3e8d2481b8d5686994f21903b99e1
rf_importance,0.33,4,12,rf,none,1004406703,0.759075907590759,0.8344007720652745,0.17412526997867966,0.12166988841741316,0.12165016001790116,0.0381203915586068,0.025308702832549268,0.30161316465772214,0.25831816046561995,1.3564356435643565,0.900990099009901,0.0546491842658392,0.12201580742489833,cleveland,13,19f9a06a8f411f2cb0bfc83a470b8abe9be3e8d2481b8d5686994f21903b99e1
rf_importance,0.25,3,12,rf,none,1004406703,0.7161716171617162,0.7939770135111424,0.2104781697307686,0.16509646328815647,0.16996602343421485,0.025905797101449357,0.052423822571015855,0.2858624370288127,0.30060114483023626,1.4224422442244224,0.9042904290429042,0.04979481533380037,0.1710257341107879,cleveland,13,19f9a06a8f411f2cb0bfc83a470b8abe9be3e8d2481b8d5686994f21903b99e1
rf_importance,1.0,12,12,rf,none,2854651255,0.8184818481848185,0.8914283207580277,0.13200601393472683,0.05515951595159515,0.07893908200063272,0.0641768370200867,0.06820605211356888,0.3453368415660078,0.27739655713980516,1.2013201320132014,0.9042904290429042,0.080122109898909,0.05173553719008265,cleveland,14,19f9a06a8f411f2cb0bfc83a470b8abe9be3e8d2481b8d5686994f21903b99e1
rf_importance,0.75,9,12,rf,none,2854651255,0.7953795379537953,0.882589050710651,0.1374320498716538,0.05977997799779979,0.08252440686540607,0.03729023646071683,0.03915624061655493,0.3402658837385274,0.2927722605063572,1.2409240924092408,0.900990099009901,0.0546491842658392,0.06256198347107432,cleveland,14,19f9a06a8f411f2cb0bfc83a470b8abe9be3e8d2481b8d5686994f21903b99e1
rf_importance,0.5,6,12,rf,none,2854651255,0.7986798679867987,0.8880066678364625,0.13652951961862855,0.04880088008800881,0.07800006870490396,0.04469107551487406,0.06961932405831912,0.3437846532355433,0.2758589270763958,1.221122112211221,0.900990099009901,0.0546491842658392,0.027796143250688708,cleveland,14,19f9a06a8f411f2cb0bfc83a470b8abe9be3e8d2481b8d5686994f21903b99e1
rf_importance,0.33,4,12,rf,none,2854651255,0.7128712871287128,0.8068959466573082,0.18712462436710414,0.11917813924249565,0.14976224001255384,0.0365675057208239,0.05700601295133878,0.30044100892861186,0.2804064732285868,1.372937293729373,0.900990099009901,0.0546491842658392,0.1111905089859635,cleveland,14,19f9a06a8f411f2cb0bfc83a470b8abe9be3e8d2481b8d5686994f21903b99e1
rf_importance,0.25,3,12,rf,none,2854651255,0.6897689768976898,0.7456571328303211,0.23032109121260125,0.17192827778203795,0.21085119111441059,0.017370327993897816,0.004788198357814993,0.2591379235848352,0.2594046327025804,1.5115511551155116,0.900990099009901,0.03948553698328494,0.18607287402504827,cleveland,14,19f9a06a8f411f2cb0bfc83a470b8abe9be3e8d2481b8d5686994f21903b99e1
rf_importance,1.0,12,12,rf,none,3657062247,0.834983498349835,0.898578698017196,0.1274958562522919,0.06035203520352038,0.07441567056525793,0.04791952707856606,0.0652794181429954,0.3495228113234924,0.282682956361335,1.2013201320132014,0.900990099009901,0.06981283154839346,0.05082644628099175,cleveland,15,19f9a06a8f411f2cb0bfc83a470b8abe9be3e8d2481b8d5686994f21903b99e1
rf_importance,0.75,9,12,rf,none,3657062247,0.8184818481848185,0.8888620810668537,0.1334072607260726,0.06974697469746975,0.08280245807638704,0.03000635647088734,0.03509625329463181,0.3450704268079902,0.28967752878028286,1.2574257425742574,0.9042904290429042,0.03463116805124611,0.06421487603305785,cleveland,15,19f9a06a8f411f2cb0bfc83a470b8abe9be3e8d2481b8d5686994f21903b99e1
rf_importance,0.5,6,12,rf,none,3657062247,0.7986798679867987,0.8830277241621337,0.13762068206820682,0.05084708470847084,0.08314286280626698,0.0005847953216375767,0.03306409101524707,0.33783742942876904,0.2982698456954337,1.2343234323432344,0.900990099009901,0.00915824241817631,0.049118457300275496,cleveland,15,19f9a06a8f411f2cb0bfc83a470b8abe9be3e8d2481b8d5686994f21903b99e1
rf_importance,0.33,4,12,rf,none,3657062247,0.7623762376237624,0.8415511493244427,0.16754647960427288,0.11292035283297303,0.12499823263095132,0.036664124078311655,0.012742233002389441,0.3120559566162231,0.2706175643838289,1.306930693069307,0.900990099009901,0.00915824241817631,0.10942759214050087,cleveland,15,19f9a06a8f411f2cb0bfc83a470b8abe9be3e8d2481b8d5686994f21903b99e1
rf_importance,0.25,3,12,rf,none,3657062247,0.6864686468646864,0.7653974381470433,0.22070252213930736,0.16234591916741375,0.21866159758050066,0.1047362064581745,0.06451102462100217,0.2766008629552802,0.24254814872868868,1.481848184818482,0.9042904290429042,0.06495846261635463,0.18064530058901468,cleveland,15,19f9a06a8f411f2cb0bfc83a470b8abe9be3e8d2481b8d5686994f21903b99e1
rf_importance,1.0,12,12,rf,none,750426303,0.8118811881188119,0.8870196525706263,0.1343158049138247,0.03977997799779977,0.07665946599626386,0.03191520467836262,0.0793117138758216,0.3410104830786524,0.28794133697753804,1.2409240924092408,0.900990099009901,0.02432188970073057,0.03490358126721763,cleveland,16,19f9a06a8f411f2cb0bfc83a470b8abe9be3e8d2481b8d5686994f21903b99e1
rf_importance,0.75,9,12,rf,none,750426303,0.7920792079207921,0.8852649587646956,0.13564899156582325,0.0820902090209021,0.0776516025699728,0.03719488939740667,0.02646548560371001,0.33625369218296486,0.2886365726782414,1.2409240924092408,0.900990099009901,0.00915824241817631,0.08256198347107437,cleveland,16,19f9a06a8f411f2cb0bfc83a470b8abe9be3e8d2481b8d5686994f21903b99e1
rf_importance,0.5,6,12,rf,none,750426303,0.7953795379537953,0.8825232496929286,0.13670788412174553,0.04374037403740374,0.08043610571170497,0.014740655987795503,0.05965468922029832,0.33935543772849364,0.2945847268028433,1.2244224422442245,0.900990099009901,0.03948553698328494,0.03831955922865009,cleveland,16,19f9a06a8f411f2cb0bfc83a470b8abe9be3e8d2481b8d5686994f21903b99e1
rf_importance,0.33,4,12,rf,none,750426303,0.7524752475247525,0.8382610984383225,0.1761182358488721,0.12529090744029872,0.1173423099466176,0.03901284007119232,0.023750570628923884,0.31121376303066345,0.31319728888566123,1.3564356435643565,0.900990099009901,0.02432188970073057,0.12335464415946049,cleveland,16,19f9a06a8f411f2cb0bfc83a470b8abe9be3e8d2481b8d5686994f21903b99e1
rf_importance,0.25,3,12,rf,none,750426303,0.7227722772277227,0.7873530443937533,0.2069730967628412,0.16355211853622342,0.1674792293207729,0.010346427663361357,0.024147693784009966,0.2866644807853761,0.27124151335665414,1.4521452145214522,0.900990099009901,0.0546491842658392,0.1636663366812693,cleveland,16,19f9a06a8f411f2cb0bfc83a470b8abe9be3e8d2481b8d5686994f21903b99e1
rf_importance,1.0,12,12,rf,none,3147199776,0.8052805280528053,0.8734865765923846,0.14136281628162814,0.06453245324532454,0.0895918820092979,0.03864924993643526,0.0634981483335001,0.3333245982539242,0.2904965946692504,1.2805280528052805,0.900990099009901,0.0546491842658392,0.05977961432506892,cleveland,17,19f9a06a8f411f2cb0bfc83a470b8abe9be3e8d2481b8d5686994f21903b99e1
rf_importance,0.75,9,12,rf,none,3147199776,0.801980198019802,0.8735304439375329,0.14203065639897322,0.05227722772277226,0.08951429666437777,0.03754195270785665,0.04607012978347176,0.3328106005677227,0.2909791956474188,1.2574257425742574,0.900990099009901,0.0546491842658392,0.0351790633608815,cleveland,17,19f9a06a8f411f2cb0bfc83a470b8abe9be3e8d2481b8d5686994f21903b99e1
rf_importance,0.5,6,12,rf,none,3147199776,0.7722772277227723,0.840125460607124,0.15823953061972865,0.08308030803080306,0.1128224573624596,0.03824370709382152,0.026408767891101942,0.31388519200818726,0.2707335103582206,1.353135313531353,0.900990099009901,0.06981283154839346,0.06853994490358127,cleveland,17,19f9a06a8f411f2cb0bfc83a470b8abe9be3e8d2481b8d5686994f21903b99e1
rf_importance,0.33,4,12,rf,none,3147199776,0.7293729372937293,0.8073346201087911,0.19386456304600724,0.14867222121863083,0.1499744602234476,0.011371090770404324,0.0067726420818430555,0.2896267951477992,0.25349896001821576,1.4323432343234324,0.9075907590759076,0.014613151836652905,0.14220372857066002,cleveland,17,19f9a06a8f411f2cb0bfc83a470b8abe9be3e8d2481b8d5686994f21903b99e1
rf_importance,0.25,3,12,rf,none,3147199776,0.7260726072607261,0.7769784172661871,0.20887859432562803,0.16578880847576116,0.1894458023348078,0.056952072209509375,0.004637133052875109,0.2731104670251613,0.23952873494971932,1.471947194719472,0.900990099009901,0.00915824241817631,0.15325564106534362,cleveland,17,19f9a06a8f411f2cb0bfc83a470b8abe9be3e8d2481b8d5686994f21903b99e1
rf_importance,1.0,12,12,rf,none,2639323455,0.8085808580858086,0.89048517283734,0.13357873120645397,0.053575357535753605,0.080439203388505,0.032630943300279824,0.07353317986187571,0.3427812753817301,0.2941298252234071,1.2409240924092408,0.9042904290429042,0.04979481533380037,0.046143250688705256,cleveland,18,19f9a06a8f411f2cb0bfc83a470b8abe9be3e8d2481b8d5686994f21903b99e1
rf_importance,0.75,9,12,rf,none,2639323455,0.7788778877887789,0.8749780663274258,0.1437103043637697,0.06726072607260727,0.08645043258772159,0.01592168827866758,0.07066693357354953,0.333363781187901,0.30311400970923086,1.2640264026402641,0.900990099009901,0.0546491842658392,0.06553719008264461,cleveland,18,19f9a06a8f411f2cb0bfc83a470b8abe9be3e8d2481b8d5686994f21903b99e1
rf_importance,0.5,6,12,rf,none,2639323455,0.7854785478547854,0.8669503421652922,0.14742075540887423,0.0941914191419142,0.09165328176837503,0.01646643783371471,0.012820872118239748,0.33166003251942644,0.30136792941811064,1.273927392739274,0.900990099009901,0.02116905214693232,0.080633608815427,cleveland,18,19f9a06a8f411f2cb0bfc83a470b8abe9be3e8d2481b8d5686994f21903b99e1
rf_importance,0.33,4,12,rf,none,2639323455,0.7524752475247525,0.8429549043691877,0.17236301222900613,0.10975862719427609,0.1154099454409753,0.049283625730994096,0.0019492593746743142,0.31730318701326726,0.26437626849220186,1.316831683168317,0.900990099009901,0.03948553698328494,0.11133431788666186,cleveland,18,19f9a06a8f411f2cb0bfc83a470b8abe9be3e8d2481b8d5686994f21903b99e1
rf_importance,0.25,3,12,rf,none,2639323455,0.7557755775577558,0.8251666959115633,0.1751490723042957,0.10183859139852391,0.13979124227332412,0.07001334858886343,0.046729377718860765,0.3031812664220273,0.24143842370590682,1.3465346534653466,0.900990099009901,0.08497647883094794,0.09390211780945519,cleveland,18,19f9a06a8f411f2cb0bfc83a470b8abe9be3e8d2481b8d5686994f21903b99e1
rf_importance,1.0,12,12,rf,none,3185435325,0.8085808580858086,0.8910115809791191,0.13263439677301064,0.06457645764576456,0.0745188205664413,0.046679379608441374,0.08721149034130718,0.34303435933153226,0.28571689252469606,1.2112211221122111,0.900990099009901,0.06981283154839346,0.056666666666666685,cleveland,19,19f9a06a8f411f2cb0bfc83a470b8abe9be3e8d2481b8d5686994f21903b99e1
rf_importance,0.75,9,12,rf,none,3185435325,0.801980198019802,0.879364800842253,0.13851910524385772,0.05271727172717273,0.08664837499966332,0.03610221205186881,0.06398358522670401,0.3374393134582721,0.28501178289238305,1.2772277227722773,0.900990099009901,0.03948553698328494,0.03914600550964188,cleveland,19,19f9a06a8f411f2cb0bfc83a470b8abe9be3e8d2481b8d5686994f21903b99e1
rf_importance,0.5,6,12,rf,none,3185435325,0.7722772277227723,0.8638576943323389,0.1497097176384305,0.06473047304730471,0.09724278341419773,0.003460462751080695,0.05304907750308617,0.3271606218724998,0.28906633482987215,1.3234323432343233,0.9075907590759076,0.044940446401761536,0.05347107438016526,cleveland,19,19f9a06a8f411f2cb0bfc83a470b8abe9be3e8d2481b8d5686994f21903b99e1
rf_importance,0.33,4,12,rf,none,3185435325,0.7656765676567657,0.841880154413055,0.1688431146070195,0.11310449472622808,0.1185721124724689,0.012396389524536144,0.02371101911154,0.31058484098327155,0.27536048036037153,1.3597359735973598,0.900990099009901,0.0546491842658392,0.11499612336341758,cleveland,19,19f9a06a8f411f2cb0bfc83a470b8abe9be3e8d2481b8d5686994f21903b99e1
rf_importance,0.25,3,12,rf,none,3185435325,0.7821782178217822,0.8397087208282155,0.16436651058088567,0.11077565079529732,0.1390652010649971,0.0507589626239513,0.0007067029779497802,0.32043599278310464,0.2614058691153862,1.316831683168317,0.900990099009901,0.02432188970073057,0.09656297709991586,cleveland,19,19f9a06a8f411f2cb0bfc83a470b8abe9be3e8d2481b8d5686994f21903b99e1
rf_importance,1.0,12,12,rf,none,3538271750,0.8382838283828383,0.9066941568696263,0.12280278694536123,0.05689768976897691,0.0700534385083802,0.06354563946097125,0.07847095719480865,0.35286378760328885,0.2703894321877943,1.174917491749175,0.900990099009901,0.06981283154839346,0.05297520661157026,cleveland,20,19f9a06a8f411f2cb0bfc83a470b8abe9be3e8d2481b8d5686994f21903b99e1
rf_importance,0.75,9,12,rf,none,3538271750,0.8448844884488449,0.904544656957361,0.12329534286762009,0.07093509350935094,0.06574918435229585,0.041110475464022356,0.04373035732158946,0.35127541627556125,0.28575146811504537,1.1914191419141915,0.9042904290429042,0.04979481533380037,0.0641322314049587,cleveland,20,19f9a06a8f411f2cb0bfc83a470b8abe9be3e8d2481b8d5686994f21903b99e1
rf_importance,0.5,6,12,rf,none,3538271750,0.8184818481848185,0.9041059835058781,0.12478489182251559,0.04059405940594063,0.06511500323486649,0.04438787185354687,0.024346578587395334,0.35320898044790994,0.27827175209079874,1.1947194719471947,0.900990099009901,0.03948553698328494,0.04060606060606067,cleveland,20,19f9a06a8f411f2cb0bfc83a470b8abe9be3e8d2481b8d5686994f21903b99e1
rf_importance,0.33,4,12,rf,none,3538271750,0.7722772277227723,0.8337866292331988,0.17267899801972242,0.10614631886253217,0.12787924973911652,0.0056451817950675665,0.030543226864279682,0.30596872065116415,0.26403181666812625,1.3234323432343233,0.900990099009901,0.0546491842658392,0.1088561003331374,cleveland,20,19f9a06a8f411f2cb0bfc83a470b8abe9be3e8d2481b8d5686994f21903b99e1
rf_importance,0.25,3,12,rf,none,3538271750,0.7623762376237624,0.8041323039129672,0.1881216532888015,0.13357577036462093,0.17965422728013014,0.018894609712687638,0.0013030372288822534,0.2972266861733534,0.258131353231638,1.4290429042904291,0.9042904290429042,0.04979481533380037,0.13641639676979234,cleveland,20,19f9a06a8f411f2cb0bfc83a470b8abe9be3e8d2481b8d5686994f21903b99e1
rf_importance,1.0,12,12,rf,none,2526677869,0.8052805280528053,0.8967362695209686,0.1280969563623029,0.08979097909790983,0.07134815874111428,0.03743643529112617,0.03786307676909219,0.3410517541842409,0.28564791043085924,1.198019801980198,0.900990099009901,0.0546491842658392,0.07179063360881545,cleveland,21,19f9a06a8f411f2cb0bfc83a470b8abe9be3e8d2481b8d5686994f21903b99e1
rf_importance,0.75,9,12,rf,none,2526677869,0.8085808580858086,0.8836418669942094,0.13506094609460947,0.056589658965896614,0.08033694854896793,0.031593567251461785,0.049105194675207686,0.3406142940855671,0.2881890638264978,1.273927392739274,0.9042904290429042,0.03463116805124611,0.04699724517906346,cleveland,21,19f9a06a8f411f2cb0bfc83a470b8abe9be3e8d2481b8d5686994f21903b99e1
rf_importance,0.5,6,12,rf,none,2526677869,0.7821782178217822,0.8697139849096333,0.14621312797946462,0.06248624862486248,0.09038352939593292,0.008806890414441826,0.03395956360724649,0.3289286905422045,0.28923535074833284,1.2871287128712872,0.9042904290429042,0.019467520768691737,0.055537190082644655,cleveland,21,19f9a06a8f411f2cb0bfc83a470b8abe9be3e8d2481b8d5686994f21903b99e1
rf_importance,0.33,4,12,rf,none,2526677869,0.7524752475247525,0.8188278645376381,0.18358599588850838,0.12905341123932196,0.1405333027662601,0.019886219171115993,0.04992059532639323,0.31121000667022924,0.29992240798018177,1.3993399339933994,0.900990099009901,0.00915824241817631,0.1272120715356764,cleveland,21,19f9a06a8f411f2cb0bfc83a470b8abe9be3e8d2481b8d5686994f21903b99e1
rf_importance,0.25,3,12,rf,none,2526677869,0.7227722772277227,0.7871995086857344,0.20570334938736787,0.16753275251453006,0.17780989661750857,0.0030472921434020472,0.007656515380332268,0.29626854808005126,0.2837374834237598,1.4686468646864685,0.900990099009901,0.00915824241817631,0.1436272166663236,cleveland,21,19f9a06a8f411f2cb0bfc83a470b8abe9be3e8d2481b8d5686994f21903b99e1
rf_importance,1.0,12,12,rf,none,2582412894,0.8250825082508251,0.8977890858045272,0.12883153648698203,0.05986798679867986,0.07317615860655861,0.05757500635647095,0.038775231041270466,0.34900873602156884,0.27889541145657426,1.1914191419141915,0.900990099009901,0.0546491842658392,0.06096418732782371,cleveland,22,19f9a06a8f411f2cb0bfc83a470b8abe9be3e8d2481b8d5686994f21903b99e1
rf_importance,0.75,9,12,rf,none,2582412894,0.8118811881188119,0.8855062291630109,0.13473135313531356,0.05845984598459845,0.08321081948901797,0.030613399440630573,0.059968638441263836,0.34311011806064434,0.29111703720159254,1.2541254125412542,0.9042904290429042,0.03463116805124611,0.05093663911845727,cleveland,22,19f9a06a8f411f2cb0bfc83a470b8abe9be3e8d2481b8d5686994f21903b99e1
rf_importance,0.5,6,12,rf,none,2582412894,0.8151815181518152,0.8829619231444112,0.1378122478914558,0.05405940594059407,0.07975763357410684,0.02860030511060252,0.047708938044239826,0.34073509521179174,0.2784516875076415,1.2508250825082508,0.900990099009901,0.03948553698328494,0.030688705234159744,cleveland,22,19f9a06a8f411f2cb0bfc83a470b8abe9be3e8d2481b8d5686994f21903b99e1
rf_importance,0.33,4,12,rf,none,2582412894,0.7821782178217822,0.8343569047201262,0.16758887937377193,0.10922776344849211,0.14347755521983763,0.024199720315280726,0.008900013272431728,0.31361349209310385,0.2972319070781912,1.3663366336633664,0.900990099009901,0.02432188970073057,0.11012648956490902,cleveland,22,19f9a06a8f411f2cb0bfc83a470b8abe9be3e8d2481b8d5686994f21903b99e1
rf_importance,0.25,3,12,rf,none,2582412894,0.7260726072607261,0.7981882786453764,0.19424380475812336,0.13522169413837687,0.1707700916947395,0.09666793796084427,0.03536799661236045,0.291403348984789,0.23123901894569238,1.4125412541254125,0.9042904290429042,0.06495846261635463,0.13103292171505884,cleveland,22,19f9a06a8f411f2cb0bfc83a470b8abe9be3e8d2481b8d5686994f21903b99e1
rf_importance,1.0,12,12,rf,none,2117503173,0.8118811881188119,0.8866687138094401,0.1340121745507884,0.06534653465346535,0.0774346027661876,0.0644457157386219,0.02422446868848631,0.33725024838264794,0.26346989788294317,1.2475247524752475,0.900990099009901,0.06981283154839346,0.04294765840220386,cleveland,23,19f9a06a8f411f2cb0bfc83a470b8abe9be3e8d2481b8d5686994f21903b99e1
rf_importance,0.75,9,12,rf,none,2117503173,0.7986798679867987,0.8718634848218985,0.1421041437477081,0.06334433443344333,0.09199392680964519,0.029382786676836914,0.053998598738865006,0.32655049825406507,0.28457858108737977,1.273927392739274,0.900990099009901,0.03948553698328494,0.03917355371900825,cleveland,23,19f9a06a8f411f2cb0bfc83a470b8abe9be3e8d2481b8d5686994f21903b99e1
rf_importance,0.5,6,12,rf,none,2117503173,0.8052805280528053,0.8889278820845763,0.13335416208287496,0.0528932893289329,0.07720604822470402,0.003444571573862243,0.02039635672104892,0.34355179323680224,0.2937538764754841,1.2046204620462047,0.900990099009901,0.02432188970073057,0.0414600550964188,cleveland,23,19f9a06a8f411f2cb0bfc83a470b8abe9be3e8d2481b8d5686994f21903b99e1
rf_importance,0.33,4,12,rf,none,2117503173,0.7755775577557755,0.8332382874188454,0.17206037587424655,0.12884221279270783,0.14101755206799524,0.05806636155606404,0.02273250608086963,0.3094232002745764,0.2706812343830862,1.3234323432343233,0.900990099009901,0.08497647883094794,0.12628827233372686,cleveland,23,19f9a06a8f411f2cb0bfc83a470b8abe9be3e8d2481b8d5686994f21903b99e1
rf_importance,0.25,3,12,rf,none,2117503173,0.7458745874587459,0.8119626250219336,0.18486461612207392,0.12940775916987668,0.1464677568603367,0.014616704805492042,0.027824545934875655,0.30259050172403745,0.25775846078531484,1.3927392739273927,0.900990099009901,0.02432188970073057,0.12263593042363675,cleveland,23,19f9a06a8f411f2cb0bfc83a470b8abe9be3e8d2481b8d5686994f21903b99e1
rf_importance,1.0,12,12,rf,none,570656700,0.801980198019802,0.8907922442533777,0.1331215254858819,0.047040704070407044,0.08232427741884653,0.054678362573099326,0.06899776465485602,0.3422203257435781,0.2760176604311989,1.2013201320132014,0.900990099009901,0.06981283154839346,0.046804407713498634,cleveland,24,19f9a06a8f411f2cb0bfc83a470b8abe9be3e8d2481b8d5686994f21903b99e1
rf_importance,0.75,9,12,rf,none,570656700,0.8118811881188119,0.8868222495174592,0.13506930693069308,0.06013201320132012,0.07844954287844914,0.04109204169844893,0.0434981483335002,0.34402272784196136,0.28760166508635954,1.2673267326732673,0.900990099009901,0.06981283154839346,0.049008264462809925,cleveland,24,19f9a06a8f411f2cb0bfc83a470b8abe9be3e8d2481b8d5686994f21903b99e1
rf_importance,0.5,6,12,rf,none,570656700,0.7920792079207921,0.8805930865064047,0.13871961862852955,0.05955995599559955,0.08277110561298147,0.05531591660310198,0.025878290461415196,0.34240076074365944,0.27074809188676796,1.2409240924092408,0.900990099009901,0.0546491842658392,0.04625344352617073,cleveland,24,19f9a06a8f411f2cb0bfc83a470b8abe9be3e8d2481b8d5686994f21903b99e1
rf_importance,0.33,4,12,rf,none,570656700,0.7623762376237624,0.8239603439199858,0.17638054419331872,0.11215536871147432,0.15268927044968322,0.04400012712941759,0.013800546152913346,0.30357611179303784,0.25201368805666546,1.33993399339934,0.900990099009901,0.06981283154839346,0.10349871004416454,cleveland,24,19f9a06a8f411f2cb0bfc83a470b8abe9be3e8d2481b8d5686994f21903b99e1
rf_importance,0.25,3,12,rf,none,570656700,0.7029702970297029,0.7776583611159852,0.20900353328837987,0.1483785465848172,0.1857355445325926,0.016989575387744815,0.008123097873222962,0.2775440742849961,0.2766551846907984,1.4554455445544554,0.900990099009901,0.03948553698328494,0.15123301690657057,cleveland,24,19f9a06a8f411f2cb0bfc83a470b8abe9be3e8d2481b8d5686994f21903b99e1
rf_importance,1.0,12,12,rf,none,822664748,0.8118811881188119,0.8854842954904367,0.13464877154382104,0.05786578657865783,0.08252263236406365,0.057175819984744525,0.06794948787241849,0.33790837576989313,0.27625802227710616,1.2442244224422443,0.900990099009901,0.03948553698328494,0.04024793388429749,cleveland,25,19f9a06a8f411f2cb0bfc83a470b8abe9be3e8d2481b8d5686994f21903b99e1
rf_importance,0.75,9,12,rf,none,822664748,0.7854785478547854,0.8698675206176523,0.14375694902823616,0.056127612761276154,0.08673513095791721,0.051146071700991724,0.05650452073532844,0.3262638116777918,0.27312376062400856,1.2607260726072607,0.900990099009901,0.06981283154839346,0.0495316804407714,cleveland,25,19f9a06a8f411f2cb0bfc83a470b8abe9be3e8d2481b8d5686994f21903b99e1
rf_importance,0.5,6,12,rf,none,822664748,0.7986798679867987,0.8694288471661695,0.14430172350568388,0.04913091309130909,0.09412727305212487,0.0035729722857870128,0.06160577853401393,0.33436699212385473,0.29649114766250406,1.297029702970297,0.9075907590759076,0.029776799119207276,0.05179063360881534,cleveland,25,19f9a06a8f411f2cb0bfc83a470b8abe9be3e8d2481b8d5686994f21903b99e1
rf_importance,0.33,4,12,rf,none,822664748,0.7425742574257426,0.820100017546938,0.1823690007588947,0.12073311672147746,0.15123948053516345,0.06418573607932876,0.03389498884614103,0.2977621308938727,0.29371170541177827,1.3795379537953796,0.900990099009901,0.03633269942948658,0.11930139763675279,cleveland,25,19f9a06a8f411f2cb0bfc83a470b8abe9be3e8d2481b8d5686994f21903b99e1
rf_importance,0.25,3,12,rf,none,822664748,0.7392739273927392,0.7789305141252851,0.20493855694188876,0.15784550190758573,0.1999406036135455,0.10145436053902879,0.05651425445814498,0.2870117439520743,0.2988098854465903,1.4290429042904291,0.900990099009901,0.02116905214693232,0.17180307106504467,cleveland,25,19f9a06a8f411f2cb0bfc83a470b8abe9be3e8d2481b8d5686994f21903b99e1
rf_importance,1.0,12,12,rf,none,1379568040,0.8217821782178217,0.8974381470433409,0.12839735973597358,0.06316831683168317,0.06962425693031292,0.04265636918382909,0.0369682714442998,0.3472742950899579,0.28734721116353384,1.198019801980198,0.900990099009901,0.0546491842658392,0.05256198347107436,cleveland,26,19f9a06a8f411f2cb0bfc83a470b8abe9be3e8d2481b8d5686994f21903b99e1
rf_importance,0.75,9,12,rf,none,1379568040,0.8151815181518152,0.8926785400947534,0.13144319765309867,0.06226622662266226,0.07246564730375496,0.04194698703279942,0.06144963800754011,0.34404572840559994,0.2880431746368636,1.2145214521452146,0.900990099009901,0.03948553698328494,0.061129476584022,cleveland,26,19f9a06a8f411f2cb0bfc83a470b8abe9be3e8d2481b8d5686994f21903b99e1
rf_importance,0.5,6,12,rf,none,1379568040,0.7986798679867987,0.8832689945604493,0.13697821782178218,0.050011001100110024,0.07935626229261657,0.015252987541317209,0.06111533713675642,0.33927931282139345,0.29644103787389814,1.221122112211221,0.900990099009901,0.02432188970073057,0.04239669421487604,cleveland,26,19f9a06a8f411f2cb0bfc83a470b8abe9be3e8d2481b8d5686994f21903b99e1
rf_importance,0.33,4,12,rf,none,1379568040,0.7821782178217822,0.8650859799964906,0.15375617797764685,0.10678953618102024,0.11253942777222548,0.0025896262395118663,0.017760512529016295,0.32606363129521043,0.28671346269846265,1.2706270627062706,0.9042904290429042,0.019467520768691737,0.10228974275936704,cleveland,26,19f9a06a8f411f2cb0bfc83a470b8abe9be3e8d2481b8d5686994f21903b99e1
rf_importance,0.25,3,12,rf,none,1379568040,0.7557755775577558,0.8230391296718723,0.18016585869799348,0.13343390994681015,0.15104998721307067,0.06161327231121283,0.028468989133644595,0.3036833810136105,0.24025782100018261,1.3564356435643565,0.900990099009901,0.06981283154839346,0.12735255898256576,cleveland,26,19f9a06a8f411f2cb0bfc83a470b8abe9be3e8d2481b8d5686994f21903b99e1
rf_importance,1.0,12,12,rf,none,1100886363,0.8151815181518152,0.8865809791191437,0.13431521818848552,0.05826182618261828,0.0802035106188782,0.038403254513094454,0.022945984719580967,0.33879092410007783,0.278899423386188,1.2343234323432344,0.9075907590759076,0.060104093684315796,0.04316804407713499,cleveland,27,19f9a06a8f411f2cb0bfc83a470b8abe9be3e8d2481b8d5686994f21903b99e1
rf_importance,0.75,9,12,rf,none,1100886363,0.7920792079207921,0.875811545885243,0.139787165383205,0.07848184818481849,0.08373270024417498,0.03248410882278152,0.07105261401928402,0.3329853157478927,0.282321067359929,1.2244224422442245,0.9042904290429042,0.04979481533380037,0.06402203856749306,cleveland,27,19f9a06a8f411f2cb0bfc83a470b8abe9be3e8d2481b8d5686994f21903b99e1
rf_importance,0.5,6,12,rf,none,1100886363,0.7953795379537953,0.8703281277417091,0.14472959295929594,0.04849284928492851,0.09373882676661578,0.018358759216882792,0.0696390084409302,0.3308066311855035,0.2872843646702927,1.2574257425742574,0.900990099009901,0.00915824241817631,0.049696969696969705,cleveland,27,19f9a06a8f411f2cb0bfc83a470b8abe9be3e8d2481b8d5686994f21903b99e1
rf_importance,0.33,4,12,rf,none,1100886363,0.759075907590759,0.8221398490963328,0.17742293031223003,0.11887642097543084,0.1468901680075552,0.02941456903127382,0.0010821270889832812,0.30328872902919085,0.26577696155014385,1.3498349834983498,0.900990099009901,0.03948553698328494,0.11133759674668758,cleveland,27,19f9a06a8f411f2cb0bfc83a470b8abe9be3e8d2481b8d5686994f21903b99e1
rf_importance,0.25,3,12,rf,none,1100886363,0.7326732673267327,0.7726355500965081,0.20997629121558917,0.16451118984238208,0.19392485685876643,0.060301296720060904,0.04404113054546541,0.28237156264838664,0.2568252377456991,1.495049504950495,0.900990099009901,0.0546491842658392,0.1729101784769726,cleveland,27,19f9a06a8f411f2cb0bfc83a470b8abe9be3e8d2481b8d5686994f21903b99e1
rf_importance,1.0,12,12,rf,none,3351412173,0.8151815181518152,0.8857255658887524,0.13509981664833148,0.05577557755775575,0.0827896384901125,0.023507500635646883,0.05758649451172726,0.34067973647313804,0.29232736719745606,1.2442244224422443,0.900990099009901,0.02432188970073057,0.05798898071625346,cleveland,28,19f9a06a8f411f2cb0bfc83a470b8abe9be3e8d2481b8d5686994f21903b99e1
rf_importance,0.75,9,12,rf,none,3351412173,0.801980198019802,0.8755264081417792,0.14067414741474146,0.06781078107810784,0.08786094198090513,0.011039918637172685,0.03080705968705169,0.3368229946045976,0.2905534904022469,1.273927392739274,0.900990099009901,0.02432188970073057,0.051046831955922974,cleveland,28,19f9a06a8f411f2cb0bfc83a470b8abe9be3e8d2481b8d5686994f21903b99e1
rf_importance,0.5,6,12,rf,none,3351412173,0.8052805280528053,0.8860326373047902,0.1348093876054272,0.04926292629262929,0.07665245051041712,0.024330663615560577,0.006660661261802314,0.33999976287438205,0.28813178532381184,1.2541254125412542,0.900990099009901,0.0546491842658392,0.041928374655647485,cleveland,28,19f9a06a8f411f2cb0bfc83a470b8abe9be3e8d2481b8d5686994f21903b99e1
rf_importance,0.33,4,12,rf,none,3351412173,0.7524752475247525,0.8137392525004388,0.18305501035351252,0.11467627715152465,0.15028885260787123,0.01167365878464277,0.004499668641171017,0.29813548085812147,0.25850026430734324,1.386138613861386,0.900990099009901,0.06981283154839346,0.11575590318772133,cleveland,28,19f9a06a8f411f2cb0bfc83a470b8abe9be3e8d2481b8d5686994f21903b99e1
rf_importance,0.25,3,12,rf,none,3351412173,0.7458745874587459,0.7967406562554833,0.19016195604138256,0.12249340779340183,0.1657529161110582,0.021963513857106487,0.0398772617751782,0.29456257812118297,0.28458173867144576,1.3993399339933994,0.900990099009901,0.03948553698328494,0.11074245264081717,cleveland,28,19f9a06a8f411f2cb0bfc83a470b8abe9be3e8d2481b8d5686994f21903b99e1
rf_importance,1.0,12,12,rf,none,2214128665,0.7887788778877888,0.8845630812423232,0.136035936927026,0.0867546754675468,0.08163729233381167,0.07214848715992872,0.05590164481366561,0.33670075261636034,0.2571997835245774,1.2178217821782178,0.900990099009901,0.0546491842658392,0.04939393939393941,cleveland,29,19f9a06a8f411f2cb0bfc83a470b8abe9be3e8d2481b8d5686994f21903b99e1
rf_importance,0.75,9,12,rf,none,2214128665,0.8052805280528053,0.8770178978768205,0.1399986798679868,0.06831683168316831,0.0855202788605463,0.05590833968980424,0.05227204484035633,0.33745017220353446,0.2695848737596447,1.2541254125412542,0.900990099009901,0.0546491842658392,0.05807162534435258,cleveland,29,19f9a06a8f411f2cb0bfc83a470b8abe9be3e8d2481b8d5686994f21903b99e1
rf_importance,0.5,6,12,rf,none,2214128665,0.8052805280528053,0.8814923670819441,0.138002200220022,0.05522552255225524,0.08677055331135745,0.037167556572590854,0.06325492943649283,0.3408981335059882,0.27756713469927397,1.2574257425742574,0.9075907590759076,0.060104093684315796,0.06214876033057855,cleveland,29,19f9a06a8f411f2cb0bfc83a470b8abe9be3e8d2481b8d5686994f21903b99e1
rf_importance,0.33,4,12,rf,none,2214128665,0.7425742574257426,0.8251447622389894,0.18272674254239227,0.13287743814357894,0.1266309269532915,0.0012859140605135932,0.006464128680026188,0.2966030748857065,0.2765142766119987,1.372937293729373,0.900990099009901,0.06981283154839346,0.12698120801050697,cleveland,29,19f9a06a8f411f2cb0bfc83a470b8abe9be3e8d2481b8d5686994f21903b99e1
rf_importance,0.25,3,12,rf,none,2214128665,0.7260726072607261,0.7845455343042639,0.20991638757214776,0.14964488112677524,0.17669637060809054,0.0717702771421308,0.04498313498609882,0.2901473900556352,0.24403165121579845,1.471947194719472,0.900990099009901,0.0546491842658392,0.1595014584220312,cleveland,29,19f9a06a8f411f2cb0bfc83a470b8abe9be3e8d2481b8d5686994f21903b99e1
rf_importance,1.0,12,12,gb,none,4274632861,0.7722772277227723,0.8516845060536936,0.16737543478954764,0.1276003071542098,0.10510310708796494,0.040511060259344034,0.008194228834356776,0.3121155624491731,0.25652109482336305,1.2904290429042904,0.900990099009901,0.0546491842658392,0.1058176127429023,cleveland,0,19f9a06a8f411f2cb0bfc83a470b8abe9be3e8d2481b8d5686994f21903b99e1
rf_importance,0.75,9,12,gb,none,4274632861,0.7623762376237624,0.8598438322512721,0.16386095985905974,0.12346759920317296,0.09694306058693934,0.03351385710653454,0.038943532790289226,0.3158276468927543,0.25663063275682924,1.2574257425742574,0.900990099009901,0.03948553698328494,0.10075169563902192,cleveland,0,19f9a06a8f411f2cb0bfc83a470b8abe9be3e8d2481b8d5686994f21903b99e1
rf_importance,0.5,6,12,gb,none,4274632861,0.7887788778877888,0.8645376381821371,0.15796723665691687,0.10753806081403425,0.0915648978910322,0.02717899822018821,0.003882497974290189,0.3196229259232302,0.25948101028564274,1.2772277227722773,0.900990099009901,0.0546491842658392,0.10547225898226797,cleveland,0,19f9a06a8f411f2cb0bfc83a470b8abe9be3e8d2481b8d5686994f21903b99e1
rf_importance,0.33,4,12,gb,none,4274632861,0.7722772277227723,0.8307159150728197,0.169801025640178,0.10355470117273505,0.13143031439979483,0.03915077548944823,0.013264632919041064,0.3117356910902302,0.2414274798667858,1.306930693069307,0.900990099009901,0.03948553698328494,0.10187086948736238,cleveland,0,19f9a06a8f411f2cb0bfc83a470b8abe9be3e8d2481b8d5686994f21903b99e1
rf_importance,0.25,3,12,gb,none,4274632861,0.7755775577557755,0.8211089664853483,0.17105670565615733,0.10162605019540713,0.13919586113173227,0.008528476989575373,0.015645732128405032,0.30468517248078025,0.2830483382844383,1.4356435643564356,0.9075907590759076,0.044940446401761536,0.09582768901172882,cleveland,0,19f9a06a8f411f2cb0bfc83a470b8abe9be3e8d2481b8d5686994f21903b99e1
rf_importance,1.0,12,12,gb,none,2072080255,0.8118811881188119,0.8571679241972275,0.15541299403546113,0.11012190638301635,0.10182365987971143,0.03124968217645563,0.015588446227460778,0.32488244377866665,0.2926224647497828,1.283828382838284,0.900990099009901,0.03948553698328494,0.11712818479256926,cleveland,1,19f9a06a8f411f2cb0bfc83a470b8abe9be3e8d2481b8d5686994f21903b99e1
rf_importance,0.75,9,12,gb,none,2072080255,0.7953795379537953,0.8522986488857694,0.16488863440492868,0.12913346973411238,0.10463464168449024,0.02986524281718783,0.010728028395432049,0.31975714363201196,0.3023323534702221,1.2937293729372936,0.900990099009901,0.03948553698328494,0.11834631506436971,cleveland,1,19f9a06a8f411f2cb0bfc83a470b8abe9be3e8d2481b8d5686994f21903b99e1
rf_importance,0.5,6,12,gb,none,2072080255,0.8052805280528053,0.8671258115458853,0.15153512095696173,0.1019614046341646,0.09503013726032848,0.03561403508771932,0.04757164866063687,0.3330408325507416,0.31904103703850506,1.2607260726072607,0.900990099009901,0.00915824241817631,0.10130573033224136,cleveland,1,19f9a06a8f411f2cb0bfc83a470b8abe9be3e8d2481b8d5686994f21903b99e1
rf_importance,0.33,4,12,gb,none,2072080255,0.7656765676567657,0.8283251447622391,0.1723141216771821,0.11188244727319335,0.13950148165383375,0.034825832697686354,0.018338553442706296,0.30803215764662045,0.2887993223591513,1.3696369636963697,0.900990099009901,0.03948553698328494,0.10856867073133901,cleveland,1,19f9a06a8f411f2cb0bfc83a470b8abe9be3e8d2481b8d5686994f21903b99e1
rf_importance,0.25,3,12,gb,none,2072080255,0.7755775577557755,0.8335892261800317,0.16499231195168743,0.06727386454537307,0.15478559005895628,0.050920416984490124,0.04265653946100122,0.3165178665611698,0.28126349783618443,1.3201320132013201,0.900990099009901,0.03948553698328494,0.06437376034774885,cleveland,1,19f9a06a8f411f2cb0bfc83a470b8abe9be3e8d2481b8d5686994f21903b99e1
rf_importance,1.0,12,12,gb,none,960208037,0.7920792079207921,0.8637918933146165,0.15451199782410485,0.11251131443700049,0.10031309013636074,0.03729468599033814,0.028990361094879735,0.3254740237030928,0.26254292034602433,1.2508250825082508,0.900990099009901,0.0546491842658392,0.100137230086567,cleveland,2,19f9a06a8f411f2cb0bfc83a470b8abe9be3e8d2481b8d5686994f21903b99e1
rf_importance,0.75,9,12,gb,none,960208037,0.7953795379537953,0.8606773118090892,0.15877381057531997,0.09689056865291637,0.10176519858300577,0.018360030511060166,0.0001362055364431819,0.3270713276898933,0.2811124451191151,1.3201320132013201,0.900990099009901,0.06981283154839346,0.09879792880060177,cleveland,2,19f9a06a8f411f2cb0bfc83a470b8abe9be3e8d2481b8d5686994f21903b99e1
rf_importance,0.5,6,12,gb,none,960208037,0.7755775577557755,0.8624320056150202,0.161012947943958,0.11727785167618543,0.094640966159075,0.044980930587337875,0.010528376329626943,0.3198509320309377,0.24552681459077194,1.2772277227722773,0.900990099009901,0.0546491842658392,0.09620752745736005,cleveland,2,19f9a06a8f411f2cb0bfc83a470b8abe9be3e8d2481b8d5686994f21903b99e1
rf_importance,0.33,4,12,gb,none,960208037,0.7854785478547854,0.8405422003860326,0.16140858602815417,0.10124500332396698,0.13090723383849368,0.013963895245359681,0.020842625648592183,0.31812851880204385,0.2704984370743925,1.3102310231023102,0.900990099009901,0.03948553698328494,0.09812902867092149,cleveland,2,19f9a06a8f411f2cb0bfc83a470b8abe9be3e8d2481b8d5686994f21903b99e1
rf_importance,0.25,3,12,gb,none,960208037,0.7458745874587459,0.8222714511317775,0.17543097678831215,0.0877062443913387,0.1427273799217288,0.011385075006356438,0.030366277058301305,0.30454189942835425,0.275227969715651,1.3498349834983498,0.900990099009901,0.02432188970073057,0.0914844320283752,cleveland,2,19f9a06a8f411f2cb0bfc83a470b8abe9be3e8d2481b8d5686994f21903b99e1
rf_importance,1.0,12,12,gb,none,3839096139,0.7623762376237624,0.8534391998596245,0.1657898170266887,0.14090251930619724,0.10782226411784226,0.028637172641749364,0.01492416760497245,0.3135214966592624,0.2565395870926517,1.3102310231023102,0.900990099009901,0.06981283154839346,0.10101835420179046,cleveland,3,19f9a06a8f411f2cb0bfc83a470b8abe9be3e8d2481b8d5686994f21903b99e1
rf_importance,0.75,9,12,gb,none,3839096139,0.7623762376237624,0.843349710475522,0.17553597306390442,0.13398789288148052,0.1136856399180037,0.0060373760488176,0.025821587175131777,0.3051960339493802,0.2561339806097822,1.316831683168317,0.900990099009901,0.0546491842658392,0.1347206121895434,cleveland,3,19f9a06a8f411f2cb0bfc83a470b8abe9be3e8d2481b8d5686994f21903b99e1
rf_importance,0.5,6,12,gb,none,3839096139,0.7392739273927392,0.8300140375504474,0.1901646215064603,0.1591776432902388,0.1233849597332421,0.031097126875158976,0.02439062703075648,0.2972725843104271,0.25422001991258375,1.3762376237623761,0.900990099009901,0.0546491842658392,0.13924740775638378,cleveland,3,19f9a06a8f411f2cb0bfc83a470b8abe9be3e8d2481b8d5686994f21903b99e1
rf_importance,0.33,4,12,gb,none,3839096139,0.7722772277227723,0.8124451658185646,0.1771413761195742,0.1116261145567124,0.15134841758957474,0.07957602339181291,0.07904455418099335,0.30213273388125095,0.3147847705080533,1.4092409240924093,0.900990099009901,0.02116905214693232,0.12030846676512175,cleveland,3,19f9a06a8f411f2cb0bfc83a470b8abe9be3e8d2481b8d5686994f21903b99e1
rf_importance,0.25,3,12,gb,none,3839096139,0.735973597359736,0.792156518687489,0.19217046025613482,0.10672779112522011,0.17407667220872716,0.05085812356979402,0.0552431903081711,0.2895477646152814,0.3173227773141277,1.4422442244224423,0.900990099009901,0.00915824241817631,0.1118524901851731,cleveland,3,19f9a06a8f411f2cb0bfc83a470b8abe9be3e8d2481b8d5686994f21903b99e1
rf_importance,1.0,12,12,gb,none,2708700446,0.7788778877887789,0.8610721179154238,0.16802263294639927,0.1242515303066965,0.10080860574794258,0.03223239257564203,0.013556280678938354,0.3229245835059034,0.27193526625644243,1.3036303630363035,0.900990099009901,0.0546491842658392,0.11675306376200786,cleveland,4,19f9a06a8f411f2cb0bfc83a470b8abe9be3e8d2481b8d5686994f21903b99e1
rf_importance,0.75,9,12,gb,none,2708700446,0.7656765676567657,0.8481312510966836,0.17955880976126842,0.14521419854871104,0.11135492136017408,0.012177726926010712,0.007746885505870799,0.3163500172253754,0.28195553291412595,1.316831683168317,0.900990099009901,0.03948553698328494,0.1415750653118163,cleveland,4,19f9a06a8f411f2cb0bfc83a470b8abe9be3e8d2481b8d5686994f21903b99e1
rf_importance,0.5,6,12,gb,none,2708700446,0.7557755775577558,0.861905597473241,0.17429864729602842,0.13805425190383322,0.09245373724968546,0.007021357742181489,0.003682184189349985,0.30994054152575035,0.2824995809811226,1.2805280528052805,0.900990099009901,0.03948553698328494,0.12914743027981712,cleveland,4,19f9a06a8f411f2cb0bfc83a470b8abe9be3e8d2481b8d5686994f21903b99e1
rf_importance,0.33,4,12,gb,none,2708700446,0.7623762376237624,0.8159326197578524,0.18221731711515846,0.12442641889560023,0.14309252677823453,0.04559369438087968,0.06866133557153321,0.30447054445986976,0.30557443346279384,1.471947194719472,0.900990099009901,0.00915824241817631,0.13110863915015847,cleveland,4,19f9a06a8f411f2cb0bfc83a470b8abe9be3e8d2481b8d5686994f21903b99e1
rf_importance,0.25,3,12,gb,none,2708700446,0.7095709570957096,0.7832075802772417,0.19946878979015795,0.13506596154320155,0.18985713123905312,0.004687261632341677,0.031191797022116913,0.29128918636791573,0.3023492376703028,1.438943894389439,0.900990099009901,0.03948553698328494,0.1300411860980749,cleveland,4,19f9a06a8f411f2cb0bfc83a470b8abe9be3e8d2481b8d5686994f21903b99e1
rf_importance,1.0,12,12,gb,none,3346125889,0.8217821782178217,0.868880505351816,0.14672791814647307,0.10297827091669659,0.09617996586444126,0.03039664378337137,0.025645456390255422,0.3347723504467807,0.2734701200454759,1.2277227722772277,0.900990099009901,0.03948553698328494,0.10447419786703087,cleveland,5,19f9a06a8f411f2cb0bfc83a470b8abe9be3e8d2481b8d5686994f21903b99e1
rf_importance,0.75,9,12,gb,none,3346125889,0.7920792079207921,0.8669064748201439,0.15391272696060415,0.10003078703966999,0.10185208277245814,0.005094075769133122,0.021795097331169022,0.3250926748590545,0.27418294635449214,1.2508250825082508,0.900990099009901,0.02432188970073057,0.10065431779666859,cleveland,5,19f9a06a8f411f2cb0bfc83a470b8abe9be3e8d2481b8d5686994f21903b99e1
rf_importance,0.5,6,12,gb,none,3346125889,0.8052805280528053,0.8634848218985788,0.1556868588900512,0.11276380895801784,0.0992523101064737,0.02664378337147222,0.035134643527107684,0.328497632706633,0.2818625711770746,1.2904290429042904,0.900990099009901,0.00915824241817631,0.11394752033496804,cleveland,5,19f9a06a8f411f2cb0bfc83a470b8abe9be3e8d2481b8d5686994f21903b99e1
rf_importance,0.33,4,12,gb,none,3346125889,0.8151815181518152,0.8397745218459378,0.15343966391469813,0.10548426257896196,0.12944544731949043,0.029448258326976617,0.005231111466952987,0.3267279834441688,0.29719547285262216,1.3663366336633664,0.900990099009901,0.03948553698328494,0.10264098354774348,cleveland,5,19f9a06a8f411f2cb0bfc83a470b8abe9be3e8d2481b8d5686994f21903b99e1
rf_importance,0.25,3,12,gb,none,3346125889,0.7821782178217822,0.8044393753290051,0.17410327787184074,0.10115179529068405,0.18786725585996833,0.017048054919908573,0.002524525677654446,0.3090076433578116,0.2726273460435813,1.3696369636963697,0.900990099009901,0.00915824241817631,0.1069079842419795,cleveland,5,19f9a06a8f411f2cb0bfc83a470b8abe9be3e8d2481b8d5686994f21903b99e1
rf_importance,1.0,12,12,gb,none,1076689354,0.8052805280528053,0.8633532198631338,0.1515770855314751,0.10549600788855144,0.09950234810992589,0.04059496567505738,0.025397888295979568,0.3281518316526974,0.2509276351327463,1.3036303630363035,0.900990099009901,0.06981283154839346,0.10130818860381131,cleveland,6,19f9a06a8f411f2cb0bfc83a470b8abe9be3e8d2481b8d5686994f21903b99e1
rf_importance,0.75,9,12,gb,none,1076689354,0.7920792079207921,0.8587032812774171,0.15696283773988645,0.10634660318488125,0.1033926678902431,0.05620772946859898,0.00401902866566034,0.3231801079039678,0.24941663325426608,1.3201320132013201,0.900990099009901,0.06981283154839346,0.11097373665399361,cleveland,6,19f9a06a8f411f2cb0bfc83a470b8abe9be3e8d2481b8d5686994f21903b99e1
rf_importance,0.5,6,12,gb,none,1076689354,0.7920792079207921,0.8688805053518162,0.15595678284243075,0.10465199301329005,0.0893767065345017,0.003953724891940014,0.001481903130964357,0.321987858364272,0.2680871667197844,1.283828382838284,0.900990099009901,0.02432188970073057,0.10490585746508144,cleveland,6,19f9a06a8f411f2cb0bfc83a470b8abe9be3e8d2481b8d5686994f21903b99e1
rf_importance,0.33,4,12,gb,none,1076689354,0.759075907590759,0.8245964204246359,0.1727874561130962,0.13242252909330826,0.1352354948356569,0.023611111111111138,0.0472693134351231,0.30267851996597683,0.26256310028298757,1.4224422442244224,0.900990099009901,0.0546491842658392,0.11861114378513647,cleveland,6,19f9a06a8f411f2cb0bfc83a470b8abe9be3e8d2481b8d5686994f21903b99e1
rf_importance,0.25,3,12,gb,none,1076689354,0.7656765676567657,0.8204509563081241,0.17312181723331654,0.09324677596628145,0.1565100208171981,0.057803203661327296,0.028272919460646723,0.307158714071191,0.2557528236808258,1.3432343234323432,0.900990099009901,0.06981283154839346,0.08438464651341435,cleveland,6,19f9a06a8f411f2cb0bfc83a470b8abe9be3e8d2481b8d5686994f21903b99e1
rf_importance,1.0,12,12,gb,none,2199952793,0.7920792079207921,0.882260045622039,0.14179410811904647,0.09843197394032199,0.0842801819841984,0.013553267226036114,0.007782223093575832,0.33492485929881655,0.2813001101365742,1.1914191419141915,0.900990099009901,0.02432188970073057,0.08965360526502375,cleveland,7,19f9a06a8f411f2cb0bfc83a470b8abe9be3e8d2481b8d5686994f21903b99e1
rf_importance,0.75,9,12,gb,none,2199952793,0.7821782178217822,0.8773907703105808,0.15066815173070724,0.11406704121032572,0.08786769917982695,0.012379862700228728,0.003077656998019873,0.3355237302796899,0.2909757744192911,1.2574257425742574,0.900990099009901,0.02432188970073057,0.0845648812075416,cleveland,7,19f9a06a8f411f2cb0bfc83a470b8abe9be3e8d2481b8d5686994f21903b99e1
rf_importance,0.5,6,12,gb,none,2199952793,0.7821782178217822,0.8777417090717669,0.14787626833048864,0.08880288071772875,0.08397485225904988,0.002997711670480574,0.010920602693132261,0.3319672726079294,0.27775734495726334,1.2508250825082508,0.900990099009901,0.00915824241817631,0.0737088221748622,cleveland,7,19f9a06a8f411f2cb0bfc83a470b8abe9be3e8d2481b8d5686994f21903b99e1
rf_importance,0.33,4,12,gb,none,2199952793,0.7557755775577558,0.8385462361817863,0.1688074313133874,0.09954715610224503,0.12478274061834713,0.030708110856852322,0.005708780090747073,0.3151303714807455,0.26285028685828293,1.3696369636963697,0.900990099009901,0.08497647883094794,0.09096909307886268,cleveland,7,19f9a06a8f411f2cb0bfc83a470b8abe9be3e8d2481b8d5686994f21903b99e1
rf_importance,0.25,3,12,gb,none,2199952793,0.7524752475247525,0.8190910686085278,0.17680806974019722,0.07815606925375827,0.15032804469672784,0.00303012967200611,0.03449422738274395,0.3064602613570104,0.29274419514437794,1.4224422442244224,0.9042904290429042,0.06495846261635463,0.08413646687956182,cleveland,7,19f9a06a8f411f2cb0bfc83a470b8abe9be3e8d2481b8d5686994f21903b99e1
rf_importance,1.0,12,12,gb,none,156727883,0.7821782178217822,0.8512896999473591,0.16360696217726678,0.12830915029128265,0.10664470094185614,0.04161327231121281,0.016763828499261058,0.31402149548929,0.2540570749830696,1.3663366336633664,0.900990099009901,0.0546491842658392,0.11825553024848257,cleveland,8,19f9a06a8f411f2cb0bfc83a470b8abe9be3e8d2481b8d5686994f21903b99e1
rf_importance,0.75,9,12,gb,none,156727883,0.7920792079207921,0.8467713633970873,0.16858401859522684,0.13774366493127183,0.10582964571688086,0.00345410628019327,0.003727075227369092,0.30519996716442394,0.2716022948516299,1.3828382838283828,0.900990099009901,0.0546491842658392,0.1270123111798205,cleveland,8,19f9a06a8f411f2cb0bfc83a470b8abe9be3e8d2481b8d5686994f21903b99e1
rf_importance,0.5,6,12,gb,none,156727883,0.768976897689769,0.8416388840147394,0.17306996250398257,0.13808953746618385,0.10722945840568293,0.01616069158403255,0.007366255384601866,0.302512924076752,0.25952465728022917,1.3267326732673268,0.900990099009901,0.0546491842658392,0.12438858424199603,cleveland,8,19f9a06a8f411f2cb0bfc83a470b8abe9be3e8d2481b8d5686994f21903b99e1
rf_importance,0.33,4,12,gb,none,156727883,0.759075907590759,0.7797639936831022,0.20053954682680242,0.165018035059228,0.18939042671561937,0.030963640986524266,0.0311827336126784,0.2787133809927642,0.27480832217054224,1.4686468646864685,0.900990099009901,0.02432188970073057,0.15653777996086762,cleveland,8,19f9a06a8f411f2cb0bfc83a470b8abe9be3e8d2481b8d5686994f21903b99e1
rf_importance,0.25,3,12,gb,none,156727883,0.7425742574257426,0.7883181259870153,0.19527893502532861,0.13416118489767404,0.19444236340658883,0.025306381896771035,0.015256834284897186,0.2827909670360561,0.25668330260364436,1.4290429042904291,0.900990099009901,0.03948553698328494,0.13369587814471362,cleveland,8,19f9a06a8f411f2cb0bfc83a470b8abe9be3e8d2481b8d5686994f21903b99e1
rf_importance,1.0,12,12,gb,none,3497687367,0.801980198019802,0.8701087910159677,0.14976296995294283,0.11106779808164181,0.11054234331820596,0.01979532163742692,0.007910924228123034,0.3325126423964016,0.26591291094568037,1.2574257425742574,0.900990099009901,0.02432188970073057,0.09883007864096552,cleveland,9,19f9a06a8f411f2cb0bfc83a470b8abe9be3e8d2481b8d5686994f21903b99e1
rf_importance,0.75,9,12,gb,none,3497687367,0.7722772277227723,0.8510264958764695,0.16470262052871895,0.13026714289836067,0.12495576016861899,0.016692092550216087,0.02520471065135188,0.3225283482164464,0.27085929734182346,1.3267326732673268,0.900990099009901,0.03948553698328494,0.11719348229217795,cleveland,9,19f9a06a8f411f2cb0bfc83a470b8abe9be3e8d2481b8d5686994f21903b99e1
rf_importance,0.5,6,12,gb,none,3497687367,0.7755775577557755,0.847385506229163,0.1697744178988317,0.11617415943369391,0.11507371714632181,0.018951182303584946,0.016327404739192017,0.31741910054205086,0.2735058411565473,1.3102310231023102,0.900990099009901,0.00915824241817631,0.11819999309589559,cleveland,9,19f9a06a8f411f2cb0bfc83a470b8abe9be3e8d2481b8d5686994f21903b99e1
rf_importance,0.33,4,12,gb,none,3497687367,0.768976897689769,0.8237629408668187,0.17229673812453639,0.11501297899665605,0.14953773454288088,0.011182939232138311,0.016876455527558565,0.300526686621586,0.28235868745357906,1.372937293729373,0.900990099009901,0.0546491842658392,0.1032304934741611,cleveland,9,19f9a06a8f411f2cb0bfc83a470b8abe9be3e8d2481b8d5686994f21903b99e1
rf_importance,0.25,3,12,gb,none,3497687367,0.7260726072607261,0.7808168099666608,0.20260574440557055,0.15076962317100637,0.19557917772350125,0.03920925502161199,0.06369013846043317,0.2790741096561728,0.31226683893371,1.462046204620462,0.900990099009901,0.02432188970073057,0.13240497172613316,cleveland,9,19f9a06a8f411f2cb0bfc83a470b8abe9be3e8d2481b8d5686994f21903b99e1
rf_importance,1.0,12,12,gb,none,1463096909,0.7887788778877888,0.8659852605720301,0.15957654637688604,0.11931416725189768,0.0964376278283168,0.013315535214848628,0.015583647043775822,0.32416939024967695,0.27471299821981526,1.2937293729372936,0.900990099009901,0.03948553698328494,0.1142366455482234,cleveland,10,19f9a06a8f411f2cb0bfc83a470b8abe9be3e8d2481b8d5686994f21903b99e1
rf_importance,0.75,9,12,gb,none,1463096909,0.7821782178217822,0.8606773118090892,0.1655985042196874,0.11420651353036995,0.09935999677600658,0.010877192982456152,0.01423558772550304,0.3215942764545936,0.28055722000591754,1.297029702970297,0.900990099009901,0.0546491842658392,0.12596813713473254,cleveland,10,19f9a06a8f411f2cb0bfc83a470b8abe9be3e8d2481b8d5686994f21903b99e1
rf_importance,0.5,6,12,gb,none,1463096909,0.7920792079207921,0.8652833830496578,0.1593253143263022,0.11360582213291086,0.0930276130691739,0.007523518942283203,0.004739933256739659,0.3207392929980765,0.2695525371830226,1.2640264026402641,0.900990099009901,0.08497647883094794,0.10682588508334517,cleveland,10,19f9a06a8f411f2cb0bfc83a470b8abe9be3e8d2481b8d5686994f21903b99e1
rf_importance,0.33,4,12,gb,none,1463096909,0.7656765676567657,0.8342472363572556,0.17402471142199047,0.12774385984987563,0.12416444272261909,0.04661136536994659,0.012121576885743057,0.3114032081665289,0.25845120598943283,1.372937293729373,0.900990099009901,0.06981283154839346,0.11429848790566481,cleveland,10,19f9a06a8f411f2cb0bfc83a470b8abe9be3e8d2481b8d5686994f21903b99e1
rf_importance,0.25,3,12,gb,none,1463096909,0.768976897689769,0.8170731707317074,0.17487176484774256,0.10239397933890285,0.14047322659184294,0.08153127383676584,0.062222667896270095,0.29720764149097106,0.216258267139128,1.4092409240924093,0.9042904290429042,0.06495846261635463,0.09927735671014261,cleveland,10,19f9a06a8f411f2cb0bfc83a470b8abe9be3e8d2481b8d5686994f21903b99e1
rf_importance,1.0,12,12,gb,none,140918660,0.7854785478547854,0.8610282505702754,0.16708136127171258,0.12779216798019463,0.09827009971556872,0.047476481057716624,0.020554731218981298,0.3157179822098337,0.24330093442659928,1.2706270627062706,0.900990099009901,0.0546491842658392,0.12273471235814414,cleveland,11,19f9a06a8f411f2cb0bfc83a470b8abe9be3e8d2481b8d5686994f21903b99e1
rf_importance,0.75,9,12,gb,none,140918660,0.7656765676567657,0.857562730303562,0.16843177673034113,0.12953129011272477,0.09924422842843478,0.04319349097381131,0.031995203260265365,0.3136655393662779,0.25367965046656504,1.3003300330033003,0.900990099009901,0.1001401261135022,0.12407181948681678,cleveland,11,19f9a06a8f411f2cb0bfc83a470b8abe9be3e8d2481b8d5686994f21903b99e1
rf_importance,0.5,6,12,gb,none,140918660,0.759075907590759,0.8552596946832778,0.1726001040279888,0.12244073346865997,0.10050934121629516,0.05625222476481062,0.02228152810012926,0.31365081009910567,0.24048964521939017,1.2904290429042904,0.900990099009901,0.08497647883094794,0.11545799103982626,cleveland,11,19f9a06a8f411f2cb0bfc83a470b8abe9be3e8d2481b8d5686994f21903b99e1
rf_importance,0.33,4,12,gb,none,140918660,0.7392739273927392,0.8104053342691699,0.18704055695564112,0.12504863812543293,0.15372537425490468,0.019536613272311265,0.03191170647264205,0.29602976089345984,0.25510014159018646,1.4356435643564356,0.900990099009901,0.00600540486437795,0.11999111290764312,cleveland,11,19f9a06a8f411f2cb0bfc83a470b8abe9be3e8d2481b8d5686994f21903b99e1
rf_importance,0.25,3,12,gb,none,140918660,0.7260726072607261,0.7738199684155116,0.20206048232852558,0.13556585671198282,0.20143211866137964,0.03179443173150276,0.0049619223933250745,0.2823501237722215,0.2668305308980991,1.4587458745874586,0.900990099009901,0.03948553698328494,0.1286114517898398,cleveland,11,19f9a06a8f411f2cb0bfc83a470b8abe9be3e8d2481b8d5686994f21903b99e1
rf_importance,1.0,12,12,gb,none,99853842,0.7953795379537953,0.8691437094227058,0.15398644951521628,0.10903515844803102,0.09648845702835006,0.032412916348843135,0.05031874119554772,0.32709117267414123,0.2958994293246492,1.2937293729372936,0.900990099009901,0.00915824241817631,0.10555857996215569,cleveland,12,19f9a06a8f411f2cb0bfc83a470b8abe9be3e8d2481b8d5686994f21903b99e1
rf_importance,0.75,9,12,gb,none,99853842,0.7656765676567657,0.8580452711001929,0.1659326849611856,0.12292319175847645,0.10557449916086521,0.040324180015255506,0.03319623446144607,0.3231415935823807,0.3117197959483569,1.2871287128712872,0.900990099009901,0.00915824241817631,0.10105464244134459,cleveland,12,19f9a06a8f411f2cb0bfc83a470b8abe9be3e8d2481b8d5686994f21903b99e1
rf_importance,0.5,6,12,gb,none,99853842,0.7821782178217822,0.8550184242849622,0.16567482159876962,0.11632515548858978,0.09680304398415351,0.04319349097381142,0.014902526956271783,0.31017077154897055,0.2955990956892476,1.297029702970297,0.900990099009901,0.00915824241817631,0.1048159922604035,cleveland,12,19f9a06a8f411f2cb0bfc83a470b8abe9be3e8d2481b8d5686994f21903b99e1
rf_importance,0.33,4,12,gb,none,99853842,0.7623762376237624,0.8146385330759782,0.17980343534685522,0.09772410766147875,0.14968891577963722,0.1028330790744979,0.12202117864053055,0.30006255983180585,0.32519820723026843,1.4125412541254125,0.900990099009901,0.03633269942948658,0.10155418418026024,cleveland,12,19f9a06a8f411f2cb0bfc83a470b8abe9be3e8d2481b8d5686994f21903b99e1
rf_importance,0.25,3,12,gb,none,99853842,0.7788778877887789,0.8198587471486225,0.17051025251378119,0.09511175848790607,0.14600582982454774,0.032494914823290144,0.046219516781868045,0.3068432083476074,0.2866103247421944,1.3597359735973598,0.900990099009901,0.00600540486437795,0.0819007358683408,cleveland,12,19f9a06a8f411f2cb0bfc83a470b8abe9be3e8d2481b8d5686994f21903b99e1
rf_importance,1.0,12,12,gb,none,910730976,0.7887788778877888,0.8622565362344272,0.15571693773817688,0.10723309692777136,0.1047137561546824,0.010052123061276452,0.018807548582777958,0.32654065681465333,0.2849796593572409,1.2475247524752475,0.900990099009901,0.02432188970073057,0.09639218011095543,cleveland,13,19f9a06a8f411f2cb0bfc83a470b8abe9be3e8d2481b8d5686994f21903b99e1
rf_importance,0.75,9,12,gb,none,910730976,0.7788778877887789,0.8553254957010001,0.16613825359745357,0.12033715957713949,0.10738986046424334,0.01404017289600823,0.025057916907325783,0.31776801838647917,0.3032966333401284,1.297029702970297,0.900990099009901,0.02432188970073057,0.10276971223606671,cleveland,13,19f9a06a8f411f2cb0bfc83a470b8abe9be3e8d2481b8d5686994f21903b99e1
rf_importance,0.5,6,12,gb,none,910730976,0.7656765676567657,0.8535708018950693,0.16675755545933363,0.11928866953280563,0.10070595409047026,0.011420035596236944,0.0020123191333133728,0.30989978412219227,0.278883049512754,1.3267326732673268,0.900990099009901,0.03948553698328494,0.11233711336853508,cleveland,13,19f9a06a8f411f2cb0bfc83a470b8abe9be3e8d2481b8d5686994f21903b99e1
rf_importance,0.33,4,12,gb,none,910730976,0.768976897689769,0.8182795227232849,0.17635544613171722,0.11844422834567135,0.1404912909281068,0.015665522501907003,0.037201089327439985,0.30052620171003486,0.2693198486963345,1.4224422442244224,0.900990099009901,0.0546491842658392,0.11728305449150277,cleveland,13,19f9a06a8f411f2cb0bfc83a470b8abe9be3e8d2481b8d5686994f21903b99e1
rf_importance,0.25,3,12,gb,none,910730976,0.7491749174917491,0.809615722056501,0.18043175841108958,0.10422907733894238,0.17076957755650085,0.06588100686498854,0.005699774752822906,0.305967726938892,0.2823842795363041,1.4356435643564356,0.900990099009901,0.08497647883094794,0.10294160062860037,cleveland,13,19f9a06a8f411f2cb0bfc83a470b8abe9be3e8d2481b8d5686994f21903b99e1
rf_importance,1.0,12,12,gb,none,2452840455,0.7953795379537953,0.8770836988945429,0.1516333471888725,0.10149193358591627,0.08585387434739353,0.04426519196542078,0.042785463070867474,0.3281139133032206,0.25113078243280473,1.2442244224422443,0.900990099009901,0.0546491842658392,0.09703307857864937,cleveland,14,19f9a06a8f411f2cb0bfc83a470b8abe9be3e8d2481b8d5686994f21903b99e1
rf_importance,0.75,9,12,gb,none,2452840455,0.8052805280528053,0.8687927706615196,0.1550020782132764,0.10726894272760087,0.09343965958424297,0.03458810068649887,0.016371729439055988,0.3291614159559059,0.2592982237959758,1.2475247524752475,0.900990099009901,0.06981283154839346,0.10837235088002543,cleveland,14,19f9a06a8f411f2cb0bfc83a470b8abe9be3e8d2481b8d5686994f21903b99e1
rf_importance,0.5,6,12,gb,none,2452840455,0.7755775577557755,0.8674328829619231,0.16295492657847094,0.13383637135476475,0.08926805940800936,0.04918128654970755,0.009278209480189564,0.32198832183520654,0.26889030861435714,1.297029702970297,0.900990099009901,0.0546491842658392,0.11524325549717607,cleveland,14,19f9a06a8f411f2cb0bfc83a470b8abe9be3e8d2481b8d5686994f21903b99e1
rf_importance,0.33,4,12,gb,none,2452840455,0.759075907590759,0.8316590629935077,0.17360201550557589,0.11892669595419633,0.12252189908343122,0.046311975591151855,0.007682333212455289,0.30809361002212904,0.2699122825664844,1.3333333333333333,0.900990099009901,0.08497647883094794,0.12390811667265374,cleveland,14,19f9a06a8f411f2cb0bfc83a470b8abe9be3e8d2481b8d5686994f21903b99e1
rf_importance,0.25,3,12,gb,none,2452840455,0.7623762376237624,0.8147262677662749,0.17949475736941273,0.1079950612274429,0.15220592019792795,0.018393719806763298,0.016193970382238992,0.30850407726849105,0.3007434678605516,1.3927392739273927,0.900990099009901,0.0546491842658392,0.09316612842968752,cleveland,14,19f9a06a8f411f2cb0bfc83a470b8abe9be3e8d2481b8d5686994f21903b99e1
rf_importance,1.0,12,12,gb,none,1866836081,0.7755775577557755,0.8572995262326725,0.16189147895646575,0.1310132297190931,0.10433766678246631,0.02809433002796846,0.017479509274785726,0.32671995966035183,0.2615288372302551,1.316831683168317,0.900990099009901,0.0546491842658392,0.11539531761221844,cleveland,15,19f9a06a8f411f2cb0bfc83a470b8abe9be3e8d2481b8d5686994f21903b99e1
rf_importance,0.75,9,12,gb,none,1866836081,0.7821782178217822,0.8474293735743111,0.16831889819390508,0.11644003218934762,0.11110521888929932,0.007434528349860137,0.014630888365356698,0.31406240864077245,0.2697804107860449,1.3267326732673268,0.900990099009901,0.03948553698328494,0.1177945421385634,cleveland,15,19f9a06a8f411f2cb0bfc83a470b8abe9be3e8d2481b8d5686994f21903b99e1
rf_importance,0.5,6,12,gb,none,1866836081,0.7722772277227723,0.8603263730479032,0.16790395530586316,0.12234955924118444,0.09547808390808303,0.01058606661581496,0.02690930490337398,0.3166989233057696,0.27568864959482264,1.2937293729372936,0.900990099009901,0.00915824241817631,0.12650700841181167,cleveland,15,19f9a06a8f411f2cb0bfc83a470b8abe9be3e8d2481b8d5686994f21903b99e1
rf_importance,0.33,4,12,gb,none,1866836081,0.7524752475247525,0.8051631865239516,0.19205794780916563,0.13415246855819843,0.15058202416252464,0.005509153318077775,0.012872798419122755,0.2901641481181879,0.27057026425960873,1.4158415841584158,0.900990099009901,0.02432188970073057,0.13567158895040793,cleveland,15,19f9a06a8f411f2cb0bfc83a470b8abe9be3e8d2481b8d5686994f21903b99e1
rf_importance,0.25,3,12,gb,none,1866836081,0.7425742574257426,0.7965871205474645,0.18789397271086766,0.12601346303922772,0.16280916067178874,0.025139842359521936,0.009388977600082588,0.29669955974745366,0.26334370125074447,1.4686468646864685,0.900990099009901,0.03948553698328494,0.11470931363209419,cleveland,15,19f9a06a8f411f2cb0bfc83a470b8abe9be3e8d2481b8d5686994f21903b99e1
rf_importance,1.0,12,12,gb,none,372708375,0.7755775577557755,0.8566853834005965,0.1662566630205963,0.12308349407221601,0.10733428510119425,0.037637935418255775,0.03775293372109895,0.3243246012908479,0.2663265067462354,1.297029702970297,0.900990099009901,0.03948553698328494,0.1151696437932591,cleveland,16,19f9a06a8f411f2cb0bfc83a470b8abe9be3e8d2481b8d5686994f21903b99e1
rf_importance,0.75,9,12,gb,none,372708375,0.768976897689769,0.8511580979119144,0.17341454427641168,0.12520254243724907,0.11187351513182882,0.02338799898296462,0.008174620346664635,0.3185936919317146,0.2735433447837513,1.3201320132013201,0.900990099009901,0.0546491842658392,0.12278498802323469,cleveland,16,19f9a06a8f411f2cb0bfc83a470b8abe9be3e8d2481b8d5686994f21903b99e1
rf_importance,0.5,6,12,gb,none,372708375,0.7623762376237624,0.8450166695911564,0.1803039331230623,0.14657178540333246,0.1171814367528301,0.029668192219679534,0.040255944064380156,0.3043981661669049,0.259310584579479,1.3333333333333333,0.900990099009901,0.06981283154839346,0.1440454309154322,cleveland,16,19f9a06a8f411f2cb0bfc83a470b8abe9be3e8d2481b8d5686994f21903b99e1
rf_importance,0.33,4,12,gb,none,372708375,0.7392739273927392,0.8133444463941043,0.19349732795281419,0.1524663484823615,0.14089596306926974,0.061900584795321456,0.012577343969559562,0.2932396346337174,0.2651353821060909,1.4224422442244224,0.900990099009901,0.08497647883094794,0.14840613029637642,cleveland,16,19f9a06a8f411f2cb0bfc83a470b8abe9be3e8d2481b8d5686994f21903b99e1
rf_importance,0.25,3,12,gb,none,372708375,0.7623762376237624,0.8065669415686963,0.1793742408965228,0.1263136276505271,0.1752343660097662,0.030698576150521184,0.03020588558259063,0.3026602991058116,0.2742989905909633,1.3993399339933994,0.900990099009901,0.02432188970073057,0.12082989791077486,cleveland,16,19f9a06a8f411f2cb0bfc83a470b8abe9be3e8d2481b8d5686994f21903b99e1
rf_importance,1.0,12,12,gb,none,2568948598,0.7854785478547854,0.8464204246359011,0.16947552721272682,0.1175550274559426,0.11740143973914619,0.04968471904398675,0.002683290380884412,0.31558938224303235,0.24121528296356373,1.33003300330033,0.900990099009901,0.02432188970073057,0.12695898649757603,cleveland,17,19f9a06a8f411f2cb0bfc83a470b8abe9be3e8d2481b8d5686994f21903b99e1
rf_importance,0.75,9,12,gb,none,2568948598,0.7755775577557755,0.8451044042814528,0.1678988318887,0.129139473692504,0.12426816330204585,0.026886600559369422,0.0363063487226753,0.31202559691119547,0.27188058418493166,1.316831683168317,0.900990099009901,0.03948553698328494,0.11704678922106937,cleveland,17,19f9a06a8f411f2cb0bfc83a470b8abe9be3e8d2481b8d5686994f21903b99e1
rf_importance,0.5,6,12,gb,none,2568948598,0.7293729372937293,0.8261975785225477,0.1942378214173443,0.16584981369088678,0.12387913478911151,0.005237732011187601,0.007852657272881453,0.2851388909636833,0.27217932923470983,1.3465346534653466,0.900990099009901,0.02432188970073057,0.159162800520419,cleveland,17,19f9a06a8f411f2cb0bfc83a470b8abe9be3e8d2481b8d5686994f21903b99e1
rf_importance,0.33,4,12,gb,none,2568948598,0.768976897689769,0.8191568696262503,0.18287422121073987,0.13890537255256533,0.1519183866010645,0.0650235189422832,0.012943824147856248,0.30124057316857,0.23978863681299203,1.3894389438943895,0.900990099009901,0.0546491842658392,0.13298968453167265,cleveland,17,19f9a06a8f411f2cb0bfc83a470b8abe9be3e8d2481b8d5686994f21903b99e1
rf_importance,0.25,3,12,gb,none,2568948598,0.7392739273927392,0.8033646253728725,0.1909347652292401,0.13379778526677275,0.1760162067697394,0.07397660818713458,0.06432932352955195,0.2960975181502911,0.2597652161888118,1.4455445544554455,0.9042904290429042,0.09528575718146337,0.14414690698630833,cleveland,17,19f9a06a8f411f2cb0bfc83a470b8abe9be3e8d2481b8d5686994f21903b99e1
rf_importance,1.0,12,12,gb,none,2306630664,0.8085808580858086,0.8646253728724337,0.15680031326589208,0.11585943032451669,0.11155964474003849,0.039504195270785636,0.03310047748532638,0.3261761082278196,0.2516671093025563,1.3102310231023102,0.900990099009901,0.03948553698328494,0.10471203253677906,cleveland,18,19f9a06a8f411f2cb0bfc83a470b8abe9be3e8d2481b8d5686994f21903b99e1
rf_importance,0.75,9,12,gb,none,2306630664,0.759075907590759,0.8540094753465521,0.16724096636381391,0.11916499258195448,0.1072169284698075,0.043358759216882814,0.03557115205747266,0.315117867857987,0.24608217777217606,1.3036303630363035,0.900990099009901,0.0546491842658392,0.10982738802721723,cleveland,18,19f9a06a8f411f2cb0bfc83a470b8abe9be3e8d2481b8d5686994f21903b99e1
rf_importance,0.5,6,12,gb,none,2306630664,0.759075907590759,0.8474732409194595,0.17400290466399557,0.13490980849445225,0.10766278969969448,0.05510297482837523,0.018037118625693127,0.30919589903359396,0.24719299272564282,1.316831683168317,0.900990099009901,0.0546491842658392,0.1267255321459248,cleveland,18,19f9a06a8f411f2cb0bfc83a470b8abe9be3e8d2481b8d5686994f21903b99e1
rf_importance,0.33,4,12,gb,none,2306630664,0.7491749174917491,0.8154500789612213,0.18602695067105504,0.1335042193238711,0.16147101456341584,0.07573544368166796,0.023196879167664025,0.29646213162554264,0.2708136769794375,1.3927392739273927,0.9042904290429042,0.080122109898909,0.14012635033901577,cleveland,18,19f9a06a8f411f2cb0bfc83a470b8abe9be3e8d2481b8d5686994f21903b99e1
rf_importance,0.25,3,12,gb,none,2306630664,0.7326732673267327,0.791652044218284,0.19640084533306815,0.1354675547928312,0.15700021645753026,0.046653953724891895,0.006470709608754399,0.2878342533478568,0.28029308871677394,1.4455445544554455,0.900990099009901,0.0546491842658392,0.14307409821148023,cleveland,18,19f9a06a8f411f2cb0bfc83a470b8abe9be3e8d2481b8d5686994f21903b99e1
rf_importance,1.0,12,12,gb,none,3916080798,0.7821782178217822,0.8487015265836111,0.16782306531908198,0.11413839054515879,0.11611554248269026,0.018099415204678282,0.05133468779552233,0.3135632134836297,0.2914197470731792,1.3333333333333333,0.900990099009901,0.00600540486437795,0.11911762170877047,cleveland,19,19f9a06a8f411f2cb0bfc83a470b8abe9be3e8d2481b8d5686994f21903b99e1
rf_importance,0.75,9,12,gb,none,3916080798,0.7392739273927392,0.8358483944551676,0.18243016589191266,0.1470751707677005,0.12266013537845326,0.01770277142130694,0.01483059785467733,0.3014695173557412,0.2696973783689483,1.3465346534653466,0.900990099009901,0.00915824241817631,0.12895861119332483,cleveland,19,19f9a06a8f411f2cb0bfc83a470b8abe9be3e8d2481b8d5686994f21903b99e1
rf_importance,0.5,6,12,gb,none,3916080798,0.7524752475247525,0.842077557466222,0.17842384890131027,0.1276698746146941,0.11680182142028349,0.028208746503941118,0.03171436026718788,0.30739991459421606,0.27263560278660304,1.3036303630363035,0.900990099009901,0.00600540486437795,0.13432624380093322,cleveland,19,19f9a06a8f411f2cb0bfc83a470b8abe9be3e8d2481b8d5686994f21903b99e1
rf_importance,0.33,4,12,gb,none,3916080798,0.7425742574257426,0.815406211616073,0.18751803521879687,0.14276940399413215,0.13286424125647378,0.02655161454360544,0.011806335389029643,0.29497990423524234,0.2745951052542242,1.4059405940594059,0.900990099009901,0.00600540486437795,0.13751782438084104,cleveland,19,19f9a06a8f411f2cb0bfc83a470b8abe9be3e8d2481b8d5686994f21903b99e1
rf_importance,0.25,3,12,gb,none,3916080798,0.7491749174917491,0.8014563958589226,0.18496813121913105,0.10141500640137487,0.1701502267029787,0.04957030256801409,0.022451082018744684,0.29744528573383205,0.2744345736686251,1.3927392739273927,0.900990099009901,0.06981283154839346,0.10856847445747896,cleveland,19,19f9a06a8f411f2cb0bfc83a470b8abe9be3e8d2481b8d5686994f21903b99e1
rf_importance,1.0,12,12,gb,none,3063683145,0.7953795379537953,0.8733549745569399,0.1512877790739826,0.09994567209966208,0.09421258660229248,0.0258988049834733,0.011649015388731893,0.33176218061918283,0.2641862878048097,1.2574257425742574,0.900990099009901,0.02432188970073057,0.09232695540644494,cleveland,20,19f9a06a8f411f2cb0bfc83a470b8abe9be3e8d2481b8d5686994f21903b99e1
rf_importance,0.75,9,12,gb,none,3063683145,0.7788778877887789,0.8653272503948061,0.16041608124886697,0.11617997179584623,0.0941547004303139,0.010823798627002446,0.005680738532093346,0.3158699671603255,0.26581156938377215,1.2574257425742574,0.900990099009901,0.02432188970073057,0.09522915724668597,cleveland,20,19f9a06a8f411f2cb0bfc83a470b8abe9be3e8d2481b8d5686994f21903b99e1
rf_importance,0.5,6,12,gb,none,3063683145,0.7920792079207921,0.8751096683628706,0.1546439728146489,0.10523319266468123,0.08456529975591108,0.010625476735316552,0.01953801226704116,0.3253238623773145,0.27819968289868435,1.2871287128712872,0.900990099009901,0.00915824241817631,0.10354874468093113,cleveland,20,19f9a06a8f411f2cb0bfc83a470b8abe9be3e8d2481b8d5686994f21903b99e1
rf_importance,0.33,4,12,gb,none,3063683145,0.7722772277227723,0.8320977364449904,0.16988024144156713,0.11308033860317834,0.11519141753814163,0.03107996440376304,0.03606614040224604,0.3036204701215445,0.29344360145842696,1.353135313531353,0.900990099009901,0.02432188970073057,0.10874530872147051,cleveland,20,19f9a06a8f411f2cb0bfc83a470b8abe9be3e8d2481b8d5686994f21903b99e1
rf_importance,0.25,3,12,gb,none,3063683145,0.8052805280528053,0.8429329706966135,0.15304708519254256,0.0761336921623871,0.1392413523901765,0.02597381133994414,0.01622061103934759,0.3212286639307159,0.2743448197794458,1.3102310231023102,0.900990099009901,0.02432188970073057,0.06123702428699069,cleveland,20,19f9a06a8f411f2cb0bfc83a470b8abe9be3e8d2481b8d5686994f21903b99e1
rf_importance,1.0,12,12,gb,none,639983951,0.7722772277227723,0.8500175469380593,0.17147549132532242,0.1307072350104399,0.11277418520743909,0.03792270531400954,0.0335353314169667,0.31455586367160515,0.25329345789815216,1.316831683168317,0.900990099009901,0.02432188970073057,0.12898565279060092,cleveland,21,19f9a06a8f411f2cb0bfc83a470b8abe9be3e8d2481b8d5686994f21903b99e1
rf_importance,0.75,9,12,gb,none,639983951,0.7722772277227723,0.8481751184418319,0.17304746975532326,0.12630752323210134,0.11253692174930333,0.004134248665141005,0.015174279613451386,0.3151284165702645,0.2723708168507579,1.3267326732673268,0.900990099009901,0.00915824241817631,0.12423897512679634,cleveland,21,19f9a06a8f411f2cb0bfc83a470b8abe9be3e8d2481b8d5686994f21903b99e1
rf_importance,0.5,6,12,gb,none,639983951,0.7821782178217822,0.84593788383927,0.16906275764701034,0.12950399584476469,0.1079521235525832,0.010583524027459879,0.03157705039942313,0.31479750661362743,0.2838612894211572,1.3465346534653466,0.900990099009901,0.03948553698328494,0.125304808242587,cleveland,21,19f9a06a8f411f2cb0bfc83a470b8abe9be3e8d2481b8d5686994f21903b99e1
rf_importance,0.33,4,12,gb,none,639983951,0.7557755775577558,0.8104930689594666,0.18657873933880403,0.1287050207092354,0.15132595344598876,0.06970061022120522,0.10892431915448929,0.29602840092693244,0.3224793969137668,1.448844884488449,0.900990099009901,0.00915824241817631,0.12884017229347305,cleveland,21,19f9a06a8f411f2cb0bfc83a470b8abe9be3e8d2481b8d5686994f21903b99e1
rf_importance,0.25,3,12,gb,none,639983951,0.735973597359736,0.7683365502719776,0.205954728113701,0.16500661690211513,0.19381080050882832,0.07008199847444707,0.02620524340861205,0.2798615329882075,0.31233680687718685,1.5247524752475248,0.900990099009901,0.02432188970073057,0.15450336017313618,cleveland,21,19f9a06a8f411f2cb0bfc83a470b8abe9be3e8d2481b8d5686994f21903b99e1
rf_importance,1.0,12,12,gb,none,1550722020,0.7887788778877888,0.8721266888927882,0.15305278159117566,0.10691265201026326,0.09302586288900691,0.023087973557081254,0.017734122544760506,0.3300306016076385,0.2669396764910975,1.2442244224422443,0.900990099009901,0.02432188970073057,0.09365579495710225,cleveland,22,19f9a06a8f411f2cb0bfc83a470b8abe9be3e8d2481b8d5686994f21903b99e1
rf_importance,0.75,9,12,gb,none,1550722020,0.768976897689769,0.8619055974732409,0.16405716836490794,0.12952420454169125,0.10280989599610448,0.0021090770404271764,0.006914148750070126,0.3247816293223217,0.26896571318541074,1.2607260726072607,0.900990099009901,0.00915824241817631,0.11106657182386961,cleveland,22,19f9a06a8f411f2cb0bfc83a470b8abe9be3e8d2481b8d5686994f21903b99e1
rf_importance,0.5,6,12,gb,none,1550722020,0.7788778877887789,0.872740831724864,0.16301457965964095,0.12356620661428211,0.08753790193548998,0.03166539537248925,0.024409988541661404,0.3296816070786698,0.2591519904976448,1.2541254125412542,0.900990099009901,0.03948553698328494,0.10180861384877113,cleveland,22,19f9a06a8f411f2cb0bfc83a470b8abe9be3e8d2481b8d5686994f21903b99e1
rf_importance,0.33,4,12,gb,none,1550722020,0.7854785478547854,0.8486137918933148,0.1640709376272066,0.11529277193611792,0.10667309231981499,0.004049071955250505,0.014190879501561837,0.31474700716365045,0.27238918814271196,1.386138613861386,0.900990099009901,0.03948553698328494,0.11645664203982407,cleveland,22,19f9a06a8f411f2cb0bfc83a470b8abe9be3e8d2481b8d5686994f21903b99e1
rf_importance,0.25,3,12,gb,none,1550722020,0.7656765676567657,0.8199026144937708,0.17647096751071936,0.09800801432079906,0.1382921723439071,0.07666031019577946,0.013841856145193648,0.3083633463838487,0.24575468759969146,1.3795379537953796,0.9075907590759076,0.060104093684315796,0.11020198017468093,cleveland,22,19f9a06a8f411f2cb0bfc83a470b8abe9be3e8d2481b8d5686994f21903b99e1
rf_importance,1.0,12,12,gb,none,2510858870,0.8118811881188119,0.8730479031409019,0.14560100523663302,0.09676958577769874,0.0918021825921938,0.013879989829646777,0.007868387403417776,0.33439421121645535,0.26107096714048916,1.231023102310231,0.900990099009901,0.03948553698328494,0.08572689718104953,cleveland,23,19f9a06a8f411f2cb0bfc83a470b8abe9be3e8d2481b8d5686994f21903b99e1
rf_importance,0.75,9,12,gb,none,2510858870,0.7788778877887789,0.8547113528689242,0.16135169211986822,0.11172436022415047,0.1058627431484338,0.03496821764556324,0.01230489830387746,0.3183003328047487,0.2582891337806128,1.2937293729372936,0.900990099009901,0.0546491842658392,0.10707170324419298,cleveland,23,19f9a06a8f411f2cb0bfc83a470b8abe9be3e8d2481b8d5686994f21903b99e1
rf_importance,0.5,6,12,gb,none,2510858870,0.8052805280528053,0.876469556062467,0.15269940443334334,0.10113500019910412,0.0843058055620708,0.04460462751080596,0.02719545912644858,0.3295341359414123,0.25617325082518216,1.2772277227722773,0.900990099009901,0.0546491842658392,0.08958923505007022,cleveland,23,19f9a06a8f411f2cb0bfc83a470b8abe9be3e8d2481b8d5686994f21903b99e1
rf_importance,0.33,4,12,gb,none,2510858870,0.8118811881188119,0.8458282154763993,0.1552798014928472,0.11490980919137583,0.12472149402507256,0.01895753877447237,0.024129488279265893,0.3231858207823373,0.2785849837383728,1.2904290429042904,0.900990099009901,0.02432188970073057,0.10708446574648099,cleveland,23,19f9a06a8f411f2cb0bfc83a470b8abe9be3e8d2481b8d5686994f21903b99e1
rf_importance,0.25,3,12,gb,none,2510858870,0.7656765676567657,0.8247280224600807,0.17527147471750462,0.09937004680039725,0.14067783944063916,0.07684401220442405,0.008208650184680422,0.31174608448667795,0.25330071336401294,1.4356435643564356,0.900990099009901,0.0546491842658392,0.10463403099095848,cleveland,23,19f9a06a8f411f2cb0bfc83a470b8abe9be3e8d2481b8d5686994f21903b99e1
rf_importance,1.0,12,12,gb,none,2625007258,0.7821782178217822,0.8749780663274258,0.15622298916314187,0.11366458823179915,0.08784877946109942,0.006906941266209055,0.028202004121099578,0.3261605988460645,0.2681591349168998,1.2343234323432344,0.900990099009901,0.02432188970073057,0.10486144704614607,cleveland,24,19f9a06a8f411f2cb0bfc83a470b8abe9be3e8d2481b8d5686994f21903b99e1
rf_importance,0.75,9,12,gb,none,2625007258,0.7755775577557755,0.8708545358834883,0.1569691073341199,0.12022528591214382,0.09058303998086936,0.012581998474446965,0.01932123862160745,0.33233804184977594,0.2804500618797116,1.2508250825082508,0.900990099009901,0.00915824241817631,0.08812206939982262,cleveland,24,19f9a06a8f411f2cb0bfc83a470b8abe9be3e8d2481b8d5686994f21903b99e1
rf_importance,0.5,6,12,gb,none,2625007258,0.7722772277227723,0.8716002807510089,0.15908224464008633,0.10155756127582233,0.08527953492916718,0.01140859394863969,0.040702534487745856,0.3235072559436994,0.2889942960902542,1.2706270627062706,0.900990099009901,0.00915824241817631,0.11164711221502494,cleveland,24,19f9a06a8f411f2cb0bfc83a470b8abe9be3e8d2481b8d5686994f21903b99e1
rf_importance,0.33,4,12,gb,none,2625007258,0.7524752475247525,0.8398183891910861,0.1688845360872466,0.10603555116046429,0.11748719270021306,0.045008899059242324,0.029470272020412303,0.314928588626654,0.25463383076860024,1.3432343234323432,0.900990099009901,0.02432188970073057,0.0997795987980921,cleveland,24,19f9a06a8f411f2cb0bfc83a470b8abe9be3e8d2481b8d5686994f21903b99e1
rf_importance,0.25,3,12,gb,none,2625007258,0.735973597359736,0.8353000526408142,0.17361132755100644,0.09834396298887794,0.12831392560389784,0.07159356725146204,0.026779079106033846,0.31279285827724285,0.24641670527971998,1.3201320132013201,0.900990099009901,0.03948553698328494,0.08064517821753983,cleveland,24,19f9a06a8f411f2cb0bfc83a470b8abe9be3e8d2481b8d5686994f21903b99e1
rf_importance,1.0,12,12,gb,none,144168133,0.7887788778877888,0.8691437094227058,0.1539470415763057,0.09994423693918375,0.0985672772926531,0.023145181795067415,0.0076527045395248655,0.3282691046337206,0.2779395708825638,1.2706270627062706,0.900990099009901,0.0546491842658392,0.10001460441050078,cleveland,25,19f9a06a8f411f2cb0bfc83a470b8abe9be3e8d2481b8d5686994f21903b99e1
rf_importance,0.75,9,12,gb,none,144168133,0.7722772277227723,0.8591858220740479,0.1682960513618186,0.1271736399053057,0.09612632341370096,0.025743707093821566,0.0005497589110144974,0.3124673702356951,0.25876941397417624,1.283828382838284,0.900990099009901,0.0546491842658392,0.11959976890860757,cleveland,25,19f9a06a8f411f2cb0bfc83a470b8abe9be3e8d2481b8d5686994f21903b99e1
rf_importance,0.5,6,12,gb,none,144168133,0.768976897689769,0.8466836287067907,0.17153820364685607,0.12088601168872262,0.10392965332838645,0.01964785151284021,0.020312812669667002,0.30446983483435336,0.2591690798626929,1.3333333333333333,0.900990099009901,0.02432188970073057,0.11478558029682062,cleveland,25,19f9a06a8f411f2cb0bfc83a470b8abe9be3e8d2481b8d5686994f21903b99e1
rf_importance,0.33,4,12,gb,none,144168133,0.7458745874587459,0.8215037725916827,0.1799428560957526,0.11624052069615579,0.15086261335559112,0.004054157131960334,0.02260217249395799,0.30245957004002433,0.26906173493406993,1.3597359735973598,0.900990099009901,0.00600540486437795,0.10958953225816032,cleveland,25,19f9a06a8f411f2cb0bfc83a470b8abe9be3e8d2481b8d5686994f21903b99e1
rf_importance,0.25,3,12,gb,none,144168133,0.7788778877887789,0.8241138796280049,0.16837816611506162,0.10105528953139363,0.13903786992175496,0.008745232646834578,0.002547623443759861,0.3078838774938145,0.2726597035874532,1.386138613861386,0.900990099009901,0.02432188970073057,0.1030247925503658,cleveland,25,19f9a06a8f411f2cb0bfc83a470b8abe9be3e8d2481b8d5686994f21903b99e1
rf_importance,1.0,12,12,gb,none,614969744,0.8118811881188119,0.8613353219863132,0.15584084799538567,0.11127966663147841,0.10458352013261306,0.018724891939994825,0.02020698964395154,0.32478472252619317,0.26314194117919254,1.3102310231023102,0.900990099009901,0.02432188970073057,0.10744625042278827,cleveland,26,19f9a06a8f411f2cb0bfc83a470b8abe9be3e8d2481b8d5686994f21903b99e1
rf_importance,0.75,9,12,gb,none,614969744,0.768976897689769,0.855457097736445,0.16721931102327534,0.13037076364439015,0.10437880351910826,0.007601067887109014,0.01942440952450214,0.3160496085218952,0.26393192795763876,1.2904290429042904,0.900990099009901,0.02432188970073057,0.1235985026685602,cleveland,26,19f9a06a8f411f2cb0bfc83a470b8abe9be3e8d2481b8d5686994f21903b99e1
rf_importance,0.5,6,12,gb,none,614969744,0.7854785478547854,0.8584839445516758,0.16517502390894434,0.1144869990161043,0.10435569518560366,0.03567251461988308,0.010348386763463197,0.319435526349948,0.2629950492317772,1.2937293729372936,0.900990099009901,0.06981283154839346,0.11469614429351908,cleveland,26,19f9a06a8f411f2cb0bfc83a470b8abe9be3e8d2481b8d5686994f21903b99e1
rf_importance,0.33,4,12,gb,none,614969744,0.7821782178217822,0.8299263028601509,0.16848318893068612,0.12424505711448144,0.13519049401078617,0.0067976099669462275,0.0034665661479036103,0.3122601893847241,0.2776060817307768,1.353135313531353,0.900990099009901,0.06981283154839346,0.11176855328678625,cleveland,26,19f9a06a8f411f2cb0bfc83a470b8abe9be3e8d2481b8d5686994f21903b99e1
rf_importance,0.25,3,12,gb,none,614969744,0.7920792079207921,0.8076197578522548,0.17266738571218168,0.10672910305399405,0.16967738588177494,0.03277777777777802,0.049938080531924015,0.30656818934092095,0.2580182536515067,1.3993399339933994,0.900990099009901,0.08497647883094794,0.10537363166862312,cleveland,26,19f9a06a8f411f2cb0bfc83a470b8abe9be3e8d2481b8d5686994f21903b99e1
rf_importance,1.0,12,12,gb,none,654931739,0.8052805280528053,0.8584400772065275,0.1587634293955165,0.10638498413450881,0.1048318445974519,0.024152046783625702,0.018610737383708734,0.3233480671669231,0.266086512165624,1.3036303630363035,0.900990099009901,0.0546491842658392,0.09897827052997048,cleveland,27,19f9a06a8f411f2cb0bfc83a470b8abe9be3e8d2481b8d5686994f21903b99e1
rf_importance,0.75,9,12,gb,none,654931739,0.8151815181518152,0.8534391998596246,0.15943312801113682,0.13017813728182814,0.11324931188653761,0.019964403763030658,0.02568467210439171,0.32011787612082265,0.26704243992880616,1.3465346534653466,0.900990099009901,0.0546491842658392,0.13172126866733863,cleveland,27,19f9a06a8f411f2cb0bfc83a470b8abe9be3e8d2481b8d5686994f21903b99e1
rf_importance,0.5,6,12,gb,none,654931739,0.768976897689769,0.8572995262326724,0.16696463337959688,0.13678318726567903,0.09477147237522061,0.003741418764302118,0.0031488318782744995,0.306001402741793,0.2659134536615323,1.297029702970297,0.900990099009901,0.03948553698328494,0.13225960425858613,cleveland,27,19f9a06a8f411f2cb0bfc83a470b8abe9be3e8d2481b8d5686994f21903b99e1
rf_importance,0.33,4,12,gb,none,654931739,0.7557755775577558,0.828478680470258,0.17564552992684318,0.12457735878214654,0.13203225150617834,0.04436562420544121,0.020210740818021683,0.3044742118479686,0.2615050970973255,1.3498349834983498,0.900990099009901,0.03948553698328494,0.12030388821109277,cleveland,27,19f9a06a8f411f2cb0bfc83a470b8abe9be3e8d2481b8d5686994f21903b99e1
rf_importance,0.25,3,12,gb,none,654931739,0.7326732673267327,0.7930996666081769,0.19078205232486467,0.11199258760145635,0.1956543145526642,0.04952135774218147,0.06461954477859772,0.2971776006828222,0.2574195752919069,1.4290429042904291,0.900990099009901,0.06981283154839346,0.12184097759363705,cleveland,27,19f9a06a8f411f2cb0bfc83a470b8abe9be3e8d2481b8d5686994f21903b99e1
rf_importance,1.0,12,12,gb,none,4081506829,0.801980198019802,0.8592296894191963,0.15640394808022837,0.12830440634059778,0.11246254171087577,0.0345703025680143,0.001876192892256101,0.31749850273772745,0.2593634691546621,1.2904290429042904,0.900990099009901,0.03948553698328494,0.10477124089414706,cleveland,28,19f9a06a8f411f2cb0bfc83a470b8abe9be3e8d2481b8d5686994f21903b99e1
rf_importance,0.75,9,12,gb,none,4081506829,0.7788778877887789,0.8510264958764696,0.16396148572396763,0.1106082093504875,0.11368122315234667,0.015191965420798481,0.02350574374660297,0.3163009527836079,0.2789530751375866,1.2937293729372936,0.900990099009901,0.03948553698328494,0.11454082203279468,cleveland,28,19f9a06a8f411f2cb0bfc83a470b8abe9be3e8d2481b8d5686994f21903b99e1
rf_importance,0.5,6,12,gb,none,4081506829,0.7722772277227723,0.846595894016494,0.17218789743589596,0.1374514197639458,0.11150260387356103,0.046127637935418075,0.01537924172222152,0.3111861005024867,0.2500947254465582,1.3366336633663367,0.900990099009901,0.06981283154839346,0.12452150561825638,cleveland,28,19f9a06a8f411f2cb0bfc83a470b8abe9be3e8d2481b8d5686994f21903b99e1
rf_importance,0.33,4,12,gb,none,4081506829,0.735973597359736,0.7907308299701702,0.2020010878258335,0.15372590408335154,0.1850137857433082,0.05502034070683959,0.0012658412805755248,0.29278457257528234,0.2668699109007314,1.4587458745874586,0.900990099009901,0.0546491842658392,0.15996426206685602,cleveland,28,19f9a06a8f411f2cb0bfc83a470b8abe9be3e8d2481b8d5686994f21903b99e1
rf_importance,0.25,3,12,gb,none,4081506829,0.7194719471947195,0.7820889629759608,0.2003489224590758,0.13011589825114017,0.197772779839653,0.1036505212306128,0.014642471108093746,0.2870749135224452,0.24653052211733412,1.448844884488449,0.900990099009901,0.06981283154839346,0.12150718141887033,cleveland,28,19f9a06a8f411f2cb0bfc83a470b8abe9be3e8d2481b8d5686994f21903b99e1
rf_importance,1.0,12,12,gb,none,3471424549,0.7986798679867987,0.862739077031058,0.15702078567763605,0.11366593343214441,0.09756128189705576,0.040868293923214005,0.004853021988900225,0.3241548113254126,0.2575804342868081,1.2574257425742574,0.900990099009901,0.0546491842658392,0.11165500467905284,cleveland,29,19f9a06a8f411f2cb0bfc83a470b8abe9be3e8d2481b8d5686994f21903b99e1
rf_importance,0.75,9,12,gb,none,3471424549,0.7788778877887789,0.8579136690647482,0.16145421939201365,0.11528472469423619,0.10114144496173733,0.026282735825069903,0.012319820777241197,0.3185659795635489,0.27300972798228,1.3234323432343233,0.900990099009901,0.06981283154839346,0.10731267803648278,cleveland,29,19f9a06a8f411f2cb0bfc83a470b8abe9be3e8d2481b8d5686994f21903b99e1
rf_importance,0.5,6,12,gb,none,3471424549,0.7953795379537953,0.8599096332689945,0.15875926915646973,0.12214193429462741,0.09689731856951622,7.05568268496437e-05,0.020970813971261493,0.321874373855212,0.28053151215224104,1.306930693069307,0.900990099009901,0.02432188970073057,0.11885989710021007,cleveland,29,19f9a06a8f411f2cb0bfc83a470b8abe9be3e8d2481b8d5686994f21903b99e1
rf_importance,0.33,4,12,gb,none,3471424549,0.7755775577557755,0.8271626601158099,0.17269702416936758,0.12900917107298784,0.1333764362880437,0.006242054411390807,0.06833169901628816,0.30571718059378583,0.28346318921037955,1.4290429042904291,0.900990099009901,0.02432188970073057,0.12750618505397088,cleveland,29,19f9a06a8f411f2cb0bfc83a470b8abe9be3e8d2481b8d5686994f21903b99e1
rf_importance,0.25,3,12,gb,none,3471424549,0.768976897689769,0.8295972977715388,0.1702378933310861,0.09104668914851415,0.12844906970221232,0.08802313755403024,0.034777709152096395,0.3096176283046801,0.23785419274384897,1.3696369636963697,0.900990099009901,0.06981283154839346,0.09075816597913278,cleveland,29,19f9a06a8f411f2cb0bfc83a470b8abe9be3e8d2481b8d5686994f21903b99e1
l1_logistic,1.0,12,12,logistic,none,2103670074,0.8184818481848185,0.8869977188980523,0.12828173817194852,0.07164220942271392,0.07517415606650414,0.024286803966437787,0.0058466353932225545,0.34129989330269017,0.2688249677021065,1.165016501650165,0.900990099009901,0.0546491842658392,0.05411935429698314,cleveland,0,19f9a06a8f411f2cb0bfc83a470b8abe9be3e8d2481b8d5686994f21903b99e1
l1_logistic,0.75,9,12,logistic,none,2103670074,0.8151815181518152,0.8848920863309353,0.13093756280126922,0.07868312187114952,0.07602469148354468,0.01962242562929073,0.021857964291835646,0.3379986666821978,0.2674542683901764,1.198019801980198,0.900990099009901,0.06981283154839346,0.057637172312102455,cleveland,0,19f9a06a8f411f2cb0bfc83a470b8abe9be3e8d2481b8d5686994f21903b99e1
l1_logistic,0.5,6,12,logistic,none,2103670074,0.8316831683168316,0.8804176171258116,0.13258263691575703,0.08196681425522655,0.08331964496895433,0.03277650648360031,0.005725887145442546,0.336011125613332,0.24686353040846978,1.1848184818481848,0.900990099009901,0.08497647883094794,0.05377925879249746,cleveland,0,19f9a06a8f411f2cb0bfc83a470b8abe9be3e8d2481b8d5686994f21903b99e1
l1_logistic,0.33,4,12,logistic,none,2103670074,0.8217821782178217,0.8655246534479732,0.13811812521134267,0.06796429526347324,0.11037007112815184,0.03875286041189929,0.030341294044808592,0.3410783875912792,0.2561544638416635,1.1947194719471947,0.900990099009901,0.0546491842658392,0.06834236424557356,cleveland,0,19f9a06a8f411f2cb0bfc83a470b8abe9be3e8d2481b8d5686994f21903b99e1
l1_logistic,0.25,3,12,logistic,none,2103670074,0.801980198019802,0.8564660466748553,0.14471893012334217,0.08269288312188577,0.1201234688132523,0.006076150521230783,0.02479600658806934,0.3351695412510763,0.2708363113405811,1.3234323432343233,0.900990099009901,0.0546491842658392,0.06085332571913958,cleveland,0,19f9a06a8f411f2cb0bfc83a470b8abe9be3e8d2481b8d5686994f21903b99e1
l1_logistic,1.0,12,12,logistic,none,222924574,0.8316831683168316,0.8944113002281101,0.12561937858439487,0.04906821669663844,0.07157503723112324,0.025041952707856696,0.029484920404771714,0.34411943498922515,0.26734451401991566,1.1914191419141915,0.900990099009901,0.03948553698328494,0.03952385582683146,cleveland,1,19f9a06a8f411f2cb0bfc83a470b8abe9be3e8d2481b8d5686994f21903b99e1
l1_logistic,0.75,9,12,logistic,none,222924574,0.834983498349835,0.8955957185471136,0.1253854295249608,0.05936123386640043,0.06957439060618274,0.03515382659547417,0.007954439327682278,0.34378319119224515,0.26535678537339313,1.1683168316831682,0.900990099009901,0.06981283154839346,0.03706727079163535,cleveland,1,19f9a06a8f411f2cb0bfc83a470b8abe9be3e8d2481b8d5686994f21903b99e1
l1_logistic,0.5,6,12,logistic,none,222924574,0.8250825082508251,0.8884234076153712,0.1275790731681883,0.06040267842783644,0.07880224203900231,0.038689295703025706,0.006571601491325588,0.340353843381681,0.25527684589363786,1.1947194719471947,0.900990099009901,0.08497647883094794,0.04443103632275775,cleveland,1,19f9a06a8f411f2cb0bfc83a470b8abe9be3e8d2481b8d5686994f21903b99e1
l1_logistic,0.33,4,12,logistic,none,222924574,0.8217821782178217,0.8748903316371291,0.1357439081389014,0.05916163311960057,0.10133416536806011,0.047211416221713765,0.004956109438494449,0.3404979876659264,0.2587325457176277,1.2343234323432344,0.900990099009901,0.08497647883094794,0.05331841786480626,cleveland,1,19f9a06a8f411f2cb0bfc83a470b8abe9be3e8d2481b8d5686994f21903b99e1
l1_logistic,0.25,3,12,logistic,none,222924574,0.7854785478547854,0.869012107387261,0.1427838629843518,0.07531595078851527,0.11253330098307683,0.021189295703025635,0.02911445762245511,0.33471924916819146,0.2739569219872615,1.2706270627062706,0.9042904290429042,0.004303873486137477,0.054101134191590565,cleveland,1,19f9a06a8f411f2cb0bfc83a470b8abe9be3e8d2481b8d5686994f21903b99e1
l1_logistic,1.0,12,12,logistic,none,2177405937,0.8448844884488449,0.8969117389015616,0.12345619763080745,0.05654418489677331,0.07178780864442214,0.016385710653445185,0.008388491518124555,0.34918720775780604,0.2760781914929015,1.1782178217821782,0.900990099009901,0.03948553698328494,0.04741645578973544,cleveland,2,19f9a06a8f411f2cb0bfc83a470b8abe9be3e8d2481b8d5686994f21903b99e1
l1_logistic,0.75,9,12,logistic,none,2177405937,0.834983498349835,0.8937094227057378,0.12548859472593804,0.06993560902817521,0.07084275532821491,0.01569285532672271,0.011192106557411596,0.34423021857352315,0.2751252569953537,1.1848184818481848,0.900990099009901,0.03948553698328494,0.04536281203142469,cleveland,2,19f9a06a8f411f2cb0bfc83a470b8abe9be3e8d2481b8d5686994f21903b99e1
l1_logistic,0.5,6,12,logistic,none,2177405937,0.834983498349835,0.8848701526583611,0.12950749811016377,0.053133286406397834,0.0837260906172553,0.01278349860157646,0.0032605512511778983,0.3426822810643807,0.26713081405769873,1.2046204620462047,0.900990099009901,0.0546491842658392,0.03410352090675886,cleveland,2,19f9a06a8f411f2cb0bfc83a470b8abe9be3e8d2481b8d5686994f21903b99e1
l1_logistic,0.33,4,12,logistic,none,2177405937,0.8118811881188119,0.8785313212844359,0.1363392558580031,0.06574546472903073,0.09613784385036138,0.021969870327993912,0.001094588880941133,0.3369254735560588,0.27264145484929514,1.188118811881188,0.900990099009901,0.0546491842658392,0.04982062103374122,cleveland,2,19f9a06a8f411f2cb0bfc83a470b8abe9be3e8d2481b8d5686994f21903b99e1
l1_logistic,0.25,3,12,logistic,none,2177405937,0.8151815181518152,0.8579136690647482,0.14529523893674234,0.06718344668006945,0.12075372812174046,0.030035596236969386,0.013617485580174796,0.3308319762676354,0.2668497960726668,1.3003300330033003,0.900990099009901,0.03948553698328494,0.07195426733469193,cleveland,2,19f9a06a8f411f2cb0bfc83a470b8abe9be3e8d2481b8d5686994f21903b99e1
l1_logistic,1.0,12,12,logistic,none,401089937,0.8448844884488449,0.8977890858045271,0.12307554952919156,0.055528148889711776,0.0697616342808062,0.01855835240274606,0.016769982256376006,0.34668813550882704,0.27823107775318656,1.1914191419141915,0.900990099009901,0.03948553698328494,0.031581716216715475,cleveland,3,19f9a06a8f411f2cb0bfc83a470b8abe9be3e8d2481b8d5686994f21903b99e1
l1_logistic,0.75,9,12,logistic,none,401089937,0.8382838283828383,0.8957711879277066,0.12300788680342503,0.047177868784978164,0.07171644948666646,0.010054665649631311,0.03512643319442348,0.34681221528522543,0.2726377845186268,1.174917491749175,0.900990099009901,0.0546491842658392,0.03401375075674108,cleveland,3,19f9a06a8f411f2cb0bfc83a470b8abe9be3e8d2481b8d5686994f21903b99e1
l1_logistic,0.5,6,12,logistic,none,401089937,0.8448844884488449,0.894213897174943,0.12347019709084,0.05666808033104612,0.07963452469595982,0.0002949402491736475,0.023245781937316135,0.34951797275724367,0.2763394678151522,1.1584158415841583,0.900990099009901,0.06981283154839346,0.041758631631830495,cleveland,3,19f9a06a8f411f2cb0bfc83a470b8abe9be3e8d2481b8d5686994f21903b99e1
l1_logistic,0.33,4,12,logistic,none,401089937,0.8250825082508251,0.8782023161958238,0.13415536549410503,0.05563887987078492,0.09459274134422609,0.03762840071192475,0.02629901726709445,0.3395003759864256,0.2555470323269712,1.1947194719471947,0.900990099009901,0.08497647883094794,0.04942593175070458,cleveland,3,19f9a06a8f411f2cb0bfc83a470b8abe9be3e8d2481b8d5686994f21903b99e1
l1_logistic,0.25,3,12,logistic,none,401089937,0.8085808580858086,0.8617520617652219,0.1446645382728378,0.07613262051554713,0.11840088537593178,0.004373251970505865,0.016442850713027507,0.33490671534487043,0.2779040359790366,1.2904290429042904,0.9042904290429042,0.019467520768691737,0.04919618831731898,cleveland,3,19f9a06a8f411f2cb0bfc83a470b8abe9be3e8d2481b8d5686994f21903b99e1
l1_logistic,1.0,12,12,logistic,none,1333107956,0.834983498349835,0.8845850149148974,0.13201483473664205,0.07064647612529643,0.08255053824633345,0.023212560386473347,0.0011652913295799316,0.34294146473248943,0.2750893879320284,1.2145214521452146,0.900990099009901,0.03948553698328494,0.05442829617803769,cleveland,4,19f9a06a8f411f2cb0bfc83a470b8abe9be3e8d2481b8d5686994f21903b99e1
l1_logistic,0.75,9,12,logistic,none,1333107956,0.8283828382838284,0.8832689945604492,0.13278242925650474,0.06930566689027545,0.08301988662166988,0.022055682684973266,0.015151501200835207,0.33988968075797305,0.27491673390405424,1.2013201320132014,0.900990099009901,0.0546491842658392,0.05813038509506179,cleveland,4,19f9a06a8f411f2cb0bfc83a470b8abe9be3e8d2481b8d5686994f21903b99e1
l1_logistic,0.5,6,12,logistic,none,1333107956,0.801980198019802,0.877741709071767,0.13655959756972294,0.07218133231095719,0.09337410353015352,0.04408784642766339,0.02187465156867109,0.3378200609360325,0.24984401056684882,1.2541254125412542,0.900990099009901,0.06981283154839346,0.05091112202258116,cleveland,4,19f9a06a8f411f2cb0bfc83a470b8abe9be3e8d2481b8d5686994f21903b99e1
l1_logistic,0.33,4,12,logistic,none,1333107956,0.8184818481848185,0.8671038778733111,0.13986468328589777,0.06108431934484314,0.11085770373932594,0.02106661581489966,0.062306015785966715,0.33568621086963396,0.2670814152688392,1.2277227722772277,0.900990099009901,0.0546491842658392,0.04282444390773859,cleveland,4,19f9a06a8f411f2cb0bfc83a470b8abe9be3e8d2481b8d5686994f21903b99e1
l1_logistic,0.25,3,12,logistic,none,1333107956,0.8151815181518152,0.8593612914546411,0.14510695363027162,0.07868079077081555,0.12510971911696422,0.0058231629799134765,0.026452964953251876,0.33498755511017153,0.27661846633599313,1.306930693069307,0.900990099009901,0.06981283154839346,0.07556743297287356,cleveland,4,19f9a06a8f411f2cb0bfc83a470b8abe9be3e8d2481b8d5686994f21903b99e1
l1_logistic,1.0,12,12,logistic,none,600468043,0.8316831683168316,0.88857694332339,0.1257250942501741,0.0640562765180253,0.08078110533065366,0.02731756928553275,0.031783725098766744,0.34439171666223506,0.2652132458029407,1.1617161716171618,0.900990099009901,0.0546491842658392,0.04921161890895395,cleveland,5,19f9a06a8f411f2cb0bfc83a470b8abe9be3e8d2481b8d5686994f21903b99e1
l1_logistic,0.75,9,12,logistic,none,600468043,0.834983498349835,0.888752412703983,0.12562499098993113,0.06529360269313574,0.080093596268309,0.036782354436816656,0.039997659421824164,0.34329542920355455,0.25823510571774017,1.1683168316831682,0.900990099009901,0.06981283154839346,0.050241432967190656,cleveland,5,19f9a06a8f411f2cb0bfc83a470b8abe9be3e8d2481b8d5686994f21903b99e1
l1_logistic,0.5,6,12,logistic,none,600468043,0.8217821782178217,0.8811852956659063,0.13009345636646438,0.05460905229558813,0.09191108875346074,0.03004449529621145,0.01151594646999396,0.3392630062369457,0.25199768501539055,1.174917491749175,0.900990099009901,0.06981283154839346,0.04870427010542968,cleveland,5,19f9a06a8f411f2cb0bfc83a470b8abe9be3e8d2481b8d5686994f21903b99e1
l1_logistic,0.33,4,12,logistic,none,600468043,0.8085808580858086,0.8693630461484471,0.13782410828203254,0.06668956029828191,0.11389137491862354,0.06109776252224752,0.03386908928951013,0.3365060784143978,0.25062572447949744,1.2046204620462047,0.900990099009901,0.0546491842658392,0.06149236130855896,cleveland,5,19f9a06a8f411f2cb0bfc83a470b8abe9be3e8d2481b8d5686994f21903b99e1
l1_logistic,0.25,3,12,logistic,none,600468043,0.801980198019802,0.8612914546411652,0.14357288442309846,0.040540668600187235,0.1229019525824816,0.03924993643529118,0.01142133661654511,0.3319029664669941,0.25890509709237686,1.2541254125412542,0.900990099009901,0.0546491842658392,0.034773223113242574,cleveland,5,19f9a06a8f411f2cb0bfc83a470b8abe9be3e8d2481b8d5686994f21903b99e1
l1_logistic,1.0,12,12,logistic,none,191106291,0.8151815181518152,0.8871293209334972,0.12968164599650286,0.0768605258217445,0.07993218463315302,0.035828883803712186,0.020446905027878395,0.33977524790084335,0.2732894841995748,1.1848184818481848,0.900990099009901,0.0546491842658392,0.06858218518257507,cleveland,6,19f9a06a8f411f2cb0bfc83a470b8abe9be3e8d2481b8d5686994f21903b99e1
l1_logistic,0.75,9,12,logistic,none,191106291,0.8250825082508251,0.8865151781014212,0.13121292853694408,0.06268830980545337,0.08060534578766762,0.03894228324434257,0.03541872483091854,0.33948713057373675,0.2689349186888844,1.2112211221122111,0.900990099009901,0.0546491842658392,0.04992474315036183,cleveland,6,19f9a06a8f411f2cb0bfc83a470b8abe9be3e8d2481b8d5686994f21903b99e1
l1_logistic,0.5,6,12,logistic,none,191106291,0.8151815181518152,0.876952096859098,0.1382999509581662,0.07867332707800215,0.09366538850471236,0.029733028222730606,0.017049333678735262,0.3321659421083249,0.26563164516985227,1.2442244224422443,0.900990099009901,0.0546491842658392,0.058266030624145704,cleveland,6,19f9a06a8f411f2cb0bfc83a470b8abe9be3e8d2481b8d5686994f21903b99e1
l1_logistic,0.33,4,12,logistic,none,191106291,0.8085808580858086,0.8683321635374627,0.1426020437755603,0.09731617534253542,0.10407672944500562,0.012603610475463989,0.00262517359554601,0.32939190756335124,0.26753129635620737,1.2607260726072607,0.900990099009901,0.03948553698328494,0.07786763015617486,cleveland,6,19f9a06a8f411f2cb0bfc83a470b8abe9be3e8d2481b8d5686994f21903b99e1
l1_logistic,0.25,3,12,logistic,none,191106291,0.7854785478547854,0.8501710826460782,0.15510712559885445,0.06499495423847929,0.12474557201740277,0.042857869310958696,0.02254118488701623,0.3207585650594777,0.2667502012229488,1.353135313531353,0.9075907590759076,0.07526774096687017,0.058242337983328826,cleveland,6,19f9a06a8f411f2cb0bfc83a470b8abe9be3e8d2481b8d5686994f21903b99e1
l1_logistic,1.0,12,12,logistic,none,1069772517,0.8184818481848185,0.8755044744692051,0.13572246959729625,0.07094913977490877,0.08990758817224709,0.03422323925756421,0.016488169006143943,0.3337383695334144,0.27874938847562003,1.2145214521452146,0.900990099009901,0.0546491842658392,0.05059297433144634,cleveland,7,19f9a06a8f411f2cb0bfc83a470b8abe9be3e8d2481b8d5686994f21903b99e1
l1_logistic,0.75,9,12,logistic,none,1069772517,0.801980198019802,0.871907352167047,0.13943856490086617,0.06776033418882929,0.09165026033303356,0.028099415204678402,0.012122890832861541,0.32864895879234873,0.2799883436342945,1.2376237623762376,0.900990099009901,0.03948553698328494,0.049359587696654814,cleveland,7,19f9a06a8f411f2cb0bfc83a470b8abe9be3e8d2481b8d5686994f21903b99e1
l1_logistic,0.5,6,12,logistic,none,1069772517,0.8184818481848185,0.8640770310580803,0.1405466462910972,0.07632581337303286,0.10518870551895113,0.03139651665395382,0.014948308076516065,0.3307737248143258,0.273067652255329,1.2541254125412542,0.900990099009901,0.06981283154839346,0.04622597912760872,cleveland,7,19f9a06a8f411f2cb0bfc83a470b8abe9be3e8d2481b8d5686994f21903b99e1
l1_logistic,0.33,4,12,logistic,none,1069772517,0.8250825082508251,0.8531540621161607,0.1443088756736844,0.08700719691649154,0.13387793801989914,0.03659801678108321,0.010977458605285123,0.33193506427660785,0.2705527875321045,1.2805280528052805,0.900990099009901,0.0546491842658392,0.08171963603784226,cleveland,7,19f9a06a8f411f2cb0bfc83a470b8abe9be3e8d2481b8d5686994f21903b99e1
l1_logistic,0.25,3,12,logistic,none,1069772517,0.8052805280528053,0.8438980522898755,0.14730729712478494,0.08188615115397907,0.14594662703854727,0.0030415713196033645,0.00890564322800122,0.32884937634307165,0.2751139027235453,1.2937293729372936,0.900990099009901,0.03948553698328494,0.0818262584826228,cleveland,7,19f9a06a8f411f2cb0bfc83a470b8abe9be3e8d2481b8d5686994f21903b99e1
l1_logistic,1.0,12,12,logistic,none,1951694506,0.8250825082508251,0.888401473942797,0.1259201340802403,0.06798251110054596,0.07938208519958781,0.025683956267480323,0.00023803153428045287,0.3420290287575156,0.27658017500290233,1.174917491749175,0.900990099009901,0.03948553698328494,0.0552201320735873,cleveland,8,19f9a06a8f411f2cb0bfc83a470b8abe9be3e8d2481b8d5686994f21903b99e1
l1_logistic,0.75,9,12,logistic,none,1951694506,0.8283828382838284,0.8848043516406388,0.12841658505295542,0.08197629946429733,0.08188839889419128,0.029356725146198803,0.026862001633282506,0.33964123469729374,0.2664778918262654,1.2145214521452146,0.900990099009901,0.0546491842658392,0.06608142109334761,cleveland,8,19f9a06a8f411f2cb0bfc83a470b8abe9be3e8d2481b8d5686994f21903b99e1
l1_logistic,0.5,6,12,logistic,none,1951694506,0.8415841584158416,0.8801544130549219,0.1282531413024865,0.07582027962999931,0.09299172767003774,0.006406687007373457,0.03776141719671383,0.3404947652672023,0.26201641078875215,1.1815181518151816,0.900990099009901,0.03948553698328494,0.05966892576893074,cleveland,8,19f9a06a8f411f2cb0bfc83a470b8abe9be3e8d2481b8d5686994f21903b99e1
l1_logistic,0.33,4,12,logistic,none,1951694506,0.8151815181518152,0.8748683979645552,0.13589498974675293,0.05593607423334041,0.10280393249737502,0.004144419018560774,0.020678324511607657,0.33521361139890804,0.2687200036536309,1.1947194719471947,0.900990099009901,0.03948553698328494,0.045991591120657455,cleveland,8,19f9a06a8f411f2cb0bfc83a470b8abe9be3e8d2481b8d5686994f21903b99e1
l1_logistic,0.25,3,12,logistic,none,1951694506,0.8118811881188119,0.8613791893314617,0.14052451935365207,0.08470587906741425,0.1277842499532315,0.02729532163742676,0.0020456334200602416,0.33749723117962493,0.2737288078817486,1.3234323432343233,0.9042904290429042,0.080122109898909,0.06759908062672453,cleveland,8,19f9a06a8f411f2cb0bfc83a470b8abe9be3e8d2481b8d5686994f21903b99e1
l1_logistic,1.0,12,12,logistic,none,3809727514,0.8448844884488449,0.8810756273030357,0.13151847444036532,0.05897584545593934,0.09309441452223838,0.021852275616577654,0.009454505514688141,0.34551813916116964,0.2732511072092151,1.2046204620462047,0.900990099009901,0.03948553698328494,0.06356988305512845,cleveland,9,19f9a06a8f411f2cb0bfc83a470b8abe9be3e8d2481b8d5686994f21903b99e1
l1_logistic,0.75,9,12,logistic,none,3809727514,0.8316831683168316,0.8797596069485873,0.13188256120381425,0.05173467597561204,0.09499106406154448,0.029965675057208263,0.017546050219152856,0.34454483866729485,0.2639868966669079,1.1914191419141915,0.900990099009901,0.03948553698328494,0.05025622598695739,cleveland,9,19f9a06a8f411f2cb0bfc83a470b8abe9be3e8d2481b8d5686994f21903b99e1
l1_logistic,0.5,6,12,logistic,none,3809727514,0.8382838283828383,0.8803737497806633,0.132408435836823,0.05887147295105515,0.09394190640384856,0.01777015001271287,0.0011389321746105296,0.3425941111331859,0.2629965062146289,1.2277227722772277,0.900990099009901,0.06981283154839346,0.05752063598897283,cleveland,9,19f9a06a8f411f2cb0bfc83a470b8abe9be3e8d2481b8d5686994f21903b99e1
l1_logistic,0.33,4,12,logistic,none,3809727514,0.8184818481848185,0.8663142656606422,0.14018594287928207,0.06213303191714464,0.11432478949072866,0.030123315535214634,0.006339856214282069,0.3383683943027818,0.26423698373609383,1.231023102310231,0.900990099009901,0.0546491842658392,0.04905365464303316,cleveland,9,19f9a06a8f411f2cb0bfc83a470b8abe9be3e8d2481b8d5686994f21903b99e1
l1_logistic,0.25,3,12,logistic,none,3809727514,0.7986798679867987,0.8610501842428496,0.14469068544797348,0.06996322544132738,0.11875601371525525,0.022234935163997105,0.013031392241884543,0.3326853930297869,0.26002143169200265,1.273927392739274,0.900990099009901,0.06981283154839346,0.052226454850875584,cleveland,9,19f9a06a8f411f2cb0bfc83a470b8abe9be3e8d2481b8d5686994f21903b99e1
l1_logistic,1.0,12,12,logistic,none,3043899721,0.8448844884488449,0.8872609229689419,0.12642605837316515,0.07621551159782125,0.08316200030863637,0.01319221967963402,0.014350591882716632,0.343095717851572,0.27628151707794835,1.1848184818481848,0.900990099009901,0.03948553698328494,0.051258950932846846,cleveland,10,19f9a06a8f411f2cb0bfc83a470b8abe9be3e8d2481b8d5686994f21903b99e1
l1_logistic,0.75,9,12,logistic,none,3043899721,0.8382838283828383,0.8840586067731181,0.12769041282030463,0.07302576361413049,0.08580658039999739,0.014340198321891706,0.004608151097551624,0.34048629840927774,0.27193540287684603,1.2112211221122111,0.900990099009901,0.0546491842658392,0.054511469099882484,cleveland,10,19f9a06a8f411f2cb0bfc83a470b8abe9be3e8d2481b8d5686994f21903b99e1
l1_logistic,0.5,6,12,logistic,none,3043899721,0.8415841584158416,0.8742981224776277,0.13194204357439399,0.07822985032309497,0.09858116402244849,0.0046192473938468925,0.03407622585556973,0.338129892755009,0.2742729695687538,1.2178217821782178,0.900990099009901,0.03948553698328494,0.059528579095749636,cleveland,10,19f9a06a8f411f2cb0bfc83a470b8abe9be3e8d2481b8d5686994f21903b99e1
l1_logistic,0.33,4,12,logistic,none,3043899721,0.8085808580858086,0.8519915774697316,0.1453800780228892,0.07580079680417513,0.12173427256915065,0.007411009407576774,0.007296558228212097,0.3236667852225209,0.27153830378035704,1.2508250825082508,0.900990099009901,0.03948553698328494,0.0590773400068688,cleveland,10,19f9a06a8f411f2cb0bfc83a470b8abe9be3e8d2481b8d5686994f21903b99e1
l1_logistic,0.25,3,12,logistic,none,3043899721,0.7920792079207921,0.8562247762765398,0.14776407138229883,0.061674478214345685,0.12298028470685336,0.03656941266209002,0.0034216998858822567,0.33080346737962857,0.2693197452523186,1.3267326732673268,0.9042904290429042,0.04979481533380037,0.04223291047608298,cleveland,10,19f9a06a8f411f2cb0bfc83a470b8abe9be3e8d2481b8d5686994f21903b99e1
l1_logistic,1.0,12,12,logistic,none,763437737,0.8283828382838284,0.8910773819968415,0.12515583955315382,0.06166830642053745,0.08113503945481906,0.03247520976353924,0.036910938857616454,0.34467896254969466,0.2725440412266411,1.174917491749175,0.900990099009901,0.0546491842658392,0.043911261644935834,cleveland,11,19f9a06a8f411f2cb0bfc83a470b8abe9be3e8d2481b8d5686994f21903b99e1
l1_logistic,0.75,9,12,logistic,none,763437737,0.8316831683168316,0.8874802596946831,0.12797669548372775,0.06453101759606594,0.08245232604469642,0.0371967963386729,0.0048971218899511865,0.3406600682410711,0.2651831837125266,1.2013201320132014,0.900990099009901,0.0546491842658392,0.03390778822648752,cleveland,11,19f9a06a8f411f2cb0bfc83a470b8abe9be3e8d2481b8d5686994f21903b99e1
l1_logistic,0.5,6,12,logistic,none,763437737,0.8283828382838284,0.880987892612739,0.13113696944476108,0.07241250014797215,0.0937920521464331,0.02754830917874429,0.017299920108246117,0.3408566929594034,0.2725844431059309,1.1947194719471947,0.900990099009901,0.06981283154839346,0.06208947168705701,cleveland,11,19f9a06a8f411f2cb0bfc83a470b8abe9be3e8d2481b8d5686994f21903b99e1
l1_logistic,0.33,4,12,logistic,none,763437737,0.801980198019802,0.8634628882260045,0.14522209432724062,0.09024576028210535,0.10999829700843712,0.05734426646325974,0.017093166461472395,0.3293738905517505,0.2612406819486385,1.2574257425742574,0.900990099009901,0.06981283154839346,0.06487638319593796,cleveland,11,19f9a06a8f411f2cb0bfc83a470b8abe9be3e8d2481b8d5686994f21903b99e1
l1_logistic,0.25,3,12,logistic,none,763437737,0.7920792079207921,0.8527592560098264,0.1507819565526067,0.07239010994530594,0.12388307622115824,0.018280574624968127,0.014939818922655959,0.3288902560114413,0.26670564176546363,1.2937293729372936,0.900990099009901,0.02432188970073057,0.07038140272207033,cleveland,11,19f9a06a8f411f2cb0bfc83a470b8abe9be3e8d2481b8d5686994f21903b99e1
l1_logistic,1.0,12,12,logistic,none,3191113423,0.8382838283828383,0.8943235655378136,0.12577016255756487,0.04752262542633596,0.07235552235468719,0.02529494024917389,0.014614158675263056,0.345089001693132,0.2716422561242249,1.1815181518151816,0.900990099009901,0.03948553698328494,0.04193589857989947,cleveland,12,19f9a06a8f411f2cb0bfc83a470b8abe9be3e8d2481b8d5686994f21903b99e1
l1_logistic,0.75,9,12,logistic,none,3191113423,0.834983498349835,0.8916037901386207,0.12682352522036205,0.06000594650225917,0.0745941997900392,0.02152173913043476,0.034736765024350705,0.3422589104050953,0.2704309454077074,1.2112211221122111,0.900990099009901,0.0546491842658392,0.04411594495345605,cleveland,12,19f9a06a8f411f2cb0bfc83a470b8abe9be3e8d2481b8d5686994f21903b99e1
l1_logistic,0.5,6,12,logistic,none,3191113423,0.8316831683168316,0.885177224074399,0.1306002563293153,0.056817889259777016,0.08449456770044583,0.04263984235952201,0.0004617978611048956,0.34344287249110506,0.2593629823141381,1.2046204620462047,0.900990099009901,0.06981283154839346,0.04341307941523994,cleveland,12,19f9a06a8f411f2cb0bfc83a470b8abe9be3e8d2481b8d5686994f21903b99e1
l1_logistic,0.33,4,12,logistic,none,3191113423,0.8184818481848185,0.8725214949991227,0.14087959650702145,0.04548558897628025,0.09727291910597193,0.05322463768115948,0.01648459987482559,0.3387400481766367,0.25355303591340617,1.2574257425742574,0.9042904290429042,0.04979481533380037,0.044637136773274924,cleveland,12,19f9a06a8f411f2cb0bfc83a470b8abe9be3e8d2481b8d5686994f21903b99e1
l1_logistic,0.25,3,12,logistic,none,3191113423,0.7953795379537953,0.8561809089313914,0.14990463549770122,0.08425465908764511,0.11711917747784029,0.026111111111111196,0.03474061980248935,0.328964418351944,0.2616406124015852,1.3366336633663367,0.9042904290429042,0.03463116805124611,0.06134884054421811,cleveland,12,19f9a06a8f411f2cb0bfc83a470b8abe9be3e8d2481b8d5686994f21903b99e1
l1_logistic,1.0,12,12,logistic,none,1352050234,0.8415841584158416,0.8880505351816108,0.12637078549572597,0.05694090836773046,0.07664284302931683,0.03319221967963393,0.0051680777766650865,0.34450894350742994,0.268326647960302,1.174917491749175,0.900990099009901,0.0546491842658392,0.04027864708256038,cleveland,13,19f9a06a8f411f2cb0bfc83a470b8abe9be3e8d2481b8d5686994f21903b99e1
l1_logistic,0.75,9,12,logistic,none,1352050234,0.8415841584158416,0.8877873311107213,0.12638916593296873,0.04924879328140243,0.07716749378681695,0.04030638189677094,0.029846876065778488,0.34488474407799935,0.26017768920677986,1.1947194719471947,0.900990099009901,0.06981283154839346,0.03438220369770096,cleveland,13,19f9a06a8f411f2cb0bfc83a470b8abe9be3e8d2481b8d5686994f21903b99e1
l1_logistic,0.5,6,12,logistic,none,1352050234,0.8415841584158416,0.8774785050008774,0.13087814935134992,0.09437416649646521,0.08680977071628217,0.012822273073989199,0.03900663060088236,0.34187862045118467,0.271607093533493,1.2442244224422443,0.900990099009901,0.06981283154839346,0.07827210484182451,cleveland,13,19f9a06a8f411f2cb0bfc83a470b8abe9be3e8d2481b8d5686994f21903b99e1
l1_logistic,0.33,4,12,logistic,none,1352050234,0.8250825082508251,0.8671477452184594,0.13923910979597884,0.06908998513641111,0.10321633496476662,0.005136664124078205,0.016936176116833915,0.33729164343808343,0.2806440634937253,1.2442244224422443,0.900990099009901,0.03948553698328494,0.05813630838322719,cleveland,13,19f9a06a8f411f2cb0bfc83a470b8abe9be3e8d2481b8d5686994f21903b99e1
l1_logistic,0.25,3,12,logistic,none,1352050234,0.8085808580858086,0.8595148271626601,0.14578422967597876,0.08611129234054882,0.11975531706136862,0.04114225781845915,0.006900170279014864,0.33721355835816624,0.27732376409994575,1.3333333333333333,0.900990099009901,0.03948553698328494,0.07681413677208088,cleveland,13,19f9a06a8f411f2cb0bfc83a470b8abe9be3e8d2481b8d5686994f21903b99e1
l1_logistic,1.0,12,12,logistic,none,2917405559,0.8316831683168316,0.8846288822600455,0.12912246092783297,0.07952174328382411,0.08265568586111968,0.009477498093058867,0.011372583444220569,0.3395272541513967,0.2930875282162979,1.2178217821782178,0.900990099009901,0.0546491842658392,0.05958296658756641,cleveland,14,19f9a06a8f411f2cb0bfc83a470b8abe9be3e8d2481b8d5686994f21903b99e1
l1_logistic,0.75,9,12,logistic,none,2917405559,0.8118811881188119,0.8830496578347078,0.13167505422348652,0.060474141789389195,0.08312740082290865,0.007425629290617741,0.03207405734677929,0.3387818771672776,0.2900644382666434,1.1947194719471947,0.900990099009901,0.0546491842658392,0.04878233500152278,cleveland,14,19f9a06a8f411f2cb0bfc83a470b8abe9be3e8d2481b8d5686994f21903b99e1
l1_logistic,0.5,6,12,logistic,none,2917405559,0.8250825082508251,0.8828522547815406,0.13223168862045565,0.10236062492284256,0.08868914174583814,0.002548309178743935,0.041556331902894164,0.33879396986666227,0.27466495773937405,1.2079207920792079,0.900990099009901,0.03948553698328494,0.08815537254925156,cleveland,14,19f9a06a8f411f2cb0bfc83a470b8abe9be3e8d2481b8d5686994f21903b99e1
l1_logistic,0.33,4,12,logistic,none,2917405559,0.801980198019802,0.8688805053518162,0.14233087880415932,0.0469901043362288,0.10681304558732084,0.000788202390033188,0.036885030886130904,0.33538736214069503,0.2820301678040782,1.2277227722772277,0.900990099009901,0.03948553698328494,0.048100264907716885,cleveland,14,19f9a06a8f411f2cb0bfc83a470b8abe9be3e8d2481b8d5686994f21903b99e1
l1_logistic,0.25,3,12,logistic,none,2917405559,0.8184818481848185,0.861269520968591,0.1461196352223602,0.06717861955081875,0.11879334326174135,0.03190566997203159,0.08943140711855076,0.3326494956001246,0.2884187609878317,1.316831683168317,0.900990099009901,0.03948553698328494,0.05690031828694153,cleveland,14,19f9a06a8f411f2cb0bfc83a470b8abe9be3e8d2481b8d5686994f21903b99e1
l1_logistic,1.0,12,12,logistic,none,349848289,0.834983498349835,0.8954641165116688,0.1237852835384984,0.06515486859942994,0.07346910920124065,0.022135774218154047,0.01891194898231581,0.3462646503562792,0.27254623129455635,1.1617161716171618,0.900990099009901,0.03948553698328494,0.04406155609850472,cleveland,15,19f9a06a8f411f2cb0bfc83a470b8abe9be3e8d2481b8d5686994f21903b99e1
l1_logistic,0.75,9,12,logistic,none,349848289,0.834983498349835,0.8936216880154412,0.12547320396562614,0.057508250705617873,0.074666812617769,0.02880625476735299,0.028062681122940233,0.34632944117575426,0.26413373370578336,1.1485148514851484,0.900990099009901,0.0546491842658392,0.050568569902244606,cleveland,15,19f9a06a8f411f2cb0bfc83a470b8abe9be3e8d2481b8d5686994f21903b99e1
l1_logistic,0.5,6,12,logistic,none,349848289,0.834983498349835,0.8900684330584314,0.12504334578967014,0.05247146444061767,0.08116522474502116,0.02147787948131208,0.008352558385584102,0.3451769234284105,0.26466971953904134,1.1782178217821782,0.900990099009901,0.06981283154839346,0.043033265725220676,cleveland,15,19f9a06a8f411f2cb0bfc83a470b8abe9be3e8d2481b8d5686994f21903b99e1
l1_logistic,0.33,4,12,logistic,none,349848289,0.8217821782178217,0.8841463414634146,0.13276850737717888,0.07914793921213421,0.09413685002301281,0.0566584032545131,0.0007249369759329966,0.34482630419320204,0.26869839615375835,1.2145214521452146,0.900990099009901,0.06981283154839346,0.062019044359263004,cleveland,15,19f9a06a8f411f2cb0bfc83a470b8abe9be3e8d2481b8d5686994f21903b99e1
l1_logistic,0.25,3,12,logistic,none,349848289,0.8118811881188119,0.8682444288471661,0.14316947677155223,0.08487753188493517,0.11201559024979818,0.015652173913043632,0.014837581828014035,0.334765269717783,0.2693275630393085,1.2640264026402641,0.900990099009901,0.02432188970073057,0.06288390355950403,cleveland,15,19f9a06a8f411f2cb0bfc83a470b8abe9be3e8d2481b8d5686994f21903b99e1
l1_logistic,1.0,12,12,logistic,none,277457251,0.8283828382838284,0.8904632391647657,0.12633949999943558,0.052092397213396216,0.07409368003979039,0.028951182303584955,0.008206549943230015,0.3426032027025971,0.2639145421452879,1.1848184818481848,0.900990099009901,0.03948553698328494,0.038369564569738626,cleveland,16,19f9a06a8f411f2cb0bfc83a470b8abe9be3e8d2481b8d5686994f21903b99e1
l1_logistic,0.75,9,12,logistic,none,277457251,0.8250825082508251,0.8873925250043867,0.12952700180012341,0.048439532049614493,0.0753822750840385,0.03700610221205192,0.009092249324255383,0.3396575727032356,0.2575856104147335,1.198019801980198,0.900990099009901,0.0546491842658392,0.031921673052464745,cleveland,16,19f9a06a8f411f2cb0bfc83a470b8abe9be3e8d2481b8d5686994f21903b99e1
l1_logistic,0.5,6,12,logistic,none,277457251,0.8250825082508251,0.8831154588524301,0.130345599077394,0.0657895386502402,0.08734952835145543,0.037743452834985924,0.012247340813216337,0.3419668471087533,0.25691936256916376,1.198019801980198,0.900990099009901,0.08497647883094794,0.055220979035227456,cleveland,16,19f9a06a8f411f2cb0bfc83a470b8abe9be3e8d2481b8d5686994f21903b99e1
l1_logistic,0.33,4,12,logistic,none,277457251,0.8316831683168316,0.872916301105457,0.13406909113699125,0.06557065659971016,0.09671059557379172,0.02101576404780059,0.06481829412194785,0.3409387723378249,0.26676094960181,1.198019801980198,0.900990099009901,0.08497647883094794,0.043338676892380884,cleveland,16,19f9a06a8f411f2cb0bfc83a470b8abe9be3e8d2481b8d5686994f21903b99e1
l1_logistic,0.25,3,12,logistic,none,277457251,0.801980198019802,0.8564441130022812,0.14443735200334384,0.07781355916105478,0.11670506044053028,0.031343757945588635,0.00046275982736214416,0.3324725365587327,0.2587382965555761,1.3003300330033003,0.900990099009901,0.03948553698328494,0.052814779052862554,cleveland,16,19f9a06a8f411f2cb0bfc83a470b8abe9be3e8d2481b8d5686994f21903b99e1
l1_logistic,1.0,12,12,logistic,none,2429872455,0.8382838283828383,0.89695560624671,0.1226606240477306,0.06168879193435643,0.07096554943405886,0.030216120010170266,0.007139084738462226,0.3465883762287561,0.2698076170342006,1.1815181518151816,0.900990099009901,0.02432188970073057,0.04268285832286003,cleveland,17,19f9a06a8f411f2cb0bfc83a470b8abe9be3e8d2481b8d5686994f21903b99e1
l1_logistic,0.75,9,12,logistic,none,2429872455,0.8382838283828383,0.8934900859799965,0.12534818490376362,0.053143121297310386,0.07317892195942685,0.030920416984490218,0.04954282215700527,0.34437066916076753,0.259537496687141,1.1815181518151816,0.900990099009901,0.03948553698328494,0.030561150958570572,cleveland,17,19f9a06a8f411f2cb0bfc83a470b8abe9be3e8d2481b8d5686994f21903b99e1
l1_logistic,0.5,6,12,logistic,none,2429872455,0.8316831683168316,0.8831812598701526,0.13014946616750062,0.07112460273239245,0.08804536143053206,0.028300915331807786,0.006900762436121616,0.3417676176239798,0.2621202421366342,1.198019801980198,0.900990099009901,0.0546491842658392,0.062126522853737126,cleveland,17,19f9a06a8f411f2cb0bfc83a470b8abe9be3e8d2481b8d5686994f21903b99e1
l1_logistic,0.33,4,12,logistic,none,2429872455,0.8217821782178217,0.8784874539392876,0.13348861364106557,0.05857365455042956,0.09690415171810933,0.032854691075514864,0.04384057751653167,0.3402783964574251,0.26710186668768404,1.198019801980198,0.900990099009901,0.0546491842658392,0.05657351607819223,cleveland,17,19f9a06a8f411f2cb0bfc83a470b8abe9be3e8d2481b8d5686994f21903b99e1
l1_logistic,0.25,3,12,logistic,none,2429872455,0.8118811881188119,0.8631558168099667,0.14184170088836823,0.05753053070448513,0.11023036373684683,0.05750826341215376,0.0209229262633161,0.33484414227018333,0.2625023353938234,1.3234323432343233,0.9042904290429042,0.080122109898909,0.04508437700285173,cleveland,17,19f9a06a8f411f2cb0bfc83a470b8abe9be3e8d2481b8d5686994f21903b99e1
l1_logistic,1.0,12,12,logistic,none,815061195,0.8217821782178217,0.8831812598701527,0.12904333334996992,0.08014242476306413,0.08662806460303094,0.03810450038138824,0.007537618838008769,0.3391900048107154,0.26676858062235426,1.1716171617161717,0.900990099009901,0.0546491842658392,0.06400816831471076,cleveland,18,19f9a06a8f411f2cb0bfc83a470b8abe9be3e8d2481b8d5686994f21903b99e1
l1_logistic,0.75,9,12,logistic,none,815061195,0.8250825082508251,0.8796280049131426,0.13141414179878583,0.07245055280476699,0.08830140311974603,0.041205186880244105,0.02339396318436572,0.33679431234626145,0.2637645717682192,1.2013201320132014,0.900990099009901,0.06981283154839346,0.051090231587483756,cleveland,18,19f9a06a8f411f2cb0bfc83a470b8abe9be3e8d2481b8d5686994f21903b99e1
l1_logistic,0.5,6,12,logistic,none,815061195,0.8250825082508251,0.8798473416388839,0.13247159292250457,0.05188910410618,0.0914852403380415,0.033746503941011974,0.007059669805023844,0.33857672296027874,0.2567015144696331,1.198019801980198,0.900990099009901,0.06981283154839346,0.044233769205866906,cleveland,18,19f9a06a8f411f2cb0bfc83a470b8abe9be3e8d2481b8d5686994f21903b99e1
l1_logistic,0.33,4,12,logistic,none,815061195,0.8184818481848185,0.878706790665029,0.13485114453290833,0.057459741227737844,0.09343168117270145,0.03845601322145953,0.006505277682977428,0.3403315887614307,0.26522533832417156,1.2343234323432344,0.900990099009901,0.08497647883094794,0.047780764221237636,cleveland,18,19f9a06a8f411f2cb0bfc83a470b8abe9be3e8d2481b8d5686994f21903b99e1
l1_logistic,0.25,3,12,logistic,none,815061195,0.8085808580858086,0.8565757150377259,0.14544169962514955,0.07974985658278039,0.12066811092490926,0.007084286803966555,0.016386292730127622,0.328839802309285,0.26587039112619204,1.363036303630363,0.9042904290429042,0.04979481533380037,0.07125540906489099,cleveland,18,19f9a06a8f411f2cb0bfc83a470b8abe9be3e8d2481b8d5686994f21903b99e1
l1_logistic,1.0,12,12,logistic,none,1612887143,0.834983498349835,0.8943235655378136,0.12444103682891862,0.0527706923377211,0.07487176119232336,0.01735570811085685,0.045551857376660704,0.346395069999293,0.27838582131126277,1.1848184818481848,0.900990099009901,0.03948553698328494,0.0464372056917295,cleveland,19,19f9a06a8f411f2cb0bfc83a470b8abe9be3e8d2481b8d5686994f21903b99e1
l1_logistic,0.75,9,12,logistic,none,1612887143,0.8283828382838284,0.88984909633269,0.12825097090445722,0.06136843552265137,0.07744052529168544,0.014979659293160474,0.01774319754650837,0.3429245041156445,0.2822897687008146,1.2013201320132014,0.900990099009901,0.03948553698328494,0.047263740858999495,cleveland,19,19f9a06a8f411f2cb0bfc83a470b8abe9be3e8d2481b8d5686994f21903b99e1
l1_logistic,0.5,6,12,logistic,none,1612887143,0.8415841584158416,0.8850017546938058,0.12841871304111274,0.07780952999107676,0.08627382730789895,0.022505720823798536,0.013235135681434057,0.3428675639064431,0.2680702667075306,1.2013201320132014,0.9042904290429042,0.04979481533380037,0.0486552661269999,cleveland,19,19f9a06a8f411f2cb0bfc83a470b8abe9be3e8d2481b8d5686994f21903b99e1
l1_logistic,0.33,4,12,logistic,none,1612887143,0.834983498349835,0.8749122653097035,0.1340935615768907,0.0616566927423193,0.09973300405172117,0.030943300279684838,0.01844478166949781,0.343458072304823,0.26834300300515296,1.1947194719471947,0.900990099009901,0.0546491842658392,0.052446122075917534,cleveland,19,19f9a06a8f411f2cb0bfc83a470b8abe9be3e8d2481b8d5686994f21903b99e1
l1_logistic,0.25,3,12,logistic,none,1612887143,0.8052805280528053,0.8640770310580803,0.14169046007596237,0.04773978835782106,0.1120154666472412,0.02668827866768375,0.003727794046744462,0.3388082760377982,0.2719747006790617,1.306930693069307,0.900990099009901,0.0546491842658392,0.039892069682378406,cleveland,19,19f9a06a8f411f2cb0bfc83a470b8abe9be3e8d2481b8d5686994f21903b99e1
l1_logistic,1.0,12,12,logistic,none,2625858072,0.8184818481848185,0.8907703105808037,0.12865108174500828,0.06564812035608596,0.07523904349753255,0.03322145944571575,0.006587634134570308,0.340903452095848,0.26215855499177215,1.1947194719471947,0.900990099009901,0.03948553698328494,0.053358519822667476,cleveland,20,19f9a06a8f411f2cb0bfc83a470b8abe9be3e8d2481b8d5686994f21903b99e1
l1_logistic,0.75,9,12,logistic,none,2625858072,0.8184818481848185,0.8829619231444112,0.13189391513951146,0.06865380197912285,0.0808401329250944,0.04089880498347309,0.026998628216899842,0.3356860565842077,0.25224754013279926,1.2409240924092408,0.900990099009901,0.06981283154839346,0.04997521928134605,cleveland,20,19f9a06a8f411f2cb0bfc83a470b8abe9be3e8d2481b8d5686994f21903b99e1
l1_logistic,0.5,6,12,logistic,none,2625858072,0.8085808580858086,0.8785751886295841,0.1367296803998136,0.05077463052259327,0.08808833302032015,0.03681222984998733,0.016354231503711833,0.3345579102947275,0.2477036132868489,1.2277227722772277,0.900990099009901,0.06981283154839346,0.04754990190567392,cleveland,20,19f9a06a8f411f2cb0bfc83a470b8abe9be3e8d2481b8d5686994f21903b99e1
l1_logistic,0.33,4,12,logistic,none,2625858072,0.8250825082508251,0.8649982453061941,0.14082788195656443,0.06889866294238967,0.10418006706575991,0.02001589117721847,0.015279224753888668,0.3314996894598348,0.26978939951046543,1.2574257425742574,0.900990099009901,0.06981283154839346,0.05110915831119088,cleveland,20,19f9a06a8f411f2cb0bfc83a470b8abe9be3e8d2481b8d5686994f21903b99e1
l1_logistic,0.25,3,12,logistic,none,2625858072,0.8085808580858086,0.8532198631338832,0.14802473364927132,0.08827418538202458,0.12200910828352712,0.0064696160691583016,0.02059770585180208,0.33091711925475986,0.27846701777598104,1.3663366336633664,0.9075907590759076,0.044940446401761536,0.07212669024863412,cleveland,20,19f9a06a8f411f2cb0bfc83a470b8abe9be3e8d2481b8d5686994f21903b99e1
l1_logistic,1.0,12,12,logistic,none,2441919017,0.8382838283828383,0.8883137392525002,0.12884138238418977,0.07268070663989315,0.0798585801498033,0.03636791253496052,0.006597550428701318,0.34062401514337454,0.27336300846680994,1.188118811881188,0.900990099009901,0.03948553698328494,0.06486054837069438,cleveland,21,19f9a06a8f411f2cb0bfc83a470b8abe9be3e8d2481b8d5686994f21903b99e1
l1_logistic,0.75,9,12,logistic,none,2441919017,0.8151815181518152,0.8857694332339008,0.13098509054009527,0.07751484947480156,0.08058282460044866,0.034340198321891724,0.022935593550975616,0.33744976632837514,0.26698753031734695,1.1914191419141915,0.900990099009901,0.0546491842658392,0.05229444642599177,cleveland,21,19f9a06a8f411f2cb0bfc83a470b8abe9be3e8d2481b8d5686994f21903b99e1
l1_logistic,0.5,6,12,logistic,none,2441919017,0.8283828382838284,0.8759650815932618,0.13488432088949937,0.06528938374589482,0.09253746840430543,0.03200483091787443,0.05131176035554416,0.3390368065664032,0.26404145212651575,1.2244224422442245,0.900990099009901,0.0546491842658392,0.05445354098837594,cleveland,21,19f9a06a8f411f2cb0bfc83a470b8abe9be3e8d2481b8d5686994f21903b99e1
l1_logistic,0.33,4,12,logistic,none,2441919017,0.8316831683168316,0.8671477452184594,0.14261906464571567,0.06857348659336293,0.11071404144405647,0.046725781845919134,0.03673853951714641,0.33388471917887724,0.27550430524886727,1.273927392739274,0.900990099009901,0.06981283154839346,0.05015137494298493,cleveland,21,19f9a06a8f411f2cb0bfc83a470b8abe9be3e8d2481b8d5686994f21903b99e1
l1_logistic,0.25,3,12,logistic,none,2441919017,0.8085808580858086,0.8581768731356378,0.15052710384838805,0.06726642906695693,0.1114993292232857,0.05527968471904399,0.017430516203411392,0.32911955379596347,0.274318797005075,1.3696369636963697,0.9042904290429042,0.06495846261635463,0.06679858004743851,cleveland,21,19f9a06a8f411f2cb0bfc83a470b8abe9be3e8d2481b8d5686994f21903b99e1
l1_logistic,1.0,12,12,logistic,none,3239921920,0.8316831683168316,0.8887085453588349,0.12816938768327374,0.05292245326728127,0.08303349335730467,0.029162217137045476,0.013101913403716109,0.3425646702806144,0.26761593281506607,1.1947194719471947,0.900990099009901,0.0546491842658392,0.04121282760677445,cleveland,22,19f9a06a8f411f2cb0bfc83a470b8abe9be3e8d2481b8d5686994f21903b99e1
l1_logistic,0.75,9,12,logistic,none,3239921920,0.8217821782178217,0.8852430250921215,0.1296182133830418,0.06089096862919339,0.08739322622695564,0.04637554030002544,0.027250117694789786,0.3402126301699782,0.25663713976195623,1.1848184818481848,0.900990099009901,0.06981283154839346,0.03940479311805803,cleveland,22,19f9a06a8f411f2cb0bfc83a470b8abe9be3e8d2481b8d5686994f21903b99e1
l1_logistic,0.5,6,12,logistic,none,3239921920,0.8283828382838284,0.8778075100894894,0.1333614314310282,0.04919745756563597,0.09376618610721575,0.015647724383422434,0.014704011249895038,0.33690179012158566,0.27109986999632485,1.221122112211221,0.900990099009901,0.03948553698328494,0.04229497991985811,cleveland,22,19f9a06a8f411f2cb0bfc83a470b8abe9be3e8d2481b8d5686994f21903b99e1
l1_logistic,0.33,4,12,logistic,none,3239921920,0.8316831683168316,0.8747587296016845,0.13667207847490292,0.07269121025442377,0.10591629265509678,0.039707602339181136,0.03154214234645576,0.33886434058823106,0.27895728056001645,1.2442244224422443,0.900990099009901,0.06981283154839346,0.059251474685378176,cleveland,22,19f9a06a8f411f2cb0bfc83a470b8abe9be3e8d2481b8d5686994f21903b99e1
l1_logistic,0.25,3,12,logistic,none,3239921920,0.7953795379537953,0.864647306545008,0.14330459396086934,0.06229373297838563,0.1268582626593544,0.04767861683193486,0.0037174057480112987,0.3361908845682267,0.2747328020474403,1.3135313531353134,0.9042904290429042,0.06495846261635463,0.039250190657026306,cleveland,22,19f9a06a8f411f2cb0bfc83a470b8abe9be3e8d2481b8d5686994f21903b99e1
l1_logistic,1.0,12,12,logistic,none,3694047762,0.834983498349835,0.8933146165994035,0.12661212078074516,0.05920659576135429,0.07182778143789356,0.011849733028222675,0.015415786620809155,0.3418334918945138,0.27547233750989836,1.188118811881188,0.900990099009901,0.03948553698328494,0.041921599268235535,cleveland,23,19f9a06a8f411f2cb0bfc83a470b8abe9be3e8d2481b8d5686994f21903b99e1
l1_logistic,0.75,9,12,logistic,none,3694047762,0.834983498349835,0.8891472188103174,0.12711042149826585,0.07308197952498686,0.0750194879031939,0.0159992372234935,0.0029963668426464946,0.3390590379782623,0.26720975010642267,1.2013201320132014,0.900990099009901,0.06981283154839346,0.049635597610898724,cleveland,23,19f9a06a8f411f2cb0bfc83a470b8abe9be3e8d2481b8d5686994f21903b99e1
l1_logistic,0.5,6,12,logistic,none,3694047762,0.8316831683168316,0.8830935251798561,0.13304410358565114,0.07072725534339756,0.08046231184200114,0.0069488939740657285,0.0035063196204171976,0.33386467153672417,0.26918475793996033,1.2178217821782178,0.900990099009901,0.0546491842658392,0.05188164543437572,cleveland,23,19f9a06a8f411f2cb0bfc83a470b8abe9be3e8d2481b8d5686994f21903b99e1
l1_logistic,0.33,4,12,logistic,none,3694047762,0.7986798679867987,0.86852956659063,0.14286916814839393,0.05640574509240085,0.10253008874182659,0.02369310958555826,0.03358901151597499,0.3315285440351285,0.2625017105004426,1.2409240924092408,0.900990099009901,0.06981283154839346,0.05862379572250589,cleveland,23,19f9a06a8f411f2cb0bfc83a470b8abe9be3e8d2481b8d5686994f21903b99e1
l1_logistic,0.25,3,12,logistic,none,3694047762,0.7887788778877888,0.862234602561853,0.1476275655011045,0.06057582944430576,0.12146165035103643,0.059889397406560074,0.03764379762717944,0.33311009622980936,0.2597075107679385,1.3003300330033003,0.9042904290429042,0.080122109898909,0.060667938334585766,cleveland,23,19f9a06a8f411f2cb0bfc83a470b8abe9be3e8d2481b8d5686994f21903b99e1
l1_logistic,1.0,12,12,logistic,none,2242862770,0.8283828382838284,0.898578698017196,0.12240578876639262,0.04113662846580314,0.07076997175455213,0.03543605390287319,0.020601236920185798,0.3481341461826792,0.26906537982811074,1.1716171617161717,0.900990099009901,0.03948553698328494,0.04318226725020838,cleveland,24,19f9a06a8f411f2cb0bfc83a470b8abe9be3e8d2481b8d5686994f21903b99e1
l1_logistic,0.75,9,12,logistic,none,2242862770,0.8382838283828383,0.897131075627303,0.12362784305306741,0.05413311727357814,0.07110989036486004,0.03670861937452341,0.01189782821053012,0.34551436994970325,0.265014109312913,1.1683168316831682,0.900990099009901,0.0546491842658392,0.04189807754046731,cleveland,24,19f9a06a8f411f2cb0bfc83a470b8abe9be3e8d2481b8d5686994f21903b99e1
l1_logistic,0.5,6,12,logistic,none,2242862770,0.8283828382838284,0.8919327952272329,0.12733420643539747,0.04870575546756747,0.0782803064874839,0.03859204169844899,0.005695078676779736,0.34541447270499165,0.26056596692232703,1.1716171617161717,0.900990099009901,0.0546491842658392,0.03813081326282307,cleveland,24,19f9a06a8f411f2cb0bfc83a470b8abe9be3e8d2481b8d5686994f21903b99e1
l1_logistic,0.33,4,12,logistic,none,2242862770,0.8382838283828383,0.8798034742937358,0.13107799771667636,0.07795685157050837,0.09818518727131477,0.057841978133740146,0.048268382108028626,0.3429705874146822,0.266729883167798,1.1947194719471947,0.900990099009901,0.0546491842658392,0.05905773422613014,cleveland,24,19f9a06a8f411f2cb0bfc83a470b8abe9be3e8d2481b8d5686994f21903b99e1
l1_logistic,0.25,3,12,logistic,none,2242862770,0.8085808580858086,0.861927531145815,0.14174108610226488,0.05853460830359692,0.11848589682112992,0.05826913297737091,0.008976772419279369,0.33398581053879955,0.2551518639246545,1.2343234323432344,0.900990099009901,0.0546491842658392,0.04961242087235997,cleveland,24,19f9a06a8f411f2cb0bfc83a470b8abe9be3e8d2481b8d5686994f21903b99e1
l1_logistic,1.0,12,12,logistic,none,203963105,0.8283828382838284,0.8823039129671871,0.132312898065831,0.07768732702284124,0.08097330285779565,0.02543096872616324,0.039022001395794786,0.3354906161395228,0.2668776646541626,1.2145214521452146,0.900990099009901,0.0546491842658392,0.060848721141395286,cleveland,25,19f9a06a8f411f2cb0bfc83a470b8abe9be3e8d2481b8d5686994f21903b99e1
l1_logistic,0.75,9,12,logistic,none,203963105,0.8415841584158416,0.8774785050008774,0.13458827842835488,0.08841048742894003,0.08513602617110176,0.038933384185100395,0.017109978975275816,0.33680131259548707,0.26280160361215377,1.2574257425742574,0.900990099009901,0.06981283154839346,0.06670463832007897,cleveland,25,19f9a06a8f411f2cb0bfc83a470b8abe9be3e8d2481b8d5686994f21903b99e1
l1_logistic,0.5,6,12,logistic,none,203963105,0.8151815181518152,0.8700429899982453,0.1390923207786994,0.06824090158748777,0.09040100013389676,0.03677027714213066,0.03297608133147305,0.33255321035606916,0.25616868974185936,1.2343234323432344,0.900990099009901,0.08497647883094794,0.05472806480662424,cleveland,25,19f9a06a8f411f2cb0bfc83a470b8abe9be3e8d2481b8d5686994f21903b99e1
l1_logistic,0.33,4,12,logistic,none,203963105,0.801980198019802,0.8597341638884015,0.14908664816331227,0.07249348445205409,0.10960855542872296,0.04988621917111624,0.015003020912357681,0.3284195283727114,0.25939257362509127,1.283828382838284,0.900990099009901,0.06981283154839346,0.06488072830712328,cleveland,25,19f9a06a8f411f2cb0bfc83a470b8abe9be3e8d2481b8d5686994f21903b99e1
l1_logistic,0.25,3,12,logistic,none,203963105,0.8052805280528053,0.8526934549921038,0.15011774986245977,0.07860121492817965,0.12084859050800315,0.022900457665903984,0.029886422173072566,0.32501457502766895,0.25980325860288445,1.3234323432343233,0.900990099009901,0.0546491842658392,0.06323412466755131,cleveland,25,19f9a06a8f411f2cb0bfc83a470b8abe9be3e8d2481b8d5686994f21903b99e1
l1_logistic,1.0,12,12,logistic,none,696232298,0.8316831683168316,0.8905509738550623,0.1272192828162397,0.06762495834822504,0.07637899234272143,0.02247520976353934,0.008202589874476293,0.34330012118657277,0.2718811048331127,1.2079207920792079,0.900990099009901,0.0546491842658392,0.04913323969858605,cleveland,26,19f9a06a8f411f2cb0bfc83a470b8abe9be3e8d2481b8d5686994f21903b99e1
l1_logistic,0.75,9,12,logistic,none,696232298,0.8283828382838284,0.8888840147394279,0.12785770371718067,0.06535898319046896,0.07929153923188478,0.029688532926519295,0.029637225752459806,0.3412363882605629,0.26440495531778824,1.1815181518151816,0.900990099009901,0.06981283154839346,0.04787233782418042,cleveland,26,19f9a06a8f411f2cb0bfc83a470b8abe9be3e8d2481b8d5686994f21903b99e1
l1_logistic,0.5,6,12,logistic,none,696232298,0.8118811881188119,0.8814923670819441,0.1343595493443141,0.07421366643400984,0.09026397277130914,0.04472285786931107,0.024216680412060654,0.3356670283707491,0.25949098832243933,1.2046204620462047,0.900990099009901,0.06981283154839346,0.05492768143745529,cleveland,26,19f9a06a8f411f2cb0bfc83a470b8abe9be3e8d2481b8d5686994f21903b99e1
l1_logistic,0.33,4,12,logistic,none,696232298,0.834983498349835,0.8764914897350413,0.1354241145774798,0.053102233838943746,0.0998567265014918,0.04470950928044759,0.0066246525964006875,0.34696492894440645,0.26791619035130415,1.2244224422442245,0.900990099009901,0.06981283154839346,0.0497550262516674,cleveland,26,19f9a06a8f411f2cb0bfc83a470b8abe9be3e8d2481b8d5686994f21903b99e1
l1_logistic,0.25,3,12,logistic,none,696232298,0.8085808580858086,0.8647350412353044,0.1410871990505664,0.07732598491020692,0.11867734993645795,0.027531782354436873,0.018312758135568402,0.3422122744850486,0.2744864908675002,1.2772277227722773,0.900990099009901,0.0546491842658392,0.05455964132424399,cleveland,26,19f9a06a8f411f2cb0bfc83a470b8abe9be3e8d2481b8d5686994f21903b99e1
l1_logistic,1.0,12,12,logistic,none,1988179726,0.8217821782178217,0.890331637129321,0.12918764388226986,0.053701637310937765,0.07772573604591622,0.00975591151792532,0.027730879540921793,0.3419299224692017,0.28768962251134567,1.1947194719471947,0.900990099009901,0.02432188970073057,0.04860597592394462,cleveland,27,19f9a06a8f411f2cb0bfc83a470b8abe9be3e8d2481b8d5686994f21903b99e1
l1_logistic,0.75,9,12,logistic,none,1988179726,0.8217821782178217,0.8853746271275662,0.1308046633174248,0.061081566272731515,0.08344583985959185,0.002143401983219051,0.034990185498180726,0.3408102297302508,0.29404805451230104,1.2079207920792079,0.900990099009901,0.02432188970073057,0.039545056281791446,cleveland,27,19f9a06a8f411f2cb0bfc83a470b8abe9be3e8d2481b8d5686994f21903b99e1
l1_logistic,0.5,6,12,logistic,none,1988179726,0.8448844884488449,0.8896078259343745,0.1267430172190381,0.0751610945863767,0.07984381417804705,0.009904652936689518,0.00312793739898512,0.3426513889192785,0.27354192321214776,1.1947194719471947,0.900990099009901,0.03948553698328494,0.04343648630976759,cleveland,27,19f9a06a8f411f2cb0bfc83a470b8abe9be3e8d2481b8d5686994f21903b99e1
l1_logistic,0.33,4,12,logistic,none,1988179726,0.8217821782178217,0.8794086681874014,0.1331484540969173,0.06639153032764432,0.09751151355198223,0.027023900330536477,0.062847934689334,0.3388088996127821,0.27358055063514525,1.174917491749175,0.900990099009901,0.0546491842658392,0.05192206373075415,cleveland,27,19f9a06a8f411f2cb0bfc83a470b8abe9be3e8d2481b8d5686994f21903b99e1
l1_logistic,0.25,3,12,logistic,none,1988179726,0.7920792079207921,0.8713590103526935,0.14141030592218515,0.07152473619399366,0.11776324952131027,0.0294355453852021,0.042288143820876034,0.3350406692677156,0.2697581519006728,1.2145214521452146,0.900990099009901,0.00915824241817631,0.057512548239144166,cleveland,27,19f9a06a8f411f2cb0bfc83a470b8abe9be3e8d2481b8d5686994f21903b99e1
l1_logistic,1.0,12,12,logistic,none,2827436031,0.8184818481848185,0.8705913318125986,0.13932547595859227,0.07523739613907547,0.09150354369715533,0.027527332824815676,0.01640448306996535,0.3298842468926763,0.27753434362243423,1.2607260726072607,0.900990099009901,0.06981283154839346,0.06505394415286407,cleveland,28,19f9a06a8f411f2cb0bfc83a470b8abe9be3e8d2481b8d5686994f21903b99e1
l1_logistic,0.75,9,12,logistic,none,2827436031,0.8217821782178217,0.8628268117213547,0.14428709008279028,0.08093963952628846,0.09709208406965417,0.026552250190694182,0.010878727499204308,0.3259560392295495,0.275868093742164,1.2673267326732673,0.900990099009901,0.06981283154839346,0.06264975911015766,cleveland,28,19f9a06a8f411f2cb0bfc83a470b8abe9be3e8d2481b8d5686994f21903b99e1
l1_logistic,0.5,6,12,logistic,none,2827436031,0.8184818481848185,0.8637260922968941,0.14175049924369126,0.08815808405465951,0.10141655586504963,0.026668573607932955,0.0049230615517530385,0.33111194106122677,0.26594123920399493,1.2442244224422443,0.900990099009901,0.06981283154839346,0.07239433402487545,cleveland,28,19f9a06a8f411f2cb0bfc83a470b8abe9be3e8d2481b8d5686994f21903b99e1
l1_logistic,0.33,4,12,logistic,none,2827436031,0.8118811881188119,0.8599096332689946,0.14316245912601805,0.07197881142292127,0.11842532418168597,0.044921815408085375,0.03168572498258232,0.32904027713922784,0.25477721859771174,1.198019801980198,0.900990099009901,0.03948553698328494,0.06875495110967249,cleveland,28,19f9a06a8f411f2cb0bfc83a470b8abe9be3e8d2481b8d5686994f21903b99e1
l1_logistic,0.25,3,12,logistic,none,2827436031,0.7986798679867987,0.8483725214949991,0.15287742757897285,0.054036895076718584,0.13007759381644934,0.04794241037376057,0.005456836849312224,0.32717900482727286,0.2668895254798874,1.33993399339934,0.900990099009901,0.0546491842658392,0.049891124425575153,cleveland,28,19f9a06a8f411f2cb0bfc83a470b8abe9be3e8d2481b8d5686994f21903b99e1
l1_logistic,1.0,12,12,logistic,none,2373614476,0.8250825082508251,0.8926566064221794,0.1251814749452075,0.057532106193870065,0.07618828473047357,0.00546910755148744,0.01159413911527786,0.34464115038555665,0.2804893446176866,1.1716171617161717,0.900990099009901,0.03948553698328494,0.052999983479658126,cleveland,29,19f9a06a8f411f2cb0bfc83a470b8abe9be3e8d2481b8d5686994f21903b99e1
l1_logistic,0.75,9,12,logistic,none,2373614476,0.8415841584158416,0.891823126864362,0.12640665498549516,0.06595519056904603,0.07609558147686753,0.0002161200101704619,0.0405433611854914,0.34369435259697,0.27897165064655205,1.2046204620462047,0.900990099009901,0.0546491842658392,0.04644939297156087,cleveland,29,19f9a06a8f411f2cb0bfc83a470b8abe9be3e8d2481b8d5686994f21903b99e1
l1_logistic,0.5,6,12,logistic,none,2373614476,0.8217821782178217,0.8812949640287769,0.13101206332935117,0.0743827059320221,0.09142767880023989,0.0024434274091024166,0.0025324807566044216,0.340825800017433,0.2792507356151239,1.2046204620462047,0.900990099009901,0.03948553698328494,0.06562121447365986,cleveland,29,19f9a06a8f411f2cb0bfc83a470b8abe9be3e8d2481b8d5686994f21903b99e1
l1_logistic,0.33,4,12,logistic,none,2373614476,0.8283828382838284,0.8748903316371293,0.13590980333588362,0.06456598935983374,0.10109510212773291,0.004652301042461282,0.0023481162682642,0.34048834148806145,0.27724248812002444,1.2145214521452146,0.900990099009901,0.02432188970073057,0.04878099857275348,cleveland,29,19f9a06a8f411f2cb0bfc83a470b8abe9be3e8d2481b8d5686994f21903b99e1
l1_logistic,0.25,3,12,logistic,none,2373614476,0.7953795379537953,0.8583084751710827,0.14514929521478465,0.053304312763713224,0.12154673432207527,0.022801296720060926,0.0265338592640897,0.3324641648332272,0.29871382782609246,1.231023102310231,0.900990099009901,0.02432188970073057,0.050144201923076906,cleveland,29,19f9a06a8f411f2cb0bfc83a470b8abe9be3e8d2481b8d5686994f21903b99e1
l1_logistic,1.0,12,12,rf,none,2101257382,0.8052805280528053,0.8843218108440077,0.13602405573890722,0.05531353135313528,0.0827183289686508,0.022025171624713957,0.06093550862442869,0.34070543413776033,0.2898323313375229,1.2277227722772277,0.900990099009901,0.03948553698328494,0.05506887052341599,cleveland,0,19f9a06a8f411f2cb0bfc83a470b8abe9be3e8d2481b8d5686994f21903b99e1
l1_logistic,0.75,9,12,rf,none,2101257382,0.8283828382838284,0.8789041937181961,0.13676552988632196,0.06998899889988999,0.08563164462948868,0.00467772692601065,0.021918393220565185,0.3378078038778459,0.27959682829462323,1.2376237623762376,0.900990099009901,0.02432188970073057,0.04338842975206603,cleveland,0,19f9a06a8f411f2cb0bfc83a470b8abe9be3e8d2481b8d5686994f21903b99e1
l1_logistic,0.5,6,12,rf,none,2101257382,0.8118811881188119,0.8741665204421829,0.141452193135607,0.08570910412693818,0.09276001886478305,0.004600813628273581,0.03660985509214322,0.34043592530875444,0.27403846784493124,1.2046204620462047,0.900990099009901,0.02432188970073057,0.062308925317618356,cleveland,0,19f9a06a8f411f2cb0bfc83a470b8abe9be3e8d2481b8d5686994f21903b99e1
l1_logistic,0.33,4,12,rf,none,2101257382,0.7920792079207921,0.8586813476048428,0.15501722636847187,0.10988920385262989,0.12190403983210371,0.012131960335621694,0.03503042941963158,0.332125926524795,0.27939565327981064,1.2640264026402641,0.900990099009901,0.03948553698328494,0.11188583196889934,cleveland,0,19f9a06a8f411f2cb0bfc83a470b8abe9be3e8d2481b8d5686994f21903b99e1
l1_logistic,0.25,3,12,rf,none,2101257382,0.7887788778877888,0.8637918933146167,0.15134566081457335,0.06831753076341927,0.11334456859264729,0.025158276125095358,0.00446249599092291,0.33303525751267266,0.2743549575922598,1.2937293729372936,0.9042904290429042,0.019467520768691737,0.05694710305597232,cleveland,0,19f9a06a8f411f2cb0bfc83a470b8abe9be3e8d2481b8d5686994f21903b99e1
l1_logistic,1.0,12,12,rf,none,589667714,0.7953795379537953,0.8857694332339007,0.1347021635496883,0.06481848184818487,0.07725949858529865,0.016749936435291102,0.06369666032762818,0.3362297340369556,0.3037963680162601,1.2046204620462047,0.9042904290429042,0.04979481533380037,0.06341597796143254,cleveland,1,19f9a06a8f411f2cb0bfc83a470b8abe9be3e8d2481b8d5686994f21903b99e1
l1_logistic,0.75,9,12,rf,none,589667714,0.7920792079207921,0.8759212142481138,0.13870363036303632,0.07291529152915295,0.09625111325496764,0.022880116959064112,0.036034764621492646,0.33339688970285114,0.26947786605140045,1.1947194719471947,0.900990099009901,0.0546491842658392,0.053057851239669454,cleveland,1,19f9a06a8f411f2cb0bfc83a470b8abe9be3e8d2481b8d5686994f21903b99e1
l1_logistic,0.5,6,12,rf,none,589667714,0.7788778877887789,0.8589664853483066,0.15358460181022782,0.08092793406323527,0.1068893901752902,0.05957093821510295,0.014616370760532377,0.3222141631237188,0.2446183726607565,1.2673267326732673,0.900990099009901,0.0546491842658392,0.07430359875812875,cleveland,1,19f9a06a8f411f2cb0bfc83a470b8abe9be3e8d2481b8d5686994f21903b99e1
l1_logistic,0.33,4,12,rf,none,589667714,0.759075907590759,0.8263511142305667,0.17720118137900073,0.11927424318764424,0.14266262569691512,0.029980930587337973,0.004647862878991382,0.3135605143827311,0.29168523303509886,1.33003300330033,0.900990099009901,0.02432188970073057,0.12058507506318994,cleveland,1,19f9a06a8f411f2cb0bfc83a470b8abe9be3e8d2481b8d5686994f21903b99e1
l1_logistic,0.25,3,12,rf,none,589667714,0.7722772277227723,0.8167880329882435,0.17563863174316885,0.10600655183725462,0.16465224803431308,0.04706648868548191,0.036362728719135276,0.3149336477611346,0.2796325348542336,1.3333333333333333,0.900990099009901,0.0546491842658392,0.10077418517794168,cleveland,1,19f9a06a8f411f2cb0bfc83a470b8abe9be3e8d2481b8d5686994f21903b99e1
l1_logistic,1.0,12,12,rf,none,4180738101,0.8085808580858086,0.8877215300929988,0.13437169050238357,0.06589658965896589,0.08029799968322787,0.03214149504195285,0.03170953858472626,0.33917632862883385,0.2905130385266132,1.2112211221122111,0.900990099009901,0.0546491842658392,0.061184573002754775,cleveland,2,19f9a06a8f411f2cb0bfc83a470b8abe9be3e8d2481b8d5686994f21903b99e1
l1_logistic,0.75,9,12,rf,none,4180738101,0.8184818481848185,0.8853965608001404,0.1333273193986065,0.07680968096809682,0.08898337659523325,0.03121408593948649,0.031426617288893344,0.34415812277969277,0.27215233806986416,1.2145214521452146,0.900990099009901,0.0546491842658392,0.06429752066115703,cleveland,2,19f9a06a8f411f2cb0bfc83a470b8abe9be3e8d2481b8d5686994f21903b99e1
l1_logistic,0.5,6,12,rf,none,4180738101,0.7920792079207921,0.875043867345148,0.14353248621806625,0.08905372203887055,0.09977397660181617,0.017742817187897164,0.00542440696626964,0.3296488221828054,0.2670770822981512,1.2343234323432344,0.900990099009901,0.0546491842658392,0.06208562901744712,cleveland,2,19f9a06a8f411f2cb0bfc83a470b8abe9be3e8d2481b8d5686994f21903b99e1
l1_logistic,0.33,4,12,rf,none,4180738101,0.7755775577557755,0.8445560624670995,0.16394361397270404,0.1138479416877122,0.11987655713805254,0.0437223493516401,0.03050995797781167,0.3176950203378494,0.30163127123304007,1.2805280528052805,0.900990099009901,0.03948553698328494,0.09883229979308239,cleveland,2,19f9a06a8f411f2cb0bfc83a470b8abe9be3e8d2481b8d5686994f21903b99e1
l1_logistic,0.25,3,12,rf,none,4180738101,0.7953795379537953,0.837866292331988,0.16182155653511648,0.08736080212829234,0.14861839467551508,0.0005752606153063278,0.014489443536627927,0.32499639240063233,0.2725493841375801,1.3201320132013201,0.900990099009901,0.00915824241817631,0.08739150506147939,cleveland,2,19f9a06a8f411f2cb0bfc83a470b8abe9be3e8d2481b8d5686994f21903b99e1
l1_logistic,1.0,12,12,rf,none,2101700487,0.8217821782178217,0.8957492542551324,0.12947928126145947,0.04794279427942795,0.07554185893078702,0.04370264429188919,0.05478096953925196,0.34612273386788933,0.2777796213851101,1.1782178217821782,0.900990099009901,0.0546491842658392,0.05206611570247934,cleveland,3,19f9a06a8f411f2cb0bfc83a470b8abe9be3e8d2481b8d5686994f21903b99e1
l1_logistic,0.75,9,12,rf,none,2101700487,0.8118811881188119,0.885199157746973,0.13333934726806013,0.05991199119911989,0.09225095358748392,0.04829265191965415,0.0464257832048844,0.3431051558324332,0.2631356382117378,1.198019801980198,0.900990099009901,0.03948553698328494,0.04815426997245173,cleveland,3,19f9a06a8f411f2cb0bfc83a470b8abe9be3e8d2481b8d5686994f21903b99e1
l1_logistic,0.5,6,12,rf,none,2101700487,0.7986798679867987,0.8721705562379366,0.14726018654676448,0.07792820521212632,0.08671559636842782,0.04234617340452562,0.02342808726351664,0.3320481747373227,0.24501887877878292,1.273927392739274,0.900990099009901,0.0546491842658392,0.07724883472622358,cleveland,3,19f9a06a8f411f2cb0bfc83a470b8abe9be3e8d2481b8d5686994f21903b99e1
l1_logistic,0.33,4,12,rf,none,2101700487,0.7854785478547854,0.8676302860150903,0.15296434380872043,0.09159928752045947,0.11021326008801796,0.036715611492499245,0.00596723232497777,0.3323611005257192,0.28868098614820387,1.2376237623762376,0.900990099009901,0.02432188970073057,0.07890240318760253,cleveland,3,19f9a06a8f411f2cb0bfc83a470b8abe9be3e8d2481b8d5686994f21903b99e1
l1_logistic,0.25,3,12,rf,none,2101700487,0.8085808580858086,0.8627171433584839,0.14774971651940969,0.09070679430549934,0.11505309894111179,0.03939677091278915,0.003620034838367897,0.33156660954912887,0.3102305710196701,1.3036303630363035,0.900990099009901,0.03948553698328494,0.06556094568322543,cleveland,3,19f9a06a8f411f2cb0bfc83a470b8abe9be3e8d2481b8d5686994f21903b99e1
l1_logistic,1.0,12,12,rf,none,3414883647,0.8151815181518152,0.8904632391647658,0.13422999633296664,0.06356435643564354,0.0765149950912585,0.07178235443681658,0.03315283755379844,0.34392949014170465,0.26410204386184755,1.2277227722772277,0.9075907590759076,0.07526774096687017,0.05820936639118457,cleveland,4,19f9a06a8f411f2cb0bfc83a470b8abe9be3e8d2481b8d5686994f21903b99e1
l1_logistic,0.75,9,12,rf,none,3414883647,0.8118811881188119,0.8849359536760834,0.1350951228456179,0.07122112211221117,0.08275257168873143,0.06099160945842863,0.023291962766489857,0.34496151344728004,0.25950268937383036,1.2112211221122111,0.900990099009901,0.0546491842658392,0.06426997245179064,cleveland,4,19f9a06a8f411f2cb0bfc83a470b8abe9be3e8d2481b8d5686994f21903b99e1
l1_logistic,0.5,6,12,rf,none,3414883647,0.7854785478547854,0.8584400772065274,0.1550002915961531,0.08143480780770487,0.10639443116273023,0.058304729214340156,0.020835913528120614,0.32491958038819196,0.25177387934006357,1.297029702970297,0.900990099009901,0.06981283154839346,0.08123576856836282,cleveland,4,19f9a06a8f411f2cb0bfc83a470b8abe9be3e8d2481b8d5686994f21903b99e1
l1_logistic,0.33,4,12,rf,none,3414883647,0.7557755775577558,0.8372082821547641,0.1734639253991622,0.11712147057147385,0.13739016731165718,0.03938087973557092,0.018753185899238356,0.3144787956500323,0.2674826342453969,1.3234323432343233,0.900990099009901,0.0546491842658392,0.11309229166152983,cleveland,4,19f9a06a8f411f2cb0bfc83a470b8abe9be3e8d2481b8d5686994f21903b99e1
l1_logistic,0.25,3,12,rf,none,3414883647,0.8118811881188119,0.8524960519389366,0.15342784339357865,0.07424130567346367,0.13933031456078865,0.01897215865751356,0.008442079885728912,0.32582965966219457,0.27144480694702766,1.297029702970297,0.9042904290429042,0.04979481533380037,0.06790133513764965,cleveland,4,19f9a06a8f411f2cb0bfc83a470b8abe9be3e8d2481b8d5686994f21903b99e1
l1_logistic,1.0,12,12,rf,none,1243176324,0.7920792079207921,0.8834444639410423,0.13671712504583794,0.04948294829482952,0.08087321938789364,0.059779430460208505,0.0681029593300637,0.33730160670220743,0.2784130389032079,1.2178217821782178,0.900990099009901,0.0546491842658392,0.042947658402203895,cleveland,5,19f9a06a8f411f2cb0bfc83a470b8abe9be3e8d2481b8d5686994f21903b99e1
l1_logistic,0.75,9,12,rf,none,1243176324,0.8118811881188119,0.8852210914195473,0.13449138247158052,0.06149614961496151,0.0849164185075385,0.0658136282735825,0.02781703533179858,0.34111777752671735,0.2572898645632126,1.2244224422442245,0.9042904290429042,0.04979481533380037,0.058374655647382964,cleveland,5,19f9a06a8f411f2cb0bfc83a470b8abe9be3e8d2481b8d5686994f21903b99e1
l1_logistic,0.5,6,12,rf,none,1243176324,0.7953795379537953,0.8653711177399545,0.1486324410710765,0.08832591214783299,0.09769021315197805,0.061609458428680486,0.0178339634278033,0.33612487699120425,0.2509280804163907,1.2376237623762376,0.900990099009901,0.02432188970073057,0.08502251980781736,cleveland,5,19f9a06a8f411f2cb0bfc83a470b8abe9be3e8d2481b8d5686994f21903b99e1
l1_logistic,0.33,4,12,rf,none,1243176324,0.7722772277227723,0.8290708896297595,0.1755143638221329,0.11842360988867122,0.12700893685264347,0.005882913806254941,0.004142951021058494,0.30541996528360554,0.2816416374881143,1.353135313531353,0.900990099009901,0.03948553698328494,0.12337702230499292,cleveland,5,19f9a06a8f411f2cb0bfc83a470b8abe9be3e8d2481b8d5686994f21903b99e1
l1_logistic,0.25,3,12,rf,none,1243176324,0.8184818481848185,0.8434813125109668,0.15520027023182373,0.1191746430092481,0.1319175445628477,0.0202498093058735,0.006668362412123957,0.32165740273784427,0.27315481019259835,1.2805280528052805,0.9042904290429042,0.09528575718146337,0.10049630718993482,cleveland,5,19f9a06a8f411f2cb0bfc83a470b8abe9be3e8d2481b8d5686994f21903b99e1
l1_logistic,1.0,12,12,rf,none,1963080408,0.8151815181518152,0.8936655553605897,0.13112475247524752,0.05357535753575357,0.07298195131150322,0.0426017035341979,0.03946184899743105,0.34327734026932444,0.276390967481457,1.2046204620462047,0.900990099009901,0.0546491842658392,0.05082644628099171,cleveland,6,19f9a06a8f411f2cb0bfc83a470b8abe9be3e8d2481b8d5686994f21903b99e1
l1_logistic,0.75,9,12,rf,none,1963080408,0.8151815181518152,0.8827864537638183,0.1356764209754309,0.06785478547854791,0.0878463944199846,0.050064836003051116,0.006931238114302907,0.3414031488642725,0.2583465239357806,1.2376237623762376,0.900990099009901,0.03948553698328494,0.05253443526170805,cleveland,6,19f9a06a8f411f2cb0bfc83a470b8abe9be3e8d2481b8d5686994f21903b99e1
l1_logistic,0.5,6,12,rf,none,1963080408,0.7788778877887789,0.8732672398666433,0.14638249791101432,0.07155119927975448,0.08607146368347411,0.07144800406814134,0.01921778852959924,0.33385221553344485,0.2458615052272831,1.2574257425742574,0.900990099009901,0.06981283154839346,0.07017231655987041,cleveland,6,19f9a06a8f411f2cb0bfc83a470b8abe9be3e8d2481b8d5686994f21903b99e1
l1_logistic,0.33,4,12,rf,none,1963080408,0.8085808580858086,0.8693191788032989,0.14580025428734353,0.06740883792065594,0.09811209677434427,0.032269260106788655,0.04358809749701316,0.33712911142574575,0.2786941530091097,1.2541254125412542,0.900990099009901,0.08497647883094794,0.0664799909501233,cleveland,6,19f9a06a8f411f2cb0bfc83a470b8abe9be3e8d2481b8d5686994f21903b99e1
l1_logistic,0.25,3,12,rf,none,1963080408,0.8118811881188119,0.846398490963327,0.15448500504515691,0.0957891611202652,0.1233565906308857,0.09259026188660058,0.0687798304340277,0.3262223532771925,0.2451668832633568,1.33993399339934,0.900990099009901,0.11530377339605646,0.09011858882611876,cleveland,6,19f9a06a8f411f2cb0bfc83a470b8abe9be3e8d2481b8d5686994f21903b99e1
l1_logistic,1.0,12,12,rf,none,1875965648,0.8283828382838284,0.8912089840322863,0.1311727172717272,0.07766776677667768,0.07683597603168474,0.04369628782100177,0.06868147999866543,0.3436373724262659,0.2890250276436952,1.2178217821782178,0.9042904290429042,0.04979481533380037,0.05914600550964187,cleveland,7,19f9a06a8f411f2cb0bfc83a470b8abe9be3e8d2481b8d5686994f21903b99e1
l1_logistic,0.75,9,12,rf,none,1875965648,0.8151815181518152,0.8834663976136164,0.13548016134946828,0.08906490649064906,0.08561401515256992,0.04927536231884044,0.029871884696226605,0.34127786736925136,0.2602645137149473,1.2079207920792079,0.900990099009901,0.0546491842658392,0.07393939393939399,cleveland,7,19f9a06a8f411f2cb0bfc83a470b8abe9be3e8d2481b8d5686994f21903b99e1
l1_logistic,0.5,6,12,rf,none,1875965648,0.8184818481848185,0.8798692753114581,0.1387080625649633,0.0685466013748939,0.09633277914910572,0.0793014238494788,0.017996020348162306,0.33807952094885685,0.24619657120943134,1.2640264026402641,0.900990099009901,0.06981283154839346,0.06861683626961572,cleveland,7,19f9a06a8f411f2cb0bfc83a470b8abe9be3e8d2481b8d5686994f21903b99e1
l1_logistic,0.33,4,12,rf,none,1875965648,0.7821782178217822,0.8670161431830146,0.1548545266599498,0.11560206860468103,0.11576907434192345,0.05428553267226044,0.03591761777950446,0.33054820136795765,0.24242567967704662,1.2508250825082508,0.900990099009901,0.03948553698328494,0.10245871746594555,cleveland,7,19f9a06a8f411f2cb0bfc83a470b8abe9be3e8d2481b8d5686994f21903b99e1
l1_logistic,0.25,3,12,rf,none,1875965648,0.7887788778877888,0.84365678189156,0.16023102927504948,0.09849139426140285,0.1297233158962916,0.01146008136282739,0.031683823683863896,0.3206597984665775,0.26354118608395116,1.2904290429042904,0.900990099009901,0.08497647883094794,0.10017217611853661,cleveland,7,19f9a06a8f411f2cb0bfc83a470b8abe9be3e8d2481b8d5686994f21903b99e1
l1_logistic,1.0,12,12,rf,none,1624381965,0.7953795379537953,0.8861203719950868,0.13444913824715804,0.08283828382838283,0.08469481088215272,0.024825832697686123,0.06896873853134487,0.3360610092043486,0.2853714395150161,1.2277227722772277,0.900990099009901,0.03948553698328494,0.06349862258953165,cleveland,8,19f9a06a8f411f2cb0bfc83a470b8abe9be3e8d2481b8d5686994f21903b99e1
l1_logistic,0.75,9,12,rf,none,1624381965,0.8085808580858086,0.8805711528338306,0.13636743674367435,0.07100110011001103,0.09228437881770093,0.03410119501652675,0.03627798351849998,0.336694152194511,0.2751294188260397,1.2376237623762376,0.900990099009901,0.03948553698328494,0.06099173553719004,cleveland,8,19f9a06a8f411f2cb0bfc83a470b8abe9be3e8d2481b8d5686994f21903b99e1
l1_logistic,0.5,6,12,rf,none,1624381965,0.7557755775577558,0.8479557817160908,0.16013902312060382,0.07922143642935724,0.12012763074979017,0.011687643020594884,0.04904976939563063,0.31488081054782446,0.2826908823859754,1.3135313531353134,0.900990099009901,0.00915824241817631,0.07008539944903583,cleveland,8,19f9a06a8f411f2cb0bfc83a470b8abe9be3e8d2481b8d5686994f21903b99e1
l1_logistic,0.33,4,12,rf,none,1624381965,0.7722772277227723,0.8432839094577995,0.16850813878178508,0.10666423279802499,0.13255992826469046,0.02312102720569542,0.025305006638711103,0.31732604922503765,0.2708800272319397,1.283828382838284,0.900990099009901,0.0546491842658392,0.10778042169258382,cleveland,8,19f9a06a8f411f2cb0bfc83a470b8abe9be3e8d2481b8d5686994f21903b99e1
l1_logistic,0.25,3,12,rf,none,1624381965,0.8184818481848185,0.8430645727320583,0.15073663259521022,0.08648939380274007,0.15067372663978235,0.07170544113907962,0.04595675254903317,0.3281049615623015,0.29028731801478497,1.3201320132013201,0.900990099009901,0.02432188970073057,0.08671353397362484,cleveland,8,19f9a06a8f411f2cb0bfc83a470b8abe9be3e8d2481b8d5686994f21903b99e1
l1_logistic,1.0,12,12,rf,none,2987989420,0.8283828382838284,0.9002237234602561,0.12692805280528055,0.055841584158415856,0.0698408644474162,0.056422578184591954,0.06832249024121709,0.3481422182488638,0.2758950591337693,1.1815181518151816,0.900990099009901,0.0546491842658392,0.05074380165289254,cleveland,9,19f9a06a8f411f2cb0bfc83a470b8abe9be3e8d2481b8d5686994f21903b99e1
l1_logistic,0.75,9,12,rf,none,2987989420,0.7986798679867987,0.8875460607124057,0.1317940594059406,0.07414741474147418,0.09027748678009653,0.03573925756420038,0.07794748607079705,0.34459441573540883,0.26708146814322,1.188118811881188,0.900990099009901,0.0546491842658392,0.06490358126721768,cleveland,9,19f9a06a8f411f2cb0bfc83a470b8abe9be3e8d2481b8d5686994f21903b99e1
l1_logistic,0.5,6,12,rf,none,2987989420,0.7755775577557755,0.866467801368661,0.15264852637583476,0.08321751243004066,0.0983124250489735,0.045453216374269245,0.01935358937310276,0.3288463661830359,0.27220984845415763,1.283828382838284,0.900990099009901,0.03948553698328494,0.07697613110173464,cleveland,9,19f9a06a8f411f2cb0bfc83a470b8abe9be3e8d2481b8d5686994f21903b99e1
l1_logistic,0.33,4,12,rf,none,2987989420,0.7887788778877888,0.8524302509212143,0.15918171361105676,0.10568848169526554,0.13448162646188905,0.03743135011441656,0.015619240578112162,0.3326327945636226,0.28598854067504237,1.273927392739274,0.900990099009901,0.02432188970073057,0.10921185173377529,cleveland,9,19f9a06a8f411f2cb0bfc83a470b8abe9be3e8d2481b8d5686994f21903b99e1
l1_logistic,0.25,3,12,rf,none,2987989420,0.8052805280528053,0.8518599754342867,0.15252940213268962,0.06860759839837534,0.1228222677816119,0.0028025680142385045,0.03250110066356737,0.33236104076655754,0.2833830350951597,1.3102310231023102,0.9042904290429042,0.03463116805124611,0.07189317297668504,cleveland,9,19f9a06a8f411f2cb0bfc83a470b8abe9be3e8d2481b8d5686994f21903b99e1
l1_logistic,1.0,12,12,rf,none,2012859218,0.8052805280528053,0.8849578873486577,0.13401628162816281,0.07691969196919692,0.08230648032174302,0.043289473684210655,0.04109398458612751,0.3401234961668893,0.2839075532900195,1.2409240924092408,0.900990099009901,0.0546491842658392,0.05363636363636363,cleveland,10,19f9a06a8f411f2cb0bfc83a470b8abe9be3e8d2481b8d5686994f21903b99e1
l1_logistic,0.75,9,12,rf,none,2012859218,0.801980198019802,0.8768862958413757,0.13683226989365604,0.06297029702970298,0.09496582759147164,0.01870327993897769,0.043133820438394546,0.3336282428359098,0.2756354931951208,1.2343234323432344,0.900990099009901,0.02432188970073057,0.061377410468319606,cleveland,10,19f9a06a8f411f2cb0bfc83a470b8abe9be3e8d2481b8d5686994f21903b99e1
l1_logistic,0.5,6,12,rf,none,2012859218,0.7788778877887789,0.8635067555711528,0.15150949341051093,0.0869955797585351,0.11443570220697658,0.04109585558098128,0.02694970647369943,0.32229531061831523,0.2687466870212054,1.2805280528052805,0.900990099009901,0.06981283154839346,0.09063816445913747,cleveland,10,19f9a06a8f411f2cb0bfc83a470b8abe9be3e8d2481b8d5686994f21903b99e1
l1_logistic,0.33,4,12,rf,none,2012859218,0.7920792079207921,0.8488111949464818,0.16032843994551157,0.12737901513004787,0.11577919402524575,0.023847571828121028,0.013900565455802094,0.3233892094415549,0.2696210025882301,1.2607260726072607,0.900990099009901,0.03948553698328494,0.10814761328293766,cleveland,10,19f9a06a8f411f2cb0bfc83a470b8abe9be3e8d2481b8d5686994f21903b99e1
l1_logistic,0.25,3,12,rf,none,2012859218,0.801980198019802,0.8520354448148799,0.15216164078517389,0.11466580447439932,0.12675585909466044,0.019836638698194742,0.017961420165550135,0.33039795135121897,0.2750358012229026,1.297029702970297,0.900990099009901,0.02432188970073057,0.08485249914769172,cleveland,10,19f9a06a8f411f2cb0bfc83a470b8abe9be3e8d2481b8d5686994f21903b99e1
l1_logistic,1.0,12,12,rf,none,2241126070,0.8217821782178217,0.8943674328829618,0.1293265859919325,0.06046204620462048,0.07165638040778216,0.028442028985507295,0.04567811029926935,0.34435440416175733,0.289669227727653,1.2079207920792079,0.900990099009901,0.03948553698328494,0.054820936639118446,cleveland,11,19f9a06a8f411f2cb0bfc83a470b8abe9be3e8d2481b8d5686994f21903b99e1
l1_logistic,0.75,9,12,rf,none,2241126070,0.834983498349835,0.8914063870854536,0.12943322332233223,0.06096809680968097,0.07939784133101253,0.05508072718026946,0.03198878991091984,0.34436273127242845,0.26479728637635086,1.1914191419141915,0.9042904290429042,0.04979481533380037,0.047410468319559224,cleveland,11,19f9a06a8f411f2cb0bfc83a470b8abe9be3e8d2481b8d5686994f21903b99e1
l1_logistic,0.5,6,12,rf,none,2241126070,0.7986798679867987,0.8717538164590278,0.14761118025625602,0.08834440244549369,0.08956087835469943,0.031120010170353374,0.006181522190164879,0.3311968952206157,0.2685773822084304,1.2673267326732673,0.9042904290429042,0.03463116805124611,0.07548769602955817,cleveland,11,19f9a06a8f411f2cb0bfc83a470b8abe9be3e8d2481b8d5686994f21903b99e1
l1_logistic,0.33,4,12,rf,none,2241126070,0.7524752475247525,0.8493156694156868,0.16942241763580765,0.11448806363720107,0.11956244638766585,0.021206458174421794,0.00316753674384207,0.3173090300801005,0.26588544731751884,1.2904290429042904,0.900990099009901,0.00915824241817631,0.11208316281648038,cleveland,11,19f9a06a8f411f2cb0bfc83a470b8abe9be3e8d2481b8d5686994f21903b99e1
l1_logistic,0.25,3,12,rf,none,2241126070,0.7986798679867987,0.8272942621512547,0.1668835400621669,0.11616293055157817,0.15698304733402751,0.028618738876176053,0.02730813678501255,0.3148846417356547,0.24447660526370144,1.3696369636963697,0.900990099009901,0.02432188970073057,0.10754958732625675,cleveland,11,19f9a06a8f411f2cb0bfc83a470b8abe9be3e8d2481b8d5686994f21903b99e1
l1_logistic,1.0,12,12,rf,none,4153915924,0.8085808580858086,0.8947403053167222,0.13055900256692335,0.05953795379537953,0.07316535405008565,0.019665013984235924,0.03209154906082139,0.34653226036355056,0.29318950700484187,1.1782178217821782,0.900990099009901,0.02432188970073057,0.060661157024793355,cleveland,12,19f9a06a8f411f2cb0bfc83a470b8abe9be3e8d2481b8d5686994f21903b99e1
l1_logistic,0.75,9,12,rf,none,4153915924,0.801980198019802,0.8762282856641516,0.13903469013568026,0.05964796479647962,0.08741063235804186,0.007656369183829059,0.08002335435225036,0.33425465389649267,0.2879267658655533,1.2112211221122111,0.900990099009901,0.03948553698328494,0.06151515151515146,cleveland,12,19f9a06a8f411f2cb0bfc83a470b8abe9be3e8d2481b8d5686994f21903b99e1
l1_logistic,0.5,6,12,rf,none,4153915924,0.8085808580858086,0.8861203719950869,0.13840621777279094,0.06052698770522233,0.07531763121175421,0.07290681413679112,0.03849442538191582,0.3385563647425599,0.2410058861272788,1.2376237623762376,0.900990099009901,0.06981283154839346,0.06568999529745437,cleveland,12,19f9a06a8f411f2cb0bfc83a470b8abe9be3e8d2481b8d5686994f21903b99e1
l1_logistic,0.33,4,12,rf,none,4153915924,0.7986798679867987,0.8705474644674503,0.14354817879153153,0.07292795593583504,0.10427532139197165,0.0019419018560894452,0.0026389171298920044,0.33750267029017567,0.27778294039186036,1.2145214521452146,0.900990099009901,0.06981283154839346,0.06616774772627167,cleveland,12,19f9a06a8f411f2cb0bfc83a470b8abe9be3e8d2481b8d5686994f21903b99e1
l1_logistic,0.25,3,12,rf,none,4153915924,0.8217821782178217,0.8698675206176523,0.13915445280312913,0.07299058861420797,0.11269552214338718,0.0007627765064835978,0.012257180464609496,0.34270787703381733,0.2834175467073846,1.221122112211221,0.900990099009901,0.02432188970073057,0.05704258231241116,cleveland,12,19f9a06a8f411f2cb0bfc83a470b8abe9be3e8d2481b8d5686994f21903b99e1
l1_logistic,1.0,12,12,rf,none,2921477214,0.8250825082508251,0.8973065450078961,0.1278908690869087,0.06354235423542354,0.07381007421139013,0.046014492753623126,0.046588930037033335,0.34790367347276036,0.28203445956503936,1.2244224422442245,0.9042904290429042,0.04979481533380037,0.05228650137741044,cleveland,13,19f9a06a8f411f2cb0bfc83a470b8abe9be3e8d2481b8d5686994f21903b99e1
l1_logistic,0.75,9,12,rf,none,2921477214,0.8184818481848185,0.8839489384102475,0.13391815181518152,0.04930693069306933,0.09058870933121448,0.032503178235443575,0.02699896573582887,0.34086074110485187,0.2768582401395394,1.2442244224422443,0.9042904290429042,0.04979481533380037,0.03732782369146015,cleveland,13,19f9a06a8f411f2cb0bfc83a470b8abe9be3e8d2481b8d5686994f21903b99e1
l1_logistic,0.5,6,12,rf,none,2921477214,0.7953795379537953,0.8812291630110546,0.1386777218307781,0.07320628119480325,0.08433730099249048,0.03606661581489945,0.030010455923147994,0.33755077051782234,0.2698877555974546,1.2145214521452146,0.900990099009901,0.0546491842658392,0.06080336055758447,cleveland,13,19f9a06a8f411f2cb0bfc83a470b8abe9be3e8d2481b8d5686994f21903b99e1
l1_logistic,0.33,4,12,rf,none,2921477214,0.768976897689769,0.8454114756974909,0.16458520888372571,0.12272844176526963,0.12260317717545946,0.007238749046529436,0.026164987070954174,0.3165426493240928,0.264591924711689,1.3036303630363035,0.900990099009901,0.03948553698328494,0.1057409506449853,cleveland,13,19f9a06a8f411f2cb0bfc83a470b8abe9be3e8d2481b8d5686994f21903b99e1
l1_logistic,0.25,3,12,rf,none,2921477214,0.7920792079207921,0.8295314967538164,0.16588895144622245,0.12299042711078326,0.1565920171295839,0.019968853292651967,0.044870766398128814,0.31671855506660423,0.2721744932107619,1.3102310231023102,0.900990099009901,0.06981283154839346,0.1128501323944836,cleveland,13,19f9a06a8f411f2cb0bfc83a470b8abe9be3e8d2481b8d5686994f21903b99e1
l1_logistic,1.0,12,12,rf,none,1524011877,0.8184818481848185,0.8782681172135463,0.13841672167216723,0.0766116611661166,0.08687602327358085,0.076656496313247,0.01796149868214726,0.3366726006533295,0.2593379994966983,1.2277227722772277,0.900990099009901,0.06981283154839346,0.05947658402203855,cleveland,14,19f9a06a8f411f2cb0bfc83a470b8abe9be3e8d2481b8d5686994f21903b99e1
l1_logistic,0.75,9,12,rf,none,1524011877,0.7986798679867987,0.868551500263204,0.1420949028236157,0.06222222222222223,0.10014152976087586,0.06033879989829649,0.020358989757448417,0.3321751451059955,0.25535866737967144,1.2343234323432344,0.900990099009901,0.0546491842658392,0.060909090909090954,cleveland,14,19f9a06a8f411f2cb0bfc83a470b8abe9be3e8d2481b8d5686994f21903b99e1
l1_logistic,0.5,6,12,rf,none,1524011877,0.7821782178217822,0.8604141077381997,0.154456390977281,0.09215343777373564,0.11245758148458573,0.07914569031273844,0.024183070917890695,0.32586923469095647,0.24185147493980946,1.2706270627062706,0.900990099009901,0.03948553698328494,0.08731570949732209,cleveland,14,19f9a06a8f411f2cb0bfc83a470b8abe9be3e8d2481b8d5686994f21903b99e1
l1_logistic,0.33,4,12,rf,none,1524011877,0.7986798679867987,0.8469468327776803,0.16321500142610207,0.12685638988136205,0.12298343134966891,0.045682684973302856,0.06363925038466998,0.3196949757881011,0.2523603882854979,1.306930693069307,0.900990099009901,0.0546491842658392,0.11257273752981606,cleveland,14,19f9a06a8f411f2cb0bfc83a470b8abe9be3e8d2481b8d5686994f21903b99e1
l1_logistic,0.25,3,12,rf,none,1524011877,0.7887788778877888,0.830759782417968,0.16742505967421625,0.127154518092449,0.14248029495211634,0.041518560894991285,0.04459237115648586,0.3105835165743737,0.24876971301867506,1.3597359735973598,0.9042904290429042,0.080122109898909,0.10106840590491079,cleveland,14,19f9a06a8f411f2cb0bfc83a470b8abe9be3e8d2481b8d5686994f21903b99e1
l1_logistic,1.0,12,12,rf,none,1980088603,0.8151815181518152,0.8904851728373399,0.1323042170883755,0.062486248624862496,0.0781168521967926,0.03826913297737089,0.05544823674640509,0.34474437169156047,0.2795088405920746,1.1914191419141915,0.900990099009901,0.03948553698328494,0.055482093663911845,cleveland,15,19f9a06a8f411f2cb0bfc83a470b8abe9be3e8d2481b8d5686994f21903b99e1
l1_logistic,0.75,9,12,rf,none,1980088603,0.8316831683168316,0.8842560098262853,0.13325896589658964,0.05555555555555556,0.08547935393556463,0.012510170353419725,0.0464191105328129,0.34230816752859533,0.27565800848834987,1.2046204620462047,0.900990099009901,0.03948553698328494,0.05804407713498626,cleveland,15,19f9a06a8f411f2cb0bfc83a470b8abe9be3e8d2481b8d5686994f21903b99e1
l1_logistic,0.5,6,12,rf,none,1980088603,0.801980198019802,0.865283383049658,0.14988886382527558,0.08950510030203843,0.10271679408154166,0.014651665395372548,0.009499479470271077,0.32871447003332493,0.27696380697850675,1.2937293729372936,0.900990099009901,0.03948553698328494,0.07304607739926847,cleveland,15,19f9a06a8f411f2cb0bfc83a470b8abe9be3e8d2481b8d5686994f21903b99e1
l1_logistic,0.33,4,12,rf,none,1980088603,0.768976897689769,0.853526934549921,0.1646994235808555,0.10673742663062281,0.11213977371653268,0.05587465039410122,0.012834680509776944,0.31797546159952733,0.2529078480125373,1.3003300330033003,0.900990099009901,0.03948553698328494,0.10541868412058096,cleveland,15,19f9a06a8f411f2cb0bfc83a470b8abe9be3e8d2481b8d5686994f21903b99e1
l1_logistic,0.25,3,12,rf,none,1980088603,0.7986798679867987,0.8578040007018775,0.1530475541428076,0.09080196590044892,0.11800533668840561,0.02931413679125361,0.03558898953215739,0.3311466712972415,0.2790403635901253,1.2706270627062706,0.900990099009901,0.02432188970073057,0.07906384907212509,cleveland,15,19f9a06a8f411f2cb0bfc83a470b8abe9be3e8d2481b8d5686994f21903b99e1
l1_logistic,1.0,12,12,rf,none,3214128765,0.7986798679867987,0.8907045095630812,0.13331323799046574,0.07724972497249726,0.07766222546370628,0.07461161962878204,0.07867981183064757,0.3409414804284683,0.26786153602012075,1.2079207920792079,0.9042904290429042,0.080122109898909,0.05663911845730027,cleveland,16,19f9a06a8f411f2cb0bfc83a470b8abe9be3e8d2481b8d5686994f21903b99e1
l1_logistic,0.75,9,12,rf,none,3214128765,0.8118811881188119,0.8841682751359887,0.13487583425009167,0.07969196919691968,0.08572685794875018,0.05357487922705306,0.02845294098021557,0.34107384008954567,0.26161778591877627,1.2013201320132014,0.900990099009901,0.0546491842658392,0.06517906336088151,cleveland,16,19f9a06a8f411f2cb0bfc83a470b8abe9be3e8d2481b8d5686994f21903b99e1
l1_logistic,0.5,6,12,rf,none,3214128765,0.8184818481848185,0.8747367959291104,0.1424306370006294,0.07985484105088701,0.09113830684182359,0.04570683956267474,0.00019675647832054222,0.3355367991815016,0.25280478413385266,1.2607260726072607,0.900990099009901,0.0546491842658392,0.06196993190341091,cleveland,16,19f9a06a8f411f2cb0bfc83a470b8abe9be3e8d2481b8d5686994f21903b99e1
l1_logistic,0.33,4,12,rf,none,3214128765,0.7755775577557755,0.8347736444990348,0.17421588630559195,0.11368930709829983,0.1486539139309339,0.06903127383676588,0.02620185212566406,0.3158257621680938,0.2576183222824676,1.3366336633663367,0.9042904290429042,0.04979481533380037,0.11180232856051034,cleveland,16,19f9a06a8f411f2cb0bfc83a470b8abe9be3e8d2481b8d5686994f21903b99e1
l1_logistic,0.25,3,12,rf,none,3214128765,0.7854785478547854,0.8418362870679067,0.16509851129636718,0.0846642812278706,0.13781800527429683,0.0252332824815662,0.004715269806738739,0.3216498465497639,0.2703473865384428,1.3762376237623761,0.9042904290429042,0.06495846261635463,0.09277180436990604,cleveland,16,19f9a06a8f411f2cb0bfc83a470b8abe9be3e8d2481b8d5686994f21903b99e1
l1_logistic,1.0,12,12,rf,none,1111300608,0.834983498349835,0.8885988769959642,0.1309980198019802,0.06400440044004403,0.07874070376445627,0.03371472158657518,0.06163313648950723,0.3425694959237235,0.29041581326343396,1.2343234323432344,0.900990099009901,0.0546491842658392,0.045454545454545456,cleveland,17,19f9a06a8f411f2cb0bfc83a470b8abe9be3e8d2481b8d5686994f21903b99e1
l1_logistic,0.75,9,12,rf,none,1111300608,0.801980198019802,0.8694507808387436,0.14280102676934361,0.07287128712871288,0.10362563128363236,0.04540363590134744,0.03570446735395193,0.3289981187904025,0.2678822208416892,1.2343234323432344,0.9042904290429042,0.06495846261635463,0.06732782369146005,cleveland,17,19f9a06a8f411f2cb0bfc83a470b8abe9be3e8d2481b8d5686994f21903b99e1
l1_logistic,0.5,6,12,rf,none,1111300608,0.7953795379537953,0.8646034391998595,0.15193716843547173,0.08301870392298097,0.09661843815876642,0.045523137554029924,0.0009001608671979633,0.32685037958378604,0.26713545417431095,1.3102310231023102,0.900990099009901,0.0546491842658392,0.08374019025980158,cleveland,17,19f9a06a8f411f2cb0bfc83a470b8abe9be3e8d2481b8d5686994f21903b99e1
l1_logistic,0.33,4,12,rf,none,1111300608,0.7920792079207921,0.861576592384629,0.15271358207318883,0.09113967248539538,0.1113701969900184,0.05932621408593941,0.01076261598543228,0.3285473582092281,0.2669441683374951,1.2541254125412542,0.900990099009901,0.0546491842658392,0.08913876739806559,cleveland,17,19f9a06a8f411f2cb0bfc83a470b8abe9be3e8d2481b8d5686994f21903b99e1
l1_logistic,0.25,3,12,rf,none,1111300608,0.8052805280528053,0.8358483944551676,0.16088559830119217,0.0968787208603792,0.1388567551077346,0.012340452580727246,0.020189987112973207,0.3265115542318359,0.27069713110005994,1.363036303630363,0.9042904290429042,0.019467520768691737,0.0963928419363928,cleveland,17,19f9a06a8f411f2cb0bfc83a470b8abe9be3e8d2481b8d5686994f21903b99e1
l1_logistic,1.0,12,12,rf,none,1561509124,0.8250825082508251,0.8842340761537111,0.13503674367436744,0.07025302530253026,0.08573452087813566,0.04859585558098156,0.007314583124812285,0.34127437392199816,0.27781901387512975,1.2673267326732673,0.900990099009901,0.0546491842658392,0.058071625344352645,cleveland,18,19f9a06a8f411f2cb0bfc83a470b8abe9be3e8d2481b8d5686994f21903b99e1
l1_logistic,0.75,9,12,rf,none,1561509124,0.8217821782178217,0.8771275662396912,0.13850561056105612,0.07471947194719471,0.09049189758275639,0.03073862191711141,0.044820004670870495,0.33745093519502034,0.26772268953308515,1.2112211221122111,0.9042904290429042,0.04979481533380037,0.05573002754820937,cleveland,18,19f9a06a8f411f2cb0bfc83a470b8abe9be3e8d2481b8d5686994f21903b99e1
l1_logistic,0.5,6,12,rf,none,1561509124,0.7953795379537953,0.8628268117213547,0.15040236616300853,0.08192767927241226,0.10430342159081397,0.07696796338672762,0.04653865521803885,0.32654937568811787,0.23188258134408177,1.2673267326732673,0.900990099009901,0.08497647883094794,0.06701204197879439,cleveland,18,19f9a06a8f411f2cb0bfc83a470b8abe9be3e8d2481b8d5686994f21903b99e1
l1_logistic,0.33,4,12,rf,none,1561509124,0.7491749174917491,0.8352561852956659,0.1722390780176714,0.11010731523432235,0.1337954590290425,0.04385964912280704,0.025586139726363574,0.31296130012215584,0.2532668695030902,1.33003300330033,0.900990099009901,0.03948553698328494,0.10424978632012696,cleveland,18,19f9a06a8f411f2cb0bfc83a470b8abe9be3e8d2481b8d5686994f21903b99e1
l1_logistic,0.25,3,12,rf,none,1561509124,0.8118811881188119,0.840783470784348,0.1555056084589672,0.09846663319288376,0.13535890181217508,0.07797419272819728,0.06015903255217499,0.32426762757334415,0.24376495046662272,1.353135313531353,0.9042904290429042,0.06495846261635463,0.09575976629710443,cleveland,18,19f9a06a8f411f2cb0bfc83a470b8abe9be3e8d2481b8d5686994f21903b99e1
l1_logistic,1.0,12,12,rf,none,1607832274,0.8217821782178217,0.8895858922618004,0.13307106710671066,0.051353135313531334,0.07730585808498046,0.0700387744724128,0.03898141660828078,0.34128825553767456,0.26043148687999307,1.2277227722772277,0.900990099009901,0.06981283154839346,0.04542699724517906,cleveland,19,19f9a06a8f411f2cb0bfc83a470b8abe9be3e8d2481b8d5686994f21903b99e1
l1_logistic,0.75,9,12,rf,none,1607832274,0.7953795379537953,0.8697139849096333,0.14167891455812248,0.07080308030803077,0.09773911924316211,0.03998919399949141,0.03676942581656828,0.33144881829209644,0.26696325107451535,1.231023102310231,0.900990099009901,0.0546491842658392,0.06382920110192843,cleveland,19,19f9a06a8f411f2cb0bfc83a470b8abe9be3e8d2481b8d5686994f21903b99e1
l1_logistic,0.5,6,12,rf,none,1607832274,0.7854785478547854,0.8666652044218286,0.14970255867382404,0.08768935052542103,0.10528778977640846,0.05649377065853034,0.010006574552799102,0.3273099984737913,0.24962751456204804,1.2937293729372936,0.9042904290429042,0.04979481533380037,0.08992985125146015,cleveland,19,19f9a06a8f411f2cb0bfc83a470b8abe9be3e8d2481b8d5686994f21903b99e1
l1_logistic,0.33,4,12,rf,none,1607832274,0.7788778877887789,0.8386339708720828,0.17524695199561782,0.13654920673436893,0.1400571029194539,0.03987350622934138,0.05675456884542984,0.32244288817464,0.267387267308823,1.3333333333333333,0.900990099009901,0.02432188970073057,0.12830962468062312,cleveland,19,19f9a06a8f411f2cb0bfc83a470b8abe9be3e8d2481b8d5686994f21903b99e1
l1_logistic,0.25,3,12,rf,none,1607832274,0.7953795379537953,0.8400157922442533,0.16157616034344577,0.10664916039966116,0.1402227081099613,0.01126493770658532,0.05956417820616855,0.3287031329804268,0.2767484629479799,1.3597359735973598,0.9042904290429042,0.004303873486137477,0.09941090634207453,cleveland,19,19f9a06a8f411f2cb0bfc83a470b8abe9be3e8d2481b8d5686994f21903b99e1
l1_logistic,1.0,12,12,rf,none,957463721,0.8118811881188119,0.8957273205825583,0.12885075174184085,0.055005500550054987,0.07079019829063933,0.037707856598016676,0.07125546325025857,0.3460273426488811,0.27517257014598906,1.2013201320132014,0.900990099009901,0.0546491842658392,0.05195592286501376,cleveland,20,19f9a06a8f411f2cb0bfc83a470b8abe9be3e8d2481b8d5686994f21903b99e1
l1_logistic,0.75,9,12,rf,none,957463721,0.8151815181518152,0.8876557290752763,0.132999633296663,0.05436743674367436,0.07650910056074342,0.030911517925247933,0.03308777900110098,0.3427969317167617,0.26409797659611983,1.2112211221122111,0.9042904290429042,0.06495846261635463,0.044573002754820935,cleveland,20,19f9a06a8f411f2cb0bfc83a470b8abe9be3e8d2481b8d5686994f21903b99e1
l1_logistic,0.5,6,12,rf,none,957463721,0.7788778877887789,0.870964204246359,0.14931846401823703,0.07940090920929527,0.08788309910288711,0.03377447241291642,0.0012473989002228653,0.3253148448246263,0.24868598186573054,1.2640264026402641,0.900990099009901,0.00600540486437795,0.07684033973059176,cleveland,20,19f9a06a8f411f2cb0bfc83a470b8abe9be3e8d2481b8d5686994f21903b99e1
l1_logistic,0.33,4,12,rf,none,957463721,0.7854785478547854,0.8529785927355676,0.15887670738700607,0.11349299097787478,0.110727784640818,0.03442156114924988,0.03620929295277735,0.3251966663211029,0.26378646222719293,1.306930693069307,0.900990099009901,0.02432188970073057,0.11072747597957525,cleveland,20,19f9a06a8f411f2cb0bfc83a470b8abe9be3e8d2481b8d5686994f21903b99e1
l1_logistic,0.25,3,12,rf,none,957463721,0.8151815181518152,0.8361554658712055,0.15595157049695477,0.1129977974247219,0.14906515414785246,0.019513729977116645,0.04698223510251169,0.3285312827866202,0.2711263115901571,1.3762376237623761,0.900990099009901,0.02432188970073057,0.10760973781503211,cleveland,20,19f9a06a8f411f2cb0bfc83a470b8abe9be3e8d2481b8d5686994f21903b99e1
l1_logistic,1.0,12,12,rf,none,1169887945,0.8118811881188119,0.8850236883663801,0.13437022368903556,0.07201320132013198,0.08069489318770134,0.027786041189931332,0.027892436526206918,0.33679538606780424,0.2878322773932268,1.2145214521452146,0.9075907590759076,0.044940446401761536,0.06865013774104685,cleveland,21,19f9a06a8f411f2cb0bfc83a470b8abe9be3e8d2481b8d5686994f21903b99e1
l1_logistic,0.75,9,12,rf,none,1169887945,0.801980198019802,0.8785971223021583,0.13658643197653098,0.06596259625962597,0.0904718921571247,0.015190058479532254,0.05429119540920163,0.33644721999308014,0.2848935491847997,1.198019801980198,0.900990099009901,0.03948553698328494,0.05308539944903589,cleveland,21,19f9a06a8f411f2cb0bfc83a470b8abe9be3e8d2481b8d5686994f21903b99e1
l1_logistic,0.5,6,12,rf,none,1169887945,0.7854785478547854,0.8569924548166346,0.15547354461718507,0.10749142593478132,0.10379529035982357,0.01648042206966671,0.005659271407344207,0.3215259581781445,0.2805771855928627,1.2904290429042904,0.900990099009901,0.02432188970073057,0.08633590505423853,cleveland,21,19f9a06a8f411f2cb0bfc83a470b8abe9be3e8d2481b8d5686994f21903b99e1
l1_logistic,0.33,4,12,rf,none,1169887945,0.7821782178217822,0.8393577820670293,0.17228323431780188,0.12221604562303601,0.11844504739279156,0.002670989066870133,0.04332578444164298,0.31848100071361973,0.29433194449371886,1.3201320132013201,0.900990099009901,0.03948553698328494,0.1180675753009471,cleveland,21,19f9a06a8f411f2cb0bfc83a470b8abe9be3e8d2481b8d5686994f21903b99e1
l1_logistic,0.25,3,12,rf,none,1169887945,0.8118811881188119,0.8565537813651517,0.14661060361275946,0.07649540384297614,0.12546757739841546,0.001839562674802897,0.004283095330425105,0.33167598872967874,0.27441334975577386,1.2640264026402641,0.9042904290429042,0.06495846261635463,0.056129221148927336,cleveland,21,19f9a06a8f411f2cb0bfc83a470b8abe9be3e8d2481b8d5686994f21903b99e1
l1_logistic,1.0,12,12,rf,none,1460795591,0.8151815181518152,0.8863616423934023,0.13505625229189586,0.06002200220022003,0.08058720818054327,0.035507246376811574,0.061811296833817045,0.3408801403832519,0.27878654744296727,1.2376237623762376,0.900990099009901,0.03948553698328494,0.0533884297520661,cleveland,22,19f9a06a8f411f2cb0bfc83a470b8abe9be3e8d2481b8d5686994f21903b99e1
l1_logistic,0.75,9,12,rf,none,1460795591,0.8184818481848185,0.8886646780136868,0.13291250458379172,0.06756875687568759,0.08506963755123588,0.020953470633104487,0.08545557668568379,0.3440289426713324,0.2779683613647574,1.2343234323432344,0.900990099009901,0.0546491842658392,0.05683195592286498,cleveland,22,19f9a06a8f411f2cb0bfc83a470b8abe9be3e8d2481b8d5686994f21903b99e1
l1_logistic,0.5,6,12,rf,none,1460795591,0.7953795379537953,0.8724995613265485,0.14409603955958733,0.07456159070446829,0.11187143920027129,0.04821700991609468,0.0053982099499408215,0.3415661087213511,0.2717909536751827,1.2607260726072607,0.900990099009901,0.02432188970073057,0.06738539321511178,cleveland,22,19f9a06a8f411f2cb0bfc83a470b8abe9be3e8d2481b8d5686994f21903b99e1
l1_logistic,0.33,4,12,rf,none,1460795591,0.7557755775577558,0.8381514300754518,0.1696046332573094,0.12581793273862815,0.13655698034715114,0.026748029494024994,0.0282370612018151,0.32220409769114033,0.25453503554382906,1.3366336633663367,0.900990099009901,0.00915824241817631,0.10156771057864396,cleveland,22,19f9a06a8f411f2cb0bfc83a470b8abe9be3e8d2481b8d5686994f21903b99e1
l1_logistic,0.25,3,12,rf,none,1460795591,0.7887788778877888,0.8533295314967538,0.15634018403232766,0.07668245383738832,0.11327274592006994,0.036440376303076505,0.012019485884454437,0.32714012456610764,0.2726119858048009,1.3267326732673268,0.900990099009901,0.0546491842658392,0.07689630700230146,cleveland,22,19f9a06a8f411f2cb0bfc83a470b8abe9be3e8d2481b8d5686994f21903b99e1
l1_logistic,1.0,12,12,rf,none,1977805209,0.8151815181518152,0.8782023161958239,0.13885148514851486,0.058217821782178235,0.08985536378432585,0.055848588863463,0.04871951422947314,0.3361307917527958,0.27571685756262343,1.273927392739274,0.9042904290429042,0.03463116805124611,0.04820936639118456,cleveland,23,19f9a06a8f411f2cb0bfc83a470b8abe9be3e8d2481b8d5686994f21903b99e1
l1_logistic,0.75,9,12,rf,none,1977805209,0.8085808580858086,0.8734646429198105,0.14136237623762377,0.05104510451045106,0.08664678493023979,0.04964975845410635,0.045749507890434776,0.33280856274573056,0.2661889519542635,1.283828382838284,0.9108910891089109,0.05524972475227696,0.05052341597796153,cleveland,23,19f9a06a8f411f2cb0bfc83a470b8abe9be3e8d2481b8d5686994f21903b99e1
l1_logistic,0.5,6,12,rf,none,1977805209,0.7920792079207921,0.8695385155290403,0.14870190212383338,0.09133228868853334,0.08802070319960557,0.01021103483346042,0.04408744553568453,0.32224328884147296,0.26952292555729535,1.2607260726072607,0.9042904290429042,0.04979481533380037,0.08879533746245369,cleveland,23,19f9a06a8f411f2cb0bfc83a470b8abe9be3e8d2481b8d5686994f21903b99e1
l1_logistic,0.33,4,12,rf,none,1977805209,0.7755775577557755,0.8438980522898754,0.16844671336676792,0.12645928824199,0.1167478331984907,0.00784197813373999,0.008873739396187824,0.3144470849253955,0.2767165309265423,1.3498349834983498,0.900990099009901,0.02432188970073057,0.11574062867358162,cleveland,23,19f9a06a8f411f2cb0bfc83a470b8abe9be3e8d2481b8d5686994f21903b99e1
l1_logistic,0.25,3,12,rf,none,1977805209,0.8184818481848185,0.825100894893841,0.15960402803597779,0.11598658010776212,0.17348187165360848,0.002043605390287251,0.011306422933445637,0.31714783017752946,0.25975385116842764,1.3597359735973598,0.900990099009901,0.0546491842658392,0.10770208060927736,cleveland,23,19f9a06a8f411f2cb0bfc83a470b8abe9be3e8d2481b8d5686994f21903b99e1
l1_logistic,1.0,12,12,rf,none,618833180,0.8184818481848185,0.8913186523951571,0.13231463146314631,0.05467546754675467,0.07473529451252894,0.05783562166285261,0.08158742868581735,0.34243722787151415,0.280823472804151,1.231023102310231,0.9075907590759076,0.044940446401761536,0.0427823691460055,cleveland,24,19f9a06a8f411f2cb0bfc83a470b8abe9be3e8d2481b8d5686994f21903b99e1
l1_logistic,0.75,9,12,rf,none,618833180,0.7953795379537953,0.8796280049131426,0.1376013201320132,0.07724972497249724,0.08488842842873219,0.06418128654970756,0.05055016181229771,0.3393001895851306,0.267260985518074,1.2508250825082508,0.9042904290429042,0.03463116805124611,0.06713498622589524,cleveland,24,19f9a06a8f411f2cb0bfc83a470b8abe9be3e8d2481b8d5686994f21903b99e1
l1_logistic,0.5,6,12,rf,none,618833180,0.8052805280528053,0.8737497806632741,0.14309157569857725,0.06510556690589693,0.09922128632805312,0.08026252224764818,0.003815438127118695,0.33380010091552587,0.2390368228328332,1.2640264026402641,0.900990099009901,0.03948553698328494,0.0589429905111723,cleveland,24,19f9a06a8f411f2cb0bfc83a470b8abe9be3e8d2481b8d5686994f21903b99e1
l1_logistic,0.33,4,12,rf,none,618833180,0.7524752475247525,0.8496666081768731,0.16775663151357256,0.11466477202801761,0.11421156374694091,0.04970251716247154,0.01206331459281268,0.3280878205620092,0.2624150887958521,1.297029702970297,0.900990099009901,0.0546491842658392,0.09294816857012836,cleveland,24,19f9a06a8f411f2cb0bfc83a470b8abe9be3e8d2481b8d5686994f21903b99e1
l1_logistic,0.25,3,12,rf,none,618833180,0.7524752475247525,0.8052947885593964,0.1868097721334639,0.12122991445813969,0.17544437227947957,0.04570111873887639,0.042420806479582726,0.31514380308006057,0.2827710004664812,1.4191419141914192,0.900990099009901,0.03948553698328494,0.128887656662776,cleveland,24,19f9a06a8f411f2cb0bfc83a470b8abe9be3e8d2481b8d5686994f21903b99e1
l1_logistic,1.0,12,12,rf,none,1554253917,0.801980198019802,0.8854184944727146,0.13597843784378438,0.06360836083608362,0.08611036965877403,0.05975464022374766,0.055387515430554216,0.33745192078214725,0.2774461341663702,1.221122112211221,0.900990099009901,0.06981283154839346,0.05396694214876031,cleveland,25,19f9a06a8f411f2cb0bfc83a470b8abe9be3e8d2481b8d5686994f21903b99e1
l1_logistic,0.75,9,12,rf,none,1554253917,0.801980198019802,0.8744516581856466,0.1413757242390906,0.06950495049504951,0.0905269599321978,0.05443173150266967,0.006253961899042482,0.33448399496392045,0.26834966868356025,1.2706270627062706,0.900990099009901,0.0546491842658392,0.06876033057851251,cleveland,25,19f9a06a8f411f2cb0bfc83a470b8abe9be3e8d2481b8d5686994f21903b99e1
l1_logistic,0.5,6,12,rf,none,1554253917,0.768976897689769,0.8512019652570627,0.15938327618057735,0.10005133393267276,0.10572148770556075,0.04623887617594713,0.0014749520891608747,0.320395512840677,0.27273929198634883,1.363036303630363,0.9075907590759076,0.07526774096687017,0.09248414317028218,cleveland,25,19f9a06a8f411f2cb0bfc83a470b8abe9be3e8d2481b8d5686994f21903b99e1
l1_logistic,0.33,4,12,rf,none,1554253917,0.759075907590759,0.8371205474644674,0.17627600223746429,0.11990897010614787,0.13635152220488786,0.06948893974065595,0.061390157664410486,0.3208851784942035,0.2589567444599026,1.33993399339934,0.900990099009901,0.06981283154839346,0.11890863212028863,cleveland,25,19f9a06a8f411f2cb0bfc83a470b8abe9be3e8d2481b8d5686994f21903b99e1
l1_logistic,0.25,3,12,rf,none,1554253917,0.7953795379537953,0.8413537462712756,0.16057236146116347,0.11241351434587463,0.13309886893858158,0.056394609712687505,0.018296409342110062,0.32472508961063756,0.26432085430671365,1.33993399339934,0.900990099009901,0.08497647883094794,0.10435800456828191,cleveland,25,19f9a06a8f411f2cb0bfc83a470b8abe9be3e8d2481b8d5686994f21903b99e1
l1_logistic,1.0,12,12,rf,none,1942616418,0.8184818481848185,0.8872828566415161,0.13391477814448113,0.06701870187018702,0.08413635097455877,0.027953852021357695,0.04272478564040974,0.34187527292793274,0.28173234730454494,1.2409240924092408,0.900990099009901,0.0546491842658392,0.0581267217630854,cleveland,26,19f9a06a8f411f2cb0bfc83a470b8abe9be3e8d2481b8d5686994f21903b99e1
l1_logistic,0.75,9,12,rf,none,1942616418,0.8085808580858086,0.8775443060185997,0.13903248991565823,0.054301430143014286,0.09474618023021344,0.026565598779557553,0.03307610182497578,0.3371390038939617,0.2667677783635866,1.2409240924092408,0.900990099009901,0.0546491842658392,0.047079889807162545,cleveland,26,19f9a06a8f411f2cb0bfc83a470b8abe9be3e8d2481b8d5686994f21903b99e1
l1_logistic,0.5,6,12,rf,none,1942616418,0.7953795379537953,0.8606992454816633,0.1481695195448936,0.06360448939005037,0.11181215446595251,0.004425375031782419,0.039103004398347324,0.3293885463450243,0.2728756335064617,1.2607260726072607,0.900990099009901,0.03948553698328494,0.06589831602053749,cleveland,26,19f9a06a8f411f2cb0bfc83a470b8abe9be3e8d2481b8d5686994f21903b99e1
l1_logistic,0.33,4,12,rf,none,1942616418,0.7986798679867987,0.8703939287594313,0.14460766104232156,0.07889366843151549,0.10467434730588358,0.041367276887871784,0.008655468769728558,0.33649020456641177,0.26329496046109646,1.231023102310231,0.900990099009901,0.08497647883094794,0.08290193446364288,cleveland,26,19f9a06a8f411f2cb0bfc83a470b8abe9be3e8d2481b8d5686994f21903b99e1
l1_logistic,0.25,3,12,rf,none,1942616418,0.8217821782178217,0.8749341989822778,0.13901706353981735,0.06950685744790859,0.10313850612659717,0.0415980167810831,0.012149811059648088,0.33869884692649166,0.2652981281200192,1.2475247524752475,0.900990099009901,0.0546491842658392,0.0555573821351413,cleveland,26,19f9a06a8f411f2cb0bfc83a470b8abe9be3e8d2481b8d5686994f21903b99e1
l1_logistic,1.0,12,12,rf,none,648315551,0.8184818481848185,0.8938190910686085,0.13001877521085442,0.06290429042904289,0.07051630408543384,0.033002161200101576,0.05254495712808191,0.3425803838537909,0.288969326616487,1.2112211221122111,0.900990099009901,0.03948553698328494,0.05713498622589534,cleveland,27,19f9a06a8f411f2cb0bfc83a470b8abe9be3e8d2481b8d5686994f21903b99e1
l1_logistic,0.75,9,12,rf,none,648315551,0.8085808580858086,0.8878092647832954,0.13233443344334433,0.05478547854785478,0.07530654831229108,0.02751017035341974,0.0457274880725987,0.34042281325208257,0.27103330294992745,1.2244224422442245,0.9042904290429042,0.019467520768691737,0.05264462809917353,cleveland,27,19f9a06a8f411f2cb0bfc83a470b8abe9be3e8d2481b8d5686994f21903b99e1
l1_logistic,0.5,6,12,rf,none,648315551,0.7920792079207921,0.8610940515879979,0.15451687691687682,0.07765608885223932,0.09859051358620789,0.059933892702771496,0.017566731879670824,0.32203755085665,0.2518741995697026,1.2805280528052805,0.900990099009901,0.0546491842658392,0.08015322951659146,cleveland,27,19f9a06a8f411f2cb0bfc83a470b8abe9be3e8d2481b8d5686994f21903b99e1
l1_logistic,0.33,4,12,rf,none,648315551,0.7557755775577558,0.832514476223899,0.1707260737594315,0.1155747088891158,0.12797912938917547,0.05280066107297221,0.015779556603228356,0.3137773568876768,0.28479476680549065,1.3267326732673268,0.900990099009901,0.03948553698328494,0.09710119283785501,cleveland,27,19f9a06a8f411f2cb0bfc83a470b8abe9be3e8d2481b8d5686994f21903b99e1
l1_logistic,0.25,3,12,rf,none,648315551,0.7722772277227723,0.8095499210387787,0.17661289954911077,0.1406052486274714,0.15281956427092672,0.06627955758962634,0.0595723127928538,0.3017722607404732,0.2853797797519895,1.3828382838283828,0.900990099009901,0.00915824241817631,0.1390287716846413,cleveland,27,19f9a06a8f411f2cb0bfc83a470b8abe9be3e8d2481b8d5686994f21903b99e1
l1_logistic,1.0,12,12,rf,none,1463344159,0.8184818481848185,0.8933804176171258,0.13132511917858453,0.07152915291529152,0.07983709376165396,0.05742753623188401,0.06491742568311479,0.34581094643354743,0.2854314885986381,1.2013201320132014,0.9042904290429042,0.06495846261635463,0.06426997245179066,cleveland,28,19f9a06a8f411f2cb0bfc83a470b8abe9be3e8d2481b8d5686994f21903b99e1
l1_logistic,0.75,9,12,rf,none,1463344159,0.8118811881188119,0.8790796630987893,0.1371018701870187,0.06952695269526951,0.09282498622090078,0.018906687007373524,0.03646815467253858,0.337882326249186,0.28902079542166387,1.221122112211221,0.900990099009901,0.02432188970073057,0.06206611570247933,cleveland,28,19f9a06a8f411f2cb0bfc83a470b8abe9be3e8d2481b8d5686994f21903b99e1
l1_logistic,0.5,6,12,rf,none,1463344159,0.7656765676567657,0.8526057203018073,0.15490435997782512,0.07411416605830054,0.1198414167253924,0.034705695397914904,0.009968020831599755,0.3194445506023218,0.26261589482804926,1.2904290429042904,0.900990099009901,0.06981283154839346,0.055378265981872364,cleveland,28,19f9a06a8f411f2cb0bfc83a470b8abe9be3e8d2481b8d5686994f21903b99e1
l1_logistic,0.33,4,12,rf,none,1463344159,0.7788778877887789,0.8547113528689243,0.1587275956216699,0.08855013186225025,0.11138267284177018,0.00026824307144668325,0.024821148304819407,0.32921566164443633,0.285442478148713,1.2871287128712872,0.9042904290429042,0.03463116805124611,0.09276082786228251,cleveland,28,19f9a06a8f411f2cb0bfc83a470b8abe9be3e8d2481b8d5686994f21903b99e1
l1_logistic,0.25,3,12,rf,none,1463344159,0.7788778877887789,0.8384585014914897,0.16117742544316616,0.09757363467931528,0.12616013649077534,0.030131578947368287,0.03669956999992198,0.320546965657925,0.28760044472860385,1.3201320132013201,0.900990099009901,0.02432188970073057,0.10304853492863145,cleveland,28,19f9a06a8f411f2cb0bfc83a470b8abe9be3e8d2481b8d5686994f21903b99e1
l1_logistic,1.0,12,12,rf,none,4084139467,0.7986798679867987,0.8817994384979821,0.13674675467546754,0.05419141914191417,0.08684962594381584,0.018179506737859064,0.04505554999499549,0.33849344544104615,0.2891045601455714,1.2442244224422443,0.9075907590759076,0.029776799119207276,0.05369146005509645,cleveland,29,19f9a06a8f411f2cb0bfc83a470b8abe9be3e8d2481b8d5686994f21903b99e1
l1_logistic,0.75,9,12,rf,none,4084139467,0.7920792079207921,0.8774785050008774,0.13734536120278695,0.07414741474147413,0.09172876589344968,0.021364734299516908,0.07006939578954395,0.33579728323461133,0.2684685756253196,1.2046204620462047,0.9042904290429042,0.06495846261635463,0.07385674931129485,cleveland,29,19f9a06a8f411f2cb0bfc83a470b8abe9be3e8d2481b8d5686994f21903b99e1
l1_logistic,0.5,6,12,rf,none,4084139467,0.7986798679867987,0.8705693981400245,0.14627716955652817,0.08726782178241575,0.0948113513279813,0.04756928553267237,0.013329554411924238,0.3334477519424864,0.24812056309011732,1.2673267326732673,0.9042904290429042,0.06495846261635463,0.0808392324773398,cleveland,29,19f9a06a8f411f2cb0bfc83a470b8abe9be3e8d2481b8d5686994f21903b99e1
l1_logistic,0.33,4,12,rf,none,4084139467,0.7854785478547854,0.8471881031759958,0.16878878343068515,0.1412601628157819,0.11729837871261647,0.022839435545385256,0.001564943869367147,0.3231598838361352,0.27761394613274254,1.3498349834983498,0.900990099009901,0.06981283154839346,0.1269737939226436,cleveland,29,19f9a06a8f411f2cb0bfc83a470b8abe9be3e8d2481b8d5686994f21903b99e1
l1_logistic,0.25,3,12,rf,none,4084139467,0.7953795379537953,0.8350368485699244,0.16311724901222843,0.10966797090097176,0.14397909181909108,0.04192664632595977,0.03017744366578283,0.32784947087183314,0.2996925052281209,1.3036303630363035,0.900990099009901,0.00915824241817631,0.09555824285267833,cleveland,29,19f9a06a8f411f2cb0bfc83a470b8abe9be3e8d2481b8d5686994f21903b99e1
l1_logistic,1.0,12,12,gb,none,4253602082,0.768976897689769,0.8398403228636603,0.17184333683960673,0.1412988084661716,0.11800682982255666,0.003980422069666978,0.010072844377270518,0.3084023648087146,0.2636312663845974,1.316831683168317,0.900990099009901,0.0546491842658392,0.1357157545904139,cleveland,0,19f9a06a8f411f2cb0bfc83a470b8abe9be3e8d2481b8d5686994f21903b99e1
l1_logistic,0.75,9,12,gb,none,4253602082,0.7755775577557755,0.8420336901210739,0.17252587492614252,0.12351607130727807,0.1109375868293235,0.02564200355962376,0.0035115622704858795,0.3120332634693623,0.2426075808105438,1.3498349834983498,0.900990099009901,0.03948553698328494,0.1238617875855441,cleveland,0,19f9a06a8f411f2cb0bfc83a470b8abe9be3e8d2481b8d5686994f21903b99e1
l1_logistic,0.5,6,12,gb,none,4253602082,0.7788778877887789,0.8506755571152834,0.16326313762482317,0.11629156172445934,0.11466946626324952,0.0339816933638446,0.05867839058308394,0.316276816054955,0.23554141014016106,1.316831683168317,0.900990099009901,0.08497647883094794,0.10528947112652154,cleveland,0,19f9a06a8f411f2cb0bfc83a470b8abe9be3e8d2481b8d5686994f21903b99e1
l1_logistic,0.33,4,12,gb,none,4253602082,0.7755775577557755,0.8550184242849623,0.1557729972601198,0.1021861312950527,0.11115877190648998,0.032800661072972415,0.032057802363761476,0.3151848604704048,0.27876598259489993,1.2871287128712872,0.900990099009901,0.03948553698328494,0.07876154131927567,cleveland,0,19f9a06a8f411f2cb0bfc83a470b8abe9be3e8d2481b8d5686994f21903b99e1
l1_logistic,0.25,3,12,gb,none,4253602082,0.7953795379537953,0.848833128619056,0.150589501509547,0.07452833568001858,0.12713340141696697,0.03135265700483081,0.040312934647626864,0.3260422888763127,0.2941688993553052,1.306930693069307,0.9042904290429042,0.03463116805124611,0.053720166383418845,cleveland,0,19f9a06a8f411f2cb0bfc83a470b8abe9be3e8d2481b8d5686994f21903b99e1
l1_logistic,1.0,12,12,gb,none,2680468109,0.7986798679867987,0.8635286892437269,0.15895607687374091,0.1113773961051873,0.09380512175539304,0.0295461479786423,0.013039097348389747,0.31872530064752186,0.24218425931525198,1.273927392739274,0.900990099009901,0.0546491842658392,0.11606796753308585,cleveland,1,19f9a06a8f411f2cb0bfc83a470b8abe9be3e8d2481b8d5686994f21903b99e1
l1_logistic,0.75,9,12,gb,none,2680468109,0.768976897689769,0.855150026320407,0.15843179468114388,0.12099919616875252,0.11248560545816332,0.024843630816171025,0.014031860607117197,0.32296542625446323,0.25704195882713,1.2277227722772277,0.900990099009901,0.0546491842658392,0.10007577075773161,cleveland,1,19f9a06a8f411f2cb0bfc83a470b8abe9be3e8d2481b8d5686994f21903b99e1
l1_logistic,0.5,6,12,gb,none,2680468109,0.7755775577557755,0.8464423583084753,0.161722392342819,0.10342107646168969,0.11519050860546103,0.06726036104754629,0.03657104131335513,0.32090297801183904,0.22686576070536169,1.283828382838284,0.900990099009901,0.08497647883094794,0.10706508805794071,cleveland,1,19f9a06a8f411f2cb0bfc83a470b8abe9be3e8d2481b8d5686994f21903b99e1
l1_logistic,0.33,4,12,gb,none,2680468109,0.7920792079207921,0.8690779084049833,0.145955485862864,0.10317807812683719,0.11132090690016225,0.08602847698957528,0.03910550938323315,0.33691560149356553,0.2580064222327353,1.2442244224422443,0.900990099009901,0.0546491842658392,0.09695462615737915,cleveland,1,19f9a06a8f411f2cb0bfc83a470b8abe9be3e8d2481b8d5686994f21903b99e1
l1_logistic,0.25,3,12,gb,none,2680468109,0.8151815181518152,0.8520354448148798,0.14556128222324763,0.06799770829540973,0.12215449797305356,0.007773963895245428,0.01266072029765615,0.3330344345371112,0.2772831458686388,1.3465346534653466,0.9075907590759076,0.044940446401761536,0.061253068533742495,cleveland,1,19f9a06a8f411f2cb0bfc83a470b8abe9be3e8d2481b8d5686994f21903b99e1
l1_logistic,1.0,12,12,gb,none,3328758720,0.7986798679867987,0.8602825057027548,0.1597814488819261,0.1226673425349202,0.10398497974669657,0.03906051360284768,0.0026268832461761593,0.32498140787206037,0.2478681465769766,1.3267326732673268,0.900990099009901,0.02432188970073057,0.12286660762049503,cleveland,2,19f9a06a8f411f2cb0bfc83a470b8abe9be3e8d2481b8d5686994f21903b99e1
l1_logistic,0.75,9,12,gb,none,3328758720,0.7821782178217822,0.85304439375329,0.16153811417867098,0.13104710698633557,0.11621401366430081,0.05025298754131702,0.0445218863847595,0.32796084453044094,0.2653507935323748,1.3333333333333333,0.900990099009901,0.0546491842658392,0.10510045632482824,cleveland,2,19f9a06a8f411f2cb0bfc83a470b8abe9be3e8d2481b8d5686994f21903b99e1
l1_logistic,0.5,6,12,gb,none,3328758720,0.7887788778877888,0.8504342867169677,0.1569720060491563,0.11464163024444965,0.12438493823442681,0.008858377828629638,0.02204318353434319,0.32709623790738396,0.2881197676921454,1.273927392739274,0.900990099009901,0.02432188970073057,0.1090429479318826,cleveland,2,19f9a06a8f411f2cb0bfc83a470b8abe9be3e8d2481b8d5686994f21903b99e1
l1_logistic,0.33,4,12,gb,none,3328758720,0.7854785478547854,0.863353219863134,0.15767489100394272,0.09390614851095033,0.10573992048036275,0.04332189168573597,0.0006486533102023073,0.3316583799901345,0.2730211957571374,1.2805280528052805,0.900990099009901,0.03948553698328494,0.10193873623410121,cleveland,2,19f9a06a8f411f2cb0bfc83a470b8abe9be3e8d2481b8d5686994f21903b99e1
l1_logistic,0.25,3,12,gb,none,3328758720,0.7920792079207921,0.8434813125109668,0.15726352041994157,0.06785368666504688,0.1379590674494628,0.021941901856089574,0.023610266490741813,0.32924119252002265,0.26650967690059757,1.3036303630363035,0.900990099009901,0.02432188970073057,0.05514179738670591,cleveland,2,19f9a06a8f411f2cb0bfc83a470b8abe9be3e8d2481b8d5686994f21903b99e1
l1_logistic,1.0,12,12,gb,none,2569664013,0.7953795379537953,0.8640550973855061,0.15783984053417913,0.09904311628694648,0.09937954794597714,0.022879481311975702,0.006832658400502345,0.32344830479196973,0.2637026775396174,1.283828382838284,0.900990099009901,0.03948553698328494,0.10345500040901655,cleveland,3,19f9a06a8f411f2cb0bfc83a470b8abe9be3e8d2481b8d5686994f21903b99e1
l1_logistic,0.75,9,12,gb,none,2569664013,0.7788778877887789,0.8563344446394103,0.16294407549300208,0.11390033382177175,0.11174234743851831,0.0009229595728451612,0.02535160401901071,0.32245359071789836,0.27867018847522157,1.2772277227722773,0.900990099009901,0.03948553698328494,0.1153298806299534,cleveland,3,19f9a06a8f411f2cb0bfc83a470b8abe9be3e8d2481b8d5686994f21903b99e1
l1_logistic,0.5,6,12,gb,none,2569664013,0.8118811881188119,0.8697139849096334,0.1428427171899532,0.09055524382367192,0.10376655830556203,0.015537121789982122,0.0083611391376551,0.3385843823682176,0.268315238639549,1.2343234323432344,0.900990099009901,0.02432188970073057,0.09101365431516087,cleveland,3,19f9a06a8f411f2cb0bfc83a470b8abe9be3e8d2481b8d5686994f21903b99e1
l1_logistic,0.33,4,12,gb,none,2569664013,0.7953795379537953,0.8535708018950693,0.15327001905666998,0.07775212708366507,0.12140652051662991,0.02237795575896262,0.002130898970325479,0.32831212096067564,0.2593441941772353,1.3036303630363035,0.900990099009901,0.03948553698328494,0.07990387723740404,cleveland,3,19f9a06a8f411f2cb0bfc83a470b8abe9be3e8d2481b8d5686994f21903b99e1
l1_logistic,0.25,3,12,gb,none,2569664013,0.8217821782178217,0.8653272503948061,0.13857209534535342,0.08837157302733192,0.11451478776398519,0.02787058225273331,0.04995414328245179,0.3387588040219568,0.27124873271192357,1.2805280528052805,0.9042904290429042,0.03463116805124611,0.0771846552982247,cleveland,3,19f9a06a8f411f2cb0bfc83a470b8abe9be3e8d2481b8d5686994f21903b99e1
l1_logistic,1.0,12,12,gb,none,2511905018,0.7656765676567657,0.851245832602211,0.17198551160711031,0.12737600207420519,0.11598726721851578,0.00284515636918381,0.03567397681971235,0.3106506716945833,0.2771834288000491,1.3102310231023102,0.900990099009901,0.03948553698328494,0.11607749540123649,cleveland,4,19f9a06a8f411f2cb0bfc83a470b8abe9be3e8d2481b8d5686994f21903b99e1
l1_logistic,0.75,9,12,gb,none,2511905018,0.7821782178217822,0.8557641691524828,0.16128088865366855,0.1294334265174359,0.10565746962200775,0.042960844139333876,0.024948365714491327,0.3183240441317579,0.25053320100964527,1.297029702970297,0.900990099009901,0.03948553698328494,0.1073615347399378,cleveland,4,19f9a06a8f411f2cb0bfc83a470b8abe9be3e8d2481b8d5686994f21903b99e1
l1_logistic,0.5,6,12,gb,none,2511905018,0.7623762376237624,0.8358045271100192,0.17105018159706872,0.11912599906943447,0.12502962185469754,0.022882659547419304,0.009471668106081188,0.3034274517987802,0.2637460670976854,1.3564356435643565,0.900990099009901,0.0546491842658392,0.10752792245458237,cleveland,4,19f9a06a8f411f2cb0bfc83a470b8abe9be3e8d2481b8d5686994f21903b99e1
l1_logistic,0.33,4,12,gb,none,2511905018,0.7821782178217822,0.8571240568520793,0.15341526142178352,0.09016031005493548,0.10613136888669161,0.03433129926264944,0.024762206775579734,0.3231951410068889,0.27209719010747585,1.2673267326732673,0.900990099009901,0.03948553698328494,0.07901042139770573,cleveland,4,19f9a06a8f411f2cb0bfc83a470b8abe9be3e8d2481b8d5686994f21903b99e1
l1_logistic,0.25,3,12,gb,none,2511905018,0.7920792079207921,0.8605018424284963,0.14889144945116,0.061490202407622686,0.10373802111864472,0.015204042715484367,0.002509483993371836,0.3273614445143584,0.284431894910821,1.2409240924092408,0.900990099009901,0.02432188970073057,0.04867588806299101,cleveland,4,19f9a06a8f411f2cb0bfc83a470b8abe9be3e8d2481b8d5686994f21903b99e1
l1_logistic,1.0,12,12,gb,none,2288854224,0.7920792079207921,0.8581330057904895,0.1587204789030957,0.09570647890931046,0.11098688606973867,0.06653826595474199,0.04360191909963655,0.3223744233275831,0.2403418967741613,1.2871287128712872,0.900990099009901,0.0546491842658392,0.10029718300104537,cleveland,5,19f9a06a8f411f2cb0bfc83a470b8abe9be3e8d2481b8d5686994f21903b99e1
l1_logistic,0.75,9,12,gb,none,2288854224,0.7788778877887789,0.8542288120722933,0.16395383476795544,0.11730194703934449,0.11060498632757321,0.052334096109839745,0.053897508201012634,0.31941448655203714,0.25015854252814157,1.2904290429042904,0.900990099009901,0.0546491842658392,0.11097904293905146,cleveland,5,19f9a06a8f411f2cb0bfc83a470b8abe9be3e8d2481b8d5686994f21903b99e1
l1_logistic,0.5,6,12,gb,none,2288854224,0.7953795379537953,0.8511800315844885,0.15911331107823878,0.11405047419313676,0.1165625796524422,0.04190503432494275,0.06688159206025573,0.3192294782471531,0.25311470179890727,1.2805280528052805,0.900990099009901,0.0546491842658392,0.09662358924377938,cleveland,5,19f9a06a8f411f2cb0bfc83a470b8abe9be3e8d2481b8d5686994f21903b99e1
l1_logistic,0.33,4,12,gb,none,2288854224,0.7986798679867987,0.84530180733462,0.15374497133361803,0.09696639253644071,0.151160823280095,0.07704233409610983,0.04678197187368498,0.333326101373361,0.2437665470094284,1.2541254125412542,0.900990099009901,0.06981283154839346,0.08989456267758825,cleveland,5,19f9a06a8f411f2cb0bfc83a470b8abe9be3e8d2481b8d5686994f21903b99e1
l1_logistic,0.25,3,12,gb,none,2288854224,0.7887788778877888,0.8416827513598877,0.15530052852682294,0.08223947160816887,0.14833607356920706,0.0834992372234934,0.014818950559984986,0.32353517080691746,0.22627841115106437,1.2904290429042904,0.9042904290429042,0.06495846261635463,0.08011084272453334,cleveland,5,19f9a06a8f411f2cb0bfc83a470b8abe9be3e8d2481b8d5686994f21903b99e1
l1_logistic,1.0,12,12,gb,none,3120325275,0.7821782178217822,0.8463765572907529,0.1727336268652902,0.12954951404408294,0.11482535668995636,0.03505847953216368,0.04627529371244034,0.31443885871471383,0.25213246788883925,1.353135313531353,0.900990099009901,0.06981283154839346,0.14017380193285905,cleveland,6,19f9a06a8f411f2cb0bfc83a470b8abe9be3e8d2481b8d5686994f21903b99e1
l1_logistic,0.75,9,12,gb,none,3120325275,0.7656765676567657,0.8412879452535531,0.17561409649733173,0.1432082794825369,0.11877909522284852,0.017557843885074975,0.04304631965214312,0.30720662656391573,0.25625886913512297,1.2937293729372936,0.900990099009901,0.0546491842658392,0.12107105603225583,cleveland,6,19f9a06a8f411f2cb0bfc83a470b8abe9be3e8d2481b8d5686994f21903b99e1
l1_logistic,0.5,6,12,gb,none,3120325275,0.7788778877887789,0.8458720828215476,0.1666083004931829,0.1132821173678191,0.14582404660320664,0.09025489448258317,0.04227558718713491,0.3241514386044277,0.25812794452988364,1.273927392739274,0.900990099009901,0.08497647883094794,0.10011840788486127,cleveland,6,19f9a06a8f411f2cb0bfc83a470b8abe9be3e8d2481b8d5686994f21903b99e1
l1_logistic,0.33,4,12,gb,none,3120325275,0.7854785478547854,0.8386339708720829,0.15670381903081773,0.10676092914428427,0.14249294017087627,0.022543859649122866,0.0312803853742684,0.3228992985340205,0.2525637566007971,1.2673267326732673,0.9042904290429042,0.03463116805124611,0.10834533928106752,cleveland,6,19f9a06a8f411f2cb0bfc83a470b8abe9be3e8d2481b8d5686994f21903b99e1
l1_logistic,0.25,3,12,gb,none,3120325275,0.7986798679867987,0.8518161080891385,0.15281162502274773,0.10854547664262122,0.1318149713654878,0.06452199338927012,0.06336496224471565,0.3284806469861876,0.24134274617184062,1.2904290429042904,0.9042904290429042,0.004303873486137477,0.10941448075364085,cleveland,6,19f9a06a8f411f2cb0bfc83a470b8abe9be3e8d2481b8d5686994f21903b99e1
l1_logistic,1.0,12,12,gb,none,1115076927,0.7755775577557755,0.8659413932268818,0.15879279984436984,0.1174939934216643,0.0974049532162292,0.040138571065344464,0.044856324340156115,0.3294753787592859,0.25002138405201146,1.2772277227722773,0.900990099009901,0.03948553698328494,0.10064889379170079,cleveland,7,19f9a06a8f411f2cb0bfc83a470b8abe9be3e8d2481b8d5686994f21903b99e1
l1_logistic,0.75,9,12,gb,none,1115076927,0.7755775577557755,0.8549745569398141,0.16036654065862246,0.1148864012264769,0.11213755466421302,0.020026697177726982,0.008438575588870845,0.32556275534091106,0.2956375669995563,1.2640264026402641,0.900990099009901,0.00915824241817631,0.09511868269346585,cleveland,7,19f9a06a8f411f2cb0bfc83a470b8abe9be3e8d2481b8d5686994f21903b99e1
l1_logistic,0.5,6,12,gb,none,1115076927,0.7821782178217822,0.8604579750833479,0.15317022871304342,0.12025555038269332,0.10839412846469768,0.01136536994660553,0.011604168544552346,0.3349701633827183,0.2742674290811232,1.2607260726072607,0.900990099009901,0.03948553698328494,0.09748596755125727,cleveland,7,19f9a06a8f411f2cb0bfc83a470b8abe9be3e8d2481b8d5686994f21903b99e1
l1_logistic,0.33,4,12,gb,none,1115076927,0.801980198019802,0.8687708369889454,0.14452912932807407,0.07033912309095826,0.10498279638626754,0.054047800661073064,0.00507893011715517,0.33860305906543225,0.27481038932346613,1.2376237623762376,0.900990099009901,0.03948553698328494,0.07225205041050628,cleveland,7,19f9a06a8f411f2cb0bfc83a470b8abe9be3e8d2481b8d5686994f21903b99e1
l1_logistic,0.25,3,12,gb,none,1115076927,0.8118811881188119,0.8565537813651518,0.14635457664565546,0.0877984635928678,0.1130009810142753,0.00937833714721592,0.022642032798968356,0.33282107163233315,0.2731327839280624,1.2805280528052805,0.900990099009901,0.03948553698328494,0.07904060461536354,cleveland,7,19f9a06a8f411f2cb0bfc83a470b8abe9be3e8d2481b8d5686994f21903b99e1
l1_logistic,1.0,12,12,gb,none,730164209,0.7920792079207921,0.8675206176522196,0.1539466103903023,0.09677746182028213,0.09152058693995888,0.015616577676074272,0.036384645637951685,0.32695819961601424,0.2807303640736275,1.2607260726072607,0.900990099009901,0.0546491842658392,0.09356712320147302,cleveland,8,19f9a06a8f411f2cb0bfc83a470b8abe9be3e8d2481b8d5686994f21903b99e1
l1_logistic,0.75,9,12,gb,none,730164209,0.7623762376237624,0.8544481487980348,0.16786626934152266,0.12637909875686523,0.10149232300337314,0.03296465802186621,0.028868594046565194,0.31139064015877727,0.25694308641426855,1.3102310231023102,0.900990099009901,0.03948553698328494,0.11371059182693545,cleveland,8,19f9a06a8f411f2cb0bfc83a470b8abe9be3e8d2481b8d5686994f21903b99e1
l1_logistic,0.5,6,12,gb,none,730164209,0.7854785478547854,0.8513993683102299,0.16250061522302933,0.10736117830868411,0.11048592982000527,0.01147025171624716,0.01944491030497185,0.31906243938945456,0.27030232585491776,1.3201320132013201,0.900990099009901,0.03948553698328494,0.10060120824529761,cleveland,8,19f9a06a8f411f2cb0bfc83a470b8abe9be3e8d2481b8d5686994f21903b99e1
l1_logistic,0.33,4,12,gb,none,730164209,0.8085808580858086,0.8671258115458853,0.14676092570919044,0.07626244853103867,0.09971341237280873,0.03657513348588859,0.033539850267243265,0.3296947362641534,0.2827276960731471,1.2343234323432344,0.900990099009901,0.02432188970073057,0.0717886586029518,cleveland,8,19f9a06a8f411f2cb0bfc83a470b8abe9be3e8d2481b8d5686994f21903b99e1
l1_logistic,0.25,3,12,gb,none,730164209,0.7821782178217822,0.8360457975083347,0.1639164087748749,0.09168921342403971,0.13349372633040635,0.008425502161200082,0.019093454337412524,0.3186978200885084,0.27613548646579633,1.306930693069307,0.900990099009901,0.03948553698328494,0.09022755487947237,cleveland,8,19f9a06a8f411f2cb0bfc83a470b8abe9be3e8d2481b8d5686994f21903b99e1
l1_logistic,1.0,12,12,gb,none,4100753639,0.7953795379537953,0.8627829443762064,0.15970370596515546,0.1207918051535733,0.09525649144738646,0.03000635647088734,0.025306949392231298,0.3198050856611305,0.2506179775077453,1.3135313531353134,0.900990099009901,0.03948553698328494,0.1148350180480012,cleveland,9,19f9a06a8f411f2cb0bfc83a470b8abe9be3e8d2481b8d5686994f21903b99e1
l1_logistic,0.75,9,12,gb,none,4100753639,0.7953795379537953,0.8647131075627303,0.15720103237390753,0.10203547256475613,0.09437455605872652,0.007813374014747132,0.011875381725086398,0.32588500023874173,0.26908256469652486,1.2673267326732673,0.900990099009901,0.03948553698328494,0.09662318910989671,cleveland,9,19f9a06a8f411f2cb0bfc83a470b8abe9be3e8d2481b8d5686994f21903b99e1
l1_logistic,0.5,6,12,gb,none,4100753639,0.7920792079207921,0.8536146692402176,0.16081188717400122,0.11264780873168104,0.1039028750292394,0.04382087465039408,0.03180665875501247,0.3163503642550808,0.25559535810302136,1.297029702970297,0.900990099009901,0.08497647883094794,0.10603931372456693,cleveland,9,19f9a06a8f411f2cb0bfc83a470b8abe9be3e8d2481b8d5686994f21903b99e1
l1_logistic,0.33,4,12,gb,none,4100753639,0.8052805280528053,0.8662923319880681,0.14705395861065554,0.0845121329268881,0.10959045073712605,0.06976862445969989,0.015072618477427566,0.33597817616241005,0.2468347479261012,1.2574257425742574,0.9042904290429042,0.09528575718146337,0.07518013506444476,cleveland,9,19f9a06a8f411f2cb0bfc83a470b8abe9be3e8d2481b8d5686994f21903b99e1
l1_logistic,0.25,3,12,gb,none,4100753639,0.8250825082508251,0.8542288120722934,0.14392370591172468,0.09232893786676943,0.12042311716214094,0.018204932621408543,0.03566833576623096,0.33390896282390764,0.260056155374577,1.2442244224422443,0.900990099009901,0.03948553698328494,0.06211973642579995,cleveland,9,19f9a06a8f411f2cb0bfc83a470b8abe9be3e8d2481b8d5686994f21903b99e1
l1_logistic,1.0,12,12,gb,none,2442818841,0.7986798679867987,0.86497631163362,0.15668796729058626,0.12310681394362549,0.0950025283325685,0.011399694889397294,0.00822255580628517,0.32414639443870574,0.2706302329723792,1.3036303630363035,0.900990099009901,0.03948553698328494,0.11267360008717978,cleveland,10,19f9a06a8f411f2cb0bfc83a470b8abe9be3e8d2481b8d5686994f21903b99e1
l1_logistic,0.75,9,12,gb,none,2442818841,0.7755775577557755,0.8604141077381997,0.15920132217877386,0.11825081047556554,0.10052889979485569,0.02274599542334088,0.04368077733377623,0.3193939167972503,0.2413972643809376,1.273927392739274,0.900990099009901,0.03948553698328494,0.09579861683013172,cleveland,10,19f9a06a8f411f2cb0bfc83a470b8abe9be3e8d2481b8d5686994f21903b99e1
l1_logistic,0.5,6,12,gb,none,2442818841,0.7755775577557755,0.84885506229163,0.1655572049132399,0.1258778628515301,0.12156422074270723,0.046071065344520656,0.04164400217396086,0.31452600014372123,0.24859207066780104,1.2937293729372936,0.900990099009901,0.08497647883094794,0.09712761284014843,cleveland,10,19f9a06a8f411f2cb0bfc83a470b8abe9be3e8d2481b8d5686994f21903b99e1
l1_logistic,0.33,4,12,gb,none,2442818841,0.7821782178217822,0.8578259343744515,0.15469897680577416,0.10370321747342567,0.1224440190156214,0.018999491482328934,0.01842923894130409,0.3262832782896316,0.26191929467484,1.2541254125412542,0.900990099009901,0.06981283154839346,0.08874214333879916,cleveland,10,19f9a06a8f411f2cb0bfc83a470b8abe9be3e8d2481b8d5686994f21903b99e1
l1_logistic,0.25,3,12,gb,none,2442818841,0.8217821782178217,0.8610063168977014,0.13960589190300282,0.07197380160915495,0.12653615976693786,0.012897279430460373,0.07316907145167476,0.3391773608995338,0.26618648478056695,1.2640264026402641,0.900990099009901,0.0546491842658392,0.06048368361379969,cleveland,10,19f9a06a8f411f2cb0bfc83a470b8abe9be3e8d2481b8d5686994f21903b99e1
l1_logistic,1.0,12,12,gb,none,1791129844,0.7854785478547854,0.8569924548166344,0.16280729601829694,0.10500949756199139,0.10675343081166513,0.01686753114670725,0.012973682339731951,0.3168235847796457,0.2918713032899507,1.297029702970297,0.900990099009901,0.03948553698328494,0.11817179041768885,cleveland,11,19f9a06a8f411f2cb0bfc83a470b8abe9be3e8d2481b8d5686994f21903b99e1
l1_logistic,0.75,9,12,gb,none,1791129844,0.7788778877887789,0.8545358834883312,0.16145268253041722,0.11691880818251699,0.11437379715181933,0.011303076531909428,0.005576779354060757,0.3259538559377789,0.276715705866858,1.2871287128712872,0.900990099009901,0.02432188970073057,0.10971208393617611,cleveland,11,19f9a06a8f411f2cb0bfc83a470b8abe9be3e8d2481b8d5686994f21903b99e1
l1_logistic,0.5,6,12,gb,none,1791129844,0.7788778877887789,0.8491840673802422,0.16218258873472732,0.1139673665508624,0.12006135158804847,0.024442537503178263,0.028411770610006604,0.3182928145509062,0.2497709114113142,1.2574257425742574,0.900990099009901,0.03948553698328494,0.09343149988204995,cleveland,11,19f9a06a8f411f2cb0bfc83a470b8abe9be3e8d2481b8d5686994f21903b99e1
l1_logistic,0.33,4,12,gb,none,1791129844,0.8118811881188119,0.8809220915950167,0.13750349913567217,0.09647801898157864,0.11615211089634898,0.06754195270785679,0.0051560429123730794,0.34734112188394656,0.26341307024542526,1.2079207920792079,0.900990099009901,0.03948553698328494,0.07588003981414725,cleveland,11,19f9a06a8f411f2cb0bfc83a470b8abe9be3e8d2481b8d5686994f21903b99e1
l1_logistic,0.25,3,12,gb,none,1791129844,0.8151815181518152,0.8572995262326725,0.14427850906619472,0.09473009556828257,0.13063097461757667,0.009513729977116858,0.027250440001107573,0.33899209795433694,0.28740946964302383,1.2475247524752475,0.900990099009901,0.02432188970073057,0.0936735862057611,cleveland,11,19f9a06a8f411f2cb0bfc83a470b8abe9be3e8d2481b8d5686994f21903b99e1
l1_logistic,1.0,12,12,gb,none,2289552345,0.7788778877887789,0.8658097911914371,0.15772486437268157,0.1052262067147943,0.09655351545698009,0.02052504449529624,0.010155176566766372,0.32405126180494404,0.2764074426978995,1.2442244224422443,0.900990099009901,0.0546491842658392,0.10030628170314358,cleveland,12,19f9a06a8f411f2cb0bfc83a470b8abe9be3e8d2481b8d5686994f21903b99e1
l1_logistic,0.75,9,12,gb,none,2289552345,0.7722772277227723,0.8635725565888752,0.16032611817060907,0.10549348135659285,0.09587125374900353,0.009148232901093456,0.017550075083803282,0.3251313476897604,0.2805357225711304,1.2640264026402641,0.900990099009901,0.00600540486437795,0.09461705260350252,cleveland,12,19f9a06a8f411f2cb0bfc83a470b8abe9be3e8d2481b8d5686994f21903b99e1
l1_logistic,0.5,6,12,gb,none,2289552345,0.8316831683168316,0.8764037550447447,0.13856604792543348,0.08741380768639706,0.09352290130669638,0.03225400457665906,0.00911131622091052,0.3394266375289357,0.26589979934036584,1.2706270627062706,0.900990099009901,0.03948553698328494,0.0898371718109123,cleveland,12,19f9a06a8f411f2cb0bfc83a470b8abe9be3e8d2481b8d5686994f21903b99e1
l1_logistic,0.33,4,12,gb,none,2289552345,0.8250825082508251,0.8839050710650992,0.1284429284804049,0.05911300777892084,0.09510260883949898,0.061882786676837,0.002369985109002437,0.3494875804282436,0.280246921613278,1.2178217821782178,0.9042904290429042,0.019467520768691737,0.05906419020462158,cleveland,12,19f9a06a8f411f2cb0bfc83a470b8abe9be3e8d2481b8d5686994f21903b99e1
l1_logistic,0.25,3,12,gb,none,2289552345,0.8283828382838284,0.86852956659063,0.13693839328945112,0.06996759429053678,0.10774472139126048,0.042654462242563085,0.02223239751089008,0.34346266504423834,0.2674543092872338,1.2475247524752475,0.9042904290429042,0.04979481533380037,0.0599327724590101,cleveland,12,19f9a06a8f411f2cb0bfc83a470b8abe9be3e8d2481b8d5686994f21903b99e1
l1_logistic,1.0,12,12,gb,none,3948281367,0.7887788778877888,0.8657659238462887,0.155313472476254,0.11157265456037992,0.09687531178155268,0.02833587592168818,0.011611213246866564,0.32437720798951264,0.2537822684865466,1.2640264026402641,0.900990099009901,0.03948553698328494,0.10045968136694577,cleveland,13,19f9a06a8f411f2cb0bfc83a470b8abe9be3e8d2481b8d5686994f21903b99e1
l1_logistic,0.75,9,12,gb,none,3948281367,0.8052805280528053,0.8710738726092296,0.1470505635608406,0.0858926505641337,0.10318522216689868,0.035628019323671545,0.0024522875969975183,0.33741175100076765,0.2614376971100055,1.2541254125412542,0.900990099009901,0.03948553698328494,0.08392148873338251,cleveland,13,19f9a06a8f411f2cb0bfc83a470b8abe9be3e8d2481b8d5686994f21903b99e1
l1_logistic,0.5,6,12,gb,none,3948281367,0.7986798679867987,0.8584839445516758,0.1536375971951783,0.1108774678569335,0.10624809487836906,0.03002161200101716,0.025766128945655498,0.32711322655857217,0.24774000580291738,1.297029702970297,0.900990099009901,0.0546491842658392,0.09690736651550283,cleveland,13,19f9a06a8f411f2cb0bfc83a470b8abe9be3e8d2481b8d5686994f21903b99e1
l1_logistic,0.33,4,12,gb,none,3948281367,0.7821782178217822,0.859975434286717,0.15236518007842725,0.08478087107740523,0.11539945168314739,0.11043605390287314,0.012116618788076489,0.33159061607275025,0.2419420788433946,1.2508250825082508,0.900990099009901,0.0546491842658392,0.08802692475695408,cleveland,13,19f9a06a8f411f2cb0bfc83a470b8abe9be3e8d2481b8d5686994f21903b99e1
l1_logistic,0.25,3,12,gb,none,3948281367,0.7887788778877888,0.8602386383576066,0.15187516861126196,0.07760000677053328,0.1220295537929311,0.06694825832697682,0.03745025696081414,0.331151039150305,0.272658544463957,1.2673267326732673,0.900990099009901,0.02432188970073057,0.06040984443580144,cleveland,13,19f9a06a8f411f2cb0bfc83a470b8abe9be3e8d2481b8d5686994f21903b99e1
l1_logistic,1.0,12,12,gb,none,1234098149,0.801980198019802,0.8683102298648887,0.15000377252381752,0.10936640588753334,0.09407974087206342,0.05213704551233167,0.03043452922892012,0.33052238136367124,0.23736029030397743,1.2607260726072607,0.900990099009901,0.0546491842658392,0.10312604123521395,cleveland,14,19f9a06a8f411f2cb0bfc83a470b8abe9be3e8d2481b8d5686994f21903b99e1
l1_logistic,0.75,9,12,gb,none,1234098149,0.7953795379537953,0.862081066853834,0.15223012803675617,0.11188971568914712,0.09725744433536435,0.002622679888126034,0.008019419329442543,0.3230092037906235,0.2755252456565841,1.2772277227722773,0.900990099009901,0.03948553698328494,0.10062106028395504,cleveland,14,19f9a06a8f411f2cb0bfc83a470b8abe9be3e8d2481b8d5686994f21903b99e1
l1_logistic,0.5,6,12,gb,none,1234098149,0.7986798679867987,0.8629803474293737,0.14746514051678405,0.11009743542620268,0.1033698506549417,0.02124968217645573,0.01683596600660646,0.3309462797755543,0.2742898815300297,1.2508250825082508,0.900990099009901,0.02432188970073057,0.10669693247941342,cleveland,14,19f9a06a8f411f2cb0bfc83a470b8abe9be3e8d2481b8d5686994f21903b99e1
l1_logistic,0.33,4,12,gb,none,1234098149,0.7986798679867987,0.865151781014213,0.1450968513919626,0.06950520435432124,0.12207990931107578,0.022269260106788646,0.018315753500345325,0.33833618498947454,0.27410171454018073,1.2376237623762376,0.900990099009901,0.02432188970073057,0.057095297332441224,cleveland,14,19f9a06a8f411f2cb0bfc83a470b8abe9be3e8d2481b8d5686994f21903b99e1
l1_logistic,0.25,3,12,gb,none,1234098149,0.8217821782178217,0.8619055974732409,0.141079613549611,0.09742356804114535,0.12607578177735523,0.06784007119247404,0.043199175191271214,0.33749684477544395,0.2647863363419889,1.2574257425742574,0.900990099009901,0.0546491842658392,0.0864658065330692,cleveland,14,19f9a06a8f411f2cb0bfc83a470b8abe9be3e8d2481b8d5686994f21903b99e1
l1_logistic,1.0,12,12,gb,none,3204366833,0.7986798679867987,0.8705913318125987,0.1483719413012197,0.10976412122558016,0.09083911993880084,0.021960335621662885,0.038025836340577907,0.32583185916532703,0.2692644838440653,1.2442244224422443,0.900990099009901,0.03948553698328494,0.09814606892817047,cleveland,15,19f9a06a8f411f2cb0bfc83a470b8abe9be3e8d2481b8d5686994f21903b99e1
l1_logistic,0.75,9,12,gb,none,3204366833,0.801980198019802,0.874670994911388,0.14532400722770875,0.10289831307783369,0.08993152598701105,0.06207093821510301,0.05867099454861924,0.33733637649277903,0.24836204605898307,1.2376237623762376,0.900990099009901,0.06981283154839346,0.09426128592199397,cleveland,15,19f9a06a8f411f2cb0bfc83a470b8abe9be3e8d2481b8d5686994f21903b99e1
l1_logistic,0.5,6,12,gb,none,3204366833,0.801980198019802,0.8703061940691349,0.14459247217371365,0.07026885467032148,0.09610537315428784,0.07598970251716253,0.022352151138733428,0.3351740422475361,0.24662978818330614,1.2409240924092408,0.900990099009901,0.06981283154839346,0.0659543668969109,cleveland,15,19f9a06a8f411f2cb0bfc83a470b8abe9be3e8d2481b8d5686994f21903b99e1
l1_logistic,0.33,4,12,gb,none,3204366833,0.8085808580858086,0.8763160203544482,0.13611707380763569,0.07479089362015398,0.10544821922116372,0.07385710653445232,0.024534368702902223,0.34644839169290487,0.2655476472313518,1.2145214521452146,0.9042904290429042,0.06495846261635463,0.061554328452789575,cleveland,15,19f9a06a8f411f2cb0bfc83a470b8abe9be3e8d2481b8d5686994f21903b99e1
l1_logistic,0.25,3,12,gb,none,3204366833,0.8250825082508251,0.8659852605720302,0.13441001499997396,0.06798282623138965,0.12695355743764203,0.0009642766336130926,0.059099006389075434,0.3435408127234238,0.2895179645602166,1.2508250825082508,0.9042904290429042,0.041187068361525414,0.05744235571881899,cleveland,15,19f9a06a8f411f2cb0bfc83a470b8abe9be3e8d2481b8d5686994f21903b99e1
l1_logistic,1.0,12,12,gb,none,3476231020,0.7854785478547854,0.8714248113704158,0.15661499198158077,0.10951323995489132,0.09760548612841677,0.03318332062039164,0.03211593505470803,0.3229436610823252,0.24744231415829776,1.283828382838284,0.900990099009901,0.0546491842658392,0.1077657955727693,cleveland,16,19f9a06a8f411f2cb0bfc83a470b8abe9be3e8d2481b8d5686994f21903b99e1
l1_logistic,0.75,9,12,gb,none,3476231020,0.7656765676567657,0.8624758729601684,0.16126606304790161,0.121406204800922,0.10638517197579189,0.05476481057716753,0.01877014525166172,0.3219337196715078,0.261232508868517,1.2640264026402641,0.900990099009901,0.03948553698328494,0.09774904560712855,cleveland,16,19f9a06a8f411f2cb0bfc83a470b8abe9be3e8d2481b8d5686994f21903b99e1
l1_logistic,0.5,6,12,gb,none,3476231020,0.7821782178217822,0.8702842603965607,0.15172047068600322,0.10422556549974583,0.10138628007726332,0.07424866514111372,0.03224314111317292,0.33475180237622854,0.24172411941830338,1.273927392739274,0.900990099009901,0.0546491842658392,0.09195909567638327,cleveland,16,19f9a06a8f411f2cb0bfc83a470b8abe9be3e8d2481b8d5686994f21903b99e1
l1_logistic,0.33,4,12,gb,none,3476231020,0.8085808580858086,0.8752193367257413,0.14174325121259004,0.07349889838340633,0.09173803233556702,0.018323798627002397,0.005539379824747989,0.3361746635140111,0.28447165018106674,1.2475247524752475,0.9042904290429042,0.03463116805124611,0.06667994181272849,cleveland,16,19f9a06a8f411f2cb0bfc83a470b8abe9be3e8d2481b8d5686994f21903b99e1
l1_logistic,0.25,3,12,gb,none,3476231020,0.801980198019802,0.8599096332689945,0.1462337782202584,0.06925145895200958,0.12671983104124018,0.05211416221713705,0.014885897523410782,0.33595374675999906,0.2716763218524711,1.316831683168317,0.9042904290429042,0.06495846261635463,0.06223198883271881,cleveland,16,19f9a06a8f411f2cb0bfc83a470b8abe9be3e8d2481b8d5686994f21903b99e1
l1_logistic,1.0,12,12,gb,none,247108616,0.7623762376237624,0.8647569749078785,0.16258949352934843,0.12347488283231918,0.08968386854839543,0.04031273836765825,0.04135119164336638,0.3114215940386713,0.23337868564900488,1.2508250825082508,0.900990099009901,0.02432188970073057,0.10758798406189324,cleveland,17,19f9a06a8f411f2cb0bfc83a470b8abe9be3e8d2481b8d5686994f21903b99e1
l1_logistic,0.75,9,12,gb,none,247108616,0.7788778877887789,0.871951219512195,0.15314563632662467,0.09917169434540907,0.08658979728996496,0.022365878464276734,0.015844225773620907,0.3246557072741247,0.26817313025463774,1.2640264026402641,0.900990099009901,0.03948553698328494,0.0950019348452178,cleveland,17,19f9a06a8f411f2cb0bfc83a470b8abe9be3e8d2481b8d5686994f21903b99e1
l1_logistic,0.5,6,12,gb,none,247108616,0.7722772277227723,0.866445867696087,0.15399041933241445,0.10931962329945509,0.0896494319930214,0.013928299008390654,0.010801593364910184,0.3190467016974235,0.2698290645431707,1.2244224422442245,0.900990099009901,0.0546491842658392,0.08549500064254426,cleveland,17,19f9a06a8f411f2cb0bfc83a470b8abe9be3e8d2481b8d5686994f21903b99e1
l1_logistic,0.33,4,12,gb,none,247108616,0.7887788778877888,0.8650859799964906,0.15038115001976515,0.07634708858169714,0.10210598520161804,0.048128654970760354,0.013571576789410456,0.32755276537108846,0.26076050891906843,1.2805280528052805,0.9042904290429042,0.04979481533380037,0.06460212863817873,cleveland,17,19f9a06a8f411f2cb0bfc83a470b8abe9be3e8d2481b8d5686994f21903b99e1
l1_logistic,0.25,3,12,gb,none,247108616,0.8085808580858086,0.8581549394630636,0.14552550293628091,0.062498714329181214,0.11487976697994288,0.016714975845410596,0.06694507738879946,0.33327380140921514,0.29570896214272724,1.283828382838284,0.9042904290429042,0.004303873486137477,0.06349619054773264,cleveland,17,19f9a06a8f411f2cb0bfc83a470b8abe9be3e8d2481b8d5686994f21903b99e1
l1_logistic,1.0,12,12,gb,none,3767836818,0.8151815181518152,0.8781365151781014,0.14494141549956538,0.11402771362603019,0.0862845052407777,0.01557208237986274,0.01832200118186625,0.3414360081751653,0.277530108210471,1.2607260726072607,0.900990099009901,0.03948553698328494,0.10314244235979052,cleveland,18,19f9a06a8f411f2cb0bfc83a470b8abe9be3e8d2481b8d5686994f21903b99e1
l1_logistic,0.75,9,12,gb,none,3767836818,0.7854785478547854,0.8700210563256712,0.15516417706721894,0.10873969486946754,0.09300643077112856,0.004392321383168141,0.020592051865127997,0.325314504422367,0.2762941600605595,1.273927392739274,0.900990099009901,0.03633269942948658,0.10063455823671955,cleveland,18,19f9a06a8f411f2cb0bfc83a470b8abe9be3e8d2481b8d5686994f21903b99e1
l1_logistic,0.5,6,12,gb,none,3767836818,0.7854785478547854,0.8634628882260045,0.15150842948673734,0.10620405895332488,0.09820252327827939,0.03448576150521232,0.0006715809545904949,0.3256108077324374,0.29809223233876864,1.2937293729372936,0.900990099009901,0.00600540486437795,0.09915261841295489,cleveland,18,19f9a06a8f411f2cb0bfc83a470b8abe9be3e8d2481b8d5686994f21903b99e1
l1_logistic,0.33,4,12,gb,none,3767836818,0.8052805280528053,0.8807027548692753,0.1364964690762073,0.07947742454814376,0.10185842352183079,0.038696923468090616,0.006140467319267109,0.34150538882716247,0.2717283363337172,1.2079207920792079,0.900990099009901,0.03948553698328494,0.06552401034298241,cleveland,18,19f9a06a8f411f2cb0bfc83a470b8abe9be3e8d2481b8d5686994f21903b99e1
l1_logistic,0.25,3,12,gb,none,3767836818,0.8118811881188119,0.8699552553079488,0.14216303452432327,0.08628760351624504,0.10907974079724718,0.02838482074752091,0.026286332069424503,0.33741221171673996,0.26621880635975737,1.297029702970297,0.9075907590759076,0.029776799119207276,0.08492816885782457,cleveland,18,19f9a06a8f411f2cb0bfc83a470b8abe9be3e8d2481b8d5686994f21903b99e1
l1_logistic,1.0,12,12,gb,none,2815068389,0.7722772277227723,0.8570363221617827,0.16450148765025624,0.12342675044306585,0.09958539743640732,0.02025807271802693,0.04051578794281216,0.3128947183068573,0.25686701608902124,1.3003300330033003,0.900990099009901,0.03948553698328494,0.10625662629757746,cleveland,19,19f9a06a8f411f2cb0bfc83a470b8abe9be3e8d2481b8d5686994f21903b99e1
l1_logistic,0.75,9,12,gb,none,2815068389,0.7755775577557755,0.8458501491489735,0.17277387294385144,0.13694353720921812,0.11135791423320153,0.012918891431477175,0.032055977482190134,0.30763153746117433,0.26045504441210887,1.3234323432343233,0.900990099009901,0.02432188970073057,0.1290064211585922,cleveland,19,19f9a06a8f411f2cb0bfc83a470b8abe9be3e8d2481b8d5686994f21903b99e1
l1_logistic,0.5,6,12,gb,none,2815068389,0.7722772277227723,0.8531540621161606,0.16001761255118976,0.11928467541884148,0.11155489370868764,0.06096109839816943,0.0596037243657552,0.3204901620012715,0.25165299716977674,1.2805280528052805,0.900990099009901,0.02432188970073057,0.09405030120310548,cleveland,19,19f9a06a8f411f2cb0bfc83a470b8abe9be3e8d2481b8d5686994f21903b99e1
l1_logistic,0.33,4,12,gb,none,2815068389,0.7986798679867987,0.8639234953500614,0.1490535316867805,0.07744496902155198,0.10719281066453967,0.07611556064073233,0.015876758927002632,0.33527078437147706,0.25837075787271235,1.2640264026402641,0.900990099009901,0.0546491842658392,0.08328521186150023,cleveland,19,19f9a06a8f411f2cb0bfc83a470b8abe9be3e8d2481b8d5686994f21903b99e1
l1_logistic,0.25,3,12,gb,none,2815068389,0.8283828382838284,0.8590322863660291,0.140972785422992,0.12394463879495744,0.13306955865237546,0.08287058225273325,0.003947721039570862,0.3435976346160641,0.2575255179628637,1.2574257425742574,0.900990099009901,0.00915824241817631,0.11086643889453938,cleveland,19,19f9a06a8f411f2cb0bfc83a470b8abe9be3e8d2481b8d5686994f21903b99e1
l1_logistic,1.0,12,12,gb,none,402556649,0.7821782178217822,0.8432181084400773,0.16598700435734715,0.13082982515091005,0.12443508325475039,0.023681667937960893,0.01973101338266306,0.3092562354924797,0.25955726133391,1.2805280528052805,0.900990099009901,0.0546491842658392,0.12129216777498027,cleveland,20,19f9a06a8f411f2cb0bfc83a470b8abe9be3e8d2481b8d5686994f21903b99e1
l1_logistic,0.75,9,12,gb,none,402556649,0.768976897689769,0.8477803123354974,0.16772296828913888,0.13611081992108093,0.11264240949881735,0.0381464530892448,0.03903482314314133,0.31295386757165927,0.2510123908304419,1.2805280528052805,0.900990099009901,0.03948553698328494,0.13377853674551446,cleveland,20,19f9a06a8f411f2cb0bfc83a470b8abe9be3e8d2481b8d5686994f21903b99e1
l1_logistic,0.5,6,12,gb,none,402556649,0.7722772277227723,0.8389629759606949,0.1631887884248631,0.10731048609422024,0.12301166827607812,0.0358549453343503,0.029475504132679214,0.3123621284828371,0.24759295308346974,1.2904290429042904,0.900990099009901,0.08497647883094794,0.10256625824879048,cleveland,20,19f9a06a8f411f2cb0bfc83a470b8abe9be3e8d2481b8d5686994f21903b99e1
l1_logistic,0.33,4,12,gb,none,402556649,0.8184818481848185,0.8650421126513423,0.14331269868847346,0.07361639481931397,0.11377981444972127,0.042739638952453474,0.006157030047708678,0.3381429599305441,0.26546771853253737,1.2574257425742574,0.900990099009901,0.02432188970073057,0.05987748400364253,cleveland,20,19f9a06a8f411f2cb0bfc83a470b8abe9be3e8d2481b8d5686994f21903b99e1
l1_logistic,0.25,3,12,gb,none,402556649,0.8250825082508251,0.8572556588875242,0.14010581149943807,0.10232997544077752,0.12374873334015356,0.0004970760233917737,0.019015131137988472,0.3393170416341152,0.2753939684962749,1.297029702970297,0.900990099009901,0.02116905214693232,0.09165688953267304,cleveland,20,19f9a06a8f411f2cb0bfc83a470b8abe9be3e8d2481b8d5686994f21903b99e1
l1_logistic,1.0,12,12,gb,none,215414286,0.7458745874587459,0.8283470784348133,0.18851133210697274,0.14846022431878017,0.127307947701278,0.008187134502924076,0.04085239818929215,0.2970833100493111,0.26923791149963094,1.3696369636963697,0.900990099009901,0.02432188970073057,0.15366591249180836,cleveland,21,19f9a06a8f411f2cb0bfc83a470b8abe9be3e8d2481b8d5686994f21903b99e1
l1_logistic,0.75,9,12,gb,none,215414286,0.7656765676567657,0.8402351289699947,0.17336546241990075,0.12716572567974602,0.12415058197600148,0.01760742435799645,0.01677095778604995,0.30774479990079295,0.2538901967772996,1.2937293729372936,0.900990099009901,0.02432188970073057,0.12322447968376606,cleveland,21,19f9a06a8f411f2cb0bfc83a470b8abe9be3e8d2481b8d5686994f21903b99e1
l1_logistic,0.5,6,12,gb,none,215414286,0.759075907590759,0.8404105983505878,0.17104139208598587,0.10976799647272839,0.12005323131540604,0.008623188405797122,0.012148591795519192,0.3142693258642378,0.27214677838041706,1.3267326732673268,0.900990099009901,0.02432188970073057,0.11592168689152771,cleveland,21,19f9a06a8f411f2cb0bfc83a470b8abe9be3e8d2481b8d5686994f21903b99e1
l1_logistic,0.33,4,12,gb,none,215414286,0.8184818481848185,0.8618178627829444,0.14607648657847877,0.09443436351002912,0.11638885927261015,0.06250826341215354,0.008187282675016005,0.333931271172055,0.2571641751388555,1.2409240924092408,0.900990099009901,0.06981283154839346,0.09022853042572072,cleveland,21,19f9a06a8f411f2cb0bfc83a470b8abe9be3e8d2481b8d5686994f21903b99e1
l1_logistic,0.25,3,12,gb,none,215414286,0.8118811881188119,0.8591858220740481,0.14713223769607037,0.08926532022437939,0.11723112395600181,0.04055364861428934,0.018959682900397498,0.33110729751392787,0.26030949881278975,1.2772277227722773,0.900990099009901,0.03948553698328494,0.07898336889303856,cleveland,21,19f9a06a8f411f2cb0bfc83a470b8abe9be3e8d2481b8d5686994f21903b99e1
l1_logistic,1.0,12,12,gb,none,2092620080,0.8052805280528053,0.8696262502193367,0.156930410562352,0.12146056953903447,0.09016501484904688,0.028473175692855346,0.026864664036223174,0.3235599903133151,0.2452837385885882,1.2475247524752475,0.900990099009901,0.03948553698328494,0.10243066850945076,cleveland,22,19f9a06a8f411f2cb0bfc83a470b8abe9be3e8d2481b8d5686994f21903b99e1
l1_logistic,0.75,9,12,gb,none,2092620080,0.7755775577557755,0.8611598526057203,0.15683149675889915,0.10444982274291127,0.09964262276438808,0.00939613526570049,0.01900706369029198,0.3233929298329699,0.250636253014451,1.2607260726072607,0.900990099009901,0.03948553698328494,0.09230336610352655,cleveland,22,19f9a06a8f411f2cb0bfc83a470b8abe9be3e8d2481b8d5686994f21903b99e1
l1_logistic,0.5,6,12,gb,none,2092620080,0.7986798679867987,0.8614011230040357,0.15247400976029146,0.10224206936598469,0.09791750597121965,0.07021612001017041,0.06639787913920871,0.32694162620429057,0.23062534576192437,1.3003300330033003,0.900990099009901,0.06981283154839346,0.10036099198091912,cleveland,22,19f9a06a8f411f2cb0bfc83a470b8abe9be3e8d2481b8d5686994f21903b99e1
l1_logistic,0.33,4,12,gb,none,2092620080,0.801980198019802,0.8731356378311984,0.14472295618892425,0.07870100209269006,0.11346945528229949,0.08052949402491727,0.048618581004468406,0.33903581574302843,0.2445771530284873,1.2607260726072607,0.900990099009901,0.06981283154839346,0.07703091354177255,cleveland,22,19f9a06a8f411f2cb0bfc83a470b8abe9be3e8d2481b8d5686994f21903b99e1
l1_logistic,0.25,3,12,gb,none,2092620080,0.834983498349835,0.8682882961923145,0.1344279204702264,0.0772491129556071,0.1203878475831463,0.0533447749809306,0.02593808770434007,0.3435178925941731,0.2638647649495195,1.2508250825082508,0.900990099009901,0.0546491842658392,0.06645658124185297,cleveland,22,19f9a06a8f411f2cb0bfc83a470b8abe9be3e8d2481b8d5686994f21903b99e1
l1_logistic,1.0,12,12,gb,none,3594999010,0.7755775577557755,0.8555448324267415,0.16697742969256865,0.12087064820968804,0.10073574761016016,0.05072209509280445,0.031317726910206026,0.31339984483389965,0.2519747117076794,1.297029702970297,0.900990099009901,0.06981283154839346,0.10799814844094535,cleveland,23,19f9a06a8f411f2cb0bfc83a470b8abe9be3e8d2481b8d5686994f21903b99e1
l1_logistic,0.75,9,12,gb,none,3594999010,0.7557755775577558,0.8503684856992455,0.17150935456099792,0.12740697643543628,0.10867444439341112,0.017044241037376007,0.012615970149792849,0.3119151508330702,0.27557408777073406,1.316831683168317,0.900990099009901,0.06981283154839346,0.10965806100332659,cleveland,23,19f9a06a8f411f2cb0bfc83a470b8abe9be3e8d2481b8d5686994f21903b99e1
l1_logistic,0.5,6,12,gb,none,3594999010,0.7821782178217822,0.8525837866292332,0.1593286310008763,0.10773749194284929,0.10832441068940973,0.04994406305619126,0.017850695817676787,0.32124413087990034,0.23963195066850748,1.3102310231023102,0.900990099009901,0.06981283154839346,0.10129598112445425,cleveland,23,19f9a06a8f411f2cb0bfc83a470b8abe9be3e8d2481b8d5686994f21903b99e1
l1_logistic,0.33,4,12,gb,none,3594999010,0.801980198019802,0.8617739954377961,0.15132862080999612,0.094821314239166,0.11434453687714904,0.05879989829646581,0.04809352589470636,0.33238739284098867,0.2604458269815403,1.2706270627062706,0.900990099009901,0.03948553698328494,0.08994631883439894,cleveland,23,19f9a06a8f411f2cb0bfc83a470b8abe9be3e8d2481b8d5686994f21903b99e1
l1_logistic,0.25,3,12,gb,none,3594999010,0.7986798679867987,0.8557861028250571,0.15294599373231899,0.10461894833457025,0.12875731541508367,0.02813437579455902,0.01624023508528448,0.3311242024883648,0.28233728871944047,1.2904290429042904,0.900990099009901,0.02432188970073057,0.08931868443583955,cleveland,23,19f9a06a8f411f2cb0bfc83a470b8abe9be3e8d2481b8d5686994f21903b99e1
l1_logistic,1.0,12,12,gb,none,4128514941,0.8052805280528053,0.8813826987190736,0.14134209143183568,0.0951946712023741,0.08753342138923026,0.03373506229341461,0.010301801845995912,0.33335050052867604,0.2622253103730391,1.2376237623762376,0.900990099009901,0.08497647883094794,0.09415298770469577,cleveland,24,19f9a06a8f411f2cb0bfc83a470b8abe9be3e8d2481b8d5686994f21903b99e1
l1_logistic,0.75,9,12,gb,none,4128514941,0.7854785478547854,0.8551061589752588,0.16449527648363368,0.12972531995590875,0.11058953257919185,0.028259598271039965,0.029897469483081515,0.309531994918966,0.24637221055947436,1.297029702970297,0.900990099009901,0.03948553698328494,0.12072818427894084,cleveland,24,19f9a06a8f411f2cb0bfc83a470b8abe9be3e8d2481b8d5686994f21903b99e1
l1_logistic,0.5,6,12,gb,none,4128514941,0.801980198019802,0.8610721179154237,0.15062923497482605,0.09267550758596,0.10507672482166021,0.04424802949402484,0.02522864659619993,0.3284136484068602,0.24928428277576398,1.2805280528052805,0.900990099009901,0.03948553698328494,0.08654369449365654,cleveland,24,19f9a06a8f411f2cb0bfc83a470b8abe9be3e8d2481b8d5686994f21903b99e1
l1_logistic,0.33,4,12,gb,none,4128514941,0.8052805280528053,0.8743639234953499,0.14033676611381105,0.08434937215274965,0.11403551568089475,0.030901983218916906,0.05308039293901079,0.33735112041756266,0.2767073022295386,1.2046204620462047,0.900990099009901,0.02432188970073057,0.07674298162517815,cleveland,24,19f9a06a8f411f2cb0bfc83a470b8abe9be3e8d2481b8d5686994f21903b99e1
l1_logistic,0.25,3,12,gb,none,4128514941,0.8250825082508251,0.854645551851202,0.14538615683286865,0.08300039917711616,0.12369653398257183,0.017824815662344284,0.03978456697703586,0.33320304853013916,0.2780591885499604,1.2706270627062706,0.900990099009901,0.0546491842658392,0.06626887547764525,cleveland,24,19f9a06a8f411f2cb0bfc83a470b8abe9be3e8d2481b8d5686994f21903b99e1
l1_logistic,1.0,12,12,gb,none,1490084980,0.7887788778877888,0.8539656080014038,0.1632129321761421,0.11981343183195677,0.10655523044760196,0.008974065598779446,0.03098212233263596,0.3158363826435581,0.2706510281141772,1.2937293729372936,0.900990099009901,0.03948553698328494,0.12266546010132542,cleveland,25,19f9a06a8f411f2cb0bfc83a470b8abe9be3e8d2481b8d5686994f21903b99e1
l1_logistic,0.75,9,12,gb,none,1490084980,0.7524752475247525,0.8336988945429024,0.17303968324372257,0.13615392538788493,0.11865022316911306,0.03040935672514622,0.012352683108591556,0.3031363227650166,0.2513172702561045,1.3267326732673268,0.900990099009901,0.03948553698328494,0.11741181112518265,cleveland,25,19f9a06a8f411f2cb0bfc83a470b8abe9be3e8d2481b8d5686994f21903b99e1
l1_logistic,0.5,6,12,gb,none,1490084980,0.7953795379537953,0.8477583786629233,0.1596716196346841,0.10719667296971899,0.12159631082498823,0.035538393084159625,0.02071749544090884,0.322079898310076,0.2400392730449885,1.297029702970297,0.900990099009901,0.06981283154839346,0.10619912476059763,cleveland,25,19f9a06a8f411f2cb0bfc83a470b8abe9be3e8d2481b8d5686994f21903b99e1
l1_logistic,0.33,4,12,gb,none,1490084980,0.7920792079207921,0.8446876645025443,0.15458059375963293,0.11048746511639616,0.13635977315509035,0.00020531400966183888,0.012378301960222646,0.32588109187228753,0.2794047708515547,1.2574257425742574,0.900990099009901,0.0546491842658392,0.1047152503863342,cleveland,25,19f9a06a8f411f2cb0bfc83a470b8abe9be3e8d2481b8d5686994f21903b99e1
l1_logistic,0.25,3,12,gb,none,1490084980,0.7887788778877888,0.8341156343218108,0.16448250420701277,0.08817575176167813,0.13177705873927173,0.009971395881006928,0.015944875202536374,0.3246383755877321,0.2818976094021695,1.3432343234323432,0.9075907590759076,0.044940446401761536,0.08527172399849908,cleveland,25,19f9a06a8f411f2cb0bfc83a470b8abe9be3e8d2481b8d5686994f21903b99e1
l1_logistic,1.0,12,12,gb,none,1786450395,0.7887788778877888,0.8654149850851027,0.15916746290518194,0.11348648955822799,0.09264236912298701,0.03997330282227307,0.002131917007651807,0.31918985491696916,0.2433548040574158,1.2871287128712872,0.900990099009901,0.0546491842658392,0.1133521167494949,cleveland,26,19f9a06a8f411f2cb0bfc83a470b8abe9be3e8d2481b8d5686994f21903b99e1
l1_logistic,0.75,9,12,gb,none,1786450395,0.759075907590759,0.8425162309177048,0.17349838401002135,0.1368976385930609,0.12351096373765408,0.0289880498347318,0.011355138182452845,0.3177883348653359,0.2595622885562008,1.3366336633663367,0.900990099009901,0.02432188970073057,0.13211332142273408,cleveland,26,19f9a06a8f411f2cb0bfc83a470b8abe9be3e8d2481b8d5686994f21903b99e1
l1_logistic,0.5,6,12,gb,none,1786450395,0.7425742574257426,0.8222056501140549,0.1828133988068219,0.1359442352171814,0.15001006873618933,0.013712178998220415,0.017750981154850937,0.3069356158046568,0.2664332978129484,1.372937293729373,0.900990099009901,0.00600540486437795,0.12595595404271687,cleveland,26,19f9a06a8f411f2cb0bfc83a470b8abe9be3e8d2481b8d5686994f21903b99e1
l1_logistic,0.33,4,12,gb,none,1786450395,0.7887788778877888,0.8619494648183892,0.15658273122792926,0.08135195524935196,0.10691111673844843,0.04708619374523282,0.028855930921464434,0.33272313058464614,0.28124714584579336,1.2904290429042904,0.900990099009901,0.00915824241817631,0.0717469703497703,cleveland,26,19f9a06a8f411f2cb0bfc83a470b8abe9be3e8d2481b8d5686994f21903b99e1
l1_logistic,0.25,3,12,gb,none,1786450395,0.7821782178217822,0.8544481487980347,0.15451603372352551,0.07569175423247386,0.11782378914200824,0.014977116704805504,0.025631237482199004,0.33468084565132783,0.2922996287602707,1.2904290429042904,0.900990099009901,0.03948553698328494,0.06444056114591465,cleveland,26,19f9a06a8f411f2cb0bfc83a470b8abe9be3e8d2481b8d5686994f21903b99e1
l1_logistic,1.0,12,12,gb,none,3996092238,0.8085808580858086,0.8702403930514125,0.1504923547968371,0.10102530344132522,0.09519818813723363,0.0014543605390286984,0.008182570059427824,0.3341813813068956,0.2734076142264864,1.2640264026402641,0.900990099009901,0.00915824241817631,0.10174954061518275,cleveland,27,19f9a06a8f411f2cb0bfc83a470b8abe9be3e8d2481b8d5686994f21903b99e1
l1_logistic,0.75,9,12,gb,none,3996092238,0.801980198019802,0.8602825057027548,0.15525499454519598,0.10908897630991736,0.10370660447034842,0.0011301805237733387,0.009024449533044432,0.3218662587100246,0.26309000323279813,1.2475247524752475,0.900990099009901,0.00600540486437795,0.09611377698826916,cleveland,27,19f9a06a8f411f2cb0bfc83a470b8abe9be3e8d2481b8d5686994f21903b99e1
l1_logistic,0.5,6,12,gb,none,3996092238,0.7953795379537953,0.8610940515879979,0.14928005664859476,0.09405810534222009,0.12014043191759857,0.0075184337655733735,0.0022789073899554813,0.3297033322767609,0.27375335261994804,1.2343234323432344,0.900990099009901,0.06981283154839346,0.07565597068768964,cleveland,27,19f9a06a8f411f2cb0bfc83a470b8abe9be3e8d2481b8d5686994f21903b99e1
l1_logistic,0.33,4,12,gb,none,3996092238,0.8085808580858086,0.8673670819442006,0.1415194669279065,0.08057453931266814,0.10964217295032924,0.022564200355962516,0.007955547987921932,0.3353550956612335,0.2730334110967805,1.2475247524752475,0.900990099009901,0.02432188970073057,0.07864339900276573,cleveland,27,19f9a06a8f411f2cb0bfc83a470b8abe9be3e8d2481b8d5686994f21903b99e1
l1_logistic,0.25,3,12,gb,none,3996092238,0.8052805280528053,0.8509606948587471,0.15355547973987577,0.08693235137627255,0.13396381039554206,0.02706331045003818,0.03967513284813173,0.3301125355032051,0.2971512651127657,1.3267326732673268,0.900990099009901,0.00915824241817631,0.08752941738337221,cleveland,27,19f9a06a8f411f2cb0bfc83a470b8abe9be3e8d2481b8d5686994f21903b99e1
l1_logistic,1.0,12,12,gb,none,4073627073,0.7953795379537953,0.8603702403930514,0.16143283901964042,0.11730069534780842,0.10591129387582122,0.047049326214085974,0.025432571823940514,0.32898742075854853,0.24720444853483417,1.273927392739274,0.900990099009901,0.03948553698328494,0.10785846112107714,cleveland,28,19f9a06a8f411f2cb0bfc83a470b8abe9be3e8d2481b8d5686994f21903b99e1
l1_logistic,0.75,9,12,gb,none,4073627073,0.7491749174917491,0.8429110370240392,0.17916559131158263,0.137661199374846,0.12340783286493255,0.04449402491736576,0.04246515244865326,0.31415780637836266,0.266130036741815,1.33993399339934,0.900990099009901,0.02432188970073057,0.13824694085953973,cleveland,28,19f9a06a8f411f2cb0bfc83a470b8abe9be3e8d2481b8d5686994f21903b99e1
l1_logistic,0.5,6,12,gb,none,4073627073,0.7854785478547854,0.8432181084400772,0.1654462721669835,0.10384963470620884,0.13082397951935815,0.049974574116450454,0.003556784867860374,0.32028640119857327,0.2431782466969761,1.306930693069307,0.900990099009901,0.02432188970073057,0.10746765945522843,cleveland,28,19f9a06a8f411f2cb0bfc83a470b8abe9be3e8d2481b8d5686994f21903b99e1
l1_logistic,0.33,4,12,gb,none,4073627073,0.801980198019802,0.8656781891559923,0.15111577192744277,0.0760984693333197,0.10844474133237844,0.07638062547673541,0.01529287941898616,0.33232005161563083,0.2586296553546954,1.2937293729372936,0.9042904290429042,0.080122109898909,0.07417760381998892,cleveland,28,19f9a06a8f411f2cb0bfc83a470b8abe9be3e8d2481b8d5686994f21903b99e1
l1_logistic,0.25,3,12,gb,none,4073627073,0.801980198019802,0.8572117915423758,0.1514866974478553,0.07880545784449056,0.11519638666054423,0.05060068649885585,0.013571889691434955,0.32877981787012606,0.2618632528120358,1.2640264026402641,0.900990099009901,0.0546491842658392,0.08152949180299136,cleveland,28,19f9a06a8f411f2cb0bfc83a470b8abe9be3e8d2481b8d5686994f21903b99e1
l1_logistic,1.0,12,12,gb,none,276970812,0.7986798679867987,0.8596683628706792,0.15823542109252264,0.11814041856650037,0.10567807345206594,0.0016971777269260135,0.012858071212712902,0.32752746494982393,0.27435596141557705,1.2904290429042904,0.900990099009901,0.02432188970073057,0.11055594671832562,cleveland,29,19f9a06a8f411f2cb0bfc83a470b8abe9be3e8d2481b8d5686994f21903b99e1
l1_logistic,0.75,9,12,gb,none,276970812,0.7986798679867987,0.8512019652570626,0.1608063536702762,0.12666073230815503,0.11758502955491368,0.010499618611746753,0.01329498097755269,0.32515882410809277,0.2807211843719542,1.3267326732673268,0.900990099009901,0.00915824241817631,0.09796818579751082,cleveland,29,19f9a06a8f411f2cb0bfc83a470b8abe9be3e8d2481b8d5686994f21903b99e1
l1_logistic,0.5,6,12,gb,none,276970812,0.7788778877887789,0.8603921740656256,0.1553519381404164,0.1089739658438922,0.1097815361988802,0.0038119755911519837,0.003683616341447038,0.32591165515495796,0.27400061900888284,1.2904290429042904,0.900990099009901,0.02432188970073057,0.10329251695275082,cleveland,29,19f9a06a8f411f2cb0bfc83a470b8abe9be3e8d2481b8d5686994f21903b99e1
l1_logistic,0.33,4,12,gb,none,276970812,0.7953795379537953,0.8668626074749957,0.15025718875586797,0.10163018488849551,0.10474359014333787,0.0430008899059241,0.007751335664927236,0.3356418914530768,0.262660471703162,1.2805280528052805,0.900990099009901,0.02432188970073057,0.0743321971789626,cleveland,29,19f9a06a8f411f2cb0bfc83a470b8abe9be3e8d2481b8d5686994f21903b99e1
l1_logistic,0.25,3,12,gb,none,276970812,0.8085808580858086,0.8629145464116512,0.14602782299936332,0.07054045351341748,0.11618918367618737,0.015681413679125455,0.009902041749780904,0.33613132644158233,0.2997944525850946,1.2640264026402641,0.900990099009901,0.00915824241817631,0.06063498031469049,cleveland,29,19f9a06a8f411f2cb0bfc83a470b8abe9be3e8d2481b8d5686994f21903b99e1
